x	y
-0.00321092368226869	0.00109246418514769
0.379022994958611	0.200668768396603
0.170281743912202	0.0843350879613783
0.578243590906974	0.37660105419106
0.042279016727012	0.0213478495403599
-0.6743098091064	0.547177578829796
-0.0757095235727908	0.0472834946302828
0.205100973330945	0.11036967785944
-0.707483167259965	0.478381265464696
-0.429938030218216	0.243568625526263
-0.237508265376135	0.13986368143934
-0.26843293162844	0.137254509896172
-0.0873136276015911	0.0397499196226352
0.378847621753956	0.200589252322247
1.24270922691438	1.14733872737884
0.837760252507687	0.879705109315588
-0.268626755667087	0.137386831811978
-0.580349831282464	0.322341566730602
0.921404048782597	0.552431775441768
-0.687613685418675	0.510543809311169
-0.320512862899764	0.185045864651848
0.399601231706607	0.310636777287677
0.169681585688258	0.0839699548320671
0.39700159284157	0.260302023027962
-1.51816553129795	0.95879786564237
1.79293251769273	1.77751284299719
-0.944056937240152	0.27675044454811
0.956983629109388	0.734621121449141
-0.429994928475187	0.243602180977508
0.503597573460397	0.450171654171279
0.578124823998584	0.376482385169237
0.265153071782378	0.175428464210712
-0.795557467610568	0.429227305973378
0.598675391106249	0.365365106671917
-0.0495745302389781	0.0271023358330422
-0.1915979731707	0.0840529792646734
1.60169797164515	0.907481324222691
0.116365119608968	0.068313272178233
0.369443988447083	0.157954068466191
-0.976725620080584	0.584772285236741
0.379044329487515	0.200678939785108
0.668483206398341	0.343935288943319
-1.14274695959011	1.02417125200849
-0.359536592963044	0.231182011220862
-0.575318237617244	0.395483995236497
0.398766731125854	0.27775320365002
-0.884701326330879	0.588899170884722
0.745314931034749	0.543544321920657
0.120004743026815	0.0538382787021705
-0.453525181306195	0.286848918425536
-0.320592516713302	0.185058889412806
-0.0497450640910127	0.027191879597114
-0.191594955374977	0.0840523906515105
0.142471212251469	0.0894083660387297
0.598582673007789	0.36530237473833
0.0836487181970986	0.045700188709168
-0.687613685418675	0.510543809311169
-0.487318128907588	0.3735492054945
-0.687533718902542	0.510410406258138
1.0597155655144	0.577756640140593
-0.268516230467572	0.137314152183712
0.119898789663274	0.0537835419180417
0.598684774774916	0.365349678431694
-0.976725620080584	0.584772285236741
-1.40922300434395	1.06895280811372
-0.0121701696544959	0.0057003464533006
-0.487309490250497	0.373670893306532
-1.27854119798091	0.903987291667409
0.16996730234134	0.0841624907926557
0.230608144391735	0.133712334356386
-0.740372218460723	0.452702879152707
1.14137421358343	0.780410094648711
0.142402398242811	0.0893691754404031
0.394037095127064	0.242198458278005
-0.795224362324753	0.428799566664676
-1.13567729072396	0.742109314725345
0.894975821667562	0.722849349529328
0.92132134334832	0.552408279546252
-0.453526186148828	0.286869848352417
0.921324434956384	0.5524265305633
-0.268709990012556	0.137422886733516
-0.191763069164488	0.0841344545583103
-1.24918516846235	1.03226473864972
-0.575221956505582	0.357508938560049
-0.400302687392056	0.199595859940072
-0.400020822389192	0.199426194116488
0.598592016021916	0.365255436252484
0.20515621128702	0.110408160639295
-0.976725620080584	0.584772285236741
0.710085189501082	0.546546191806679
0.668481033440034	0.343942560095741
0.170068843650991	0.0842286987652546
0.195488761253991	0.145478764392675
-0.707519508503827	0.478444598517908
0.029258775842441	0.0173978750154225
1.56268548967474	1.99649984073456
-0.579377983282081	0.477104436823337
-2.18909800438184	1.26985288518349
0.844256005489486	0.54634206000507
-1.13542670488496	0.7418567226406
-0.00605595616184998	0.00338810510091568
0.398845810001017	0.27782383840063
0.230370470480339	0.133499856251812
0.623132503431904	0.352217814060037
0.388599115365811	0.222711594260506
-0.575283575494184	0.39546427526981
0.388693203120202	0.222849389931697
-0.0121246946184961	0.0056755007728869
1.33411183825359	1.01908962040694
0.0588841927425728	0.0233766371160128
0.668412566104476	0.343909313552279
0.388635641929205	0.222799330565912
0.394037916789735	0.242247660525564
0.205181952499019	0.110420289382553
-0.0124813117514577	0.00584729622039226
0.042356756117408	0.0213843480987584
-0.487318128907588	0.3735492054945
0.560631139693429	0.388101630778108
-3.15094631674071	2.85772922613945
-2.28305689911075	2.11659102982237
0.26493649966371	0.175216735750179
0.745312561789958	0.54344759066733
-0.472090142363915	0.329989660400954
-1.33204907972189	0.762666443275466
-0.237528955596091	0.139874316638003
0.169976433422897	0.0841776092708832
0.598777597268071	0.365412486093334
0.789055063944555	0.543856648322334
-1.14285277205297	1.02408406401094
-1.23397035939061	1.17463539668881
-0.26842377376637	0.13725791720775
-0.268719004618864	0.137442961534784
-0.429697048993561	0.243352246851155
0.845403397482506	0.716477278446178
-0.191677560250301	0.0840866628137423
-0.359320770986087	0.231070385801387
-3.04843142484512	2.64283959366004
0.921404048782597	0.552431775441768
1.83661163929862	1.20193259965012
-0.581924444867391	0.277715453255469
0.623368560595867	0.352394665675771
-0.352851723885958	0.278602681023073
-0.352833562966628	0.27860224157311
0.522557078112806	0.4254038052693
1.14135042570868	0.78055702486602
1.30486677389029	0.824261948053604
1.24270784447341	1.14724435206929
-0.50071179719277	0.418174771953316
-0.320472080549721	0.184999887675071
-0.792159446567357	0.632575143476861
-0.268617700571665	0.137383094548257
-0.509374833429822	0.184772228694338
0.598000530960972	0.364438495535583
1.24270851402553	1.14735824964831
0.921407174037824	0.552510092381016
0.623392508810783	0.352425458002545
-0.472011704383286	0.329901650302179
-0.191848441999651	0.0841748012731843
2.0442703243479	1.50654664732784
-0.268709990012556	0.137422886733516
0.388565964607091	0.222757123212129
1.06005677723729	0.577964964153784
0.142376135117648	0.0893560334310867
1.03590526157618	0.753863518623507
-0.511027416637717	0.185602242202858
1.0360071240707	0.754049538610323
0.250044286495274	0.155129883729938
0.394038396008532	0.242246959131393
1.18732235096695	1.28812607229813
-0.429811544627333	0.24349758007301
0.844266598598067	0.546215553189946
-0.487136451302848	0.373316651815568
0.230608144391735	0.133712334356386
-2.06920105916505	1.72561591353871
-0.174518314964367	0.0912348516528442
1.1414327051341	0.78047614602948
0.378621720444965	0.200461497743518
1.03610915310578	0.754122517881413
0.681190727615145	0.552153951286809
-2.06948440821343	1.72515654847652
-0.0122850641813574	0.0057559911383436
-0.665754450340677	0.586090754256702
-1.34529993559724	0.491233145483874
0.578273478332052	0.376541621622968
0.170068843650991	0.0842286987652546
0.92157279298149	0.552488960936937
0.804551301463943	0.715430295734863
0.170170551402025	0.0842873863496133
0.388623453802359	0.222807132021994
0.378727390829471	0.200531723202199
-0.429811544627333	0.24349758007301
0.205181952499019	0.110420289382553
-0.400067975369921	0.199390822500936
0.894856193528215	0.722820244820785
-0.976852932436996	0.584831668326988
-0.0877795706067474	0.0399712524693087
-0.580603062995071	0.3224974752442
-0.173983441662603	0.118066835070789
0.23049085052051	0.133641236131019
-0.174511025718575	0.09120848381818
-0.191933678929107	0.0842065929843931
-0.0496755348028971	0.0271594987077226
-0.829087361933432	0.606402072678441
2.23156260992701	1.82070463993709
0.956872912425269	0.734592065785687
-1.82023890994271	1.34247982951609
2.03674589251125	1.92895273831291
-0.0495954996091126	0.0271153340901365
-1.13565630646569	0.741805655621152
0.546316821708075	0.399924848064545
-0.707520363398452	0.478482018542316
-0.581922163948477	0.277706756599217
0.170263129213505	0.0843313417776692
0.0423185594731741	0.0213690212508505
-0.32342872014596	0.132754800981013
0.681165586147454	0.552082858182599
-0.237452844481152	0.1397982931458
-0.453408528189076	0.286720278564197
0.119980963262918	0.0538242500271638
0.393998309938964	0.24221564521359
-0.0496964241532648	0.0271652473265563
-0.889531333474582	0.760326970834909
-0.580006056009966	0.322045537779173
0.0837040002746334	0.0457264227156212
-0.17456992674774	0.0912652369592895
0.119745583702531	0.0537078184456366
0.170263129213505	0.0843313417776692
1.10714081553382	0.935863560197638
-0.174547594798126	0.0912442955274002
-0.687656090279379	0.510461902209215
-0.575297408923719	0.395494954102611
0.116363971797762	0.0683270914761228
-0.941328343613218	0.739838356347261
-0.976598104893979	0.584662631574268
-0.174544124873814	0.0912564848517119
-0.472117480236258	0.33002701814581
-0.0873025425552024	0.039747500646423
-0.320471387299354	0.184979124807724
-0.320552374954212	0.185067543761871
-0.707442298978329	0.478332862516679
-1.13542670488496	0.7418567226406
-0.581784038930277	0.277651257807727
-0.575306066526481	0.357587683954408
-0.26882014270592	0.137493109818912
-0.70752193721132	0.478472790723747
-0.941328343613218	0.739838356347261
-1.13724600621143	0.878480993785784
0.894973795185583	0.722984743706935
-0.580393265830118	0.322334681429507
-0.400279254651867	0.199611151597535
0.170078037123426	0.0842362332696313
-0.237418215912341	0.139762411161649
0.789067188669125	0.543924706508862
-0.795557467610568	0.429227305973378
0.388520854510408	0.222608572214066
-0.575241891791028	0.395404439137203
0.577959184122381	0.37641487267881
-0.740564231799896	0.452784120644182
-0.399914968060413	0.199342745662806
0.844163062994518	0.546224354744882
-1.95002511922446	1.53493871942332
0.365297493403005	0.175602120834692
0.681033084384878	0.55186041399203
0.0836282440820218	0.0456824762391885
-0.320591866789526	0.185070076583314
-0.320472080549721	0.184999887675071
-0.118999301999105	0.0729288051592891
0.0837979476151556	0.0457510718671672
-1.23399719341836	1.1747074029004
0.12011077257807	0.0538869679431261
-0.10439877968516	0.0558435022103617
0.116417411473758	0.068346745975318
0.0836693107122105	0.0457090630379767
0.119851360032837	0.0537563736980319
0.845381693528394	0.71645952677223
-0.84164330581693	0.366637138097607
-1.40916725954337	1.06883587092141
0.546147884575247	0.399917127393887
1.107101141716	0.935935134850516
-0.687613685418675	0.510543809311169
-0.0124936637074144	0.00585083343599075
0.394038920805071	0.242228624143532
-0.104317955751367	0.0557991159685809
-0.268719004618864	0.137442961534784
0.710040201323559	0.546575985920525
0.710050456446237	0.546540188914372
0.709970737948806	0.546462186417456
-0.884701326330879	0.588899170884722
1.58610811686825	1.83096215346366
0.388878599268322	0.222920598581283
0.397060876249313	0.260295620428616
-0.740271693618544	0.452632126761163
0.0586730762067555	0.0233010280801353
0.369785495549136	0.158102799873415
-0.191765997402019	0.0841406045300469
-0.400384780578106	0.19966118834964
-0.0124118503434449	0.00581552997654431
-0.841930055188795	0.366935621913115
0.365377058174033	0.17570635540703
0.410319402185388	0.149749375016411
-0.320552374954212	0.185067543761871
-0.576642941443871	0.43542643357362
0.293523662325524	0.228978915405757
-0.898346760154928	0.946286138354069
1.35579882435207	1.19631033222024
-0.674300900594906	0.547088566373363
0.388635641929205	0.222799330565912
0.769490035187837	0.349938143186336
0.95686907746069	0.734452920465337
-0.323267030849328	0.132664766624666
-1.51808288186702	0.958634145921888
1.03590526157618	0.753863518623507
-0.687624328798652	0.510560384911085
0.205126733349182	0.110389989862704
0.230610387335421	0.133672908697085
-0.933945077223503	0.916928077324009
1.26782314025134	1.32098222651572
-1.45029023173345	1.35165181927378
-1.95812751109893	1.00452497119926
-0.191848441999651	0.0841748012731843
-0.740171003604891	0.45253026277676
0.119769233618733	0.0537209607675883
0.396897485244899	0.260186996927845
-0.739876894528188	0.452101136070571
0.120004743026815	0.0538382787021705
0.398714914869346	0.277609915104627
1.35543389864174	1.19562517101086
-1.24921575303435	1.03254406709422
-0.0496197888314195	0.0271299727345174
1.35574340512024	1.19649686599624
0.205211481751657	0.110438490596475
0.668412566104476	0.343909313552279
-0.400020822389192	0.199426194116488
-0.191423367821326	0.0839228856502807
-0.32342872014596	0.132754800981013
0.170161317325234	0.0842725965010529
0.92132134334832	0.552408279546252
0.36562514309808	0.175747510721222
0.379126762983442	0.200717512701271
1.3341221573524	1.01904968015896
-4.44617006758249	1.97150149135411
0.845266872752706	0.716170038680188
-0.00960726002425565	0.00622005720117855
-0.687568374308914	0.51048208880273
0.0836589996523523	0.0457057522339226
-0.268516230467572	0.137314152183712
-1.13565630646569	0.741805655621152
0.394077543950188	0.242263206421765
1.20477507746586	0.970708427297487
0.411049301966975	0.150047166521462
-2.1894304441681	1.27005874633258
1.05980524645418	0.577754859072529
1.14111481814916	0.780226580309296
0.533829510998874	0.413071622784282
-0.0760131968453086	0.0474878014413801
-0.0877575997881977	0.039961229689291
-0.766066919696178	0.664990047838034
0.788997378530188	0.543852581801781
1.10702141518319	0.935795118052283
0.578162505095581	0.376524149266179
0.0836243033187161	0.0456856938071087
-0.320551000801398	0.185059855634261
-0.740380861860938	0.45261093027897
0.845392160368185	0.716330419328126
-1.23407703259078	1.17476211721943
-0.472116273477145	0.329958473410546
0.230489218546085	0.133657096820458
-0.740061297594254	0.452275085596835
0.623286300486041	0.352340568865308
-0.284612066321568	0.186571399929409
0.0423586690649514	0.0213879798283963
0.495545753213182	0.462126731898161
0.560513124476338	0.38770448719246
-0.320513993115958	0.185013055249382
-0.400255793183877	0.199576929984158
0.598684774774916	0.365349678431694
-1.27844165385962	0.903806240418973
-0.268525347797909	0.137326910041535
-0.941200567893317	0.739324791643339
-1.33183784740398	0.76195967435052
1.33441099968333	1.01935277897555
0.388705364199698	0.2228237408163
0.598480737929632	0.365218365480648
-0.453527147708742	0.286874832407521
0.205185767371981	0.110419404112476
0.0836384663419645	0.0456924625707961
-0.941338900067484	0.739857927489091
0.546120762000461	0.399721113237736
0.546261148110136	0.400041824025761
0.250044286495274	0.155129883729938
-0.884714004488368	0.588902910387814
0.598879970311203	0.365418203215048
0.369281560627773	0.157849816719288
1.0360071240707	0.754049538610323
-0.19168054449394	0.0841002189352164
-0.795221755124498	0.428924725702898
-0.707521172971948	0.478490781085457
-0.687624328798652	0.510560384911085
-0.829087361933432	0.606402072678441
0.378754706254768	0.200505425341965
0.681112697148001	0.552035634176793
-0.687520229381907	0.510338037259701
0.119851360032837	0.0537563736980319
-1.11045946877855	0.562965619456525
1.65640530417917	1.51961977629055
0.956932299278056	0.734426495580709
-0.00321092368226869	0.00109246418514769
-0.795557467610568	0.429227305973378
0.411049301966975	0.150047166521462
0.170170551402025	0.0842873863496133
0.598388187690383	0.365124289578113
0.0424383236414119	0.021420717979961
0.399411182618545	0.310371835043954
0.378599511099908	0.200427507791295
0.917863873252207	0.888805486325902
-1.13557312432465	0.741984670388943
-0.79200134835938	0.632448921698025
-0.510381448501776	0.185343391604108
0.0587479747293442	0.0233295790834769
-0.575192754444671	0.357461056491999
0.170059671984345	0.0842063275246382
-1.11070663736419	0.563156850939472
-0.581784038930277	0.277651257807727
0.598185025322727	0.364785237992556
-0.580476543617623	0.322432153035535
0.745393073383296	0.543751429172607
-1.11095419840965	0.563287274191042
-0.575238543494442	0.395420803834069
-0.104475011849934	0.0558540498737243
0.180896034888417	0.12770137542044
0.265153071782378	0.175428464210712
-0.889464244954327	0.760574825104186
-0.687600237888207	0.510532942612147
0.119769233618733	0.0537209607675883
0.623180168539243	0.352214767231186
-0.323841422703298	0.132878231071479
-0.795557467610568	0.429227305973378
-0.510098148612271	0.185160854762058
-0.842929976512655	0.367307850802193
0.578158381790198	0.376627328503049
-1.27854119798091	0.903987291667409
-1.52967484389062	1.23807894945633
-0.17180932375786	0.103189231028255
-0.94130434126359	0.73990733004916
1.68423243135556	2.07513712711134
-0.829086369388326	0.606441524864473
0.230567791841672	0.133698864313426
-0.268811190324651	0.137482691167831
-2.06920105916505	1.72561591353871
-0.320472728323707	0.18500883783832
-1.33191007996814	0.762528663311124
0.745352610013427	0.543638173626064
-1.84153105085019	1.77105453418389
0.180497425417642	0.127337615482417
-1.82060683537853	1.34328728713377
0.894894382386493	0.72293105384348
0.365883535518409	0.175876648200433
-1.13567729072396	0.742109314725345
-0.842573501506563	0.367295334988531
0.598582673007789	0.36530237473833
0.16998558631475	0.0841768411984164
-0.400408163058232	0.199679139220261
-1.11037257681918	0.5626800271598
-2.38291907034792	1.52486226582066
-0.509736421835564	0.18505595748735
0.378621720444965	0.200461497743518
-0.84128759981306	0.366527746446311
0.921241742723202	0.552274221996466
1.20459083730408	0.969854515125973
1.02274868357928	1.07105333610393
-0.329383799708971	0.285337435196613
0.546226787922701	0.400011463327539
-1.13720321345906	0.878905550941361
0.789252814970603	0.543898086117148
-0.0875247626795585	0.0398554643821223
-1.137083326752	0.878302988580943
-0.323768775804252	0.132906269597143
0.205071546672453	0.110351538960765
1.32371794960321	0.631519863553089
-0.841930055188795	0.366935621913115
-0.0123546421621991	0.00578834044022463
-0.740463975085828	0.452748151314771
-0.576615616714452	0.435438733220694
0.917767763360839	0.88878296599692
-0.0496439894741144	0.0271417412631816
0.388762997440806	0.222873844908431
-0.829123658632418	0.606478073255778
-0.707561374899847	0.478454287577905
-0.795557467610568	0.429227305973378
-1.110169684093	0.562673512171069
-0.0935556981413233	0.0268478444964544
-0.104279201245991	0.0557745263714602
0.968851698707973	0.897613471348675
-0.0873970675291552	0.0397928350708459
0.365720887306888	0.175815874153668
-0.687579023630957	0.510524309186091
-1.40927863953749	1.06900153922817
0.668483206398341	0.343935288943319
0.921238684730593	0.552324794055389
1.32371794960321	0.631519863553089
-1.6784015336866	1.15386732162851
-2.38298313510273	1.52468961577432
-0.575280127168348	0.357541128183675
-0.510381448501776	0.185343391604108
0.622920670421795	0.35200755441296
-0.0122973225407363	0.0057607405665406
1.03582192902147	0.753770484106199
-0.707482479345284	0.478426084681255
-0.174514740171446	0.091236144615508
0.399608924629133	0.310660090400432
-0.0758541746355751	0.0473838931485333
-0.320591866789526	0.185070076583314
1.36652166495249	1.36609907836935
-0.453528065982023	0.286864929800277
0.0422383511678333	0.0213230796516601
-0.840646133172398	0.366026539748054
0.449309162014442	0.125981085204417
-0.581854188280408	0.277697073220254
1.81425944574235	0.680329466157843
1.35563266451659	1.19658288270597
-1.52962043558558	1.23854340721279
0.804439176404233	0.715498399758157
1.26795404592013	1.32140198834536
-0.0875468540215103	0.039864629429921
0.26505804255578	0.175376794799899
-0.981183072386116	0.894343801407543
-0.707404128906416	0.478037655196025
-0.0874192319868208	0.0398048854826958
1.50479521221639	1.26745147666955
-0.580603062995071	0.3224974752442
0.709970737948806	0.546462186417456
0.0423180273406882	0.0213686808954471
-0.0123546421621991	0.00578834044022463
-0.400408163058232	0.199679139220261
-0.237449246408328	0.139810882843141
-0.45344624098908	0.286775668100434
-0.174628515728416	0.0913006915587617
0.396911610810945	0.260226883174291
1.10694264976236	0.935567917269003
-0.740463975085828	0.452748151314771
-4.67261933866694	2.32564504003048
0.12019299748776	0.0538981778819222
0.365380128458397	0.175707559308492
0.378810830526368	0.200509046834652
-0.0876302197595823	0.0399015975036765
-0.00219804389106728	0.000749243310235947
-0.0016157804387986	0.00054955076095408
0.770731512231836	0.350809203466032
0.668408321489857	0.343877341929885
-0.0496163561986371	0.0271235053217809
-0.576616176275967	0.435424630602126
0.142402398242811	0.0893691754404031
0.512429734476083	0.437634844153156
0.365291442592988	0.175599214813201
-0.0496197888314195	0.0271299727345174
0.546146298287035	0.399938901295841
1.14158656932169	0.780653256939168
-0.10435836928934	0.0558246704842912
-0.795224362324753	0.428799566664676
2.04426090983629	1.50801376422545
-0.453567596354213	0.286856836341659
1.49179136008629	1.43008822900997
1.26798024950389	1.32125973617638
0.560670796042941	0.388152961154497
-0.171915691025506	0.103283513926992
1.10710156488877	0.935919132889791
-0.453489360946646	0.286816989972648
0.058820707747059	0.0233483982594972
0.116204798944121	0.0682148521997068
0.56070923211041	0.38809432514031
0.0293453683262473	0.0174484109871114
0.205185767371981	0.110419404112476
0.265153071782378	0.175428464210712
-0.10431959113781	0.0558011663734158
1.0360164195216	0.754015797721942
1.03031273414609	0.912372885505207
-1.94983813164553	1.53379618716286
-0.400408163058232	0.199679139220261
-1.01643508791037	0.731267857066174
-0.174573431544604	0.0912716571979923
-0.0122398914365767	0.00573275860786979
0.789021719765927	0.543765482461679
-0.00285025275782294	0.000970864932132848
0.0586752350175879	0.0233026661375095
1.14135042570868	0.78055702486602
0.369785495549136	0.158102799873415
1.50433248033585	1.26702409393016
0.0836243033187161	0.0456856938071087
1.83653917569843	1.20275414765063
0.142367060213387	0.0893421159888673
-0.575335061941683	0.357592851898839
-0.581924444867391	0.277715453255469
-0.42967245780055	0.243361499868568
-1.54140971494074	1.52081559822191
-1.2788308459052	0.904291918675756
0.142298259723399	0.089284004119108
1.03035772769532	0.912497242726863
0.396887167078154	0.26018713186142
-0.0876522636543796	0.0399151556854039
-1.51849344669075	0.959309113368757
-0.795388566123818	0.429111941624914
0.894932884780421	0.722709805257089
0.120004743026815	0.0538382787021705
0.120004743026815	0.0538382787021705
-0.26882014270592	0.137493109818912
-0.174488957080222	0.0912196505661504
0.265081519963287	0.175388771904212
0.546261148110136	0.400041824025761
0.80442974163118	0.715376886130993
0.546247277497143	0.399925184125997
0.396991343747782	0.260302212223515
0.397026101851446	0.260307889214928
-0.487456595792985	0.373771808156337
-1.40923601283174	1.06895555446208
-0.934209710497897	0.917817961504362
0.378621720444965	0.200461497743518
0.204987095081449	0.110277608266342
0.230450440407156	0.133617280023361
0.230608144391735	0.133712334356386
-0.487344086887389	0.373664003374922
0.968719206004407	0.897651365403019
-1.4093047219653	1.0685818566917
-2.18909800438184	1.26985288518349
0.623132503431904	0.352217814060037
0.365634724659639	0.175835138801182
-0.0025583228276369	0.000870770923181551
-1.1106194968633	0.562870946942689
0.578073386398327	0.376592353319862
0.578188139453014	0.376606994001504
0.0294665150649869	0.017519122146378
0.116390687051258	0.0683388411885374
-0.0758464216880609	0.0473817829266332
-0.413908380672403	0.322076761852752
-0.0496197888314195	0.0271299727345174
1.65639304340089	1.51957354788367
-1.27844165385962	0.903806240418973
0.398767250514172	0.277751417262796
0.656681815208031	0.55936084063937
0.399726232109874	0.294726067683539
0.709956708597178	0.546220027773359
-0.88446244260996	0.588586753525836
-0.174544124873814	0.0912564848517119
0.029371177674185	0.017466505112097
0.0423185594731741	0.0213690212508505
-0.17456992674774	0.0912652369592895
0.546200658028452	0.400007575079535
0.0582076912231786	0.0368700656071609
-0.884575760396575	0.588743079775032
1.24274888728981	1.14736338565194
0.142463068792217	0.0894117153705967
-0.674387699353954	0.547265912144821
1.20471767009673	0.970532442220279
0.598675391106249	0.365365106671917
0.78893980475248	0.543791021826737
-0.237553290358037	0.139887377403942
-1.2788308459052	0.904291918675756
1.03590526157618	0.753863518623507
0.205126733349182	0.110389989862704
0.230489218546085	0.133657096820458
0.710071055519901	0.546230673767791
-0.829124767395153	0.606503723818148
-0.0123995127023532	0.00580992648070169
0.20515621128702	0.110408160639295
-1.13716389690442	0.878922923019374
1.79306868356968	1.77680508299331
0.560591503119401	0.388022068629539
-1.13530112512833	0.741647485097293
-0.434527405641959	0.367590143994768
0.770731512231836	0.350809203466032
-0.841930055188795	0.366935621913115
0.119851360032837	0.0537563736980319
3.22858442950086	2.83583219300625
1.50499942288103	1.26689001719374
-1.68070949459512	0.744632683673561
0.41039768616025	0.149826752222597
0.44822613403937	0.125635469819146
-0.323267030849328	0.132664766624666
-0.976575296838952	0.584360386105283
1.30501002656905	0.824855468544757
-0.429766668699718	0.24337459339476
0.398846853823364	0.277820918046262
-0.171836647611099	0.103224835215403
-0.268525347797909	0.137326910041535
-0.237528955596091	0.139874316638003
-0.0060016948213122	0.00335844422206687
-0.976643635842879	0.584376641750099
0.804632095320744	0.715167452086298
-0.884726670104725	0.58868087490663
0.136599774170633	0.106806780869626
-1.14277238873628	1.02409490887111
1.36656667985615	1.36648325535776
1.14137421358343	0.780410094648711
-4.67261933866694	2.32564504003048
-0.400255793183877	0.199576929984158
0.62326240290656	0.352345581752505
-0.976620884568423	0.58466531707052
0.656672691652286	0.559288651581621
0.142271988196815	0.0892685393739953
0.745272885470008	0.543342747813494
1.15405176471335	1.11114570118206
-0.359427841778773	0.231146608983805
0.0822487475725644	0.0552151806949447
0.617269182299636	0.57541155323709
-0.852452502396764	0.788475801081966
0.668339794470315	0.343828614069647
-0.268719004618864	0.137442961534784
0.617125970272115	0.575347690615398
0.170170551402025	0.0842873863496133
0.578043836574162	0.376548516431563
-1.110169684093	0.562673512171069
-0.0876302197595823	0.0399015975036765
-1.29970463074434	1.48004082210818
-1.01632312024401	0.731272630481301
-0.174433756826449	0.091173995456772
0.365548699035189	0.175813952012173
1.65642986286199	1.51804566171799
0.410970820517796	0.150022055679717
1.05996734987123	0.577966932312984
-0.841574104040948	0.366537844891767
-0.795644069228305	0.429035866213146
-0.884701326330879	0.588899170884722
-0.0873136276015911	0.0397499196226352
-0.119042755355306	0.072960774387208
2.45978796099288	1.4008385630572
-0.324020247320629	0.133003472761622
0.449309162014442	0.125981085204417
-3.87156218611866	1.24092684697853
-0.00226675917502309	0.000770578967515132
0.365459706351774	0.175748040889583
0.397071079225297	0.260295399120431
0.249988651842657	0.155095063483007
-0.171942958073269	0.103296434915017
-0.104435556628316	0.0558500055122288
0.577937107683428	0.376356644475187
1.26779586700236	1.32117383661908
-2.28309186851362	2.11588456803398
-0.687579023630957	0.510524309186091
-1.45019023495521	1.35178684110903
1.20483259624617	0.970734582695714
-0.841930055188795	0.366935621913115
-1.11070663736419	0.563156850939472
-1.33198231888363	0.762319293050376
0.119898789663274	0.0537835419180417
-2.54793662767654	1.76400174846487
-1.95874230208418	1.00497575293314
0.709995212937178	0.546527977701222
-0.174514740171446	0.091236144615508
2.5999467932882	5.01966542277951
0.396911610810945	0.260226883174291
1.61607868569294	1.67181489710959
0.522722144866849	0.425614628310284
0.309091950793881	0.275935716256514
-0.171916249530567	0.103284333532777
-0.576615616714452	0.435438733220694
0.265031525302419	0.175344359155112
0.789137043859013	0.543954929220758
-0.104356587212664	0.0558165072825962
0.921410321822283	0.552421724487917
0.388623453802359	0.222807132021994
-0.17835476219749	0.134652089893642
-0.0060294645189049	0.00337358051439809
0.0836834538134724	0.0457175748200456
1.21157451052874	1.46192356735076
0.11628438193158	0.0682790642668379
-0.0875247626795585	0.0398554643821223
0.789124946179673	0.543928830463125
-0.0122727931927386	0.00575042631266952
-0.322104124116035	0.232697624899156
0.845351136894809	0.716491994850677
-0.740262966664053	0.452575713375946
0.369947629246914	0.158137464148818
-0.400536866605911	0.1997271130363
0.410684422475736	0.149950448704565
0.365631508218467	0.175855733280783
0.956648314896528	0.733933471744668
2.23172788131627	1.8201186679476
0.921400946067005	0.552103577200627
0.120004743026815	0.0538382787021705
-1.11045946877855	0.562965619456525
-1.68009156842078	0.744218155905003
-2.15957055819663	0.366379981847431
-0.0938482431519809	0.0269330261228933
-0.510098148612271	0.185160854762058
0.771092418292579	0.351048136725648
0.23052744239938	0.133668602137409
-0.576562619715103	0.435363784393989
1.26790166121949	1.32146029517109
-1.11086680880368	0.563001129089156
-0.171916249530567	0.103284333532777
-1.13557312432465	0.741984670388943
-0.829164181524425	0.606473226288315
-0.740078977484018	0.45240201762335
-0.237508265376135	0.13986368143934
0.62326240290656	0.352345581752505
-0.00190672948753378	0.000649411384947845
0.0586045725612464	0.0232714078261316
-0.174741742456915	0.0913319681136905
-0.359449115974057	0.231217993302278
-0.0121823488088752	0.00570437601024726
-0.323339890211829	0.132668745971559
-0.268516230467572	0.137314152183712
-0.57527646214444	0.395424069521758
0.968719744941373	0.897536192775453
1.35554782872336	1.19651223683715
-0.320552374954212	0.185067543761871
-0.191848441999651	0.0841748012731843
0.249950414270769	0.155064825728373
0.394037916789735	0.242247660525564
-0.174657693246584	0.0913100721629379
-1.1106194968633	0.562870946942689
0.394037483159254	0.242231885268213
-1.62710321559929	1.69359945156831
-1.95021168415333	1.53448054888632
0.388623453802359	0.222807132021994
1.21155142561152	1.46192188169325
0.388693203120202	0.222849389931697
-0.889358873816447	0.760179492800181
1.52040088773372	1.08726349047316
0.578099101184153	0.37657170949161
0.24997468863786	0.15509621575848
-0.320434303761083	0.184938872669422
1.14124441291442	0.780397358047567
0.230569994594728	0.133686869744806
1.20482040210854	0.970400149451251
0.365628314361187	0.175832958137699
-0.0942522165733174	0.0270533171061642
0.16987499605727	0.0841114700759531
-0.707483809794263	0.478307623762849
-0.740455350283803	0.452583296187809
-0.268626755667087	0.137386831811978
-0.0875468540215103	0.039864629429921
-0.087095693903069	0.0396362625807089
-3.87156218611866	1.24092684697853
-0.84228614531331	0.36699626824262
3.06277979900709	2.47917722843882
-0.094838314568156	0.0272162507740394
0.0586024886115801	0.0232698011409825
0.410970820517796	0.150022055679717
-0.191509229873972	0.0839961430022088
0.142341727364771	0.0893175041521728
0.23052744239938	0.133668602137409
0.249999051633764	0.155110314569276
-0.400020822389192	0.199426194116488
-0.174547594798126	0.0912442955274002
0.365465936752018	0.175750334952689
-1.27862430640304	0.903655705374731
-0.0060294645189049	0.00337358051439809
0.598194140587528	0.364865830215773
-0.26882014270592	0.137493109818912
-2.06925515803276	1.72583737770434
0.388820742451007	0.222906122652098
0.448620351049491	0.125795452528351
0.170068843650991	0.0842286987652546
-0.400279254651867	0.199611151597535
0.378643955473557	0.200452340941438
0.398846314286367	0.277838106957553
-0.733698462337324	0.73933526734431
0.250030420206014	0.155105697551881
-0.0122850641813574	0.0057559911383436
0.170170551402025	0.0842873863496133
-0.23753249504683	0.139862904500148
-0.0122398914365767	0.00573275860786979
0.495397033680824	0.461988084677865
-0.976598104893979	0.584662631574268
0.894895810166702	0.722918400089256
0.116283881027503	0.0682728259310458
1.0360071240707	0.754049538610323
-0.0124936637074144	0.00585083343599075
-0.453527147708742	0.286874832407521
0.95689862688858	0.734589435516779
-0.57916493052585	0.476693453691913
1.91764347325829	2.04115825428515
0.042356756117408	0.0213843480987584
1.5044158387548	1.26730366912119
-0.0874192319868208	0.0398048854826958
-0.0758541746355751	0.0473838931485333
0.388623453802359	0.222807132021994
-1.14274557607364	1.02400152095468
0.365631508218467	0.175855733280783
-0.581849525599261	0.277576220823309
-0.580098557351089	0.32208988826458
-0.580476543617623	0.322432153035535
0.78918281542289	0.543867735772015
1.30501426911843	0.824612267549947
0.668410467979929	0.343916625774154
-0.268331253583185	0.137185477385768
1.81411609166176	0.680234581521496
-0.0943429345376615	0.0270782219083277
-0.191674553521603	0.0840428678747964
0.369443988447083	0.157954068466191
-0.19159191508531	0.0840304489728049
0.845291195858324	0.716326018412538
0.598870483563842	0.365443873911522
-1.27863245309779	0.904117251927921
-1.5184112689232	0.959430498339099
-0.472064591324512	0.329985339812347
0.394038396008532	0.242246959131393
-0.70748096742124	0.478435371653978
-0.42988102086544	0.243519815871298
0.681219056596109	0.551781580269797
-0.580476543617623	0.322432153035535
-0.829087361933432	0.606402072678441
-1.64083076049383	1.41163026595548
-0.795136887870371	0.428761710415251
0.92132134334832	0.552408279546252
-0.320513450752505	0.185034633111104
-0.580603062995071	0.3224974752442
-0.980983445484042	0.894117201808317
1.47121264628571	1.76385123244252
0.598582673007789	0.36530237473833
-0.981156941569559	0.894371843562334
0.788915434623596	0.543565502886135
-0.451818626005726	0.41271520616735
0.635463465816249	0.566791603978691
-0.453606128963872	0.286794524593902
0.230645563984054	0.133643215911502
-0.453486695923122	0.286846798923099
-0.268617700571665	0.137383094548257
-0.171941842769072	0.103292339313764
0.598684774774916	0.365349678431694
0.119769233618733	0.0537209607675883
-0.4297991763118	0.243493611717284
-0.237528955596091	0.139874316638003
0.956843336205729	0.734548363620484
0.578018102972575	0.37654181246198
0.265031525302419	0.175344359155112
0.399631165644799	0.294713157142637
1.03630425054237	0.754129475284206
-1.52945509103051	1.23757015975341
0.0423571659955781	0.0213870028203468
0.546135855147718	0.399917021497062
0.388762997440806	0.222873844908431
-0.320432590117121	0.184942586480465
-0.429925595459858	0.243580051469603
-0.0121579779232437	0.00569550785644836
-0.00285025275782294	0.000970864932132848
-0.400642140897208	0.199776993016034
-1.74465839565609	1.59027302509823
0.119769233618733	0.0537209607675883
-0.57519351168376	0.395313397396323
0.398767250514172	0.277751417262796
1.20512415479353	0.970573317705286
-0.943675469426376	0.276612084705558
-0.581851832882174	0.277688325692166
-0.0938482431519809	0.0269330261228933
-1.11045946877855	0.562965619456525
-0.581924444867391	0.277715453255469
-0.104359195281209	0.0558242971418694
1.18748722058061	1.28851473858829
-0.0873025425552024	0.039747500646423
-0.104320343754685	0.0557980556015589
0.169976433422897	0.0841776092708832
1.107101141716	0.935935134850516
-0.104360717158204	0.0558152634709309
-1.24918171972354	1.03274207099917
1.26787548009137	1.3213802117898
-0.472117480236258	0.33002701814581
-1.40933416517034	1.06897719510538
-0.429856217784491	0.243527269122507
0.0423175407555787	0.0213672432919553
-1.1351966006618	0.741522528545178
-0.976470386658705	0.584506017782514
1.03610915310578	0.754122517881413
0.710074957426673	0.54658200687287
-0.174104139717133	0.118163526524318
0.635471076738116	0.566730543784781
-0.829122506699366	0.606416348519176
-0.791893683242158	0.632167523414711
1.83595402347227	2.17367193722447
-1.13569824977844	0.742021850109875
0.844256005489486	0.54634206000507
-0.1915979731707	0.0840529792646734
-0.884701326330879	0.588899170884722
-0.707481746061678	0.478444102656824
-0.19168054449394	0.0841002189352164
-0.580371561309725	0.322378988803852
-0.28466336578262	0.186556903529781
-0.00190672948753378	0.000649411384947845
-2.18834424285025	1.26872549798424
1.32408121476654	0.63144435686608
-0.42988102086544	0.243519815871298
-0.284565963186484	0.186474664677891
0.560709830432059	0.388151674306149
0.844059703677712	0.546155801156035
-0.284585308684648	0.186549194271429
0.714383483999283	0.722211622631212
-0.119294481524078	0.0731054372235142
-1.36981795999558	1.63825336395282
-0.174485277419969	0.0912106313420276
-0.580098557351089	0.32208988826458
0.369101416923485	0.157753649363207
-0.10435836928934	0.0558246704842912
-0.191848441999651	0.0841748012731843
-0.453489360946646	0.286816989972648
1.37650027310973	1.71171165776677
-1.01634919800968	0.731217314444919
0.578021980853289	0.376453245041543
-0.00592246809638425	0.00331457761061461
1.10714120753484	0.935847528410497
0.393999376174225	0.242196655610477
0.968824987433207	0.897761050436654
-1.93238327855699	1.95518922494245
0.397015905434803	0.260292076183669
-0.400044413240096	0.19944341681556
-2.18919336135836	1.26985540555962
-0.795475547334051	0.429156033723791
-0.580016262315733	0.322066841910722
-2.54809178631589	1.76457321678584
-1.67873532379599	1.15356006644858
0.120004743026815	0.0538382787021705
0.120134631761478	0.0538964433430745
-0.322928275464891	0.132467121045914
-1.5295096639518	1.2382381219491
1.33421488170253	1.01926622253753
-1.23402337265042	1.17477650596271
0.560632673606397	0.38807023461074
-0.0123546421621991	0.00578834044022463
0.788812721348061	0.543546622971751
-0.1718099208786	0.103198949749752
-0.32351770392979	0.13279342860992
0.845325018027343	0.716436159479218
0.709915470992916	0.546289369553832
-0.687530778016983	0.51033008156723
1.0360071240707	0.754049538610323
-0.322346880175057	0.232860465547678
0.116310084678963	0.0682840380414545
-0.884544289848043	0.588611212599592
0.396991343747782	0.260302212223515
-1.10977577361948	0.562162100433039
-0.575273198865867	0.395479571147706
-1.51816394787249	0.959194058305068
0.0587479747293442	0.0233295790834769
-0.174657693246584	0.0913100721629379
0.560670124227051	0.38812563402852
1.2049145732705	0.970896458378593
-0.0120882381999243	0.00566213416702119
0.95689862688858	0.734589435516779
1.10706244243292	0.935787622712917
0.396956601925935	0.260280489844571
-0.268626755667087	0.137386831811978
-0.174430007089212	0.091173747936002
-0.0875468540215103	0.039864629429921
2.52075806912127	3.08705797382207
1.20503001040664	0.970801529945006
-0.359483789117477	0.231208438761709
0.0422809794129208	0.0213415786053331
-0.453525181306195	0.286848918425536
-0.976875555844577	0.584720261590735
-1.3320517981059	0.762350672909563
1.10710156488877	0.935919132889791
0.365380128458397	0.175707559308492
0.142463068792217	0.0894117153705967
0.546191546545707	0.399994409087937
-0.453526186148828	0.286869848352417
0.0835587295200066	0.0456394226008288
0.804499882037234	0.715224105223485
-0.852739705464853	0.788758518583908
-0.255591720608664	0.207068625843307
0.388808660668062	0.222896051552016
-0.687621339685587	0.510442303288347
0.142393336926836	0.0893680462941138
-0.580349831282464	0.322341566730602
0.710064754965551	0.546573518162947
0.598573351737047	0.365281015830231
-0.191848441999651	0.0841748012731843
-0.45344808773457	0.286801474904568
0.394039491168087	0.242187800604762
-0.0122276726897269	0.00572835891609193
-0.4297991763118	0.243493611717284
0.365380128458397	0.175707559308492
0.120216878406035	0.0539296496159934
1.30494154685251	0.824683815140182
0.84434901377286	0.546409530474438
1.05980524645418	0.577754859072529
-0.795473084150557	0.429189025577302
-0.740271693618544	0.452632126761163
0.598582673007789	0.36530237473833
-0.4297991763118	0.243493611717284
2.6842351227068	1.75307436975992
-0.576589402367532	0.435403871292486
-0.22396282497891	0.149412887641726
-0.174051634785853	0.11810863606501
-0.104357499932016	0.0558222115623603
1.5046190920332	1.26744350671332
-0.400513563075863	0.199729099262418
-0.4297991763118	0.243493611717284
-1.01626552658048	0.731105199010459
1.107101141716	0.935935134850516
0.398899197057204	0.277853325909737
0.230567791841672	0.133698864313426
1.35562886254034	1.19642011603424
-0.580393265830118	0.322334681429507
1.35557361117231	1.19641977300565
-0.0875468540215103	0.039864629429921
2.04419556984704	1.50835659052295
-1.68044005713324	0.744499058156728
-1.11037257681918	0.5626800271598
0.577793836287847	0.376019204818068
-1.3457744601924	0.491657802566864
1.14171683029756	0.780414553381212
-0.98104407724952	0.894120761087462
1.30501002656905	0.824855468544757
-0.795473084150557	0.429189025577302
0.894854705698613	0.722832834186091
-0.0945452117596051	0.0271462991052748
-0.795473084150557	0.429189025577302
0.577874744753072	0.376167630138174
-0.399997202837789	0.199355988071609
-0.575331997851687	0.357565550468974
0.668412566104476	0.343909313552279
-0.237539256351892	0.139869620270601
-0.575306066526481	0.357587683954408
-0.70748096742124	0.478435371653978
0.205071546672453	0.110351538960765
0.681270293673044	0.552080557296928
0.895014778742743	0.722927234924248
-0.118999301999105	0.0729288051592891
0.205211481751657	0.110438490596475
0.0583441289710044	0.0369548604829722
0.845381693528394	0.71645952677223
-0.792027504082718	0.632601357419854
-1.14274695959011	1.02417125200849
0.16998558631475	0.0841768411984164
0.120004743026815	0.0538382787021705
0.957034990778514	0.734219401688209
-0.174459521127491	0.0911992843731911
0.20515621128702	0.110408160639295
0.398766731125854	0.27775320365002
-0.400255793183877	0.199576929984158
0.921576008172099	0.552528958374128
-0.510381448501776	0.185343391604108
-0.191930840094509	0.084187060728103
-1.33190726197346	0.762157524770616
0.410032429213935	0.149677489118131
-0.320554095238467	0.185001303746497
0.378919403595689	0.200601275587499
0.966115081639169	0.36503491384216
-0.0025583228276369	0.000870770923181551
-1.11079392999874	0.562961892534568
1.52040088773372	1.08726349047316
1.20490239363088	0.970865504289273
0.170560103174057	0.0844662711572669
0.23052744239938	0.133668602137409
-2.38278396490241	1.52453549315549
-0.453484702733794	0.286786318132861
-1.95012882004807	1.53411217415911
0.399735321493426	0.294771174350107
1.03621134876939	0.754084179341617
-0.174602660202585	0.0912810692303503
-0.322762874577657	0.132345577234525
-0.268617700571665	0.137383094548257
2.46033358312466	1.40059075609439
-0.400044413240096	0.19944341681556
-0.884644904679083	0.588878517612653
-0.687568374308914	0.51048208880273
-0.400279254651867	0.199611151597535
-0.268608623749507	0.137354005666895
1.14148035323186	0.780569854920254
-0.842929976512655	0.367307850802193
1.14100900812223	0.779973658388234
0.365545538878326	0.175812862473331
-0.829123658632418	0.606478073255778
-0.320433206846562	0.18495150928958
-0.976852932436996	0.584831668326988
0.845324488226291	0.716408101876152
0.249953816287964	0.155073709123128
-0.320512229568985	0.18504719516924
-0.00597377564543197	0.00334228866408435
0.769836738642772	0.715918546319006
0.522687616162315	0.425508581627305
0.265239984093465	0.175477747830737
-0.98112243320554	0.894283455142844
-0.500654594491154	0.418049454052775
0.230450440407156	0.133617280023361
-0.976725620080584	0.584772285236741
-0.191512303756222	0.0840051241110584
-0.487214315810339	0.373429693688393
-0.171863365176674	0.103245804873814
0.265240495600497	0.175472308841264
-0.174433756826449	0.091173995456772
-0.0496407463451933	0.0271405434836126
0.398846314286367	0.277838106957553
-0.400044413240096	0.19944341681556
-0.0876522636543796	0.0399151556854039
-0.575241891791028	0.395404439137203
0.365717614542968	0.17587696046062
0.772036795135306	0.351439684567354
-0.575276993342195	0.357560747477759
-1.82046463034753	1.34238046031
-0.58178160921078	0.277642461693518
4.64065634851954	2.33949411959792
3.40027364600021	0.889720779959611
-0.580244728564168	0.322288315069047
0.170087252377099	0.0842292700614622
0.522696083203824	0.425623370072649
-0.389511202539066	0.276942389754905
-0.795391084685964	0.429117695674088
-0.976725620080584	0.584772285236741
0.0836937122363792	0.0457231254747843
1.83653917569843	1.20275414765063
-0.510381448501776	0.185343391604108
0.396966874057929	0.260280317934537
-0.0016157804387986	0.00054955076095408
1.03041297555539	0.912330161729054
0.398766731125854	0.27775320365002
-1.82070949259818	1.34281782363061
0.368848337638752	0.157573049895704
-1.13716571635565	0.878750408636961
-0.472064003814338	0.329987530330869
-1.01629703450164	0.731142799198732
0.560711157363661	0.388178233889262
-0.323089720868296	0.132540400004644
0.921410321822283	0.552421724487917
0.578103014416737	0.376604056005177
-0.429868625622534	0.243546443419877
-0.582554844646493	0.519800220205912
-1.820361739145	1.34284933258746
-0.687648331405605	0.510503447501297
-0.323606841794993	0.132787041663478
1.30501217205153	0.824788016597256
0.399197917352543	0.326096056706025
1.18740935803067	1.2885948510357
1.10694214759706	0.935477810199478
-0.791893683242158	0.632167523414711
0.205071546672453	0.110351538960765
0.388623453802359	0.222807132021994
0.512505716325533	0.437786395093717
-0.00597545784260671	0.00334394234187639
-1.13724147091941	0.878606791819744
0.142584408891744	0.0894696889186392
-0.104318795135885	0.0558015566425405
-0.104355631135339	0.0558064671943507
0.0587435559436112	0.0233296694197922
-0.0945452117596051	0.0271462991052748
-0.4297991763118	0.243493611717284
1.14119702436819	0.780028473934667
-0.00608245856446144	0.00340232597096217
0.0837284410832234	0.0457376182476325
0.205211481751657	0.110438490596475
1.0597155655144	0.577756640140593
1.71239929108822	1.36398339516012
-0.00190672948753378	0.000649411384947845
0.623180168539243	0.352214767231186
-0.575363979608531	0.35757305379245
-0.191930840094509	0.084187060728103
0.365714364360966	0.175875869700692
-0.320512862899764	0.185045864651848
1.30500783274078	0.824827623389173
-0.00219804389106728	0.000749243310235947
-0.740463975085828	0.452748151314771
-0.766049611001646	0.664954572686581
0.0586003562767165	0.0232624426274616
-0.174224899261233	0.118243474270309
0.921244823227563	0.551975878246414
0.20515621128702	0.110408160639295
0.397015905434803	0.260292076183669
-0.268525347797909	0.137326910041535
0.396970934399228	0.260254504755304
0.230569216915851	0.133699107004068
-0.00350347060307062	0.00119280760914839
0.598378969448173	0.365092189435562
-0.941293807684783	0.739887785369521
0.205211481751657	0.110438490596475
0.745314931034749	0.543544321920657
-0.323339890211829	0.132668745971559
-0.575280127168348	0.357541128183675
-0.429697048993561	0.243352246851155
-0.575217747559456	0.395392146945716
0.769913020442033	0.716113391921319
-0.191594955374977	0.0840523906515105
0.411621288426525	0.150241968309121
0.668410467979929	0.343916625774154
-0.580098557351089	0.32208988826458
-0.0122031973667483	0.00571711009301839
-0.0400027603334257	0.0254568951329072
-0.17456992674774	0.0912652369592895
-0.792026255215612	0.632615510131616
-0.104397923721841	0.0558438585660396
-1.6784015336866	1.15386732162851
0.668337722865696	0.343789391545551
-1.33197952685661	0.762634981562714
-0.580603062995071	0.3224974752442
-0.581784038930277	0.277651257807727
0.921489960026533	0.552533647137428
-0.941290699309953	0.739776134479146
0.0422796254578924	0.0213471109845159
0.745312944518501	0.543574984138107
-0.707558853458656	0.478426011644767
-0.47209074660014	0.330014700185048
0.378621720444965	0.200461497743518
0.365377058174033	0.17570635540703
-0.0400167957908283	0.0254596022759848
-1.82046463034753	1.34238046031
-1.01632041329865	0.731111715719173
-0.0124118503434449	0.00581552997654431
-1.27882282172847	0.903955643677358
-0.0873970675291552	0.0397928350708459
0.577911371311681	0.37613678362559
-2.38271263680817	1.5239842400192
-0.268829073303447	0.137474874094529
0.388635641929205	0.222799330565912
0.546215912621286	0.400033984487797
0.119875060412801	0.0537756254140837
-4.44677420306517	1.97310826239175
-0.82908313258926	0.606361585227221
-0.191763069164488	0.0841344545583103
-0.884744907373766	0.588656720164305
-1.27863245309779	0.904117251927921
0.921576008172099	0.552528958374128
-0.88446244260996	0.588586753525836
-0.32043192788861	0.184921858397715
0.230528840720756	0.133684195378615
0.62326240290656	0.352345581752505
-1.51824651968381	0.959357860364367
0.586386742301295	0.59252041288817
-0.429913148081275	0.243543922037474
0.845272238967783	0.716251308638362
-0.429994928475187	0.243602180977508
-0.237494251281423	0.13984879736702
-0.884575760396575	0.588743079775032
0.170170551402025	0.0842873863496133
1.33440052731901	1.01942425686405
0.668410467979929	0.343916625774154
-0.087095693903069	0.0396362625807089
-0.0496511828299678	0.027144046289517
0.396977175798824	0.260262280706806
-0.320592516713302	0.185058889412806
-2.1894304441681	1.27005874633258
-1.01626830299246	0.731124793594598
-0.320512229568985	0.18504719516924
1.107101141716	0.935935134850516
-0.707558853458656	0.478426011644767
-0.320511550772078	0.185038220306322
-0.57943088063197	0.477125963903158
-1.04543555296153	0.878689131956999
2.6842351227068	1.75307436975992
0.921404048782597	0.552431775441768
0.771092418292579	0.351048136725648
4.34629070750669	1.83849509413068
1.81397255452155	0.67990876897634
-2.18934851078571	1.27007010277034
0.44822613403937	0.125635469819146
-3.49394311921891	0.936574346211166
-0.0879899279722201	0.0400547300286531
-0.792079793190693	0.632687552037336
-1.35312058334798	1.19004136743334
-0.687658996962842	0.510520044172739
-0.976470386658705	0.584506017782514
-1.94983813164553	1.53379618716286
-1.27834194596086	0.903560898454798
0.770438655215179	0.350662431796396
-0.322928275464891	0.132467121045914
-1.64078895641047	1.41140793786086
-0.174602660202585	0.0912810692303503
0.0423185594731741	0.0213690212508505
-0.223858973756709	0.149304274972964
-0.284765392047388	0.186653096360029
-1.67842293364952	1.15326249437505
-0.581924444867391	0.277715453255469
-0.511311621967125	0.185655469546493
-0.84128759981306	0.366527746446311
-0.0025583228276369	0.000870770923181551
1.05978803084369	0.577720231178301
0.058881762340777	0.0233691314814912
-0.00599518849190925	0.00335462823906744
0.398687154815651	0.277586074461679
-0.429982454183801	0.243596650316567
0.396960774133377	0.260204679686534
-0.359382540055869	0.231071518629106
0.546135855147718	0.399917021497062
0.116337265710945	0.0683120625139432
-1.2785493632128	0.903585086704532
0.968640682560767	0.896987995490051
0.921156072870382	0.552172581688307
-0.740078977484018	0.45240201762335
-1.3320517981059	0.762350672909563
-1.04539021354356	0.878624137014173
-0.429742023619485	0.243444703250539
1.71229367635148	1.36394954299998
0.0292760515507757	0.0174099739995133
-0.322080835282473	0.232665105263614
1.15426181449157	1.11159631370942
-0.580498200950308	0.322444400471375
0.804456292999478	0.715521558347447
0.804577847656175	0.715556578615741
0.378410600819604	0.200234090937663
0.709915470992916	0.546289369553832
-0.237494251281423	0.13984879736702
-0.42988102086544	0.243519815871298
-1.1372011518517	0.878877855828895
-0.359355529732364	0.231141735117536
0.921153070974331	0.552041462692966
-0.57525108074046	0.357535915462596
-0.429811544627333	0.24349758007301
-1.01153419713301	1.05143116362833
0.771092418292579	0.351048136725648
0.965911738749524	0.364927418987942
-0.976725620080584	0.584772285236741
-0.00379638529428254	0.00129291390482161
-2.3828476805324	1.52465326525564
-2.38298313510273	1.52468961577432
-0.795391084685964	0.429117695674088
-0.268322033479146	0.137179227635239
-0.976493244523567	0.584555562455094
-0.0497103073810723	0.0271767660161972
0.388439026483589	0.222625331869707
-0.32051005683072	0.184980830983559
0.0836037239607611	0.0456723801774988
-0.976598104893979	0.584662631574268
1.52031837389016	1.08720177898495
1.14124441291442	0.780397358047567
-1.13555209336582	0.742010647654425
1.79293588546477	1.77714176834868
-0.191848441999651	0.0841748012731843
1.52056605571645	1.0870263213164
-1.27873979527957	0.904162189875354
-0.740280398947646	0.452574775308571
-0.0123423441710936	0.00578321495826335
1.30493947629717	0.824751306985012
-1.13716291945289	0.878934444802947
-1.95751366086138	1.00395907264506
-0.509736421835564	0.18505595748735
2.18503331597268	1.03164513819189
0.396911610810945	0.260226883174291
-0.40012660067552	0.199476376007637
-0.941211003277953	0.739306725000454
-0.320629023230107	0.185004686642818
-0.400279254651867	0.199611151597535
1.79307215656604	1.77786554640018
1.88385343527406	1.64378782507473
-0.323768775804252	0.132906269597143
0.0587412742586255	0.023322231337089
-0.268719004618864	0.137442961534784
0.894854705698613	0.722832834186091
-1.52964843587926	1.2385261432619
0.598684774774916	0.365349678431694
-1.01637790533487	0.731279019263317
-0.674370456569924	0.547283897739614
-0.581854188280408	0.277697073220254
-0.884644904679083	0.588878517612653
-1.74465995304368	1.59015996802484
-0.94125925561921	0.739830332272388
-0.580244728564168	0.322288315069047
0.0836487181970986	0.045700188709168
0.394117608350336	0.242260360238849
0.378837053043127	0.200602993253842
1.26790220420803	1.3211745149049
0.956843336205729	0.734548363620484
-1.13530112512833	0.741647485097293
-0.429969967247579	0.243538297787108
-0.268811190324651	0.137482691167831
0.577962852066937	0.376462056263808
-0.740087785053024	0.452242348234362
0.205152501413158	0.110394674120877
0.0587457894570351	0.0233313383669741
2.23180747286535	1.82116517884466
-1.95812751109893	1.00452497119926
-1.11070663736419	0.563156850939472
-1.13509200338228	0.741083242582269
-0.739978018739677	0.452268965773811
-0.400020822389192	0.199426194116488
0.170078037123426	0.0842362332696313
1.33429726654848	1.0192474151438
0.546200658028452	0.400007575079535
0.249995673770185	0.155084404582313
0.710040201323559	0.546575985920525
-0.400513563075863	0.199729099262418
1.03610915310578	0.754122517881413
-1.6786292362247	1.15358014863109
-0.320551000801398	0.185059855634261
0.578188139453014	0.376606994001504
0.378621720444965	0.200461497743518
-1.01635180096047	0.731290577813313
0.388738767178279	0.222853701932079
-0.580266505812649	0.3222691862051
-1.51832895997772	0.959438617553198
-1.95839986267294	1.00468673041439
-0.0940501109524453	0.027000921199425
-1.68070949459512	0.744632683673561
-0.0943429345376615	0.0270782219083277
-0.00125614142680821	0.000428435382610242
-0.472169787007076	0.329997991015278
0.369371399684674	0.157841839700907
-0.795391084685964	0.429117695674088
-0.453525181306195	0.286848918425536
0.668546851422635	0.343694803261591
-0.323178299118294	0.132626269521487
0.365383221309839	0.175644838187833
-0.104359195281209	0.0558242971418694
-2.54816865921517	1.76475683995541
-0.575166887313808	0.357410598881356
-0.941311514500646	0.739541484904691
0.68119175182357	0.552129716225898
-0.453484702733794	0.286786318132861
-0.191765997402019	0.0841406045300469
-0.237563643670217	0.139889377318265
0.119898789663274	0.0537835419180417
-1.27844165385962	0.903806240418973
-0.829126855391428	0.606456974810141
-0.453489360946646	0.286816989972648
1.14132666656629	0.780469271001445
1.3341221573524	1.01904968015896
-1.45016487575715	1.35214177012002
-0.400536866605911	0.1997271130363
-0.119251014460645	0.0730883740720197
0.378727390829471	0.200531723202199
-1.01634919800968	0.731217314444919
-0.580603062995071	0.3224974752442
-0.00248972421612113	0.000848968227417177
1.52031269396009	1.08661347608547
0.0588865751858242	0.0233783657021054
1.81358723760514	0.679654979238607
1.0596257295169	0.577674605165275
-0.976852932436996	0.584831668326988
1.05987776781758	0.577885042568082
0.448768346526961	0.125881279019047
-0.0872920717273817	0.0397381772141896
0.120028551647769	0.0538416400422945
-0.0874192319868208	0.0398048854826958
-0.104279201245991	0.0557745263714602
-0.1915979731707	0.0840529792646734
0.0587457894570351	0.0233313383669741
-1.95778543332321	1.00412011001723
-0.884531729589841	0.588722293116452
0.0587435559436112	0.0233296694197922
-0.191765997402019	0.0841406045300469
1.3233545451629	0.630955343798237
0.448916154342392	0.125894423720526
0.894894382386493	0.72293105384348
1.14153882005977	0.78038981555394
0.230450440407156	0.133617280023361
-1.82060683537853	1.34328728713377
0.41039768616025	0.149826752222597
-1.51832895997772	0.959438617553198
0.966702252242434	0.36518519072322
0.170179807255207	0.0842887264509299
1.05946338007628	0.577310701954974
-0.3593765015028	0.231142371792747
0.894896589130468	0.722795845313134
-0.2376121431145	0.139855708288046
-0.00321092368226869	0.00109246418514769
0.249918996642399	0.155043388295526
1.03034750926467	0.912449882956028
0.36935409343749	0.157893264397153
0.249988651842657	0.155095063483007
-0.898849376903677	0.947097575137935
0.956872912425269	0.734592065785687
-0.359414427010868	0.231205255371581
0.378940602994957	0.200651612788855
0.249929441003308	0.155058665247787
-0.0122276726897269	0.00572835891609193
1.30501002656905	0.824855468544757
-0.0876742818866323	0.0399207835370522
0.546181097504613	0.399998591734954
-0.359414427010868	0.231205255371581
1.06306173156944	1.2419651402234
0.598666029175516	0.365312255321971
-0.320511550772078	0.185038220306322
-0.174544124873814	0.0912564848517119
0.388681054646199	0.222839316744788
0.598286523308632	0.364998220512253
-2.9385446170961	2.42951460922029
0.170476674244241	0.0844252521338301
-0.792026897207467	0.632656687526342
-0.579913489290264	0.321944638127045
-0.580349831282464	0.322341566730602
-2.38285146634582	1.52477404740462
-0.0937573947672997	0.0269001333240843
-0.0121457735954574	0.0056898242385988
-0.268626755667087	0.137386831811978
0.378744180687792	0.200540698956173
-0.707482479345284	0.478426084681255
-0.580707852044189	0.322455107796791
-0.580016262315733	0.322066841910722
1.14124441291442	0.780397358047567
2.45943620088752	1.40018805146674
0.411049301966975	0.150047166521462
-0.00314254953332322	0.0010707871322457
-1.11070663736419	0.563156850939472
0.0587501116908756	0.0233223101576952
1.81425944574235	0.680329466157843
2.40194994020536	2.14202013397878
0.0836937122363792	0.0457231254747843
-0.359435544098484	0.231227533097986
-0.268802216183532	0.137431242389047
-2.54824540952155	1.7647906775341
-1.1106194968633	0.562870946942689
0.378858214814135	0.200532640238209
-1.2786405784213	0.904106788970841
1.0597155655144	0.577756640140593
-0.884783059865906	0.58874017749367
-1.27873173123899	0.90423664025219
0.623026548869316	0.352133124979863
0.788997378530188	0.543852581801781
0.789137043859013	0.543954929220758
-0.174488957080222	0.0912196505661504
0.0588139280471816	0.0233556784550016
2.46033358312466	1.40059075609439
-0.795557467610568	0.429227305973378
-2.54839854298865	1.76430548183298
-1.33204907972189	0.762666443275466
-0.740472578230699	0.452738938330306
-1.01637790533487	0.731279019263317
0.170383847185987	0.0843739347281054
1.33429726654848	1.0192474151438
-0.94125925561921	0.739830332272388
-1.33197678245378	0.762263841197909
0.378643955473557	0.200452340941438
0.623286300486041	0.352340568865308
1.15418289043711	1.11181599616954
-1.01629436212397	0.731210863643357
-0.00291874396302509	0.000991954112497254
-0.237539256351892	0.139869620270601
-0.00285025275782294	0.000970864932132848
0.396852474027369	0.260108083775464
0.598388187690383	0.365124289578113
0.0422383511678333	0.0213230796516601
-0.941349427084676	0.739839943684221
-0.104240323570983	0.0557422972711465
1.49178991752418	1.42902288203956
-1.40906833279174	1.06816670410501
0.598480737929632	0.365218365480648
1.08239224708294	1.08884361620175
0.399699935092057	0.294651502370831
-0.268322033479146	0.137179227635239
-0.0874192319868208	0.0398048854826958
0.956732852403354	0.734300745697998
0.57798860447689	0.376498020652567
0.394076207836529	0.242052209952701
-0.884348681908719	0.588270502187588
-0.58058145281604	0.322389884842586
-2.18966790174718	1.27012956245085
0.230526808360949	0.133648399255831
2.88256311937201	2.11687682439539
-0.400173652945427	0.199527805530166
0.369443988447083	0.157954068466191
-0.429925595459858	0.243580051469603
0.205211481751657	0.110438490596475
0.770370463654335	0.350336634954776
-0.581997063456053	0.277602792429836
-0.580244728564168	0.322288315069047
-0.740262966664053	0.452575713375946
-0.400279254651867	0.199611151597535
-0.740564231799896	0.452784120644182
-0.976260340524774	0.584050537039019
2.45861465716696	1.39926733027016
-0.841574104040948	0.366537844891767
2.40224086712782	2.14164212043936
0.844452767399357	0.546400878858197
-0.104275703306936	0.0557365159554926
-0.268617700571665	0.137383094548257
-0.0873136276015911	0.0397499196226352
-0.237573967425114	0.139884696422554
0.0588184960278527	0.0233556454638202
-0.829084254712108	0.60642326809271
1.10698224228693	0.935763922650651
0.789194873519341	0.543959116050008
0.205211481751657	0.110438490596475
-1.51816394787249	0.959194058305068
-0.237504529024248	0.139844087330484
0.578073386398327	0.376592353319862
2.6842351227068	1.75307436975992
-0.174712693958413	0.0913301620983544
0.397005738637752	0.260260220107968
-0.174488957080222	0.0912196505661504
0.966408720917092	0.365302103460683
0.681085449140647	0.552060302462675
-2.54809178631589	1.76457321678584
0.598582673007789	0.36530237473833
-0.84228614531331	0.36699626824262
-1.51824651968381	0.959357860364367
0.170078037123426	0.0842362332696313
-0.576616176275967	0.435424630602126
1.05978803084369	0.577720231178301
1.12026637953776	1.26275378518057
-0.320432590117121	0.184942586480465
0.0423571659955781	0.0213870028203468
0.142463068792217	0.0894117153705967
0.205211481751657	0.110438490596475
-0.884531729589841	0.588722293116452
-1.35310757614286	1.1901513919354
2.882647125939	2.1172911863019
0.560669495824864	0.388068262474947
-1.52956420490388	1.23835359210986
-0.400747339760967	0.199770728173119
1.50470253863688	1.26757955472315
0.388623453802359	0.222807132021994
-0.119207551057469	0.073067983664619
-0.049665047876336	0.0271547943089435
1.20490239363088	0.970865504289273
1.60076130506037	0.907036493899438
0.378727390829471	0.200531723202199
0.623416485882467	0.352373168461279
0.365545538878326	0.175812862473331
-0.884839339172574	0.588760698482914
0.772036795135306	0.351439684567354
0.560710472183291	0.388178977785677
0.845377263377839	0.716505721388849
-0.268312791713591	0.137144521650942
0.388750876020199	0.222881622076993
-1.78526501906164	2.0494844240833
0.205100973330945	0.11036967785944
-1.40922300434395	1.06895280811372
-1.82060683537853	1.34328728713377
0.788997378530188	0.543852581801781
-0.707439919833362	0.478215957595042
0.578158381790198	0.376627328503049
0.771092418292579	0.351048136725648
0.771676530772431	0.351236854098783
-0.840932032556559	0.366036455182887
-0.399891298101968	0.19930573844766
-0.191765997402019	0.0841406045300469
0.668483206398341	0.343935288943319
0.396956601925935	0.260280489844571
1.50432345988639	1.26711745363877
-0.00605595616184998	0.00338810510091568
-0.268617700571665	0.137383094548257
-0.429925595459858	0.243580051469603
0.27691422571419	0.194313899662351
-0.174020280862342	0.118103419033491
-1.24913860123246	1.0325200816944
-0.0943429345376615	0.0270782219083277
0.119980963262918	0.0538242500271638
1.33410154336501	1.01867194709115
-0.487179705955721	0.373436537881172
-0.0875468540215103	0.039864629429921
0.844452767399357	0.546400878858197
-0.320512229568985	0.18504719516924
0.119769233618733	0.0537209607675883
-0.57525108074046	0.357535915462596
-0.0123669275177168	0.00579257832326066
-0.976957468435797	0.584685575036545
-0.0940501109524453	0.027000921199425
0.598666029175516	0.365312255321971
0.681139427932065	0.552002549987008
-0.829127834617353	0.606384459555384
-0.976957468435797	0.584685575036545
0.0836384663419645	0.0456924625707961
-0.0873970675291552	0.0397928350708459
-1.27854119798091	0.903987291667409
-0.575283575494184	0.39546427526981
-0.400279254651867	0.199611151597535
-1.27873173123899	0.90423664025219
0.394077992026695	0.242262483225049
-0.884714004488368	0.588902910387814
-0.174657693246584	0.0913100721629379
-0.795388566123818	0.429111941624914
0.917724259642873	0.888625701187435
-0.795386025330126	0.428889746027744
1.24262996549485	1.14706621381231
0.365377058174033	0.17570635540703
0.578188139453014	0.376606994001504
-0.739969127678041	0.452229458295051
0.378837053043127	0.200602993253842
-0.576642941443871	0.43542643357362
0.286256064070231	0.212159690359552
0.656846661521334	0.559413573661214
-0.580098557351089	0.32208988826458
-0.0496892608524587	0.027166145527787
-1.24914234780732	1.03255858015583
0.0423586690649514	0.0213879798283963
-1.33204907972189	0.762666443275466
-2.06913313921431	1.72460150561685
1.50442489963283	1.26732282797632
1.49187055735481	1.43022320646088
1.35566230818251	1.19638380160201
0.397026101851446	0.260307889214928
0.393919729616072	0.242093279686786
1.10710203362175	0.935781275680246
0.170263129213505	0.0843313417776692
1.24258880193587	1.14670524118155
0.029371177674185	0.017466505112097
-0.174544124873814	0.0912564848517119
0.0582914775905864	0.0369173779231127
-0.829164181524425	0.606473226288315
-1.40927863953749	1.06900153922817
-0.0123995127023532	0.00580992648070169
-0.84128759981306	0.366527746446311
-1.67852612172773	1.153971021526
-1.11079392999874	0.562961892534568
-1.11045946877855	0.562965619456525
-1.34644190675536	0.492013982411103
-0.323178299118294	0.132626269521487
-1.51840982581887	0.959105734342332
-0.943533995463832	0.276571805365432
-0.943675469426376	0.276612084705558
-0.581922163948477	0.277706756599217
-1.62713081889746	1.69350102720572
0.369264043213546	0.157791315274953
0.845312134102629	0.716282121231874
-0.320511550772078	0.185038220306322
-2.01802151742979	2.1461943054577
0.365631508218467	0.175855733280783
0.365459706351774	0.175748040889583
0.388681054646199	0.222839316744788
0.0588162361047195	0.0233573777261437
-0.191848441999651	0.0841748012731843
1.81411609166176	0.680234581521496
0.656690920116858	0.55927699275256
-1.8207291027124	1.34335604769857
-0.191763069164488	0.0841344545583103
-0.740280398947646	0.452574775308571
0.668412566104476	0.343909313552279
0.410684422475736	0.149950448704565
0.369443988447083	0.157954068466191
-1.51832746292766	0.95902509039346
0.623392508810783	0.352425458002545
-0.889491680689948	0.760678091636314
-1.01626552658048	0.731105199010459
0.378847621753956	0.200589252322247
0.369696009095169	0.158067754520311
0.37838848650301	0.200265814412607
-2.09906771828835	2.3406087671883
-0.11917313767827	0.0730393602931805
-0.575297408923719	0.395494954102611
-0.747720156691572	0.701314887422077
-0.10439877968516	0.0558435022103617
0.623368560595867	0.352394665675771
0.169976433422897	0.0841776092708832
-0.429868625622534	0.243546443419877
0.789137043859013	0.543954929220758
-0.0945452117596051	0.0271462991052748
0.668483206398341	0.343935288943319
0.276879043977232	0.194233847049711
0.546177796784352	0.39983026278967
0.578132720644533	0.376583680720049
1.0823143538868	1.08833121292377
1.24270784447341	1.14724435206929
0.170170551402025	0.0842873863496133
0.230487760154232	0.133641469554507
1.24262846298908	1.14697173733835
1.20484480287447	0.970839273891237
-0.359449115974057	0.231217993302278
0.23052744239938	0.133668602137409
-0.740280398947646	0.452574775308571
-0.575262792708149	0.395475278382787
-0.268903312847488	0.137490969469136
0.844556697711394	0.546247801047492
-1.6784015336866	1.15386732162851
-0.0122154413396054	0.00572317029003499
0.369281560627773	0.157849816719288
0.710050456446237	0.546540188914372
-0.740363553407265	0.452677488340356
0.0836834538134724	0.0457175748200456
0.170263129213505	0.0843313417776692
-0.104397923721841	0.0558438585660396
0.163423100014615	0.109006651238271
0.116364528101487	0.0683239471829726
0.83741595051345	0.878928284540155
0.560710472183291	0.388178977785677
0.503747292433599	0.450220202544994
0.503597573460397	0.450171654171279
-0.17409630923237	0.118165062166976
-0.223902254728416	0.149354276836368
0.250030420206014	0.155105697551881
0.276848757227263	0.194245371711501
-0.581784038930277	0.277651257807727
-0.191683506242611	0.08409339741583
0.205266784752764	0.110460669177488
2.1843568650897	1.0309409605743
-0.841574104040948	0.366537844891767
0.668341817602373	0.343821264073672
0.369696009095169	0.158067754520311
0.772036795135306	0.351439684567354
0.448620351049491	0.125795452528351
-0.509453689852966	0.184873844488885
0.0588162361047195	0.0233573777261437
0.0293799272299701	0.0174716600227109
1.71234035060621	1.36303723451158
-0.580498200950308	0.322444400471375
1.49182959934968	1.42913718866796
0.388623453802359	0.222807132021994
-0.191426497828664	0.0839488560761054
-0.453448946127104	0.286791526836624
0.598675391106249	0.365365106671917
0.560631139693429	0.388101630778108
1.06003992208023	0.577677974522077
0.622896982218685	0.351913003666181
-1.27863245309779	0.904117251927921
0.546200658028452	0.400007575079535
0.286248257138665	0.212142532739259
0.378516123801615	0.200369826875235
0.966611652025928	0.36540950209132
0.622920670421795	0.35200755441296
0.668483206398341	0.343935288943319
-0.581851832882174	0.277688325692166
0.789194873519341	0.543959116050008
-0.359369143638256	0.231145767097351
-0.320472728323707	0.18500883783832
0.23052744239938	0.133668602137409
-1.24913860123246	1.0325200816944
-1.40929168694041	1.06907240900377
0.921407174037824	0.552510092381016
0.805396109347975	0.877892431270379
0.0579581093602526	0.0366922159310135
-0.824888223968837	0.821466010552939
-0.171888342749426	0.103245439506017
-0.400173652945427	0.199527805530166
-0.57525108074046	0.357535915462596
-0.0124118503434449	0.00581552997654431
0.378940602994957	0.200651612788855
-0.237483943959794	0.139846828265212
-1.51849205749084	0.959097589656331
-0.453449761195745	0.286766668269298
-0.359345001579328	0.231125173680797
0.512474652067005	0.437566936581822
-0.284691295871544	0.186632398557008
0.874748082323029	0.882915803015468
-0.359393197227555	0.231133904553374
-0.453489360946646	0.286816989972648
0.0423987822934224	0.0214042356315897
0.845291195858324	0.716326018412538
-0.581784038930277	0.277651257807727
1.33410154336501	1.01867194709115
-0.191763069164488	0.0841344545583103
-0.400618887533942	0.199722915320189
-0.400279254651867	0.199611151597535
0.622920670421795	0.35200755441296
-1.95002511922446	1.53493871942332
-0.320473887394135	0.184996236748731
0.170467253006703	0.0844304182125656
0.120134631761478	0.0538964433430745
0.378705133919478	0.200478927561889
-0.00589516810795806	0.0032993841077008
1.24282826744819	1.14718896584321
-0.0121579779232437	0.00569550785644836
-0.581851832882174	0.277688325692166
-0.0933542386755156	0.0267801552868843
0.119875060412801	0.0537756254140837
0.378621720444965	0.200461497743518
-1.13712262184062	0.87873904757024
-0.981035668205415	0.894234519686994
0.398820137099835	0.277814185387544
0.119792912398409	0.0537171957567857
0.399795996834797	0.294762133213298
0.968771592343898	0.89777848560479
-0.237563643670217	0.139889377318265
-1.06723813473952	1.03288660819847
-0.266107285646058	0.19527791282569
-0.10431959113781	0.0558011663734158
-1.35309434426255	1.18960208950162
0.0586045725612464	0.0232714078261316
1.2678749555445	1.3215022364633
-0.0123423441710936	0.00578321495826335
1.52023029364311	1.08666376039989
1.71184888175428	1.36228420029561
1.05980524645418	0.577754859072529
-0.580476543617623	0.322432153035535
0.396942496284277	0.260224576292416
-0.269113796544526	0.137580907986305
-0.268719004618864	0.137442961534784
0.388693203120202	0.222849389931697
0.0293020737592775	0.0174234793407837
1.355606935422	1.19630008070769
-0.453526186148828	0.286869848352417
-1.27844165385962	0.903806240418973
0.230526217737972	0.133616906983111
-0.174544124873814	0.0912564848517119
-0.237573967425114	0.139884696422554
-0.429925595459858	0.243580051469603
-0.792080398370247	0.632669952314614
0.249894659522818	0.155018355715204
-0.2687279974696	0.13743703950627
0.560630437830936	0.388074284865715
0.378847621753956	0.200589252322247
-1.45022307596246	1.35229662165663
-0.224057969313671	0.149438610118308
0.710119938835837	0.546517251784068
-0.432195795413815	0.0981239072789159
-0.104357499932016	0.0558222115623603
-0.19168054449394	0.0841002189352164
-1.33197952685661	0.762634981562714
0.968851173200478	0.897748821620363
-1.40911140509099	1.06865061179304
-0.0124813117514577	0.00584729622039226
-0.174463165959568	0.0911892241190449
-0.580266505812649	0.3222691862051
1.14135042570868	0.78055702486602
-1.40929168694041	1.06907240900377
0.230448835221244	0.133616924089533
-0.174741742456915	0.0913319681136905
1.24278791466208	1.14733487373111
1.65624124323753	1.51854395688775
0.0423191371419603	0.0213682662442981
-0.320591866789526	0.185070076583314
1.20464806149762	0.970319578051898
0.623392508810783	0.352425458002545
-0.472037857822702	0.32995818075441
0.668481033440034	0.343942560095741
0.205211481751657	0.110438490596475
0.598777597268071	0.365412486093334
-1.33190726197346	0.762157524770616
0.0586708691176024	0.0232936285877414
-0.191763069164488	0.0841344545583103
-0.191677560250301	0.0840866628137423
0.0588162361047195	0.0233573777261437
-0.320553567284933	0.185034774686656
-1.11037257681918	0.5626800271598
-0.323178299118294	0.132626269521487
2.04419091510948	1.50859841746199
-0.191760118441119	0.0840990250517204
0.0423592611971083	0.0213859834041211
-1.04537690067048	0.878388728457478
-0.19168054449394	0.0841002189352164
1.3233545451629	0.630955343798237
-0.580266505812649	0.3222691862051
-0.0877795706067474	0.0399712524693087
-2.18919336135836	1.26985540555962
0.369696009095169	0.158067754520311
-0.00321092368226869	0.00109246418514769
-1.11104174051405	0.563092496834586
-0.580349831282464	0.322341566730602
-0.26882014270592	0.137493109818912
-0.191594955374977	0.0840523906515105
0.119957212376391	0.0537989379879724
0.966905011225973	0.365415640853152
1.33411183825359	1.01908962040694
0.804395515067917	0.715369169399287
-1.01640653529459	0.731296908478309
-1.13532229991961	0.741731857047717
0.972066502604835	1.05833370181306
0.309236307615763	0.276140278672945
0.37882650870246	0.200579110731171
-1.6784015336866	1.15386732162851
-0.579552266520519	0.47710820114392
0.116364528101487	0.0683239471829726
-0.0496545327696726	0.0271489027461026
-0.453568501267303	0.286832048510149
0.578073386398327	0.376592353319862
-0.006001151876493	0.00335806255735303
0.546094610989737	0.399693887860622
-0.400279254651867	0.199611151597535
0.578018102972575	0.37654181246198
0.365462810263777	0.175771126538925
0.0423592611971083	0.0213859834041211
-1.04540091106297	0.878624339051669
0.533581431751006	0.412824120023096
0.20515621128702	0.110408160639295
0.398846853823364	0.277820918046262
-1.04544866744189	0.878580226525379
0.205123128476221	0.11035959863149
-0.579188305816667	0.47692523634252
-0.575335061941683	0.357592851898839
-0.580006056009966	0.322045537779173
0.230568482664177	0.133702810948979
-0.0060294645189049	0.00337358051439809
-0.0058962254990532	0.00329972056486994
0.170355770620737	0.0843670955703796
-0.300436181224057	0.240254320167811
-1.24921980676995	1.03276052609911
2.18494255760483	1.03103093989975
0.120134631761478	0.0538964433430745
0.410319402185388	0.149749375016411
-0.400255793183877	0.199576929984158
-0.795391084685964	0.429117695674088
-0.237449246408328	0.139810882843141
-0.57525108074046	0.357535915462596
-0.323178299118294	0.132626269521487
-0.707561374899847	0.478454287577905
0.668339794470315	0.343828614069647
0.378493961987734	0.200357375434109
0.710060741176845	0.546447900105888
-0.00601232576299889	0.00336418907014556
0.39700159284157	0.260302023027962
0.788985226772879	0.543739643758407
-1.01634919800968	0.731217314444919
-0.0124689471286401	0.0058422046791081
0.205126733349182	0.110389989862704
-0.104318795135885	0.0558015566425405
-0.191848441999651	0.0841748012731843
0.120086942258199	0.0538668745057729
0.769783880158024	0.350146471900405
-1.74464996891116	1.5894717068568
-0.0758916780971827	0.0474113408822057
1.08236571070201	1.0889019226088
-0.268608623749507	0.137354005666895
-0.237598315516228	0.139891634816411
-0.0122398914365767	0.00573275860786979
-0.104439186947234	0.0558548380143883
-0.581851832882174	0.277688325692166
0.379044329487515	0.200678939785108
-0.0122850641813574	0.0057559911383436
-0.174485277419969	0.0912106313420276
0.578073386398327	0.376592353319862
-0.740372218460723	0.452702879152707
1.03573860056379	0.75314477850792
-0.049699798202934	0.0271720496482323
0.170068843650991	0.0842286987652546
-1.3531394719817	1.19013250205415
0.396991343747782	0.260302212223515
0.396901374837233	0.260194980996735
-0.400513563075863	0.199729099262418
-0.0875468540215103	0.039864629429921
-0.0122276726897269	0.00572835891609193
1.10702287153373	0.935731496709681
-0.740179770854738	0.452503944476729
0.388623453802359	0.222807132021994
-0.581854188280408	0.277697073220254
0.623392508810783	0.352425458002545
-0.976365401250023	0.584398859616745
0.249988153877649	0.155066139969002
0.789206944140957	0.54394025488045
-0.268507091440049	0.137275421862829
0.522564665143694	0.425458595924069
1.03034354724202	0.91223204668314
-0.579119889403814	0.476791143039505
-1.14282598672421	1.02413534429987
0.512566193353126	0.437855645725552
0.394037095127064	0.242198458278005
-0.472171433813845	0.329941164011196
0.0836346373861601	0.0456890182021036
-0.284690168329547	0.186587337371802
-1.5295378680566	1.23836981023354
-0.581992602634161	0.277694049871378
0.92132134334832	0.552408279546252
-0.17459926023523	0.0912855489687525
0.378621720444965	0.200461497743518
-0.268331253583185	0.137185477385768
1.03572027476523	0.753584739290095
1.30508046895977	0.824575739632389
-0.429823900373269	0.243455736202764
-0.2687279974696	0.13743703950627
0.249999051633764	0.155110314569276
-0.174518314964367	0.0912348516528442
-0.740463975085828	0.452748151314771
0.170272425689712	0.0843399388739337
1.35552205420977	1.19632884824926
-0.575207305272533	0.395345755769592
-0.829087361933432	0.606402072678441
-0.9412560623492	0.739612823495909
-0.430051715681581	0.243618728457605
-0.23751862527221	0.1398723323227
-0.0401494159301245	0.0255469986704221
0.968797796743646	0.897766270089067
-0.575228160299009	0.395416533246711
-2.69184802528041	1.99542374494356
0.59876817292181	0.365396418954223
-0.26842377376637	0.13725791720775
-0.943915148975872	0.276710030090892
-0.674431104374811	0.547317552430663
-0.320551710599551	0.185068852829541
-0.237463240563307	0.13982242209813
0.894818317877704	0.722244824347909
-0.70748096742124	0.478435371653978
-1.23399719341836	1.1747074029004
0.399604873824898	0.2946743611885
-1.01634919800968	0.731217314444919
-0.224109972065434	0.149513098109598
-1.35318719370295	1.19037012647783
0.745274263767946	0.543557664143171
-0.0496755348028971	0.0271594987077226
0.0836346373861601	0.0456890182021036
1.36669144896286	1.3664509665376
-0.0123792002568468	0.00579539781678623
0.560711157363661	0.388178233889262
-0.131915697837842	0.0910089174111435
-0.829164181524425	0.606473226288315
-0.28455737345611	0.186475244602675
1.24255078308205	1.14640903709852
0.560749556461197	0.38815237075861
-1.24918291230694	1.03264343593363
-0.765937198841143	0.664778067215432
-1.40929168694041	1.06907240900377
-0.88951788053511	0.760686453768118
-0.94130434126359	0.73990733004916
1.48054377463169	1.5919995784527
-0.323768775804252	0.132906269597143
1.65653272148187	1.51922059465679
-0.842217165704752	0.366945966505995
0.230528840720756	0.133684195378615
0.170374466606941	0.0843863554800559
-0.414157525969421	0.322383884841583
-0.487439304643186	0.373760947376121
-0.687592314281429	0.510430782492829
-0.322149279419821	0.232744089564935
-0.104359977904879	0.0558212020500924
-0.359526088458979	0.231209954139583
-0.976725620080584	0.584772285236741
0.598592016021916	0.365255436252484
0.560711885972035	0.388147474403836
1.33420451960828	1.01921230707526
-0.400770514264388	0.199782028757238
-0.32342872014596	0.132754800981013
-0.431903314845492	0.0980189230129383
0.789055063944555	0.543856648322334
0.365459706351774	0.175748040889583
0.598879970311203	0.365418203215048
-2.06920105916505	1.72561591353871
-0.320513450752505	0.185034633111104
1.36665670893132	1.36647483431801
-0.00594815898577684	0.0033288897110876
-0.707559739241471	0.478463453528977
0.598684774774916	0.365349678431694
-0.795641716677105	0.429218074573229
-0.00602736515026521	0.00337218824448181
-0.655901251062238	0.668248344146553
-1.67852612172773	1.153971021526
-0.005974931279798	0.00334374083564817
-1.8207291027124	1.34335604769857
0.771092418292579	0.351048136725648
-0.400150141167734	0.199526819273677
0.369191566451795	0.1578145382159
1.26500673553769	0.353978706387524
-1.95839986267294	1.00468673041439
0.0587435559436112	0.0233296694197922
-0.400302687392056	0.199595859940072
0.388599115365811	0.222711594260506
0.921410321822283	0.552421724487917
0.0586752350175879	0.0233026661375095
0.560711157363661	0.388178233889262
0.89497510275865	0.722971967281811
0.769783054340609	0.715718401530915
-0.359366029703826	0.231147371654073
-0.400302687392056	0.199595859940072
-0.575196062635016	0.357437611700666
0.623286300486041	0.352340568865308
0.0423185594731741	0.0213690212508505
0.62326240290656	0.352345581752505
-0.580244728564168	0.322288315069047
1.33430767166807	1.01938904096222
-0.389450543691259	0.27686677265557
-0.471958819409733	0.329769253223498
-0.0495850290263104	0.0271094689755234
-0.323590457207612	0.13278129535799
-0.795557467610568	0.429227305973378
-1.33191007996814	0.762528663311124
-1.11000712185328	0.562333501617952
0.966205550579862	0.365071432394427
0.745352258464339	0.543510782411118
-0.766066919696178	0.664990047838034
-0.580476543617623	0.322432153035535
0.205215401620106	0.110423220049136
1.24267037254785	1.14706863119756
0.928907724983238	1.04969779030343
-0.829127834617353	0.606384459555384
0.250009479618193	0.15511754145689
-0.174459521127491	0.0911992843731911
-0.747573511127044	0.701263923295738
0.0165247148979145	0.0111541080537398
0.388369510758407	0.222543616611062
1.14169286194149	0.780660352347053
0.120216878406035	0.0539296496159934
0.12011077257807	0.0538869679431261
0.249960943195649	0.155054146101795
0.668343792191946	0.343767807424399
-0.829165276939393	0.606465936301729
0.265048650072239	0.175349097745977
0.142497480573903	0.0894313215603857
0.598582673007789	0.36530237473833
0.681085975513536	0.552026657242208
-0.26882014270592	0.137493109818912
-1.67842293364952	1.15326249437505
-0.580244728564168	0.322288315069047
-0.359515555831257	0.231225853301993
0.388623453802359	0.222807132021994
2.03676328204142	1.92763568337377
-0.0872920717273817	0.0397381772141896
-1.10977577361948	0.562162100433039
-0.580266505812649	0.3222691862051
-0.575283575494184	0.39546427526981
-0.104439186947234	0.0558548380143883
-2.18887464496301	1.26943367833825
-0.842573501506563	0.367295334988531
-0.941314845393856	0.739889310526513
0.205130478099973	0.110380892749031
1.35554782872336	1.19651223683715
0.560671511271766	0.388152242066617
-0.23751862527221	0.1398723323227
-0.575238543494442	0.395420803834069
0.84434901377286	0.546409530474438
1.20484480287447	0.970839273891237
1.03591449475179	0.753942920815292
0.598675391106249	0.365365106671917
0.369101416923485	0.157753649363207
-0.941290699309953	0.739776134479146
1.65608185825178	1.51870041013883
0.62326240290656	0.352345581752505
0.396921876373531	0.260242745186634
-0.268534443406287	0.137314478717515
-0.580244728564168	0.322288315069047
1.49183094857053	1.43020256644836
1.33420451960828	1.01921230707526
-0.400384780578106	0.19966118834964
-0.268635789011379	0.137364741335883
-1.13712456026234	0.87876657298231
1.12041097972712	1.26250461296852
0.956762326002398	0.734344329952799
0.968745395432687	0.897740647520748
-0.320553567284933	0.185034774686656
-0.429868625622534	0.243546443419877
-0.171836647611099	0.103224835215403
0.388611278287772	0.222779199110245
-0.0124689471286401	0.0058422046791081
0.560591503119401	0.388022068629539
-1.95778543332321	1.00412011001723
0.37903365004806	0.200695229132283
-0.00350347060307062	0.00119280760914839
-0.323267030849328	0.132664766624666
-4.86712925970961	2.67022731809847
-0.581854188280408	0.277697073220254
0.710064754965551	0.546573518162947
1.05937328956294	0.577228568677455
0.0423185594731741	0.0213690212508505
-0.792079793190693	0.632687552037336
-0.268516230467572	0.137314152183712
-2.1894304441681	1.27005874633258
0.205241089187748	0.110449762702166
0.623026548869316	0.352133124979863
0.142549987506844	0.0894500794249551
0.95700930595665	0.734505729779252
-0.430064216872108	0.243565519688309
1.14077413762313	0.779080919616011
0.398846314286367	0.277838106957553
0.598573351737047	0.365281015830231
-0.842573501506563	0.367295334988531
0.170355770620737	0.0843670955703796
-1.40929168694041	1.06907240900377
-0.510743547432265	0.185419327634832
0.623581105337798	0.352328790053237
1.05955331516124	0.577309150511751
-1.13567729072396	0.742109314725345
0.20515621128702	0.110408160639295
-0.171835455099453	0.103204869310422
0.378744180687792	0.200540698956173
-0.453528065982023	0.286864929800277
-1.13716291945289	0.878934444802947
0.598378969448173	0.365092189435562
-0.687624328798652	0.510560384911085
0.365462810263777	0.175771126538925
1.30501217205153	0.824788016597256
0.95689862688858	0.734589435516779
0.365545538878326	0.175812862473331
-0.57530047576779	0.395326283405003
0.365634724659639	0.175835138801182
0.249960943195649	0.155054146101795
-0.842929976512655	0.367307850802193
0.0836243033187161	0.0456856938071087
1.03036797569468	0.91245684227107
0.388878599268322	0.222920598581283
0.365462810263777	0.175771126538925
-0.104397923721841	0.0558438585660396
0.623156321552976	0.352260784925711
0.0423576214530844	0.0213884261189087
0.230567791841672	0.133698864313426
-0.26843293162844	0.137254509896172
0.894895810166702	0.722918400089256
0.365545538878326	0.175812862473331
0.119898789663274	0.0537835419180417
-1.04540091106297	0.878624339051669
0.956788078053275	0.73445417517158
0.668478812223091	0.34390323454053
-0.580098557351089	0.32208988826458
-0.0876302197595823	0.0399015975036765
0.378940602994957	0.200651612788855
-0.707521172971948	0.478490781085457
-0.453410141697293	0.286685443860728
-0.42990068806373	0.243455304135283
-0.400173652945427	0.199527805530166
0.533790284077669	0.413086260711036
-1.95839986267294	1.00468673041439
0.230448835221244	0.133616924089533
0.89489373357189	0.722836439678964
-0.389554638051472	0.276976782703639
-0.429893403532344	0.243419284772728
0.205237204149976	0.110442438968594
1.03591449475179	0.753942920815292
-0.0872920717273817	0.0397381772141896
0.745273758792998	0.543538189694535
0.533589115874298	0.412724497642933
-0.792079793190693	0.632687552037336
-0.687658996962842	0.510520044172739
0.230449616124751	0.133620924510745
-0.884839339172574	0.588760698482914
-0.26882014270592	0.137493109818912
0.956843336205729	0.734548363620484
0.396786882122719	0.259878435206918
1.20477507746586	0.970708427297487
-0.576694824476015	0.435408737887591
0.378744180687792	0.200540698956173
0.623132503431904	0.352217814060037
-1.01634919800968	0.731217314444919
0.745314931034749	0.543544321920657
-0.47211689442755	0.330016837915447
-1.22605114594606	1.32549292767696
-0.852360553851143	0.78841294508315
-0.172048733010377	0.103331171153856
0.20515621128702	0.110408160639295
-0.580476543617623	0.322432153035535
-0.0875026457018197	0.0398390244357153
0.844234892233116	0.546210584782712
-0.0872097202919863	0.0396986290401776
-0.795221755124498	0.428924725702898
-0.580476543617623	0.322432153035535
-0.795557467610568	0.429227305973378
-0.104359195281209	0.0558242971418694
0.560710472183291	0.388178977785677
1.24270922691438	1.14733872737884
0.681217412014632	0.552162893124724
0.180971127250423	0.127757103206751
0.598758770307879	0.365305109651844
-0.323590457207612	0.13278129535799
0.0836937122363792	0.0457231254747843
-0.88446244260996	0.588586753525836
-1.2786405784213	0.904106788970841
1.26779586700236	1.32117383661908
-1.04533414306175	0.878297848800093
0.388693203120202	0.222849389931697
-0.174573431544604	0.0912716571979923
2.03683798118428	1.92897047259975
0.205126733349182	0.110389989862704
0.24997468863786	0.15509621575848
-0.84128759981306	0.366527746446311
-2.06918730763001	1.72482286180047
-1.33191007996814	0.762528663311124
-0.0875026457018197	0.0398390244357153
0.95700930595665	0.734505729779252
0.0423191371419603	0.0213682662442981
-1.13567729072396	0.742109314725345
0.205016392440772	0.110303116653591
0.788985226772879	0.543739643758407
-0.171941842769072	0.103292339313764
-0.976702890166401	0.584516803880515
1.08247954244949	1.0886418808344
-0.581784038930277	0.277651257807727
-0.320552993853204	0.185056332829789
-0.575228160299009	0.395416533246711
-2.01799546768196	2.14505426819744
-1.40140825049499	1.48939202596082
-0.453525181306195	0.286848918425536
0.399648360072255	0.294722245354068
-0.284637753148167	0.186595779542609
-0.191933678929107	0.0842065929843931
-0.429615122034217	0.24329729755557
0.578043836574162	0.376548516431563
0.623002810171412	0.351997554742242
0.119875060412801	0.0537756254140837
-0.19159191508531	0.0840304489728049
0.709981039126581	0.546426445722382
0.388762997440806	0.222873844908431
0.522656111192511	0.425529112514875
-0.740380861860938	0.45261093027897
0.0292067114825184	0.0173679690405924
1.65620855919006	1.51955240277114
1.35555159524246	1.19612972346694
0.116363971797762	0.0683270914761228
0.378727390829471	0.200531723202199
0.0836553943168606	0.0456870258651299
0.378493961987734	0.200357375434109
-0.32393075771785	0.132964596123413
0.844049245470728	0.54612619942835
-0.740372218460723	0.452702879152707
1.24278730522911	1.14722106912078
-0.429742023619485	0.243444703250539
-1.45016820119077	1.35093780728978
0.205126733349182	0.110389989862704
-0.70752193721132	0.478472790723747
-0.47201277719706	0.329690639350971
0.116205866171007	0.0682095844903827
-0.359390272612402	0.231190890343253
-0.174540515247827	0.0912397503894302
0.119875060412801	0.0537756254140837
1.36668549628245	1.36606121766239
0.968772097713885	0.897771056651447
0.042317099728294	0.0213645753710401
1.33441099968333	1.01935277897555
-1.40899936706001	1.06804684912513
0.369443988447083	0.157954068466191
-0.740078977484018	0.45240201762335
0.205075221343872	0.110332408266124
-0.0876522636543796	0.0399151556854039
0.921410321822283	0.552421724487917
0.365294456714284	0.175642850880005
-0.976470386658705	0.584506017782514
0.169976433422897	0.0841776092708832
0.393998309938964	0.24221564521359
0.0826513094382271	0.0555082340536155
1.03043748262447	0.912443525259986
-0.665678376818722	0.586042176708888
-1.27882282172847	0.903955643677358
-0.575276993342195	0.357560747477759
1.36660143337291	1.36662379300153
-0.284691295871544	0.186632398557008
-2.18012884855187	1.91931929782187
0.512595491587117	0.437682638388041
-0.472064591324512	0.329985339812347
-0.104439186947234	0.0558548380143883
0.546215912621286	0.400033984487797
-0.581638953062479	0.27731083153181
-0.575321527408188	0.395445387250263
0.119980963262918	0.0538242500271638
-0.00285025275782294	0.000970864932132848
1.48075441407765	1.59397460976847
-0.829043738882068	0.606222373957831
-0.191763069164488	0.0841344545583103
-1.67827674680171	1.1536712482776
0.0836450010510917	0.0456897563034637
1.03581273641939	0.753757024221273
-1.23402401873213	1.17472634424117
-0.322164788416887	0.232751592153736
-0.174518314964367	0.0912348516528442
-0.829087361933432	0.606402072678441
-0.0124118503434449	0.00581552997654431
-1.40929168694041	1.06907240900377
0.180964099493099	0.12774565073409
0.170467253006703	0.0844304182125656
0.668549195290391	0.343823452293786
-0.104357499932016	0.0558222115623603
-1.40918022913308	1.06877036607226
0.956953950129638	0.734577320632393
-1.13712158490888	0.878644561672757
0.119957212376391	0.0537989379879724
-0.432226462476801	0.0981064105603881
-0.320512862899764	0.185045864651848
-0.674344298087838	0.547190221611745
-0.576561395360672	0.435251525925148
-0.842929976512655	0.367307850802193
1.24258880193587	1.14670524118155
1.88338156622478	1.64310805896621
0.169976433422897	0.0841776092708832
-0.320473330609048	0.185007486119419
0.205185767371981	0.110419404112476
0.522644298615081	0.425498142321861
0.398767250514172	0.277751417262796
-0.104318795135885	0.0558015566425405
-0.00605357110645282	0.00338605554984745
-0.453526186148828	0.286869848352417
-0.10439877968516	0.0558435022103617
-1.74461604577035	1.59012768298437
0.745273758792998	0.543538189694535
0.399579574088399	0.294588243783529
1.36654620004983	1.36599438666712
0.0587435559436112	0.0233296694197922
1.06021873399349	0.577924233695351
0.205126733349182	0.110389989862704
-0.132197188898705	0.0912256905845449
-0.400279254651867	0.199611151597535
-0.739969127678041	0.452229458295051
1.50470253863688	1.26757955472315
1.15412959839384	1.11154858242105
1.0597155655144	0.577756640140593
1.60040312737798	0.906314534082061
-0.884783059865906	0.58874017749367
1.14148035323186	0.780569854920254
-0.429697048993561	0.243352246851155
0.578158381790198	0.376627328503049
-0.191930840094509	0.084187060728103
-1.13569824977844	0.742021850109875
-1.33184073883393	0.762330697096292
0.37903365004806	0.200695229132283
0.656734401234105	0.559292012686132
0.388484090009371	0.222665206631935
-0.88446244260996	0.588586753525836
-0.740655822631701	0.452689742148209
1.0227638430039	1.07136577502124
-1.01648973946624	0.731035786569664
0.205126733349182	0.110389989862704
-0.191768903144085	0.0841252697608303
0.789112861032958	0.543795507562315
1.33421488170253	1.01926622253753
-0.0759678553955436	0.0474615581554746
0.804473408112876	0.715506117232359
0.16998558631475	0.0841768411984164
0.578188139453014	0.376606994001504
0.398767805122141	0.277715796239038
0.95692825447083	0.734633189363389
-0.453406741328197	0.28669453653402
-1.11079392999874	0.562961892534568
-0.323679539396547	0.132867515469766
0.771745171623263	0.351293543815406
0.120264726831324	0.0539494870265262
-0.0947477274635641	0.0271987917649854
0.205181952499019	0.110420289382553
-0.0123546421621991	0.00578834044022463
1.14148035323186	0.780569854920254
-0.707560579726294	0.478472244119477
-0.359435544098484	0.231227533097986
1.33401922241435	1.01887323534146
0.170281743912202	0.0843350879613783
0.745353449875489	0.543725661610116
-1.27873173123899	0.90423664025219
-0.268719004618864	0.137442961534784
0.623238534198675	0.352266810403192
0.170457853478971	0.084419753138902
0.0836732250012232	0.0457098608963882
-0.0876522636543796	0.0399151556854039
1.05996734987123	0.577966932312984
1.14119702436819	0.780028473934667
0.119922547764117	0.0537752158563234
1.32371794960321	0.631519863553089
0.0587479747293442	0.0233295790834769
-0.575363276560376	0.395423496155422
-0.429684759665462	0.243380527933264
-0.389520194837014	0.276897047295669
0.598666029175516	0.365312255321971
-0.5801177025606	0.32217404700399
-0.429742023619485	0.243444703250539
-0.740372218460723	0.452702879152707
0.142402398242811	0.0893691754404031
0.042317099728294	0.0213645753710401
2.03673722961718	1.92793747953783
-0.429742023619485	0.243444703250539
0.170161317325234	0.0842725965010529
0.394037483159254	0.242231885268213
0.388508587019126	0.222685278769995
0.57799237739116	0.376473680654714
1.52023308903483	1.08716538684327
-0.400302687392056	0.199595859940072
0.0588162361047195	0.0233573777261437
0.205100973330945	0.11036967785944
-0.32342872014596	0.132754800981013
-0.889570258313474	0.760319142318693
-0.580349831282464	0.322341566730602
-0.884714004488368	0.588902910387814
0.623286300486041	0.352340568865308
0.968771592343898	0.89777848560479
-0.740153404339214	0.452181368952768
0.95689862688858	0.734589435516779
-1.51832895997772	0.959438617553198
0.378705133919478	0.200478927561889
-0.575297408923719	0.395494954102611
0.845377263377839	0.716505721388849
-0.740179770854738	0.452503944476729
0.578162505095581	0.376524149266179
-0.795224362324753	0.428799566664676
-0.580834058619984	0.322488160602313
1.71242266421457	1.36403249253072
1.05989477256891	0.577592160300879
0.623026548869316	0.352133124979863
0.92132134334832	0.552408279546252
0.0586045725612464	0.0232714078261316
-0.581992602634161	0.277694049871378
-0.0874192319868208	0.0398048854826958
0.578018102972575	0.37654181246198
0.119875060412801	0.0537756254140837
-0.884701326330879	0.588899170884722
0.668414615793708	0.34385587193997
-1.1613925627834	1.49538350113334
-0.976365401250023	0.584398859616745
-0.829126855391428	0.606456974810141
0.11963988329625	0.0536532323596811
-0.841001455818523	0.366229916339387
-0.841001455818523	0.366229916339387
-0.829084254712108	0.60642326809271
-0.509374833429822	0.184772228694338
0.120004743026815	0.0538382787021705
-0.976493244523567	0.584555562455094
-1.13567729072396	0.742109314725345
0.0587457894570351	0.0233313383669741
-0.191763069164488	0.0841344545583103
0.710029975803891	0.546567476157879
-0.84164330581693	0.366637138097607
0.378599511099908	0.200427507791295
0.116363450732812	0.0683232622059764
-0.237573967425114	0.139884696422554
-1.13724350386681	0.878534666622549
-1.04550478941788	0.878309683090917
1.10702185510946	0.935885221644565
-0.268534443406287	0.137314478717515
0.89489373357189	0.722836439678964
-0.0496334179813041	0.0271330956337154
0.170078037123426	0.0842362332696313
1.10706194257041	0.935925458227292
0.205097333541243	0.110364406966335
0.598295700956373	0.364991769480157
0.170170551402025	0.0842873863496133
-1.5295359744736	1.23814626760269
0.921489960026533	0.552533647137428
1.03581273641939	0.753757024221273
0.956902566778186	0.734555045157672
-0.0872202098935879	0.0396925932505551
0.0293539036123117	0.0174570183041585
0.598675391106249	0.365365106671917
0.0586708691176024	0.0232936285877414
0.388565964607091	0.222757123212129
1.0597155655144	0.577756640140593
-0.268516230467572	0.137314152183712
-0.852497339895798	0.788742770089492
-0.453526186148828	0.286869848352417
0.24997468863786	0.15509621575848
-0.359424999637583	0.231221859869823
-0.575192754444671	0.357461056491999
-1.6786505111417	1.15397171771567
-0.509736421835564	0.18505595748735
-0.79563934189504	0.429120616122865
-1.13557312432465	0.741984670388943
1.0597155655144	0.577756640140593
1.14111481814916	0.780226580309296
-1.11037257681918	0.5626800271598
0.0586773454804471	0.0233008804750109
-0.0876522636543796	0.0399151556854039
-1.35316337837052	1.19040351769354
-0.829128770657765	0.606275614665095
0.388738767178279	0.222853701932079
-0.740078977484018	0.45240201762335
0.788730860014699	0.543199737498896
-0.320472728323707	0.18500883783832
-0.119033734436334	0.0729574274360317
-1.11086680880368	0.563001129089156
-0.976957468435797	0.584685575036545
0.195564604897729	0.145529905907689
0.120583807017068	0.0540725140873223
0.956707081569555	0.734113138810356
0.0423571659955781	0.0213870028203468
-0.795303913358609	0.428996144102514
-0.400044413240096	0.19944341681556
-0.976725620080584	0.584772285236741
0.77079981160721	0.350840110911968
-0.58178160921078	0.277642461693518
-1.34672546729487	0.492145538677293
-0.575207305272533	0.395345755769592
-0.707443658199716	0.478269996325902
0.250009479618193	0.15511754145689
-0.580139552543401	0.322178443064124
0.533746636034345	0.413067538467052
1.15412959839384	1.11154858242105
0.745392295858783	0.543663995346619
0.120086942258199	0.0538668745057729
-1.40929168694041	1.06907240900377
-1.40915427760603	1.06836268604137
-0.976852932436996	0.584831668326988
0.37903365004806	0.200695229132283
-0.976702890166401	0.584516803880515
0.546147884575247	0.399917127393887
0.378837053043127	0.200602993253842
1.05953573822857	0.57750968846383
0.668412566104476	0.343909313552279
-0.191845547241302	0.0841467637805134
0.205211481751657	0.110438490596475
0.119898789663274	0.0537835419180417
-1.33204907972189	0.762666443275466
-0.575335061941683	0.357592851898839
0.623392508810783	0.352425458002545
-0.740463975085828	0.452748151314771
0.120216878406035	0.0539296496159934
-0.57525235701754	0.395450864272708
-0.472143637345989	0.330029164907456
-1.04543555296153	0.878689131956999
0.578099101184153	0.37657170949161
-0.322088589032678	0.232690098035574
-0.32393075771785	0.132964596123413
-0.884688635613738	0.588740034808548
-0.453485720976542	0.286825894441277
-0.400173652945427	0.199527805530166
0.844256005489486	0.54634206000507
-0.453565656713505	0.28686170496249
-0.171863365176674	0.103245804873814
0.546200658028452	0.400007575079535
0.598378969448173	0.365092189435562
-0.322027915165929	0.232627021067413
-0.174595720600663	0.0912599637275144
0.305307955245673	0.261244861090306
-0.707442298978329	0.478332862516679
0.0423197603352864	0.0213662872995593
0.170281743912202	0.0843350879613783
-0.579913489290264	0.321944638127045
-0.104439186947234	0.0558548380143883
0.394077543950188	0.242263206421765
1.10710076411242	0.935845100022388
-0.687610802839961	0.510500518357591
-2.38298677712539	1.52480996919281
-0.70744426971246	0.478196361482492
0.170170551402025	0.0842873863496133
-0.575273198865867	0.395479571147706
0.0835730767956469	0.0456336767714751
1.03034354724202	0.91223204668314
-0.400173652945427	0.199527805530166
-0.0878015157368662	0.0399693124034044
-1.11079392999874	0.562961892534568
1.20464806149762	0.970319578051898
0.668410467979929	0.343916625774154
0.39693217152986	0.260242591337945
-0.359424999637583	0.231221859869823
0.623368560595867	0.352394665675771
-0.104397024410346	0.0558413819324387
-0.359424999637583	0.231221859869823
-0.049605941996654	0.027120013911584
0.398846853823364	0.277820918046262
0.265161277573761	0.175443075944721
-2.54816865921517	1.76475683995541
-0.509736421835564	0.18505595748735
-0.19159191508531	0.0840304489728049
0.771384657824967	0.351194621180954
1.52023308903483	1.08716538684327
1.0596257295169	0.577674605165275
0.119980963262918	0.0538242500271638
-0.400173652945427	0.199527805530166
1.33448295746536	1.01901020362982
0.170068843650991	0.0842286987652546
-0.829166329192802	0.606426553894009
-0.400408163058232	0.199679139220261
1.15413065688962	1.11166788834906
-0.400513563075863	0.199729099262418
0.623392508810783	0.352425458002545
1.49191018645597	1.43015001915236
1.30500783274078	0.824827623389173
0.0836037239607611	0.0456723801774988
0.0588139280471816	0.0233556784550016
0.623629233430165	0.352507387550781
-0.268507091440049	0.137275421862829
0.894973795185583	0.722984743706935
0.394037916789735	0.242247660525564
-0.829086369388326	0.606441524864473
0.170272425689712	0.0843399388739337
1.15414695557536	1.11162196389094
-0.399655460427396	0.199059543694314
-0.191845547241302	0.0841467637805134
0.169976433422897	0.0841776092708832
0.533685861688125	0.413015889097383
-0.268626755667087	0.137386831811978
-0.171889531829943	0.103267851984991
0.745275410292731	0.543439578947415
0.0836834538134724	0.0457175748200456
1.12025873660521	1.26271321020664
1.10714081553382	0.935863560197638
0.546250743648289	0.400046045111249
-0.171941232356344	0.103271451992614
-0.320551000801398	0.185059855634261
0.378837053043127	0.200602993253842
1.24266814382988	1.14714697689314
-0.4297991763118	0.243493611717284
-0.35950499507081	0.231230783576538
0.845430036590367	0.71650474668351
-1.40922300434395	1.06895280811372
-0.0122398914365767	0.00573275860786979
-1.04546754371116	0.878429393817584
-0.429982454183801	0.243596650316567
-1.01640653529459	0.731296908478309
-0.119042755355306	0.072960774387208
0.844059703677712	0.546155801156035
0.0423191371419603	0.0213682662442981
0.710089400663079	0.546494755378494
-0.0124241753236879	0.00582014340182899
0.745353449875489	0.543725661610116
0.845392160368185	0.716330419328126
-0.884701326330879	0.588899170884722
1.1071404691228	0.935773583234462
-0.284612066321568	0.186571399929409
2.88240642094603	2.1167307901111
0.116364528101487	0.0683239471829726
0.503736584475675	0.450268845061501
0.169865927375416	0.0840800460895946
-1.54132925556523	1.52098038381276
-1.04543555296153	0.878689131956999
-0.889544685235352	0.760690843745992
0.845232110476323	0.715933871076858
-0.434751526559495	0.367858767237109
-0.479481858779338	0.50220592467768
-0.453489360946646	0.286816989972648
-1.01632312024401	0.731272630481301
-0.575328607690282	0.395448525801882
-0.191594955374977	0.0840523906515105
-0.119016517526199	0.0729451060333527
1.03034750926467	0.912449882956028
0.195563670189402	0.145528990912551
-0.320512229568985	0.18504719516924
-0.049571121746021	0.0270978021723179
-2.69140966658381	1.9943591144224
0.116310084678963	0.0682840380414545
0.448620351049491	0.125795452528351
-0.453566648168422	0.286866712107399
0.788730860014699	0.543199737498896
0.0583889091190093	0.0369849319833999
-0.588924943770338	0.605943758960131
-0.25583436359317	0.207300828808375
0.503533382819964	0.450124236975337
-0.320512862899764	0.185045864651848
-0.171862209567395	0.103236624255682
0.399570488339335	0.294640933948354
0.116311088160801	0.0682971565583205
1.18747003905013	1.28862069303199
-0.359459710819283	0.231234615283526
0.512611091131042	0.437841878607119
0.789055063944555	0.543856648322334
0.170253854508655	0.084308299304193
1.33420451960828	1.01921230707526
-0.432195795413815	0.0981239072789159
-2.38298677712539	1.52480996919281
-3.87136997299018	1.24060932575549
1.81425944574235	0.680329466157843
1.26530101460634	0.354164747749272
1.32436602519462	0.631710688508099
-0.510381448501776	0.185343391604108
0.77079981160721	0.350840110911968
0.770731512231836	0.350809203466032
-0.43203426040785	0.0980548642108346
0.598378969448173	0.365092189435562
0.0587412742586255	0.023322231337089
1.35554420146748	1.19587860829684
0.560631139693429	0.388101630778108
-0.432195795413815	0.0981239072789159
-1.04539021354356	0.878624137014173
0.0586045725612464	0.0232714078261316
-0.191763069164488	0.0841344545583103
1.32436602519462	0.631710688508099
0.965911738749524	0.364927418987942
-0.943915148975872	0.276710030090892
1.03591449475179	0.753942920815292
0.546252925439519	0.39999097414578
-0.792000132916884	0.632605847321654
0.62326240290656	0.352345581752505
-0.84164330581693	0.366637138097607
1.26526949992653	0.35405939751203
0.409745117083712	0.149553622921023
2.40203211240503	2.14162501906161
0.369696009095169	0.158067754520311
-2.01804755980464	2.14632166201908
-0.980922814073595	0.893955019540824
0.170068843650991	0.0842286987652546
-0.58022292583536	0.322227384173889
0.546177796784352	0.39983026278967
0.512573949611574	0.437854363630749
-0.359470277506759	0.231240306415592
0.205207701750601	0.110416794371153
-0.45189944589874	0.412804112548573
-0.10435836928934	0.0558246704842912
1.14122070426758	0.780386099658665
0.956843336205729	0.734548363620484
1.14153882005977	0.78038981555394
0.598480737929632	0.365218365480648
0.598582673007789	0.36530237473833
1.79287742041084	1.7772245011858
-0.359424999637583	0.231221859869823
0.28624044131621	0.212114456527478
-0.687554945019591	0.510469115091673
0.396991343747782	0.260302212223515
-0.707561374899847	0.478454287577905
0.598295700956373	0.364991769480157
0.709946354836921	0.546312175029216
-0.049743175802624	0.0271841286607363
-0.4297991763118	0.243493611717284
0.921489960026533	0.552533647137428
-0.88446244260996	0.588586753525836
-1.54124949711141	1.52048553839264
-0.400642140897208	0.199776993016034
1.83687648660533	1.20254338962645
0.388623453802359	0.222807132021994
0.116364528101487	0.0683239471829726
0.894974427264456	0.723012047209108
1.35557734308983	1.19649920345641
0.042279016727012	0.0213478495403599
-0.0123423441710936	0.00578321495826335
-0.70744426971246	0.478196361482492
-0.791974003188081	0.632529374040272
0.388681054646199	0.222839316744788
-0.792028075805671	0.632441003109325
-0.171968579050833	0.103308832832877
-0.884600971987052	0.588746834027671
-0.171863890155145	0.103233387901618
1.65619620535308	1.51961173035875
-0.10431959113781	0.0558011663734158
0.119898789663274	0.0537835419180417
-0.323355916292695	0.132658305502656
0.598684774774916	0.365349678431694
-1.01643508791037	0.731267857066174
-0.171969135860426	0.103312109320044
-0.45348851591146	0.286841831680638
-0.049699798202934	0.0271720496482323
-0.429938030218216	0.243568625526263
-0.740061297594254	0.452275085596835
1.14124441291442	0.780397358047567
-0.889544685235352	0.760690843745992
0.0423185594731741	0.0213690212508505
-0.320472728323707	0.18500883783832
1.15420901863633	1.11179327741843
0.522618238377855	0.425527857830796
0.249964238369874	0.155088974064584
-0.576599541993993	0.435245555034487
0.623132503431904	0.352217814060037
0.710134362222941	0.546475471257102
-0.841001455818523	0.366229916339387
-0.0935556981413233	0.0268478444964544
0.41039768616025	0.149826752222597
1.6010510490733	0.907306853764938
1.05996734987123	0.577966932312984
2.45888883101856	1.39979200466812
-0.510743547432265	0.185419327634832
0.668410467979929	0.343916625774154
0.369874827624987	0.158094504412344
0.598582673007789	0.36530237473833
0.388738767178279	0.222853701932079
-0.104357499932016	0.0558222115623603
0.623522821357487	0.352458134850505
-1.95812751109893	1.00452497119926
0.119745583702531	0.0537078184456366
0.0422796254578924	0.0213471109845159
-0.575231397025982	0.395331818685513
2.45916267875384	1.40009990624383
-0.0938482431519809	0.0269330261228933
-2.38305458689489	1.52460714226522
-0.237473607055047	0.139838194143414
-0.889598268471823	0.760596529805884
-1.04543786955088	0.878490574132837
-0.432356925502191	0.0981422305445414
-1.34596633931712	0.491729044914134
0.448916154342392	0.125894423720526
1.20497223605644	0.970922766106413
-1.68132831532103	0.744942644728757
0.0587479747293442	0.0233295790834769
-1.01635180096047	0.731290577813313
0.230487096056227	0.13362125268022
0.37882650870246	0.200579110731171
0.170087252377099	0.0842292700614622
1.35549259110812	1.19634193366407
-1.01640653529459	0.731296908478309
0.116283881027503	0.0682728259310458
-1.45018856021186	1.35234725608904
0.3997271876879	0.294694175003156
1.49190936605623	1.42979726550601
0.378847621753956	0.200589252322247
0.844152537341915	0.546273411772544
-0.884701326330879	0.588899170884722
1.50488794952172	1.26717505630802
0.0586024886115801	0.0232698011409825
0.11628438193158	0.0682790642668379
0.62326240290656	0.352345581752505
-0.174628515728416	0.0913006915587617
-0.320512229568985	0.18504719516924
-0.429742023619485	0.243444703250539
-0.320551000801398	0.185059855634261
0.0422774636633629	0.0213433618669291
-0.237449246408328	0.139810882843141
-0.171888954875426	0.103262528114191
0.369443988447083	0.157954068466191
-0.581856591724575	0.277597221348804
-0.795388566123818	0.429111941624914
-0.0877795706067474	0.0399712524693087
0.578073386398327	0.376592353319862
0.378744180687792	0.200540698956173
0.921489960026533	0.552533647137428
1.10710043208633	0.935634855514679
-1.14876500111135	1.17713580070053
0.84532399478612	0.716277544290757
0.546295972751385	0.400029492366873
-1.13716571635565	0.878750408636961
1.0303025222273	0.912237935965386
1.20472995573463	0.970197681019838
0.921324434956384	0.5524265305633
-0.320512862899764	0.185045864651848
-0.575352883531087	0.395458931705319
0.0423185594731741	0.0213690212508505
0.844556697711394	0.546247801047492
0.0423581224798044	0.0213887511464096
-0.707521172971948	0.478490781085457
0.205100973330945	0.11036967785944
-0.191594955374977	0.0840523906515105
1.83671578232145	1.2026905210236
0.393959851793225	0.242147071342183
2.1843568650897	1.0309409605743
0.12011077257807	0.0538869679431261
0.378727390829471	0.200531723202199
-0.104399592297262	0.0558404234022689
-0.268626755667087	0.137386831811978
-0.707480143436695	0.478397987358348
1.24274888728981	1.14736338565194
-0.852384120815731	0.788496588777172
0.276879043977232	0.194233847049711
0.2768451606332	0.1941644456447
0.745312944518501	0.543574984138107
0.388681054646199	0.222839316744788
-0.26882014270592	0.137493109818912
-0.430007390140373	0.243532022871694
0.36520892134614	0.17553579812266
-1.11070663736419	0.563156850939472
0.37903365004806	0.200695229132283
1.0360071240707	0.754049538610323
1.52023308903483	1.08716538684327
-1.11120215275118	0.563348609619044
1.32408121476654	0.63144435686608
0.62326240290656	0.352345581752505
0.119957212376391	0.0537989379879724
-0.575196062635016	0.357437611700666
-1.40922300434395	1.06895280811372
-0.19168054449394	0.0841002189352164
0.0423185594731741	0.0213690212508505
-1.11045946877855	0.562965619456525
-0.237539256351892	0.139869620270601
-0.323679539396547	0.132867515469766
0.120134631761478	0.0538964433430745
-0.284585824039334	0.186528915115429
0.789009542854592	0.543863079094428
0.399509810721916	0.29453711061933
-0.747580719075605	0.701303298366849
-0.487413323185831	0.373756809665301
0.921489960026533	0.552533647137428
0.205071546672453	0.110351538960765
1.20471767009673	0.970532442220279
-1.01629436212397	0.731210863643357
1.52031552276731	1.08722702084927
-1.32023352528281	1.33010810911826
-1.84149671536099	1.77093284240617
0.378744180687792	0.200540698956173
0.0835896232229875	0.0456627648321035
0.398872498945576	0.277846608081507
1.1542095508317	1.11178512587609
0.37882650870246	0.200579110731171
-0.00605468831058989	0.00338734248617692
1.20483259624617	0.970734582695714
0.745313846676038	0.5436625102872
-0.430064216872108	0.243565519688309
-0.400384780578106	0.19966118834964
-0.70760079242797	0.478310696829718
0.0424377936963589	0.021422748137904
0.394037483159254	0.242231885268213
1.14137421358343	0.780410094648711
0.399718122297001	0.294762082365456
0.0424383236414119	0.021420717979961
1.30508268921092	0.824508400656851
0.230408455018106	0.133557500557427
1.0303229756177	0.912420263666659
0.170170551402025	0.0842873863496133
0.388693203120202	0.222849389931697
0.560710472183291	0.388178977785677
1.05987776781758	0.577885042568082
2.45924103982581	1.4000062836938
-0.976470386658705	0.584506017782514
-0.268626755667087	0.137386831811978
-0.1915979731707	0.0840529792646734
-0.740171003604891	0.45253026277676
-1.33191007996814	0.762528663311124
0.7893348636763	0.543872596782533
-0.400279254651867	0.199611151597535
0.965911738749524	0.364927418987942
0.378516123801615	0.200369826875235
0.170263129213505	0.0843313417776692
0.845451316536306	0.716465476262939
-0.17459926023523	0.0912855489687525
-0.322928275464891	0.132467121045914
0.84434901377286	0.546409530474438
0.12034702103488	0.0539879293877707
0.788800463373908	0.543500128836329
0.681112697148001	0.552035634176793
0.409745117083712	0.149553622921023
0.623156321552976	0.352260784925711
-0.00321092368226869	0.00109246418514769
0.378599511099908	0.200427507791295
-1.51832895997772	0.959438617553198
0.119980963262918	0.0538242500271638
1.06030790835729	0.577922126313517
-1.82085118306358	1.34330839953254
0.170457853478971	0.084419753138902
-0.829084254712108	0.60642326809271
0.170078037123426	0.0842362332696313
-1.64088225896975	1.41097206199277
-0.174683567543954	0.0913208124398447
0.62360515494983	0.352483156517297
0.771092418292579	0.351048136725648
-0.237483943959794	0.139846828265212
0.95692825447083	0.734633189363389
0.789112861032958	0.543795507562315
0.365459706351774	0.175748040889583
-1.01638040429431	0.731261580326361
0.598666029175516	0.365312255321971
0.966905011225973	0.365415640853152
-0.580476543617623	0.322432153035535
2.18455232731688	1.03120713248554
-1.82060683537853	1.34328728713377
0.77079981160721	0.350840110911968
-0.0122154413396054	0.00572317029003499
-0.0124689471286401	0.0058422046791081
-0.104397024410346	0.0558413819324387
0.205100973330945	0.11036967785944
-0.7400701483229	0.452397258194513
-1.68009156842078	0.744218155905003
0.656690920116858	0.55927699275256
-1.13716735512372	0.878348751814898
1.2049145732705	0.970896458378593
-0.268811190324651	0.137482691167831
-0.429982454183801	0.243596650316567
1.05953573822857	0.57750968846383
1.50479521221639	1.26745147666955
-1.13580229711503	0.742146362661845
2.03693889760179	1.92901058290885
-0.795473084150557	0.429189025577302
0.623711592942047	0.352408890472686
-0.884714004488368	0.588902910387814
0.409745117083712	0.149553622921023
0.396936146469818	0.2602327506778
-1.5184112689232	0.959430498339099
0.378516123801615	0.200369826875235
0.845392160368185	0.716330419328126
-0.119016517526199	0.0729451060333527
0.56070923211041	0.38809432514031
1.14135042570868	0.78055702486602
0.623180168539243	0.352214767231186
-0.0876302197595823	0.0399015975036765
-0.171943462895184	0.103281952634237
-0.19159191508531	0.0840304489728049
1.49187106690052	1.4300559927535
1.49179083379803	1.43002505804072
-1.40916725954337	1.06883587092141
0.170476674244241	0.0844252521338301
-0.0122276726897269	0.00572835891609193
0.369191566451795	0.1578145382159
-0.0122154413396054	0.00572317029003499
-0.471958228475575	0.329798908829624
1.0360164195216	0.754015797721942
0.668408321489857	0.343877341929885
1.83671578232145	1.2026905210236
0.546200658028452	0.400007575079535
1.30493735728909	0.824723522711219
-1.11045946877855	0.562965619456525
0.369785495549136	0.158102799873415
-1.01634919800968	0.731217314444919
0.560670796042941	0.388152961154497
0.249939913542968	0.1550659212329
0.388599115365811	0.222711594260506
-0.792026897207467	0.632656687526342
0.578188139453014	0.376606994001504
-0.00125614142680821	0.000428435382610242
-2.28305309659861	2.11678859346384
-0.104357499932016	0.0558222115623603
-0.039999280936585	0.0254533638337064
-0.4534876275693	0.286851758282326
0.205100973330945	0.11036967785944
-0.323089720868296	0.132540400004644
-0.0935556981413233	0.0268478444964544
0.369191566451795	0.1578145382159
-0.32351770392979	0.13279342860992
-1.68009156842078	0.744218155905003
0.771384657824967	0.351194621180954
0.369443988447083	0.157954068466191
-0.687690825023829	0.510421670709467
-1.27873979527957	0.904162189875354
0.844059703677712	0.546155801156035
-0.237463240563307	0.13982242209813
0.394038396008532	0.242246959131393
0.058820707747059	0.0233483982594972
-0.581784038930277	0.277651257807727
-0.576616176275967	0.435424630602126
-0.941338900067484	0.739857927489091
-0.580729389571412	0.32253060389535
0.844359650054471	0.546333326077149
-0.429856217784491	0.243527269122507
-1.95012882004807	1.53411217415911
0.365717614542968	0.17587696046062
-0.0496545327696726	0.0271489027461026
-0.172023028779038	0.103303326780419
0.771745171623263	0.351293543815406
-0.57538996445978	0.357597568636075
-1.01621060763029	0.730957299211709
-0.707480143436695	0.478397987358348
-0.0950410022999725	0.0272844875354853
-0.104359195281209	0.0558242971418694
0.681164528369224	0.552169548046072
0.0423191371419603	0.0213682662442981
0.598480737929632	0.365218365480648
-0.0876522636543796	0.0399151556854039
0.0584123487962542	0.0369926403060334
0.388623453802359	0.222807132021994
0.170078037123426	0.0842362332696313
0.0587479747293442	0.0233295790834769
-1.24914114196	1.03260189679654
-1.9499351882769	1.53400774588574
-0.57539281954892	0.357519856300828
0.769490035187837	0.349938143186336
-0.400173652945427	0.199527805530166
-0.0123546421621991	0.00578834044022463
-0.320513450752505	0.185034633111104
0.967309813891396	0.365498022573177
-0.740564231799896	0.452784120644182
0.205181952499019	0.110420289382553
-0.509453689852966	0.184873844488885
-1.13542670488496	0.7418567226406
-0.429982454183801	0.243596650316567
2.40192784736041	2.14133886909755
-0.575297408923719	0.395494954102611
0.710099550434464	0.546544610800671
-0.575332008958251	0.395469840289597
0.369191566451795	0.1578145382159
-0.359403826210116	0.231176694081903
-0.2687279974696	0.13743703950627
0.710079280502874	0.546400567744579
0.12011077257807	0.0538869679431261
-0.707522656104184	0.478427995182554
-1.33191007996814	0.762528663311124
0.230489218546085	0.133657096820458
0.578184050921728	0.37660955704405
-1.51824804908304	0.958878652330473
-0.0122154413396054	0.00572317029003499
-0.400150141167734	0.199526819273677
0.921241742723202	0.552274221996466
0.388762997440806	0.222873844908431
-0.0122276726897269	0.00572835891609193
-0.0874805031146157	0.0398112800120509
-1.11045946877855	0.562965619456525
0.92132134334832	0.552408279546252
-1.52959235860103	1.23848521961995
-0.269021921398253	0.137541377069241
-0.429786795407442	0.243444148307166
-0.191600968462381	0.0840252559426154
2.40218086290501	2.14146151433289
0.577907633653488	0.37634505805961
0.116363971797762	0.0683270914761228
1.33400897049058	1.01854945253589
1.15418175235817	1.1117414816124
3.64941803691436	3.89273512584016
0.394078485702876	0.242244126778131
-0.00190672948753378	0.000649411384947845
1.32371794960321	0.631519863553089
-1.3469181289708	0.492217275549371
0.0586752350175879	0.0233026661375095
-0.0874192319868208	0.0398048854826958
2.0442633357476	1.50797432904454
0.0586045725612464	0.0232714078261316
-1.40923601283174	1.06895555446208
-0.174088487627084	0.118160352141472
-1.5184112689232	0.959430498339099
-0.453486695923122	0.286846798923099
1.49179136008629	1.43008822900997
-1.24917511191672	1.03235687189896
0.560670796042941	0.388152961154497
-0.740472578230699	0.452738938330306
0.120395028448338	0.0539920157650708
-2.3829153563534	1.52474168466502
0.578158381790198	0.376627328503049
0.41039768616025	0.149826752222597
1.20496009589364	0.970744195528323
-1.13716291945289	0.878934444802947
-1.11045946877855	0.562965619456525
-0.841930055188795	0.366935621913115
-1.94992111717055	1.53384650098352
-1.40916725954337	1.06883587092141
0.921073507708626	0.551879223856059
0.388565964607091	0.222757123212129
-0.575302897931052	0.357517752740987
-1.2491804841411	1.03278535988771
0.249960943195649	0.155054146101795
0.0836282440820218	0.0456824762391885
-0.97683028062557	0.584626302691587
0.578073386398327	0.376592353319862
0.170263129213505	0.0843313417776692
-0.575361020021202	0.357592442111619
-0.0123095682902471	0.00576462947117763
-0.976260340524774	0.584050537039019
1.10706148824685	0.935941427611023
1.35552205420977	1.19632884824926
0.120134631761478	0.0538964433430745
0.0588162361047195	0.0233573777261437
0.921235649259864	0.552124828295716
1.14132666656629	0.780469271001445
1.14156268031893	0.7806472914026
0.170263129213505	0.0843313417776692
0.560711157363661	0.388178233889262
0.0423180273406882	0.0213686808954471
-0.976702890166401	0.584516803880515
-4.67231555121058	2.32474851525673
2.69572029403753	2.77589605757261
-1.13716291945289	0.878934444802947
-0.740179770854738	0.452503944476729
0.119898789663274	0.0537835419180417
1.33430767166807	1.01938904096222
0.560630437830936	0.388074284865715
0.668478812223091	0.34390323454053
-1.6785047704879	1.1534766271046
-0.429994928475187	0.243602180977508
2.4020542545307	2.1425132475679
0.804551301463943	0.715430295734863
1.5044339820317	1.26695825260079
0.120004743026815	0.0538382787021705
-0.580371561309725	0.322378988803852
-0.119077183004402	0.0729893994545596
0.396956601925935	0.260280489844571
0.365545538878326	0.175812862473331
0.119769233618733	0.0537209607675883
0.0424377936963589	0.021422748137904
-0.174544124873814	0.0912564848517119
-1.33197952685661	0.762634981562714
0.388565964607091	0.222757123212129
-1.11045946877855	0.562965619456525
-0.976748321602159	0.584724813841583
0.789206944140957	0.54394025488045
1.71239929108822	1.36398339516012
0.170161317325234	0.0842725965010529
0.379219941871399	0.20069631577314
0.967309813891396	0.365498022573177
0.0586773454804471	0.0233008804750109
0.170179807255207	0.0842887264509299
-0.453449761195745	0.286766668269298
1.03621134876939	0.754084179341617
-0.32342872014596	0.132754800981013
0.77003540292901	0.716319945838022
-2.55597321764896	2.72513445531903
-0.429868625622534	0.243546443419877
0.365459706351774	0.175748040889583
-0.32393075771785	0.132964596123413
0.0588162361047195	0.0233573777261437
1.30501426911843	0.824612267549947
1.26516945989015	0.354019901622356
0.365548699035189	0.175813952012173
-0.795393581006976	0.428915099435138
-1.3454914250033	0.491304137870213
-0.0938482431519809	0.0269330261228933
0.365631508218467	0.175855733280783
0.230529605001091	0.133680510590328
0.0586730762067555	0.0233010280801353
-1.40936032543671	1.06869854223513
-0.0876522636543796	0.0399151556854039
-0.0872097202919863	0.0396986290401776
-0.359459710819283	0.231234615283526
0.668481033440034	0.343942560095741
-1.01629436212397	0.731210863643357
-1.82060683537853	1.34328728713377
-1.27863245309779	0.904117251927921
0.956813838104802	0.73441190289006
-0.795306487339825	0.429040562996724
0.16998558631475	0.0841768411984164
-0.707559739241471	0.478463453528977
0.388553749445873	0.222747063630089
1.30493735728909	0.824723522711219
-1.01612348345578	0.7303120450066
0.448374456830095	0.125721295027461
0.119875060412801	0.0537756254140837
0.560670796042941	0.388152961154497
-0.320552374954212	0.185067543761871
-0.0119728323770928	0.00560560717319621
-0.795723511995947	0.429111363467529
0.0423972358643515	0.0214067271227048
0.264980142098499	0.175272270269764
-0.174232713792166	0.118234740253571
0.396995601454295	0.260210417108958
-0.740280398947646	0.452574775308571
-0.0875468540215103	0.039864629429921
-1.13716189686811	0.878895305292996
-1.2786405784213	0.904106788970841
0.0586773454804471	0.0233008804750109
-3.49399226331735	0.93632805156968
-0.976725620080584	0.584772285236741
0.116257684859797	0.0682579104908087
0.598582673007789	0.36530237473833
0.119875060412801	0.0537756254140837
0.116337265710945	0.0683120625139432
-1.51832746292766	0.95902509039346
-0.841574104040948	0.366537844891767
-0.268516230467572	0.137314152183712
1.03580356553189	0.753459187563453
-0.581849525599261	0.277576220823309
-0.0950410022999725	0.0272844875354853
0.0586752350175879	0.0233026661375095
0.578128702372086	0.376615585739378
0.770731512231836	0.350809203466032
0.388808660668062	0.222896051552016
1.52015070189972	1.08699171306418
0.598388187690383	0.365124289578113
-0.0123423441710936	0.00578321495826335
-0.884757637448667	0.588875300711064
1.52015070189972	1.08699171306418
-0.429742023619485	0.243444703250539
0.120028551647769	0.0538416400422945
-0.320552993853204	0.185056332829789
0.546200658028452	0.400007575079535
-0.191768903144085	0.0841252697608303
-0.884714004488368	0.588902910387814
1.5203980031558	1.0871767114521
0.57798860447689	0.376498020652567
-1.01629703450164	0.731142799198732
0.23052744239938	0.133668602137409
0.745433143216058	0.543710420139799
-0.400384780578106	0.19966118834964
0.681192316792457	0.551994587110888
0.398846853823364	0.277820918046262
0.668485331028372	0.343881888339176
-0.509092334450104	0.184719564498054
-1.95032181050508	1.53366797698559
-0.795555037532711	0.429082398854794
-0.739885825946014	0.452007369652906
0.656681815208031	0.55936084063937
-0.674404943513355	0.547188435849253
1.35552205420977	1.19632884824926
0.54622630300168	0.399927784166589
-0.884418111829745	0.588406072983859
0.230567144449649	0.133687254625393
-0.320472728323707	0.18500883783832
0.388738767178279	0.222853701932079
-0.0875247626795585	0.0398554643821223
0.365551881767153	0.175771484479818
-0.323355916292695	0.132658305502656
-0.323841422703298	0.132878231071479
-0.58178160921078	0.277642461693518
0.378727390829471	0.200531723202199
0.142454010818911	0.0894054040397301
0.394079024967753	0.242203282221255
-0.353043788578277	0.278762438579587
-0.132001565472331	0.0910622636612675
-0.889466036665134	0.760406553275836
0.163536921612174	0.109088421630178
0.205045767855467	0.110321221907016
0.393919157098396	0.242093915138356
-0.359446060402219	0.231222563721811
0.917871945173998	0.888856609572414
-0.829126855391428	0.606456974810141
-0.6743098091064	0.547177578829796
-0.687645531220509	0.510520092573715
-0.049665047876336	0.0271547943089435
-0.0940501109524453	0.027000921199425
-0.795473084150557	0.429189025577302
-0.429994928475187	0.243602180977508
-0.00285025275782294	0.000970864932132848
0.378621720444965	0.200461497743518
1.32465049916257	0.631860044369222
0.369623313755493	0.157981087510768
0.921407174037824	0.552510092381016
-1.27854119798091	0.903987291667409
-0.580603062995071	0.3224974752442
0.388738767178279	0.222853701932079
-1.11045946877855	0.562965619456525
-0.575361020021202	0.357592442111619
0.771092418292579	0.351048136725648
-0.320512229568985	0.18504719516924
0.668337722865696	0.343789391545551
-1.01632041329865	0.731111715719173
-1.6785905784484	0.742839850492039
-0.00285025275782294	0.000970864932132848
-0.400255793183877	0.199576929984158
-0.237452844481152	0.1397982931458
1.65608185825178	1.51870041013883
-0.5801177025606	0.32217404700399
-0.795219125684705	0.428833157596566
-4.44738002721435	1.9736813390218
-0.400384780578106	0.19966118834964
-0.400279254651867	0.199611151597535
0.265179583782921	0.17546271038214
0.398846314286367	0.277838106957553
-1.08508473362983	1.19133571640125
0.265118813379176	0.175428622585859
-0.825019397614371	0.82170212992123
-1.01173018925351	1.05230792979824
-2.1894304441681	1.27005874633258
0.388681054646199	0.222839316744788
0.600966477618309	0.584029689167256
-0.707560579726294	0.478472244119477
0.17009648938727	0.0841990997014658
-4.18248469877465	1.58872089364964
0.365462810263777	0.175771126538925
0.264997271316159	0.175306844527611
1.50460992872118	1.26759481849811
1.60140883922882	0.907211457837158
1.242668843415	1.14726089408217
0.0836243033187161	0.0456856938071087
0.163499255929904	0.10905555536793
-0.268534443406287	0.137314478717515
0.770027834647173	0.716327481018392
-0.576668615728061	0.435456996649804
-0.884474976064581	0.588586594629875
-0.268626755667087	0.137386831811978
-4.86712925970961	2.67022731809847
-1.68105833366304	0.744808525742298
-0.268442067773453	0.137211724852862
0.598582673007789	0.36530237473833
1.71218813755133	1.36379252078282
-0.268626755667087	0.137386831811978
0.668483206398341	0.343935288943319
1.3240029948815	0.631669573381819
-1.33197678245378	0.762263841197909
0.0586045725612464	0.0232714078261316
0.0422770370542934	0.0213390572006796
-1.24917788399699	1.03270342574167
-1.51832746292766	0.95902509039346
0.789009542854592	0.543863079094428
0.119898789663274	0.0537835419180417
-0.323267030849328	0.132664766624666
1.03571114443294	0.75335285754282
0.378847621753956	0.200589252322247
-0.687579023630957	0.510524309186091
-1.82048438090692	1.34311704053731
-0.707562829262929	0.4783359551326
2.17440426530502	2.21279291881879
2.04419326660274	1.50855887779828
0.845350624285831	0.71642183787504
-0.884726670104725	0.58868087490663
0.205130478099973	0.110380892749031
-0.580161377046775	0.322068153605651
-0.0876302197595823	0.0399015975036765
-0.687579023630957	0.510524309186091
-1.13540557686061	0.741442945452827
0.788997378530188	0.543852581801781
-0.0873025425552024	0.039747500646423
0.59827736746877	0.364879065594862
1.32436602519462	0.631710688508099
-1.13716482920954	0.878862085226381
-1.13720005339703	0.878783264435031
-0.174544124873814	0.0912564848517119
0.142436808007148	0.089397816024869
1.10706194257041	0.935925458227292
-0.191930840094509	0.084187060728103
-1.74469424064732	1.58960029595648
-0.429938030218216	0.243568625526263
-0.581926773938707	0.277615561483504
-0.7400701483229	0.452397258194513
2.04419326660274	1.50855887779828
-0.268719004618864	0.137442961534784
-0.976620884568423	0.58466531707052
-0.19168054449394	0.0841002189352164
0.623156321552976	0.352260784925711
-0.884418111829745	0.588406072983859
-0.740372218460723	0.452702879152707
-0.889438063151247	0.760566473291652
1.20457849774969	0.969999008157581
-0.32342872014596	0.132754800981013
1.91760395394132	2.04080557409759
1.14135042570868	0.78055702486602
-0.268534443406287	0.137314478717515
-0.581854188280408	0.277697073220254
-0.429811544627333	0.24349758007301
0.522564665143694	0.425458595924069
0.116178608423893	0.0681921202857881
0.249894659522818	0.155018355715204
0.681059806170168	0.551907102345335
-0.707481746061678	0.478444102656824
0.394038396008532	0.242246959131393
-1.24922570341305	1.0319398617827
0.163521461549842	0.109054236062931
0.205181952499019	0.110420289382553
0.388553749445873	0.222747063630089
-0.795555037532711	0.429082398854794
0.971942027117113	1.05764777874194
0.560670796042941	0.388152961154497
-0.581922163948477	0.277706756599217
-0.42967245780055	0.243361499868568
-0.0875026457018197	0.0398390244357153
0.921324434956384	0.5524265305633
0.10319514807498	0.0731660225180905
-0.707520363398452	0.478482018542316
0.789322859716972	0.543883565212465
0.0423185594731741	0.0213690212508505
-1.13530112512833	0.741647485097293
-0.320551000801398	0.185059855634261
0.57799237739116	0.376473680654714
0.265092298747584	0.175395495110731
-0.174628515728416	0.0913006915587617
0.740137066576287	0.718248007188941
0.598582673007789	0.36530237473833
0.170383847185987	0.0843739347281054
0.365717614542968	0.17587696046062
-1.01637790533487	0.731279019263317
-1.33198231888363	0.762319293050376
0.410684422475736	0.149950448704565
0.369533728475468	0.157989232089938
-0.740463975085828	0.452748151314771
1.03591449475179	0.753942920815292
-0.510743547432265	0.185419327634832
-0.829122506699366	0.606416348519176
0.0586045725612464	0.0232714078261316
1.32343256698575	0.631253155849864
0.789091475818272	0.543750715492541
-0.268516230467572	0.137314152183712
-0.32351770392979	0.13279342860992
0.397011871554962	0.260283967448686
0.598582673007789	0.36530237473833
1.0359237496115	0.753843255594232
0.398853673909772	0.325783687507102
0.710044438860023	0.546429402003324
0.623498793602424	0.352474627314365
1.50432345988639	1.26711745363877
0.895093063170544	0.722664577554357
-0.792052370089996	0.632548583397729
-0.740463975085828	0.452748151314771
-0.237553290358037	0.139887377403942
0.770731512231836	0.350809203466032
-0.173975586283346	0.118068345441366
-0.429697048993561	0.243352246851155
0.369443988447083	0.157954068466191
-0.400173652945427	0.199527805530166
-0.320552374954212	0.185067543761871
0.449161679976785	0.125968053773896
0.598879970311203	0.365418203215048
-0.104399592297262	0.0558404234022689
-0.429684759665462	0.243380527933264
1.71231699927715	1.36387533336544
0.577966659815156	0.376336191842625
0.398767250514172	0.277751417262796
-2.37981071139897	2.31866646651443
0.668481033440034	0.343942560095741
-0.0058962254990532	0.00329972056486994
0.41039768616025	0.149826752222597
-1.45022108362178	1.35222759602779
0.388565964607091	0.222757123212129
1.50472096771727	1.26694665553405
0.116283881027503	0.0682728259310458
0.956843336205729	0.734548363620484
-0.174540515247827	0.0912397503894302
0.578043836574162	0.376548516431563
0.378727390829471	0.200531723202199
0.230568482664177	0.133702810948979
1.05928304338781	0.577063682044728
0.388693203120202	0.222849389931697
-1.64079163088207	1.41152462135051
-0.829046886140212	0.606302173283558
0.38889065397981	0.222908863249094
0.365545538878326	0.175812862473331
-0.580266505812649	0.3222691862051
2.17479565065037	2.2115549115554
0.560590771228458	0.387994709355018
0.0423977057639784	0.0214070367044068
0.23052744239938	0.133668602137409
-0.10435836928934	0.0558246704842912
-1.13716482920954	0.878862085226381
-0.429754352431401	0.243433445629051
0.119875060412801	0.0537756254140837
0.205270774822767	0.110453605323913
0.264970751450314	0.175274839734157
0.116338376605539	0.0683053528732125
-1.01635180096047	0.731290577813313
0.170272425689712	0.0843399388739337
2.40218086290501	2.14146151433289
-0.884519156846644	0.588683549507875
0.170281743912202	0.0843350879613783
-0.429868625622534	0.243546443419877
-0.0873970675291552	0.0397928350708459
-0.687554945019591	0.510469115091673
-2.54824416464142	1.76441987002863
0.142480275374493	0.0894237326972331
0.116337265710945	0.0683120625139432
0.57807733445384	0.376533066519482
-2.1800751201029	1.92010683368015
-1.40945805218886	1.06898654271964
1.33460757724989	1.01901327394635
-0.00219804389106728	0.000749243310235947
-0.429684759665462	0.243380527933264
-0.323768775804252	0.132906269597143
0.370036862699425	0.158172385562895
1.4918700932737	1.43016010723581
0.921489960026533	0.552533647137428
0.170365107743381	0.084383949304422
1.10702185510946	0.935885221644565
-1.24914114196	1.03260189679654
0.11628438193158	0.0682790642668379
-0.70748096742124	0.478435371653978
-0.400384780578106	0.19966118834964
-1.35317648682655	1.19031536033262
-0.941280247537448	0.739831798298128
-0.0122276726897269	0.00572835891609193
0.448768346526961	0.125881279019047
-0.323679539396547	0.132867515469766
1.30500559063638	0.824690551359012
-2.54816746439129	1.76455292274765
0.709981039126581	0.546426445722382
-0.707480143436695	0.478397987358348
-1.13716389690442	0.878922923019374
-0.740271693618544	0.452632126761163
-0.580624647641511	0.322477621178051
0.804412629089121	0.71539232069371
1.06003992208023	0.577677974522077
1.30486677389029	0.824261948053604
-0.581924444867391	0.277715453255469
-0.0121004029027061	0.00566746725900745
0.0587457894570351	0.0233313383669741
-0.400384780578106	0.19966118834964
-0.453486695923122	0.286846798923099
0.656594825072427	0.559154731237777
0.365465936752018	0.175750334952689
1.33420451960828	1.01921230707526
-0.323590457207612	0.13278129535799
1.36652166495249	1.36609907836935
0.249929441003308	0.155058665247787
0.844152537341915	0.546273411772544
0.560750823243541	0.388178877146149
0.745352610013427	0.543638173626064
0.598480737929632	0.365218365480648
-0.322141538707854	0.232719103126444
-1.13567729072396	0.742109314725345
0.578154398334843	0.376565647581824
0.169976433422897	0.0841776092708832
-0.23751862527221	0.1398723323227
0.681032070216773	0.551849082048418
-0.472010490785593	0.329884715637835
-0.472037857822702	0.32995818075441
-1.84145146589831	1.7698750393004
1.52040088773372	1.08726349047316
0.394077543950188	0.242263206421765
-1.51816553129795	0.95879786564237
0.96681434430117	0.365384861095464
0.369443988447083	0.157954068466191
1.81387476499941	0.680075755177531
-0.191768903144085	0.0841252697608303
-1.33190726197346	0.762157524770616
-0.0874192319868208	0.0398048854826958
0.844163062994518	0.546224354744882
-0.943915148975872	0.276710030090892
-1.2491804841411	1.03278535988771
0.388553749445873	0.222747063630089
-0.0126076818960519	0.00590453657790656
0.378621720444965	0.200461497743518
-0.581854188280408	0.277697073220254
1.5044158387548	1.26730366912119
0.120004743026815	0.0538382787021705
0.0588139280471816	0.0233556784550016
-0.323768775804252	0.132906269597143
-1.95778543332321	1.00412011001723
-0.400067975369921	0.199390822500936
1.02277896435355	1.07144209417307
0.365720887306888	0.175815874153668
0.12011077257807	0.0538869679431261
-1.95874230208418	1.00497575293314
-0.320512229568985	0.18504719516924
0.546135855147718	0.399917021497062
-0.359400794834614	0.231196545368216
-0.0120882381999243	0.00566213416702119
0.0423571659955781	0.0213870028203468
-0.687634944063166	0.51055249212413
-0.414225715960634	0.322419618188459
-0.049699798202934	0.0271720496482323
-0.889491680689948	0.760678091636314
0.398990035315141	0.325955906973906
-1.04541408558189	0.878645391324334
0.771384657824967	0.351194621180954
-1.2491804841411	1.03278535988771
0.394077543950188	0.242263206421765
0.921238684730593	0.552324794055389
-0.268626755667087	0.137386831811978
0.0423982212440437	0.0214062491591895
0.082594500055847	0.0554775625503415
0.293527201868422	0.228987220017428
-0.23751862527221	0.1398723323227
0.578073386398327	0.376592353319862
-0.237483943959794	0.139846828265212
-1.54130241760562	1.52089364342851
0.578073386398327	0.376592353319862
-0.976620884568423	0.58466531707052
-0.400384780578106	0.19966118834964
-0.740271693618544	0.452632126761163
1.0360164195216	0.754015797721942
1.50462827682779	1.2667602061577
1.14137421358343	0.780410094648711
1.03620195042652	0.754167711587714
0.170068843650991	0.0842286987652546
0.894817435586214	0.722544342104901
-0.0025583228276369	0.000870770923181551
0.745354472025364	0.543607393786942
0.205097333541243	0.110364406966335
-0.45348851591146	0.286841831680638
-2.55589333666104	2.72488288732152
0.398819616028579	0.277815329640886
0.16998558631475	0.0841768411984164
1.20471767009673	0.970532442220279
-0.580006056009966	0.322045537779173
-0.268220126845272	0.137088200987079
-1.3457744601924	0.491657802566864
-0.174540515247827	0.0912397503894302
-0.472116273477145	0.329958473410546
0.0423185594731741	0.0213690212508505
0.560670124227051	0.38812563402852
-0.976620884568423	0.58466531707052
-0.88446244260996	0.588586753525836
0.119851360032837	0.0537563736980319
0.394038396008532	0.242246959131393
-0.843863375788914	0.367829803784868
0.276925074009431	0.194318669704258
-0.0121579779232437	0.00569550785644836
0.956843336205729	0.734548363620484
0.546181097504613	0.399998591734954
1.49187106690052	1.4300559927535
0.623629233430165	0.352507387550781
0.681058282442154	0.551895958462896
0.205012927614752	0.110290990691394
-0.320592516713302	0.185058889412806
0.578018102972575	0.37654181246198
-0.579820857121962	0.321752643983625
-0.687586573231189	0.510370515037625
-1.27853301138186	0.903936296677004
-0.0121579779232437	0.00569550785644836
-0.429717328287132	0.243304133254808
0.369533728475468	0.157989232089938
-0.943533995463832	0.276571805365432
-1.6784015336866	1.15386732162851
-4.44677420306517	1.97310826239175
0.0588162361047195	0.0233573777261437
0.77232805298542	0.351481543567969
-0.581926773938707	0.277615561483504
-0.400197135988387	0.199458927531394
0.966611652025928	0.36540950209132
-1.27873173123899	0.90423664025219
0.119922547764117	0.0537752158563234
0.598480737929632	0.365218365480648
0.598582673007789	0.36530237473833
0.966611652025928	0.36540950209132
0.365628314361187	0.175832958137699
-1.33212138337084	0.762307389390523
1.03609981704083	0.754094632826625
0.0588841927425728	0.0233766371160128
-0.268034606086841	0.136912909349839
0.249999051633764	0.155110314569276
1.10706107947149	0.935851350786674
-0.32047439866804	0.184974644576425
0.205071546672453	0.110351538960765
0.0422779358186762	0.0213460423590448
-0.32043122017357	0.184885339429696
-0.0122398914365767	0.00573275860786979
0.378493961987734	0.200357375434109
0.205377488475893	0.110463738580716
0.230408455018106	0.133557500557427
0.956651869618714	0.733706125810578
0.560711157363661	0.388178233889262
1.3762568595	1.71028001059924
1.14111481814916	0.780226580309296
-1.5295659954108	1.23842806979028
0.120216878406035	0.0539296496159934
-1.13716482920954	0.878862085226381
-1.14266657706149	1.02388721349117
-0.579820857121962	0.321752643983625
0.0836693107122105	0.0457090630379767
-1.13542670488496	0.7418567226406
-0.941224687403879	0.739667076733329
-0.765859331664036	0.66451552199134
0.142332662718343	0.0893225200421159
0.394038920805071	0.242228624143532
-0.0495050075394139	0.0270558562971147
-0.268312791713591	0.137144521650942
0.378940602994957	0.200651612788855
0.668483206398341	0.343935288943319
0.623368560595867	0.352394665675771
-2.54809178631589	1.76457321678584
0.388681054646199	0.222839316744788
-0.268811190324651	0.137482691167831
0.369443988447083	0.157954068466191
-0.191848441999651	0.0841748012731843
1.37329247807836	1.53849179656967
-0.976365401250023	0.584398859616745
-0.268802216183532	0.137431242389047
0.170272425689712	0.0843399388739337
-1.01634919800968	0.731217314444919
-1.01635180096047	0.731290577813313
-0.191768903144085	0.0841252697608303
-0.740363553407265	0.452677488340356
-0.320512229568985	0.18504719516924
-0.0874192319868208	0.0398048854826958
-0.575444834750897	0.357512120477374
1.20490239363088	0.970865504289273
1.79307576813489	1.77672972066394
-0.400302687392056	0.199595859940072
-0.510098148612271	0.185160854762058
-1.51832895997772	0.959438617553198
0.396936146469818	0.2602327506778
0.0423185594731741	0.0213690212508505
1.03571114443294	0.75335285754282
-1.04541408558189	0.878645391324334
-0.581992602634161	0.277694049871378
-1.6785047704879	1.1534766271046
0.0836243033187161	0.0456856938071087
-0.576589402367532	0.435403871292486
-0.575228160299009	0.395416533246711
1.08248726023951	1.08897586324593
0.0587412742586255	0.023322231337089
-0.852376255988866	0.788542772553842
0.205241089187748	0.110449762702166
-0.10431959113781	0.0558011663734158
-0.976643635842879	0.584376641750099
0.394038920805071	0.242228624143532
0.598675391106249	0.365365106671917
-0.429994928475187	0.243602180977508
-1.13557312432465	0.741984670388943
-1.64079031604019	1.41150780173358
0.169791803052593	0.0840420377006657
0.365548699035189	0.175813952012173
-0.0940501109524453	0.027000921199425
2.18483825025084	1.03137905352016
-1.01629436212397	0.731210863643357
0.0587479747293442	0.0233295790834769
0.368938742259395	0.157633998891712
-0.268912224783566	0.137532775591647
0.0586730762067555	0.0233010280801353
0.560671511271766	0.388152242066617
0.205152501413158	0.110394674120877
-0.0872097202919863	0.0396986290401776
-0.575166887313808	0.357410598881356
-0.400302687392056	0.199595859940072
0.560671511271766	0.388152242066617
-0.17459926023523	0.0912855489687525
-0.320512862899764	0.185045864651848
0.170272425689712	0.0843399388739337
0.230567791841672	0.133698864313426
0.928507703998806	1.04853171219098
-1.45016487575715	1.35214177012002
-1.06714317522837	1.0326506683909
1.3341221573524	1.01904968015896
-0.575111785738898	0.35722497978225
0.0836243033187161	0.0456856938071087
-0.359403826210116	0.231176694081903
0.26502378042318	0.175318641812304
-1.27844165385962	0.903806240418973
0.249953816287964	0.155073709123128
0.365377058174033	0.17570635540703
-0.359449115974057	0.231217993302278
0.598378969448173	0.365092189435562
-1.01638040429431	0.731261580326361
-0.429786795407442	0.243444148307166
-0.575214202570672	0.395302322791315
-0.580476543617623	0.322432153035535
-0.934322280082703	0.917823289282458
0.710029975803891	0.546567476157879
-0.707522656104184	0.478427995182554
-0.223884967896639	0.149330071060047
1.35557361117231	1.19641977300565
0.365548699035189	0.175813952012173
0.623629233430165	0.352507387550781
0.668481033440034	0.343942560095741
-1.13555209336582	0.742010647654425
1.14135042570868	0.78055702486602
0.250009479618193	0.15511754145689
1.10698332090716	0.935610304369652
-0.359435544098484	0.231227533097986
-0.10435836928934	0.0558246704842912
0.894894382386493	0.72293105384348
0.230528840720756	0.133684195378615
-0.10431959113781	0.0558011663734158
-1.23394351664587	1.17450767840005
0.394078485702876	0.242244126778131
0.0836487181970986	0.045700188709168
-0.472064003814338	0.329987530330869
-0.429811544627333	0.24349758007301
0.397036327893221	0.260307683516976
0.59876817292181	0.365396418954223
0.378727390829471	0.200531723202199
-1.14274557607364	1.02400152095468
1.48078160514698	1.59386436858632
-0.575363276560376	0.395423496155422
1.03038230068507	0.912471168640531
-0.976725620080584	0.584772285236741
-0.829123658632418	0.606478073255778
0.668412566104476	0.343909313552279
-0.0876302197595823	0.0399015975036765
-1.51840982581887	0.959105734342332
-0.580371561309725	0.322378988803852
-0.79200134835938	0.632448921698025
-0.17459926023523	0.0912855489687525
-1.13530112512833	0.741647485097293
0.170263129213505	0.0843313417776692
-0.389571861719597	0.276987446397204
-0.284765392047388	0.186653096360029
0.598666029175516	0.365312255321971
-0.0496302816821721	0.027135851275683
-0.049699798202934	0.0271720496482323
0.0582681125412956	0.0369097059862481
-0.82908313258926	0.606361585227221
-0.320511550772078	0.185038220306322
-0.399914968060413	0.199342745662806
-0.509453689852966	0.184873844488885
-1.33197952685661	0.762634981562714
-0.191763069164488	0.0841344545583103
-0.0121579779232437	0.00569550785644836
0.668412566104476	0.343909313552279
-0.0875247626795585	0.0398554643821223
0.410970820517796	0.150022055679717
-0.268626755667087	0.137386831811978
-0.432356925502191	0.0981422305445414
-1.13567729072396	0.742109314725345
-0.191594955374977	0.0840523906515105
0.0423581224798044	0.0213887511464096
0.598388187690383	0.365124289578113
1.14145651481394	0.780640318755813
-0.575248897149481	0.395405491266938
-1.51816394787249	0.959194058305068
-1.13580229711503	0.742146362661845
-0.400173652945427	0.199527805530166
0.399500703020334	0.294522548780948
1.03039249606123	0.912518503708076
1.33431810097726	1.01922986342603
-0.511914120334867	0.462230598645219
-0.005974931279798	0.00334374083564817
-0.400536866605911	0.1997271130363
-0.57650962472728	0.435230951509108
-0.0496163561986371	0.0271235053217809
0.388553749445873	0.222747063630089
-0.576563180698532	0.435331683334382
0.546147884575247	0.399917127393887
-0.265967715986941	0.195143794781227
1.1414327051341	0.78047614602948
-1.35311823742973	1.19020606722363
-0.665979846144354	0.586306386512409
0.0423581224798044	0.0213887511464096
-0.429913148081275	0.243543922037474
-0.795475547334051	0.429156033723791
0.0423968115556395	0.021405318458516
0.388693203120202	0.222849389931697
-0.747645039833955	0.701363896058342
-0.119164091334129	0.0730446137848314
0.398819616028579	0.277815329640886
0.0422809794129208	0.0213415786053331
0.11628438193158	0.0682790642668379
0.170078037123426	0.0842362332696313
-0.740171003604891	0.45253026277676
-0.0122398914365767	0.00573275860786979
-0.581992602634161	0.277694049871378
0.170272425689712	0.0843399388739337
0.170161317325234	0.0842725965010529
-0.0025583228276369	0.000870770923181551
0.894854026835275	0.722738214233222
0.681111642733935	0.552107188973364
1.36669144896286	1.3664509665376
-1.06722958283494	1.03291931291923
-0.0121579779232437	0.00569550785644836
-0.429697048993561	0.243352246851155
0.76995152791776	0.716151771515157
-0.224006110467136	0.149449749327003
0.546170676644428	0.399976726180858
-1.45017569482057	1.35210187980874
0.0582154760434513	0.0368742811637209
-1.13544780775655	0.74188588614203
0.388541546903607	0.222697290635901
-0.321930051274903	0.232458685704876
1.03628539418476	0.753968821241029
0.804490521745077	0.715450902567093
-1.52964843587926	1.2385261432619
0.204990594832588	0.110251358472351
0.398793429534845	0.277791401936865
0.393958723380873	0.242166010414656
1.33391180614566	1.01832802709272
0.77079981160721	0.350840110911968
-0.472064003814338	0.329987530330869
-0.934233527101525	0.917201017343718
-0.472118030867994	0.3299950821969
-0.389520194837014	0.276897047295669
-0.413916272041389	0.322090439276646
0.398766246990826	0.27772283373175
-0.472143637345989	0.330029164907456
0.709925736039286	0.546339306529608
-1.33197678245378	0.762263841197909
-0.981070186051864	0.894322924972738
0.230411785311357	0.133557418386643
-1.24913989310017	1.03258996950677
0.142549987506844	0.0894500794249551
0.740158979922831	0.718342119073621
-0.0761271207779597	0.0475483254290494
0.448374456830095	0.125721295027461
-0.976980042183984	0.584826986165083
-0.58171654830888	0.277474256547608
-0.581856591724575	0.277597221348804
-1.11079392999874	0.562961892534568
0.623180168539243	0.352214767231186
0.369264043213546	0.157791315274953
0.966115081639169	0.36503491384216
-0.400513563075863	0.199729099262418
-1.9590152341516	1.00513822787385
0.394117608350336	0.242260360238849
0.0586066080559193	0.0232695963511978
0.0423586690649514	0.0213879798283963
-1.64086849420372	1.41104987691718
0.745353449875489	0.543725661610116
0.844059703677712	0.546155801156035
-0.57992373851397	0.321874824648446
-0.191763069164488	0.0841344545583103
-0.889437414067685	0.760463540772453
0.265092298747584	0.175395495110731
0.0836834538134724	0.0457175748200456
0.388750876020199	0.222881622076993
0.578014364927905	0.376465316524239
0.598471479069243	0.365154751464456
1.12026637953776	1.26275378518057
-0.740572773029849	0.452729539581532
-0.389398151721513	0.276776796497567
0.399867390449761	0.310722417509172
-0.829044831175753	0.606283992456651
0.0294750581675503	0.0175242706420232
-0.687544346030997	0.510452591945806
1.24259036442026	1.14679974127072
1.10694214759706	0.935477810199478
0.230608848596398	0.133708611959684
0.8454828078668	0.716398081102572
0.39411807088477	0.242241986020776
0.968719206004407	0.897651365403019
-0.119137848815211	0.0730267568590352
-0.119077183004402	0.0729893994545596
0.586535049597392	0.592762323016602
-0.829124767395153	0.606503723818148
1.01437309692899	1.22743706671869
0.89489507458496	0.722958418196703
-0.320473330609048	0.185007486119419
0.745312561789958	0.54344759066733
-0.320513450752505	0.185034633111104
0.623392508810783	0.352425458002545
-0.0876522636543796	0.0399151556854039
0.956732852403354	0.734300745697998
0.365631508218467	0.175855733280783
0.388878599268322	0.222920598581283
0.20515621128702	0.110408160639295
2.03674589251125	1.92895273831291
0.378516123801615	0.200369826875235
0.0293105991403497	0.0174314041483834
0.0836487181970986	0.045700188709168
0.84529835978895	0.716352267183875
0.37903365004806	0.200695229132283
-0.511674328431835	0.185815121044678
1.10702185510946	0.935885221644565
-0.104320343754685	0.0557980556015589
0.681084502163819	0.551911649471383
0.57798860447689	0.376498020652567
1.03609981704083	0.754094632826625
-0.884644904679083	0.588878517612653
1.60134042861547	0.907439175692279
-0.323339890211829	0.132668745971559
0.965911738749524	0.364927418987942
-1.11070663736419	0.563156850939472
0.170068843650991	0.0842286987652546
-0.707482479345284	0.478426084681255
0.119980963262918	0.0538242500271638
-0.323089720868296	0.132540400004644
-2.47051565981067	2.52122819712962
-0.237504529024248	0.139844087330484
1.83662755581056	1.20280584359077
-0.580498200950308	0.322444400471375
-1.01640400172687	0.730985410159847
-0.707559739241471	0.478463453528977
-0.429868625622534	0.243546443419877
0.788952008697734	0.543735380200091
1.49179136008629	1.43008822900997
-0.237449246408328	0.139810882843141
-0.4297991763118	0.243493611717284
-0.104359195281209	0.0558242971418694
-0.320551000801398	0.185059855634261
-0.174209296809125	0.118240342644384
0.681323689689002	0.55177931711878
-0.0496302816821721	0.027135851275683
-0.237418215912341	0.139762411161649
0.205181952499019	0.110420289382553
-0.118973070311446	0.072909852392994
-0.829048768249721	0.606190172184367
-0.320434303761083	0.184938872669422
-0.32047439866804	0.184974644576425
0.37882650870246	0.200579110731171
1.03620195042652	0.754167711587714
-0.237508265376135	0.13986368143934
0.388578192406689	0.222727431738731
-1.11095419840965	0.563287274191042
0.921324434956384	0.5524265305633
-1.1372011518517	0.878877855828895
0.546252925439519	0.39999097414578
-0.453486695923122	0.286846798923099
0.394037095127064	0.242198458278005
-0.284638301267164	0.186600808077093
0.378643955473557	0.200452340941438
-0.0872815765892442	0.0397209866540439
0.388762997440806	0.222873844908431
0.365548699035189	0.175813952012173
0.365294456714284	0.175642850880005
0.577959184122381	0.37641487267881
0.170355770620737	0.0843670955703796
0.0835896232229875	0.0456627648321035
1.03591449475179	0.753942920815292
0.205237204149976	0.110442438968594
0.249915677302009	0.155024547523558
-0.223997400649952	0.149417113869312
-0.00190672948753378	0.000649411384947845
-1.04536873431261	0.878491068790105
0.365462810263777	0.175771126538925
0.369281560627773	0.157849816719288
0.772036795135306	0.351439684567354
0.365548699035189	0.175813952012173
0.378837053043127	0.200602993253842
-0.580266505812649	0.3222691862051
0.771160825344787	0.350779682565031
0.394077543950188	0.242263206421765
-0.0873025425552024	0.039747500646423
-0.0122850641813574	0.0057559911383436
-0.472065143648075	0.329941095976268
0.365374010466483	0.175640839643231
-0.429868625622534	0.243546443419877
-0.843217940971981	0.367607429924714
-0.941245633502971	0.739668487314814
-1.33197952685661	0.762634981562714
0.170560103174057	0.0844662711572669
1.26776916097469	1.32094865123941
-0.0655136453826924	0.0465774656117719
0.845381693528394	0.71645952677223
-0.976470386658705	0.584506017782514
0.598675391106249	0.365365106671917
-0.320513450752505	0.185034633111104
0.170263129213505	0.0843313417776692
0.546252925439519	0.39999097414578
-0.674283653012676	0.547106529014952
0.205241089187748	0.110449762702166
-0.766015065705743	0.664752144299159
0.393999376174225	0.242196655610477
-0.268709990012556	0.137422886733516
-1.2786405784213	0.904106788970841
0.788985226772879	0.543739643758407
-0.795224362324753	0.428799566664676
0.546271580777341	0.400008553957061
0.365631508218467	0.175855733280783
-1.51832746292766	0.95902509039346
-0.237449246408328	0.139810882843141
-0.0496302816821721	0.027135851275683
0.921238684730593	0.552324794055389
-0.4297991763118	0.243493611717284
0.265179583782921	0.17546271038214
-0.0874192319868208	0.0398048854826958
-0.79563934189504	0.429120616122865
0.365462810263777	0.175771126538925
0.16998558631475	0.0841768411984164
-1.35319516669554	1.19001407274587
-0.237542907484709	0.139878710803409
-1.51857415811462	0.958976291001312
-0.191594955374977	0.0840523906515105
1.83687648660533	1.20254338962645
-1.24921575303435	1.03254406709422
-0.707442298978329	0.478332862516679
-0.976493244523567	0.584555562455094
0.388693203120202	0.222849389931697
1.35557361117231	1.19641977300565
0.396981124268762	0.260286380908059
-1.67815176085879	1.15338270046085
0.956953950129638	0.734577320632393
-0.174628515728416	0.0913006915587617
-0.320512229568985	0.18504719516924
-1.04535795258666	0.878349528762086
-0.389571861719597	0.276987446397204
0.230490012836691	0.133653431840519
-0.0871992063586919	0.0396936425795753
-0.00613385930658329	0.0034304917287465
-0.389528428592558	0.276953055673641
0.0835934786613138	0.0456623834734113
-0.223910971059627	0.149339237578979
-0.400408163058232	0.199679139220261
0.205068011844753	0.110329366305932
1.50451738240719	1.26750919799834
-0.687624328798652	0.510560384911085
1.15415623962501	1.11173707314671
-2.54832203739298	1.76465751015632
0.0422784535101385	0.0213474939483703
0.0836693107122105	0.0457090630379767
0.249908580450366	0.155019728615873
0.0289776638623901	0.0172175678367686
0.170179807255207	0.0842887264509299
-0.472011115164623	0.329915445003355
-0.575247842369215	0.357512901650038
1.03620195042652	0.754167711587714
-0.104359195281209	0.0558242971418694
-0.171941842769072	0.103292339313764
-0.268903312847488	0.137490969469136
0.38889065397981	0.222908863249094
0.365714364360966	0.175875869700692
-1.14277307964891	1.02423253456261
-0.400173652945427	0.199527805530166
0.365380128458397	0.175707559308492
1.14119702436819	0.780028473934667
-0.5801177025606	0.32217404700399
-0.400513563075863	0.199729099262418
-0.359483789117477	0.231208438761709
0.388623453802359	0.222807132021994
0.378727390829471	0.200531723202199
0.388565964607091	0.222757123212129
0.770506837199971	0.350533635374027
0.205351830561781	0.110484211432937
-0.740171003604891	0.45253026277676
-1.40934725150451	1.06912104559651
0.0423571659955781	0.0213870028203468
0.92883642706558	1.04963437645233
-0.0496859935586384	0.0271630129061038
-0.1190681724087	0.0729696779174989
0.388623453802359	0.222807132021994
-1.13544780775655	0.74188588614203
-0.0122727931927386	0.00575042631266952
0.230489218546085	0.133657096820458
-0.429868625622534	0.243546443419877
-0.320433206846562	0.18495150928958
-0.510381448501776	0.185343391604108
-0.17459926023523	0.0912855489687525
0.388611278287772	0.222779199110245
-0.104400361555696	0.0558345003696772
0.0587479747293442	0.0233295790834769
0.668408321489857	0.343877341929885
0.623180168539243	0.352214767231186
0.623416485882467	0.352373168461279
-0.23751862527221	0.1398723323227
-1.52964843587926	1.2385261432619
-0.45352894096537	0.286840111372119
0.205071546672453	0.110351538960765
-0.429754352431401	0.243433445629051
-2.28305501991344	2.11674789280476
-0.0123546421621991	0.00578834044022463
-0.575259221268292	0.395369989097885
1.20484480287447	0.970839273891237
-0.171862804969046	0.103246873333961
0.0835757490085152	0.0456402983273989
0.0423191371419603	0.0213682662442981
0.388565964607091	0.222757123212129
0.598480737929632	0.365218365480648
0.205097333541243	0.110364406966335
0.163544637841626	0.109096869962899
-0.00610768382550435	0.00341591566284737
-0.0757779728133876	0.0473347835396149
0.029293325983083	0.0174211094865384
-0.324020247320629	0.133003472761622
0.378847621753956	0.200589252322247
0.378951239229763	0.200616521437487
-0.453489360946646	0.286816989972648
-0.429742023619485	0.243444703250539
0.399700921716306	0.294737731667081
0.393998309938964	0.24221564521359
1.20509997005433	0.970785137661286
1.3240029948815	0.631669573381819
-0.453566648168422	0.286866712107399
0.0835689978452454	0.0456494284522933
-1.27862430640304	0.903655705374731
-0.0497345326733345	0.0271871515330024
-0.707440758239958	0.478286831278548
0.598573351737047	0.365281015830231
0.378471825884376	0.200278867870119
-0.00592246809638425	0.00331457761061461
-1.62721070813743	1.69365421508521
-0.284643871126821	0.186589672476718
0.163536921612174	0.109088421630178
-0.224040681754411	0.149453967253873
0.789252814970603	0.543898086117148
0.788870111606042	0.543674142964954
0.533724618404583	0.412861278896027
0.668408321489857	0.343877341929885
-3.04848095165855	2.64274231288455
-1.14274628534436	1.02418851102403
0.286256064070231	0.212159690359552
0.293798126252317	0.229225736683663
0.116311088160801	0.0682971565583205
-0.4534876275693	0.286851758282326
-0.0875247626795585	0.0398554643821223
0.394039491168087	0.242187800604762
-0.284637753148167	0.186595779542609
-2.54824540952155	1.7647906775341
-0.112418735598705	0.0870574257570471
-1.01632312024401	0.731272630481301
-0.174544124873814	0.0912564848517119
0.170281743912202	0.0843350879613783
-1.9502185502244	1.53504277273395
1.52023308903483	1.08716538684327
0.788952008697734	0.543735380200091
0.578103014416737	0.376604056005177
-0.976702890166401	0.584516803880515
1.03572027476523	0.753584739290095
0.116338376605539	0.0683053528732125
0.0423191371419603	0.0213682662442981
-0.359473143908641	0.231179849951258
1.10710076411242	0.935845100022388
0.895012457634209	0.722669034462444
0.533790284077669	0.413086260711036
-0.792053652357926	0.632677865462564
-1.45016673822644	1.35208736064616
-0.174514740171446	0.091236144615508
-0.429893403532344	0.243419284772728
0.388565964607091	0.222757123212129
0.230567144449649	0.133687254625393
0.560670124227051	0.38812563402852
-1.33204907972189	0.762666443275466
0.37892999110995	0.200646545836412
1.20504212356376	0.970906270796061
0.170281743912202	0.0843350879613783
0.623474794709938	0.352403117388814
-2.06918730763001	1.72482286180047
-0.352705553017796	0.27852827600429
-0.26882014270592	0.137493109818912
0.709925736039286	0.546339306529608
-0.00592246809638425	0.00331457761061461
0.119980963262918	0.0538242500271638
-0.0758993995958106	0.0474180581622748
2.04419556984704	1.50835659052295
-0.400150141167734	0.199526819273677
-0.792105926586736	0.632620636325113
0.668549195290391	0.343823452293786
0.668481033440034	0.343942560095741
0.844059703677712	0.546155801156035
-0.323178299118294	0.132626269521487
0.789079325953716	0.543893240613633
0.533598550258268	0.412854185596486
-0.268525347797909	0.137326910041535
-0.237577533393308	0.139880937804697
-0.400255793183877	0.199576929984158
-0.268811190324651	0.137482691167831
1.15410169288289	1.11148491281121
0.0423586690649514	0.0213879798283963
0.398792926930983	0.277777135794923
1.20485702201356	0.970720282769377
-0.104357499932016	0.0558222115623603
-0.575254179763192	0.357423185783393
-0.0877575997881977	0.039961229689291
1.60169797164515	0.907481324222691
0.668549195290391	0.343823452293786
0.230528840720756	0.133684195378615
2.23651217105757	2.86293493936741
0.78918281542289	0.543867735772015
1.03602573662546	0.753804775358798
-0.400255793183877	0.199576929984158
0.78893980475248	0.543791021826737
-0.884519156846644	0.588683549507875
0.789067188669125	0.543924706508862
-1.01632568858977	0.731113879108834
0.163392284161525	0.10893516406255
0.393919729616072	0.242093279686786
-1.08514828739622	1.19155597722484
0.24998516710157	0.15509510358789
0.956902566778186	0.734555045157672
0.921238684730593	0.552324794055389
-0.740463975085828	0.452748151314771
0.0423197603352864	0.0213662872995593
1.05987776781758	0.577885042568082
0.921407174037824	0.552510092381016
-0.429938030218216	0.243568625526263
0.622920670421795	0.35200755441296
-0.429925595459858	0.243580051469603
0.119875060412801	0.0537756254140837
0.844059703677712	0.546155801156035
0.843816923318809	0.545678034078603
0.170467253006703	0.0844304182125656
-0.268543517268109	0.137262033846553
-0.104401087458651	0.05582530504479
1.73020434334603	1.91955698762359
-0.707482479345284	0.478426084681255
0.62326240290656	0.352345581752505
-0.687523063626366	0.510339691510013
-0.00602736515026521	0.00337218824448181
-0.976598104893979	0.584662631574268
0.230608848596398	0.133708611959684
0.265213741248573	0.17547568582309
-0.104321052984697	0.055792102665587
-0.174043782979749	0.118117327276212
0.0423977057639784	0.0214070367044068
-1.13716189686811	0.878895305292996
-0.11919851495529	0.073056845674997
-0.11914688158692	0.0730322934000676
1.36668549628245	1.36606121766239
-0.575293922597054	0.395428784130361
-0.581851832882174	0.277688325692166
-0.237542907484709	0.139878710803409
-0.266243361367366	0.195383110630601
0.546121760342076	0.399865604810286
-0.0122850641813574	0.0057559911383436
0.844028011001346	0.54588499654929
1.10698224228693	0.935763922650651
-0.174514740171446	0.091236144615508
0.170467253006703	0.0844304182125656
-0.191851314271925	0.0841724378088938
0.394037916789735	0.242247660525564
-0.0873970675291552	0.0397928350708459
1.0596257295169	0.577674605165275
-0.223988826737222	0.149434181804037
-0.268719004618864	0.137442961534784
-0.58022292583536	0.322227384173889
0.119875060412801	0.0537756254140837
-0.400173652945427	0.199527805530166
-0.268617700571665	0.137383094548257
0.844442087914834	0.546426797242726
-0.0758386779410644	0.0473773184691693
0.560710472183291	0.388178977785677
0.230569216915851	0.133699107004068
-0.582536474610444	0.519724967062444
0.119616312676658	0.0536293120410217
-0.581711492709736	0.277565100121143
-0.429811544627333	0.24349758007301
-0.104396081754456	0.0558356591055073
-0.740171003604891	0.45253026277676
-0.359480816044885	0.231235355347662
-1.9502185502244	1.53504277273395
-0.740472578230699	0.452738938330306
0.709984993960025	0.54647805044063
0.369696009095169	0.158067754520311
-1.51800010062331	0.958381636297396
-1.95717194400029	1.00342135116854
1.32436602519462	0.631710688508099
-0.268626755667087	0.137386831811978
0.265108283975774	0.17540522549737
-0.934089306018686	0.917638106850796
-0.413960813438836	0.322135721934712
-0.4910790262137	0.547691224253107
-0.0961515801812446	0.067346625324671
-0.237577533393308	0.139880937804697
-0.0122154413396054	0.00572317029003499
-0.976875555844577	0.584720261590735
1.35562886254034	1.19642011603424
0.0292760515507757	0.0174099739995133
0.546146298287035	0.399938901295841
-0.389459532637523	0.276786623033564
0.180770225543454	0.127606045839574
0.398918432317458	0.325866082539958
-0.322270709570535	0.232825738534295
-0.0652582783312176	0.0463871573812747
-0.575273198865867	0.395479571147706
0.249988651842657	0.155095063483007
-0.829126855391428	0.606456974810141
-0.429823900373269	0.243455736202764
-0.268617700571665	0.137383094548257
0.578073386398327	0.376592353319862
1.05996734987123	0.577966932312984
-1.01629703450164	0.731142799198732
0.546306383118467	0.39999621142448
-0.84128759981306	0.366527746446311
-0.400173652945427	0.199527805530166
-0.740162214758242	0.452442797394852
0.365462810263777	0.175771126538925
-0.575361020021202	0.357592442111619
-0.976470386658705	0.584506017782514
-0.429925595459858	0.243580051469603
-1.135823184275	0.741978305186248
0.598582673007789	0.36530237473833
1.14145651481394	0.780640318755813
1.52056605571645	1.0870263213164
-0.94125925561921	0.739830332272388
-1.13542670488496	0.7418567226406
-0.795470598735211	0.429005412207795
1.33430767166807	1.01938904096222
-0.323768775804252	0.132906269597143
-0.0025583228276369	0.000870770923181551
-0.575306066526481	0.357587683954408
-0.576482833612067	0.43514711259238
-1.01635180096047	0.731290577813313
-0.268617700571665	0.137383094548257
0.0836139988449978	0.0456801177731202
-0.0121579779232437	0.00569550785644836
-0.829086369388326	0.606441524864473
-0.707483167259965	0.478381265464696
-0.119016517526199	0.0729451060333527
2.04419326660274	1.50855887779828
0.379126762983442	0.200717512701271
-0.45344808773457	0.286801474904568
-0.17189007357759	0.103262278865495
-0.0495187391255497	0.0270609617240208
-0.575293922597054	0.395428784130361
0.714444291469743	0.722344335297758
0.788812721348061	0.543546622971751
0.116364528101487	0.0683239471829726
0.378493961987734	0.200357375434109
0.598286523308632	0.364998220512253
0.789055063944555	0.543856648322334
-0.580244728564168	0.322288315069047
-0.580476543617623	0.322432153035535
-1.33197678245378	0.762263841197909
0.0587457894570351	0.0233313383669741
0.966408720917092	0.365302103460683
0.369443988447083	0.157954068466191
0.0587457894570351	0.0233313383669741
-0.320592516713302	0.185058889412806
0.0587457894570351	0.0233313383669741
-2.18887464496301	1.26943367833825
-0.32351770392979	0.13279342860992
-0.581779227500152	0.277530332539387
1.52031552276731	1.08722702084927
-2.1887208303269	1.2693702277358
-0.45352413318537	0.286809315799847
-0.430064216872108	0.243565519688309
1.49187055735481	1.43022320646088
-0.429742023619485	0.243444703250539
-0.0121004029027061	0.00566746725900745
0.745431712943675	0.543525083276554
-0.268414594212216	0.137235508430333
-0.0121125550355883	0.00567193534323825
1.04818847903995	1.39522305572008
-0.171890580083725	0.103245476682913
0.668343792191946	0.343767807424399
0.956813838104802	0.73441190289006
0.844059703677712	0.546155801156035
1.30493735728909	0.824723522711219
0.0586730762067555	0.0233010280801353
-0.575338948252917	0.395390882133958
-1.11045946877855	0.562965619456525
-0.0025583228276369	0.000870770923181551
-1.13557312432465	0.741984670388943
-0.852421113607313	0.788529121838228
-0.884826594921017	0.588899553734
0.578014364927905	0.376465316524239
-0.00594870335486252	0.00332924516804532
-1.13716482920954	0.878862085226381
0.546146298287035	0.399938901295841
0.449161679976785	0.125968053773896
0.0587457894570351	0.0233313383669741
1.14166892231236	0.78056102804375
-0.32342872014596	0.132754800981013
5.07018743895298	3.28546752052344
-0.191683506242611	0.08409339741583
-0.739867941578149	0.45201595252282
-0.575276993342195	0.357560747477759
0.560709830432059	0.388151674306149
-0.976365401250023	0.584398859616745
0.379022994958611	0.200668768396603
-0.58178160921078	0.277642461693518
-0.829125832982878	0.606496399181627
-0.104359195281209	0.0558242971418694
-0.829084254712108	0.60642326809271
0.0827442568786911	0.0555514404888947
-0.320512229568985	0.18504719516924
1.21166596767979	1.46202443807006
0.120134631761478	0.0538964433430745
-0.10435836928934	0.0558246704842912
-1.34529993559724	0.491233145483874
-0.739978018739677	0.452268965773811
1.60011277032147	0.906043996244228
1.20486925368345	0.970238050797255
-0.323606841794993	0.132787041663478
-0.45356462199367	0.286840755973713
0.894854705698613	0.722832834186091
1.20496009589364	0.970744195528323
-1.24914114196	1.03260189679654
-1.01632312024401	0.731272630481301
-0.237473607055047	0.139838194143414
-0.400279254651867	0.199611151597535
-0.191848441999651	0.0841748012731843
-0.841930055188795	0.366935621913115
0.249883106492364	0.154975747349136
0.388832836805505	0.222876542155152
-0.740271693618544	0.452632126761163
0.394077992026695	0.242262483225049
-1.01629436212397	0.731210863643357
-0.740271693618544	0.452632126761163
-0.171968579050833	0.103308832832877
-0.829124767395153	0.606503723818148
0.0588139280471816	0.0233556784550016
-0.829084254712108	0.60642326809271
0.546305693041265	0.399979496389495
0.0836103669312504	0.045666856274849
0.745273758792998	0.543538189694535
0.966205550579862	0.365071432394427
-0.400279254651867	0.199611151597535
0.365462810263777	0.175771126538925
-1.45023396708433	1.35232221619469
0.116286095952314	0.0682545036618987
0.546226787922701	0.400011463327539
0.205181952499019	0.110420289382553
0.560750168129779	0.388179645747097
0.0422388999443572	0.0213245448072465
0.0836732250012232	0.0457098608963882
0.578043836574162	0.376548516431563
-0.119050952730279	0.0729657719248745
0.169976433422897	0.0841776092708832
-0.487447913631627	0.373684765704035
0.560633505652708	0.388001268604152
-0.792079152903842	0.632599435529008
-0.00592137793584026	0.00331386531753274
0.921241742723202	0.552274221996466
0.119745583702531	0.0537078184456366
1.58613481335185	1.83119716884744
-0.841001455818523	0.366229916339387
0.394039491168087	0.242187800604762
-0.511027416637717	0.185602242202858
-1.67827674680171	1.1536712482776
-0.740455350283803	0.452583296187809
0.598582673007789	0.36530237473833
0.844059703677712	0.546155801156035
-0.579913489290264	0.321944638127045
-0.400173652945427	0.199527805530166
-0.575166887313808	0.357410598881356
-0.740179770854738	0.452503944476729
0.68108495801316	0.552022706161808
-0.429925595459858	0.243580051469603
-0.575247842369215	0.357512901650038
-0.268608623749507	0.137354005666895
-0.0874192319868208	0.0398048854826958
-0.707482479345284	0.478426084681255
1.52015070189972	1.08699171306418
-0.581784038930277	0.277651257807727
-0.884783059865906	0.58874017749367
2.68395816897637	1.75280717112361
1.03034750926467	0.912449882956028
0.789067188669125	0.543924706508862
-0.976702890166401	0.584516803880515
2.40224086712782	2.14164212043936
-1.51824804908304	0.958878652330473
-0.795555037532711	0.429082398854794
-0.32351770392979	0.13279342860992
2.03712347187003	1.92856873026573
0.369696009095169	0.158067754520311
-0.57541883118866	0.357577733034769
-0.224049399286018	0.14948080868398
1.32436602519462	0.631710688508099
0.369623313755493	0.157981087510768
0.0587457894570351	0.0233313383669741
-0.575228160299009	0.395416533246711
0.170272425689712	0.0843399388739337
-0.400020822389192	0.199426194116488
0.0422784535101385	0.0213474939483703
1.14166892231236	0.78056102804375
1.14145651481394	0.780640318755813
0.116363971797762	0.0683270914761228
0.921324434956384	0.5524265305633
1.20478732358831	0.97066318043682
0.250009479618193	0.15511754145689
-0.174463165959568	0.0911892241190449
0.95692825447083	0.734633189363389
0.39395926482031	0.242165352884471
-2.69131014713563	1.99405719177499
-0.795473084150557	0.429189025577302
0.170179807255207	0.0842887264509299
-0.795473084150557	0.429189025577302
0.623026548869316	0.352133124979863
-0.0122276726897269	0.00572835891609193
-0.00219804389106728	0.000749243310235947
0.0836139988449978	0.0456801177731202
-0.0122398914365767	0.00573275860786979
-0.429925595459858	0.243580051469603
-0.581922163948477	0.277706756599217
0.845357394981786	0.716264318065732
1.60076130506037	0.907036493899438
-0.323768775804252	0.132906269597143
0.0586045725612464	0.0232714078261316
1.20505424918906	0.97078082792523
-1.33204907972189	0.762666443275466
0.623026548869316	0.352133124979863
0.365637963674233	0.175752205851643
1.05987776781758	0.577885042568082
-0.0121004029027061	0.00566746725900745
-0.0124241753236879	0.00582014340182899
-0.707523329638753	0.478354372906709
-0.795470598735211	0.429005412207795
-0.7400701483229	0.452397258194513
-1.95001813321655	1.5341617567398
0.578158381790198	0.376627328503049
-0.191851314271925	0.0841724378088938
-0.976852932436996	0.584831668326988
0.771453181882331	0.351085847175968
0.62360515494983	0.352483156517297
-1.13578138472696	0.741904171244804
-0.453567596354213	0.286856836341659
0.709981039126581	0.546426445722382
-0.400642140897208	0.199776993016034
-0.268626755667087	0.137386831811978
0.745393073383296	0.543751429172607
-0.70752193721132	0.478472790723747
-0.323339890211829	0.132668745971559
-0.707480143436695	0.478397987358348
1.79318268061791	1.77757219186152
-0.359400794834614	0.231196545368216
-1.95812751109893	1.00452497119926
-0.324109891744123	0.132997268462833
-0.0940501109524453	0.027000921199425
0.578213781774443	0.376621340517449
-1.11070663736419	0.563156850939472
0.623132503431904	0.352217814060037
0.170179807255207	0.0842887264509299
3.22890021188342	2.83749251257207
1.15412959839384	1.11154858242105
0.623050316446066	0.352135083519687
-1.13532229991961	0.741731857047717
-0.581924444867391	0.277715453255469
-0.884544289848043	0.588611212599592
-1.40927863953749	1.06900153922817
-0.0122520975997214	0.00573627803064002
-0.42988102086544	0.243519815871298
-0.580624647641511	0.322477621178051
-0.840932032556559	0.366036455182887
-1.27863245309779	0.904117251927921
-0.575306066526481	0.357587683954408
-0.191677560250301	0.0840866628137423
1.03610915310578	0.754122517881413
0.378599511099908	0.200427507791295
-0.580266505812649	0.3222691862051
-1.52959053389401	1.23768235856356
-0.889492260175374	0.760591457259811
0.394038396008532	0.242246959131393
-0.707481746061678	0.478444102656824
-0.320435218544341	0.18488377186386
-0.268811190324651	0.137482691167831
-2.97810803897	0.6365223233405
-0.740472578230699	0.452738938330306
-1.34624963687459	0.491942491282243
0.844452767399357	0.546400878858197
0.170170551402025	0.0842873863496133
1.52023590673376	1.08702803190715
0.788927613401003	0.543735628832399
0.205241089187748	0.110449762702166
1.35546679784883	1.19605901716091
-0.580349831282464	0.322341566730602
-0.191594955374977	0.0840523906515105
-0.0875468540215103	0.039864629429921
0.388705364199698	0.2228237408163
0.0588184960278527	0.0233556454638202
0.205241089187748	0.110449762702166
0.369028991156211	0.157669386495961
-0.400536866605911	0.1997271130363
-0.323768775804252	0.132906269597143
-0.00314254953332322	0.0010707871322457
0.170078037123426	0.0842362332696313
0.119875060412801	0.0537756254140837
0.388948583020188	0.222923388274459
0.170560103174057	0.0844662711572669
0.622920670421795	0.35200755441296
-0.575196062635016	0.357437611700666
-0.510665083637769	0.185396417332941
-0.829045880263185	0.606309559894997
1.6010510490733	0.907306853764938
0.921489960026533	0.552533647137428
0.623286300486041	0.352340568865308
0.598694180155987	0.365261024783485
-1.94992816313755	1.5347271317717
0.598666029175516	0.365312255321971
-0.580371561309725	0.322378988803852
0.623759880288565	0.352451969685443
0.770731512231836	0.350809203466032
1.81397255452155	0.67990876897634
-0.0122850641813574	0.0057559911383436
1.30500559063638	0.824690551359012
0.770145430120155	0.350454199977507
0.378410600819604	0.200234090937663
0.448768346526961	0.125881279019047
0.365634724659639	0.175835138801182
-0.976598104893979	0.584662631574268
-0.472117480236258	0.33002701814581
0.968692503557349	0.897547863560656
-0.17456992674774	0.0912652369592895
-1.95874230208418	1.00497575293314
0.44822613403937	0.125635469819146
2.882647125939	2.1172911863019
-0.323606841794993	0.132787041663478
1.71221141031756	1.36358639614156
-0.268507091440049	0.137275421862829
-0.976470386658705	0.584506017782514
-0.19168054449394	0.0841002189352164
-0.324020247320629	0.133003472761622
-0.0497586694972666	0.0271915707065837
-0.0496511828299678	0.027144046289517
-0.323768775804252	0.132906269597143
-0.842861219755843	0.367305958459751
-0.0875468540215103	0.039864629429921
-0.323858166662756	0.132899968306796
-3.87117796788553	1.23991674417747
-0.841930055188795	0.366935621913115
1.32343256698575	0.631253155849864
-0.976875555844577	0.584720261590735
0.119792912398409	0.0537171957567857
0.388496332191838	0.222697111196915
1.0360164195216	0.754015797721942
-0.429925595459858	0.243580051469603
1.05955331516124	0.577309150511751
-0.842217165704752	0.366945966505995
-0.00314254953332322	0.0010707871322457
-0.432065091510874	0.0980880150069608
0.921327549085001	0.552269378818359
0.956762326002398	0.734344329952799
0.745353938169583	0.543696369311969
0.598471479069243	0.365154751464456
0.119769233618733	0.0537209607675883
-0.58178160921078	0.277642461693518
-0.0875247626795585	0.0398554643821223
0.410032429213935	0.149677489118131
-3.87156218611866	1.24092684697853
-0.510381448501776	0.185343391604108
-0.00285025275782294	0.000970864932132848
-0.191512303756222	0.0840051241110584
1.30493518989809	0.824586536199374
-0.005974931279798	0.00334374083564817
0.598861018517101	0.36538933531321
0.142436808007148	0.089397816024869
-1.6782552428022	1.15299263204527
0.370036862699425	0.158172385562895
-0.84128759981306	0.366527746446311
-3.87175460792962	1.24102623022072
-0.00226675917502309	0.000770578967515132
1.14122070426758	0.780386099658665
-0.191763069164488	0.0841344545583103
-0.268525347797909	0.137326910041535
0.57807733445384	0.376533066519482
-0.0016157804387986	0.00054955076095408
0.169976433422897	0.0841776092708832
0.042279016727012	0.0213478495403599
2.1843568650897	1.0309409605743
0.448620351049491	0.125795452528351
-0.432195795413815	0.0981239072789159
1.30501426911843	0.824612267549947
1.60134042861547	0.907439175692279
-1.13720321345906	0.878905550941361
0.230528840720756	0.133684195378615
-0.237573967425114	0.139884696422554
-0.22396282497891	0.149412887641726
-0.191509229873972	0.0839961430022088
4.34629070750669	1.83849509413068
-0.795309039080444	0.428876705357968
1.6010510490733	0.907306853764938
-1.11104174051405	0.563092496834586
0.0424364774527387	0.0214218641512491
-0.0495850290263104	0.0271094689755234
-0.575306066526481	0.357587683954408
0.668481033440034	0.343942560095741
-1.93233663311642	1.95406979477964
-0.0496334179813041	0.0271330956337154
-0.0876302197595823	0.0399015975036765
2.18503331597268	1.03164513819189
0.378847621753956	0.200589252322247
1.30500783274078	0.824827623389173
0.623474794709938	0.352403117388814
1.33440052731901	1.01942425686405
0.394037483159254	0.242231885268213
0.120028551647769	0.0538416400422945
0.788997378530188	0.543852581801781
0.921159097279262	0.551980727423307
-0.944056937240152	0.27675044454811
-0.431903314845492	0.0980189230129383
-1.68105833366304	0.744808525742298
-0.400384780578106	0.19966118834964
-1.13542670488496	0.7418567226406
1.20490239363088	0.970865504289273
-1.6786505111417	1.15397171771567
-1.27873173123899	0.90423664025219
-0.268220126845272	0.137088200987079
-3.49394311921891	0.936574346211166
3.94875088346	1.35346277181599
-2.38278010742293	1.52441453874386
0.410319402185388	0.149749375016411
-5.03515727057591	2.97956159330199
-0.320590430654897	0.185062347151589
-1.13716482920954	0.878862085226381
0.365800551476186	0.175897140276846
-0.268912224783566	0.137532775591647
-0.884361136845588	0.588165353700562
0.668481033440034	0.343942560095741
0.921410321822283	0.552421724487917
-2.15957055819663	0.366379981847431
-0.841930055188795	0.366935621913115
-0.453528065982023	0.286864929800277
-0.400384780578106	0.19966118834964
0.77079981160721	0.350840110911968
-0.400255793183877	0.199576929984158
3.94894064328705	1.35405401302548
-0.842573501506563	0.367295334988531
-1.11037257681918	0.5626800271598
0.0586752350175879	0.0233026661375095
0.230568482664177	0.133702810948979
-0.268626755667087	0.137386831811978
-1.45019942928392	1.35237281094304
-0.320551710599551	0.185068852829541
-0.174573431544604	0.0912716571979923
-0.580371561309725	0.322378988803852
0.77079981160721	0.350840110911968
2.45970939793354	1.39985319900508
0.409379481895826	0.149355853828265
1.65618386390765	1.51922594945174
1.14137421358343	0.780410094648711
0.119875060412801	0.0537756254140837
0.365545538878326	0.175812862473331
0.369101416923485	0.157753649363207
0.120240788194207	0.0539451931203284
-1.27843340599359	0.903691037125141
1.05980524645418	0.577754859072529
-0.0937573947672997	0.0269001333240843
-1.52964681723975	1.23802087088611
0.369101416923485	0.157753649363207
-0.191848441999651	0.0841748012731843
-0.739978018739677	0.452268965773811
0.249929441003308	0.155058665247787
0.265239984093465	0.175477747830737
-0.429856217784491	0.243527269122507
0.0587412742586255	0.023322231337089
-3.49394311921891	0.936574346211166
-0.0945452117596051	0.0271462991052748
-0.0945452117596051	0.0271462991052748
0.170457853478971	0.084419753138902
0.84434901377286	0.546409530474438
-0.580098557351089	0.32208988826458
0.578021980853289	0.376453245041543
-0.47198436334829	0.329855394093538
0.668267016125743	0.34360264632267
0.623132503431904	0.352217814060037
0.230528840720756	0.133684195378615
-0.841930055188795	0.366935621913115
0.36935409343749	0.157893264397153
0.170365107743381	0.084383949304422
-0.976725620080584	0.584772285236741
-1.40922300434395	1.06895280811372
-1.01635180096047	0.731290577813313
0.230489218546085	0.133657096820458
0.804534186738623	0.715529175169567
0.656681815208031	0.55936084063937
-1.24921849849432	1.03274850818744
-0.323267030849328	0.132664766624666
0.921324434956384	0.5524265305633
-1.34644190675536	0.492013982411103
0.546226339378666	0.400029781886946
0.20515621128702	0.110408160639295
-0.980983445484042	0.894117201808317
1.15415623962501	1.11173707314671
0.623392508810783	0.352425458002545
-0.400150141167734	0.199526819273677
-1.11000712185328	0.562333501617952
1.32371794960321	0.631519863553089
0.546167269096049	0.399901540034206
0.394038396008532	0.242246959131393
1.10714120753484	0.935847528410497
-0.740171003604891	0.45253026277676
-0.582491046971458	0.519615434891636
-0.687568374308914	0.51048208880273
-0.884714004488368	0.588902910387814
-1.01623949404177	0.731062986346385
-1.11054651250717	0.562770546181268
-0.26842377376637	0.13725791720775
0.771745171623263	0.351293543815406
1.24278730522911	1.14722106912078
0.0835896232229875	0.0456627648321035
0.710074957426673	0.54658200687287
-0.0875247626795585	0.0398554643821223
0.170272425689712	0.0843399388739337
-0.453527147708742	0.286874832407521
-0.58178160921078	0.277642461693518
0.396942496284277	0.260224576292416
0.399527003158527	0.29457778785494
-0.941359924667713	0.739784347387271
-0.580371561309725	0.322378988803852
1.20483259624617	0.970734582695714
0.170059671984345	0.0842063275246382
0.448768346526961	0.125881279019047
-0.0873970675291552	0.0397928350708459
-5.03540086955755	2.98094179296887
0.89489373357189	0.722836439678964
0.396966874057929	0.260280317934537
0.0423191371419603	0.0213682662442981
-0.400279254651867	0.199611151597535
0.560591503119401	0.388022068629539
0.668483206398341	0.343935288943319
-0.0495954996091126	0.0271153340901365
0.771092418292579	0.351048136725648
-0.976725620080584	0.584772285236741
-0.740078977484018	0.45240201762335
-0.322278433440018	0.232836540761441
-0.0124241753236879	0.00582014340182899
-1.04543786955088	0.878490574132837
-0.10435836928934	0.0558246704842912
0.771384657824967	0.351194621180954
-0.795388566123818	0.429111941624914
0.12011077257807	0.0538869679431261
0.560670124227051	0.38812563402852
-0.104278391852856	0.0557721044560038
-0.47211689442755	0.330016837915447
-0.841930055188795	0.366935621913115
-0.976957468435797	0.584685575036545
-0.576563180698532	0.435331683334382
0.230567791841672	0.133698864313426
1.03037213488133	0.912336250145506
0.394076784636599	0.242214048759041
-0.453448946127104	0.286791526836624
-2.69166175054019	1.99512615886309
-0.884895508072574	0.588736737689298
-1.13569824977844	0.742021850109875
0.365465936752018	0.175750334952689
-0.581926773938707	0.277615561483504
-1.82060683537853	1.34328728713377
-0.0874192319868208	0.0398048854826958
-2.18834424285025	1.26872549798424
2.23180747286535	1.82116517884466
-0.829165276939393	0.606465936301729
0.0423586690649514	0.0213879798283963
-1.51832895997772	0.959438617553198
-0.884474976064581	0.588586594629875
0.578128702372086	0.376615585739378
0.083714317932502	0.0457271316416471
1.5048044565309	1.26751412482029
0.788915434623596	0.543565502886135
0.142445860826328	0.0893950871229049
-0.40012660067552	0.199476376007637
1.30501217205153	0.824788016597256
-0.432195795413815	0.0981239072789159
0.205215401620106	0.110423220049136
-0.359411288891954	0.231191559725985
-1.11111451347642	0.563062303687304
0.57798860447689	0.376498020652567
-0.174657693246584	0.0913100721629379
0.598777597268071	0.365412486093334
-0.581784038930277	0.277651257807727
-0.40036136937727	0.199570942819307
-1.51816394787249	0.959194058305068
0.956813838104802	0.73441190289006
0.74547277621256	0.543656879654026
-0.323858166662756	0.132899968306796
-1.35310757614286	1.1901513919354
0.533720104577383	0.413008842838689
-0.795306487339825	0.429040562996724
-0.32436201788627	0.133065163858506
-4.18271999665072	1.58906574345964
-0.795391084685964	0.429117695674088
-1.33204907972189	0.762666443275466
0.249905154322182	0.155025625410401
0.393998309938964	0.24221564521359
-0.45344624098908	0.286775668100434
-0.740078977484018	0.45240201762335
-0.268312791713591	0.137144521650942
-0.0875468540215103	0.039864629429921
-0.581922163948477	0.277706756599217
-1.67920618160724	0.743565005829687
0.668414615793708	0.34385587193997
-0.740372218460723	0.452702879152707
-0.707560579726294	0.478472244119477
-0.400150141167734	0.199526819273677
0.533750830561223	0.412952542023222
0.393998820278763	0.24221496570692
-0.237542907484709	0.139878710803409
-0.434526258999371	0.367640455056283
-0.323679539396547	0.132867515469766
-0.976725620080584	0.584772285236741
-3.87136997299018	1.24060932575549
0.921576008172099	0.552528958374128
-0.237539256351892	0.139869620270601
-1.33197678245378	0.762263841197909
-0.26882014270592	0.137493109818912
0.62360515494983	0.352483156517297
0.62360515494983	0.352483156517297
0.844359650054471	0.546333326077149
0.388750876020199	0.222881622076993
0.710064754965551	0.546573518162947
0.119980963262918	0.0538242500271638
-0.429742023619485	0.243444703250539
0.546147884575247	0.399917127393887
-0.400513563075863	0.199729099262418
0.623156321552976	0.352260784925711
0.89497510275865	0.722971967281811
0.369858241554169	0.158076886076605
-1.11086680880368	0.563001129089156
-0.841574104040948	0.366537844891767
0.394037916789735	0.242247660525564
-0.739876894528188	0.452101136070571
0.89501413331941	0.7229673356002
-0.119103423183026	0.0730060951167675
1.03593302612991	0.753548297826389
-0.740179770854738	0.452503944476729
1.02271777077819	1.07130898394737
1.60082948147517	0.906144530064968
1.60011277032147	0.906043996244228
-2.97810803897	0.6365223233405
-1.110169684093	0.562673512171069
0.623368560595867	0.352394665675771
1.35568801851757	1.19658333932911
1.83645064175416	1.20255680724847
0.635577545485527	0.567038561366388
0.230448835221244	0.133616924089533
-0.791947239021783	0.63244694089088
0.656743478866819	0.558966960272399
-0.389571861719597	0.276987446397204
-0.119155063699346	0.0730306543138387
-0.0123546421621991	0.00578834044022463
0.163468461561109	0.109031616232701
-0.389632521229558	0.277000815543855
-0.104200660116784	0.0557002722675722
-0.707483167259965	0.478381265464696
1.2049145732705	0.970896458378593
0.120086942258199	0.0538668745057729
1.33440052731901	1.01942425686405
0.546271580777341	0.400008553957061
0.745392661819511	0.543732026195375
-0.472170920068407	0.330006237601996
1.65619620535308	1.51961173035875
-0.453567596354213	0.286856836341659
0.546215912621286	0.400033984487797
0.0292835098007985	0.0174139982140426
-0.171916249530567	0.103284333532777
0.2767876126053	0.194176809122483
1.05987776781758	0.577885042568082
-0.829045880263185	0.606309559894997
0.968718233849082	0.897493180057201
-2.54816865921517	1.76475683995541
-0.842861219755843	0.367305958459751
0.623286300486041	0.352340568865308
-0.740078977484018	0.45240201762335
0.365555087063899	0.175646697514765
-0.389363686595405	0.276736457319599
-0.976598104893979	0.584662631574268
0.169884086577812	0.0841182875246922
-0.400642140897208	0.199776993016034
-0.268525347797909	0.137326910041535
-1.52967635950489	1.23842633022367
-1.93236094518154	1.95473247290848
0.0588865751858242	0.0233783657021054
-0.0495987185310005	0.027114194361977
1.61607868569294	1.67181489710959
-0.075754757613805	0.0473071688585266
0.170170551402025	0.0842873863496133
-1.82025877655425	1.3420229479848
-0.320551710599551	0.185068852829541
0.5225403938516	0.425310922075545
0.921407174037824	0.552510092381016
0.388484090009371	0.222665206631935
0.745432002071474	0.543652400502029
0.709925736039286	0.546339306529608
0.397105846850206	0.2602595136997
0.0588162361047195	0.0233573777261437
0.598388187690383	0.365124289578113
-1.13542670488496	0.7418567226406
1.88356608055447	1.64370457614135
-1.27863245309779	0.904117251927921
-0.182400783875187	0.151174372268173
-1.01629436212397	0.731210863643357
-0.174518314964367	0.0912348516528442
-0.237542907484709	0.139878710803409
0.230488467651288	0.133653113546507
-0.575163474539905	0.357391334497126
0.0585317929331506	0.0232337954342891
1.30493947629717	0.824751306985012
0.378744180687792	0.200540698956173
-0.268912224783566	0.137532775591647
0.578103014416737	0.376604056005177
-1.33191007996814	0.762528663311124
0.169884086577812	0.0841182875246922
-0.171917260848363	0.103253051109838
-0.0123095682902471	0.00576462947117763
-1.01635180096047	0.731290577813313
0.623368560595867	0.352394665675771
-0.429868625622534	0.243546443419877
-0.687600237888207	0.510532942612147
-1.01634919800968	0.731217314444919
-0.174020280862342	0.118103419033491
-0.575231397025982	0.395331818685513
-0.174628515728416	0.0913006915587617
-0.792053652357926	0.632677865462564
0.844245436694145	0.546340791689674
0.170059671984345	0.0842063275246382
1.49183045337546	1.43013942626621
-0.00592194011114654	0.00331440094543435
0.398766246990826	0.27772283373175
0.598787043320876	0.365355326471793
-0.580034303140646	0.32197737032381
-0.580244728564168	0.322288315069047
0.365459706351774	0.175748040889583
-0.829085333646607	0.606448881785564
0.12034702103488	0.0539879293877707
1.05996734987123	0.577966932312984
2.0442633357476	1.50797432904454
0.546226339378666	0.400029781886946
-1.33191294548162	0.762213136261659
-0.84128759981306	0.366527746446311
2.04426090983629	1.50801376422545
-0.191677560250301	0.0840866628137423
0.769490035187837	0.349938143186336
0.20535599593665	0.110470212494225
1.52023308903483	1.08716538684327
0.365465936752018	0.175750334952689
0.0423180273406882	0.0213686808954471
0.378837053043127	0.200602993253842
-1.94992111717055	1.53384650098352
-0.268719004618864	0.137442961534784
-1.40923601283174	1.06895555446208
-1.04535795258666	0.878349528762086
1.50450828107786	1.26738916091211
-1.64075119707737	1.41076462036488
-0.57525108074046	0.357535915462596
1.71261074872385	1.36361876117946
-0.884474976064581	0.588586594629875
-0.429742023619485	0.243444703250539
0.895013531327232	0.722940069524963
0.119875060412801	0.0537756254140837
-1.35307309667444	1.18955422434275
0.0835689978452454	0.0456494284522933
0.62360515494983	0.352483156517297
0.745352610013427	0.543638173626064
1.1414327051341	0.78047614602948
0.265196714837447	0.175457812098852
-0.581854188280408	0.277697073220254
0.250019935805811	0.15511641349221
0.365545538878326	0.175812862473331
-1.82038153549035	1.34229056866581
0.394117608350336	0.242260360238849
2.03214498824783	2.31184635595066
0.365380128458397	0.175707559308492
-0.323178299118294	0.132626269521487
-1.67804820494824	1.15267420160493
-0.509453689852966	0.184873844488885
0.598675391106249	0.365365106671917
0.0587435559436112	0.0233296694197922
-0.0872097202919863	0.0396986290401776
0.623522821357487	0.352458134850505
-0.429742023619485	0.243444703250539
0.598490018563699	0.365208208471015
-0.0875247626795585	0.0398554643821223
0.249929441003308	0.155058665247787
-2.01802151742979	2.1461943054577
0.205042198106717	0.110325991467597
-0.323267030849328	0.132664766624666
-0.792000758207755	0.632580193184753
-0.579810540767496	0.321790309332033
1.05987776781758	0.577885042568082
-0.0875247626795585	0.0398554643821223
-0.0871992063586919	0.0396936425795753
-1.51824496864762	0.95886148357615
0.20515621128702	0.110408160639295
0.668410467979929	0.343916625774154
-1.51808124437622	0.958941346621866
1.60040312737798	0.906314534082061
-0.0495954996091126	0.0271153340901365
-1.1359271126972	0.742102666774974
0.598694180155987	0.365261024783485
0.668337722865696	0.343789391545551
0.77232805298542	0.351481543567969
0.249960943195649	0.155054146101795
-0.0875247626795585	0.0398554643821223
0.598777597268071	0.365412486093334
0.844431432743736	0.546313821309689
0.205042198106717	0.110325991467597
-0.284664528881426	0.186618002727203
0.205152501413158	0.110394674120877
-0.0961502380328393	0.0673609277823441
-0.00592137793584026	0.00331386531753274
-0.284691295871544	0.186632398557008
-0.191677560250301	0.0840866628137423
0.0586730762067555	0.0233010280801353
1.71195414324452	1.36274036780702
1.1069030775188	0.935271860918252
1.20484480287447	0.970839273891237
0.668408321489857	0.343877341929885
-1.33184367767742	0.762015428988325
-0.237508265376135	0.13986368143934
1.08236571070201	1.0889019226088
0.399601231706607	0.310636777287677
1.10694379053617	0.935414436193971
-0.0496892608524587	0.027166145527787
-1.27863245309779	0.904117251927921
0.12011077257807	0.0538869679431261
-0.400536866605911	0.1997271130363
1.20496009589364	0.970744195528323
0.789009542854592	0.543863079094428
0.250033880806253	0.155122672155995
-0.0877795706067474	0.0399712524693087
2.03711462694097	1.92798560980539
-1.01621345355214	0.730749104001996
0.37892999110995	0.200646545836412
-1.33212138337084	0.762307389390523
-0.575306066526481	0.357587683954408
0.894854705698613	0.722832834186091
0.397036327893221	0.260307683516976
0.397015905434803	0.260292076183669
-1.13724038680866	0.87856761689537
-0.237459530713773	0.13981283712089
-0.472064003814338	0.329987530330869
-0.829126855391428	0.606456974810141
-0.174712693958413	0.0913301620983544
-0.399914968060413	0.199342745662806
0.378493961987734	0.200357375434109
1.03582192902147	0.753770484106199
0.293598503474093	0.229059371179735
0.293605556373644	0.229025809003574
-0.223876264072863	0.149319839105813
0.180831438170182	0.127660399419406
-0.884757637448667	0.588875300711064
1.52014793989224	1.08660223194899
-0.944438939399	0.276806785650539
-2.06941680935927	1.7258360136096
-0.400536866605911	0.1997271130363
0.0588162361047195	0.0233573777261437
1.14122070426758	0.780386099658665
-0.9412560623492	0.739612823495909
0.844049245470728	0.54612619942835
-0.70748096742124	0.478435371653978
0.560590082719013	0.387937324675646
0.0422779358186762	0.0213460423590448
-0.510098148612271	0.185160854762058
-0.580371561309725	0.322378988803852
0.623156321552976	0.352260784925711
0.378940602994957	0.200651612788855
-0.453526186148828	0.286869848352417
0.170467253006703	0.0844304182125656
0.771453181882331	0.351085847175968
0.230568482664177	0.133702810948979
0.956872912425269	0.734592065785687
1.0362207687271	0.753731339120052
0.710040201323559	0.546575985920525
-0.174547594798126	0.0912442955274002
0.276957543704097	0.194350081764933
0.533642208015981	0.41294769709394
0.205152501413158	0.110394674120877
-0.0122850641813574	0.0057559911383436
0.57804767962632	0.376553475673062
1.2049267654137	0.970703651984816
-1.27862430640304	0.903655705374731
-0.320472080549721	0.184999887675071
1.60111934269334	0.906805351634796
-1.51824804908304	0.958878652330473
0.577962852066937	0.376462056263808
1.49195028318778	1.42980877383538
-0.414270428453022	0.322443313134425
-0.320589644469703	0.185041515108274
-1.84157453291421	1.77062079162942
-0.580729389571412	0.32253060389535
0.668343792191946	0.343767807424399
-2.15957055819663	0.366379981847431
-1.1371647257165	0.878646093685645
-1.24917920556393	1.03277338400394
0.0586730762067555	0.0233010280801353
-2.38285146634582	1.52477404740462
-0.400255793183877	0.199576929984158
0.119957212376391	0.0537989379879724
-1.93225867576636	1.95181549016929
0.169884086577812	0.0841182875246922
-1.13569824977844	0.742021850109875
-0.0875247626795585	0.0398554643821223
1.03621134876939	0.754084179341617
-0.842573501506563	0.367295334988531
-0.795470598735211	0.429005412207795
-0.0025583228276369	0.000870770923181551
-0.487378737817229	0.373708332643852
-0.829165276939393	0.606465936301729
0.396911610810945	0.260226883174291
0.668337722865696	0.343789391545551
0.369516572123014	0.157905173750537
0.396981124268762	0.260286380908059
1.20484480287447	0.970839273891237
-0.320510826521617	0.185017428733123
1.33441099968333	1.01935277897555
0.393998309938964	0.24221564521359
-0.191771786381164	0.0840715557331775
0.668483206398341	0.343935288943319
-0.511027416637717	0.185602242202858
-1.1371236136296	0.878778131351214
-0.453370502435972	0.286541364048532
-0.575137634129499	0.357362692467294
-0.0496511828299678	0.027144046289517
-0.740289082627456	0.452349498567906
0.397022179892336	0.260242481344706
-0.795641716677105	0.429218074573229
-0.400279254651867	0.199611151597535
0.116337803549992	0.0683121911720951
-0.575217747559456	0.395392146945716
-0.400302687392056	0.199595859940072
0.0423605820535447	0.0213750861108721
-1.24910056108742	1.03207110687841
0.560631884952499	0.388100936597873
-0.429856217784491	0.243527269122507
0.623132503431904	0.352217814060037
-0.17440426958797	0.0911536059094103
0.369606368030708	0.158007050490895
0.0588184960278527	0.0233556454638202
0.771453181882331	0.351085847175968
0.170383847185987	0.0843739347281054
-0.580349831282464	0.322341566730602
0.365462810263777	0.175771126538925
0.0423197603352864	0.0213662872995593
-0.580371561309725	0.322378988803852
0.623368560595867	0.352394665675771
-1.06715171168924	1.0327086598159
0.119745583702531	0.0537078184456366
-0.575280127168348	0.357541128183675
0.264987875123345	0.175288791857079
-0.0122276726897269	0.00572835891609193
0.394038396008532	0.242246959131393
-0.580393265830118	0.322334681429507
0.533634486211023	0.412849493038425
-0.580454860777739	0.322299416157362
-0.941328343613218	0.739838356347261
-0.795475547334051	0.429156033723791
-1.01635426527844	0.731030001447839
-0.707483167259965	0.478381265464696
0.26510168194708	0.17541465777122
0.578073386398327	0.376592353319862
-1.32000813036178	1.3287784901197
-1.64085523238616	1.41136280987005
-0.94131775771945	0.73977938532399
-0.00597545784260671	0.00334394234187639
0.37892999110995	0.200646545836412
0.24997468863786	0.15509621575848
2.1745428876919	2.21306043470596
-0.884826594921017	0.588899553734
-0.28458417543874	0.186525793686448
0.205211481751657	0.110438490596475
1.20504212356376	0.970906270796061
-0.0122973225407363	0.0057607405665406
0.668408321489857	0.343877341929885
0.0586752350175879	0.0233026661375095
0.745432717216464	0.543739764183929
-1.64078895641047	1.41140793786086
1.20471767009673	0.970532442220279
-0.852679089467091	0.788804489493133
-0.941349427084676	0.739839943684221
0.388647842687885	0.222751798330428
-0.359390272612402	0.231190890343253
2.6834032063741	1.75158764605389
1.71229367635148	1.36394954299998
-1.11079392999874	0.562961892534568
0.365548699035189	0.175813952012173
-1.13567729072396	0.742109314725345
0.668410467979929	0.343916625774154
-0.884449896676782	0.588369187550353
0.116258755452954	0.0682558216366892
-0.237608662256333	0.139886971598541
-1.24921980676995	1.03276052609911
0.119769233618733	0.0537209607675883
-0.191512303756222	0.0840051241110584
0.844049245470728	0.54612619942835
-0.976493244523567	0.584555562455094
-0.414036868118326	0.322262802250047
0.397088146684098	0.354985355729759
-0.740363553407265	0.452677488340356
0.0422802796907504	0.0213451498379722
-1.13532229991961	0.741731857047717
0.745394033281706	0.543633103188281
0.120004743026815	0.0538382787021705
-0.687576058610729	0.510428737659488
1.0304272807277	0.912483966401826
0.51261887757322	0.437882888474264
-0.576562619715103	0.435363784393989
-0.429957467647991	0.243399504080847
0.393960484287744	0.242106313459953
0.533642208015981	0.41294769709394
0.170457853478971	0.084419753138902
-1.24922347371823	1.03246189494501
1.88367847536346	1.6428033006748
-0.580624647641511	0.322477621178051
-0.581784038930277	0.277651257807727
0.169976433422897	0.0841776092708832
-0.575203871902863	0.395317645964075
-0.0496439894741144	0.0271417412631816
0.394038396008532	0.242246959131393
0.0835792957447459	0.0456571767018195
0.788915434623596	0.543565502886135
-0.171863890155145	0.103233387901618
-0.934097260892203	0.917581875398347
-0.237494251281423	0.13984879736702
0.230606866320283	0.13369681803433
-0.104399592297262	0.0558404234022689
1.10702287153373	0.935731496709681
-0.191594955374977	0.0840523906515105
1.0597155655144	0.577756640140593
0.770145430120155	0.350454199977507
0.578158381790198	0.376627328503049
0.0586730762067555	0.0233010280801353
0.92149314149832	0.552505338452732
-0.0875026457018197	0.0398390244357153
1.81411609166176	0.680234581521496
1.1414327051341	0.78047614602948
-1.34596633931712	0.491729044914134
-0.284505552023106	0.186436810396768
-0.104279201245991	0.0557745263714602
0.399657447637657	0.294721441330255
1.32371794960321	0.631519863553089
-0.581713996592567	0.277573942253515
-2.38305101699718	1.52448704506159
-1.01629436212397	0.731210863643357
0.365291442592988	0.175599214813201
-0.174514740171446	0.091236144615508
0.398990035315141	0.325955906973906
0.27691422571419	0.194313899662351
-0.665851345302675	0.586224483287008
-0.320589644469703	0.185041515108274
0.0836346373861601	0.0456890182021036
0.635691498642958	0.567126216652758
0.103121039481323	0.0731079772893705
0.163544637841626	0.109096869962899
-0.0387034436419087	0.0278957900984234
2.71184770385346	3.68942238767518
-0.575196062635016	0.357437611700666
-0.510665083637769	0.185396417332941
-0.740463975085828	0.452748151314771
0.845298473590971	0.71569021413378
-0.0122276726897269	0.00572835891609193
-0.171862209567395	0.103236624255682
1.24270998313979	1.14716588651425
-0.065594672910662	0.0466357382809161
-0.824884458985296	0.821475772028094
-0.522340638416323	0.507209380046045
-0.413908380672403	0.322076761852752
-1.51824651968381	0.959357860364367
0.119875060412801	0.0537756254140837
0.0586024886115801	0.0232698011409825
-0.00219804389106728	0.000749243310235947
0.448768346526961	0.125881279019047
-0.00226675917502309	0.000770578967515132
0.57798860447689	0.376498020652567
-0.0495954996091126	0.0271153340901365
-0.581856591724575	0.277597221348804
-0.976493244523567	0.584555562455094
0.921324434956384	0.5524265305633
-0.0025583228276369	0.000870770923181551
0.170179807255207	0.0842887264509299
-0.453489360946646	0.286816989972648
-0.829124767395153	0.606503723818148
0.388623453802359	0.222807132021994
-0.268811190324651	0.137482691167831
2.04426571351631	1.50777232167954
2.18474755802806	1.031281860151
0.448620351049491	0.125795452528351
-0.97683028062557	0.584626302691587
-1.820361739145	1.34284933258746
0.265075171393988	0.175390756254714
0.600967028586896	0.584018992172419
0.533803276853068	0.413054847856146
-0.884714004488368	0.588902910387814
0.388611278287772	0.222779199110245
0.249995673770185	0.155084404582313
0.804482833660612	0.715576677362051
-0.687613685418675	0.510543809311169
0.10455473416905	0.0889463254176402
-0.284478777161049	0.186386308222674
-0.829165276939393	0.606465936301729
0.365548699035189	0.175813952012173
-0.0873970675291552	0.0397928350708459
-0.976748321602159	0.584724813841583
0.844059703677712	0.546155801156035
-0.581924444867391	0.277715453255469
0.0584045444657097	0.0369917808973365
-0.674353215160564	0.547253277290427
-0.255587625078295	0.207053744617482
1.03582192902147	0.753770484106199
-0.266046423684386	0.195183112015641
-1.01629703450164	0.731142799198732
-1.95839986267294	1.00468673041439
0.449161679976785	0.125968053773896
1.05996734987123	0.577966932312984
0.409745117083712	0.149553622921023
-0.510019488188717	0.185108792567341
-0.453526186148828	0.286869848352417
-0.687541298521509	0.510297639889351
1.71221141031756	1.36358639614156
-0.42988102086544	0.243519815871298
0.388611278287772	0.222779199110245
0.378919403595689	0.200601275587499
0.0587435559436112	0.0233296694197922
0.845357394981786	0.716264318065732
-0.23739392123619	0.139737872154465
0.789124946179673	0.543928830463125
0.668485331028372	0.343881888339176
-0.19168054449394	0.0841002189352164
0.668339794470315	0.343828614069647
0.170457853478971	0.084419753138902
-0.580393265830118	0.322334681429507
-0.320473330609048	0.185007486119419
-0.852573567277828	0.788611898732863
0.0423972358643515	0.0214067271227048
-0.32207309072872	0.23262428403202
-0.320472080549721	0.184999887675071
-1.52953962433012	1.23774301714975
0.0422796254578924	0.0213471109845159
-0.400408163058232	0.199679139220261
-0.119137848815211	0.0730267568590352
-1.04544624457929	0.878646931198408
0.396897485244899	0.260186996927845
0.388611278287772	0.222779199110245
-0.0121125550355883	0.00567193534323825
-0.58022292583536	0.322227384173889
1.08245301944809	1.08892230828012
0.843733556457562	0.545486255701316
-2.69176092127095	1.99542767536636
-0.359355529732364	0.231141735117536
0.89497510275865	0.722971967281811
0.769882799207503	0.715916877376461
0.656672691652286	0.559288651581621
1.12031189103956	1.26266212782207
0.51251346019478	0.437785101586351
0.770438655215179	0.350662431796396
0.12011077257807	0.0538869679431261
0.0588162361047195	0.0233573777261437
-1.1106194968633	0.562870946942689
0.668485331028372	0.343881888339176
0.598490018563699	0.365208208471015
-0.17459926023523	0.0912855489687525
-1.84159809352225	1.7701281545751
-1.27873173123899	0.90423664025219
-0.320511550772078	0.185038220306322
-2.18919336135836	1.26985540555962
-0.795557467610568	0.429227305973378
-0.268719004618864	0.137442961534784
0.789112861032958	0.543795507562315
-1.13544780775655	0.74188588614203
0.623026548869316	0.352133124979863
0.388635641929205	0.222799330565912
-1.35318459990941	1.19020825619065
0.170179807255207	0.0842887264509299
-0.32043192788861	0.184921858397715
0.180899538451294	0.127709943615582
-0.429754352431401	0.243433445629051
0.119980963262918	0.0538242500271638
0.95692825447083	0.734633189363389
-0.26882014270592	0.137493109818912
0.120158519787718	0.0538946236082236
0.623392508810783	0.352425458002545
0.921489960026533	0.552533647137428
-1.33191294548162	0.762213136261659
-0.740162214758242	0.452442797394852
-0.740280398947646	0.452574775308571
-0.104320343754685	0.0557980556015589
-1.27862430640304	0.903655705374731
0.398794540433267	0.277722547814095
0.745393530540733	0.543722108365821
-0.400255793183877	0.199576929984158
0.170365107743381	0.084383949304422
0.378621720444965	0.200461497743518
1.0597155655144	0.577756640140593
0.745394033281706	0.543633103188281
0.0836139988449978	0.0456801177731202
-0.400125423729752	0.369245379320626
0.789067188669125	0.543924706508862
-0.453406741328197	0.28669453653402
0.635585191554949	0.567006667750228
1.60140883922882	0.907211457837158
1.14098542907508	0.779786174713427
-1.11045946877855	0.562965619456525
0.365631508218467	0.175855733280783
1.32371794960321	0.631519863553089
-0.2687279974696	0.13743703950627
0.92149314149832	0.552505338452732
0.623629233430165	0.352507387550781
-0.976365401250023	0.584398859616745
-0.0871062752832628	0.039644736391682
-0.19168054449394	0.0841002189352164
0.365462810263777	0.175771126538925
0.957043221691676	0.734455781040451
-1.95012191488657	1.5350464079897
-0.740372218460723	0.452702879152707
-0.191851314271925	0.0841724378088938
-0.284691295871544	0.186632398557008
-0.0123300335252873	0.00577717266429914
1.48078106340472	1.59398605327326
0.230490012836691	0.133653431840519
0.623286300486041	0.352340568865308
2.04412309013874	1.50763889686787
-0.0496892608524587	0.027166145527787
-0.0875247626795585	0.0398554643821223
0.623286300486041	0.352340568865308
0.503262196707719	0.449618829111143
-0.191848441999651	0.0841748012731843
-1.33204640906765	0.762295394245592
0.0422388999443572	0.0213245448072465
-1.51816553129795	0.95879786564237
-0.0496092677838992	0.0271228251111568
-0.829125832982878	0.606496399181627
-0.5801177025606	0.32217404700399
-0.19168054449394	0.0841002189352164
0.170189084859863	0.084275573275024
-1.11037257681918	0.5626800271598
0.369011111809398	0.15765166217701
0.804465712998505	0.715513833770539
-0.941245633502971	0.739668487314814
-0.173967739792105	0.118063616279414
0.369785495549136	0.158102799873415
-0.580266505812649	0.3222691862051
0.369623313755493	0.157981087510768
0.369533728475468	0.157989232089938
-2.97813504586116	0.636375479740286
0.921410321822283	0.552421724487917
0.95692825447083	0.734633189363389
1.33430767166807	1.01938904096222
0.598582673007789	0.36530237473833
-0.575241891791028	0.395404439137203
-0.174573431544604	0.0912716571979923
-0.0060294645189049	0.00337358051439809
0.894975821667562	0.722849349529328
-0.400067975369921	0.199390822500936
1.20498438869504	0.970879883451579
-0.58178160921078	0.277642461693518
0.388762997440806	0.222873844908431
1.36661581551336	1.36619214035804
1.03591449475179	0.753942920815292
-0.237473607055047	0.139838194143414
-0.268811190324651	0.137482691167831
0.745274263767946	0.543557664143171
-0.359323860694223	0.231053931168206
0.0587435559436112	0.0233296694197922
0.577959184122381	0.37641487267881
0.205185767371981	0.110419404112476
0.249918996642399	0.155043388295526
-0.400302687392056	0.199595859940072
-0.0122276726897269	0.00572835891609193
0.169976433422897	0.0841776092708832
0.396907832998828	0.26016900833182
3.22890021188342	2.83749251257207
-1.01638040429431	0.731261580326361
-2.06918730763001	1.72482286180047
-1.13557312432465	0.741984670388943
0.844059703677712	0.546155801156035
0.276925074009431	0.194318669704258
0.844152537341915	0.546273411772544
-0.687613685418675	0.510543809311169
-1.04537690067048	0.878388728457478
-0.0759071302932135	0.0474225141389394
0.205130478099973	0.110380892749031
-0.580349831282464	0.322341566730602
2.45861465716696	1.39926733027016
0.598490018563699	0.365208208471015
-0.429786795407442	0.243444148307166
0.598397427711216	0.36507558725869
0.378599511099908	0.200427507791295
1.05953573822857	0.57750968846383
-0.57541883118866	0.357577733034769
0.0836103669312504	0.045666856274849
-0.323339890211829	0.132668745971559
0.0587479747293442	0.0233295790834769
-0.884632253303745	0.58876380922075
2.45888883101856	1.39979200466812
-0.0874192319868208	0.0398048854826958
1.10698275884907	0.935748026301423
0.598286523308632	0.364998220512253
0.393999376174225	0.242196655610477
-0.429994928475187	0.243602180977508
2.04425843585177	1.50789042945751
-0.429856217784491	0.243527269122507
-0.429615122034217	0.24329729755557
0.378727390829471	0.200531723202199
0.396876878494454	0.260171257683474
0.119898789663274	0.0537835419180417
-0.174455736603005	0.0911793397790474
0.170374466606941	0.0843863554800559
-1.13716482920954	0.878862085226381
-0.0495850290263104	0.0271094689755234
0.393998820278763	0.24221496570692
0.388705364199698	0.2228237408163
0.119851360032837	0.0537563736980319
-0.174492497004984	0.0911987002855928
-0.0124118503434449	0.00581552997654431
-0.119059968489727	0.0729770777774155
-0.23746978542982	0.139808115240825
-0.284717525203166	0.18663652521604
-0.740472578230699	0.452738938330306
-0.88446244260996	0.588586753525836
0.410032429213935	0.149677489118131
0.449014010846396	0.125882321374697
-4.44707690346989	1.97353179545804
0.230449616124751	0.133620924510745
0.745312944518501	0.543574984138107
0.598582673007789	0.36530237473833
-0.580454860777739	0.322299416157362
-0.795306487339825	0.429040562996724
1.08241705419274	1.08889452530686
0.921324434956384	0.5524265305633
1.14158656932169	0.780653256939168
1.06012940531189	0.577842537391584
0.204932024437242	0.110207829359279
-1.11095419840965	0.563287274191042
0.369606368030708	0.158007050490895
-0.323841422703298	0.132878231071479
1.71210589724778	1.36312948218763
1.05996734987123	0.577966932312984
-2.54809178631589	1.76457321678584
0.398766731125854	0.27775320365002
0.789206944140957	0.54394025488045
0.116178608423893	0.0681921202857881
-0.266025125113665	0.195144776596516
1.88337171031602	1.64260014946152
0.365539286330383	0.175640293355288
0.388762997440806	0.222873844908431
0.0423581224798044	0.0213887511464096
-0.45344808773457	0.286801474904568
0.845336444937576	0.716445527359605
0.598972961189324	0.365449669670106
-0.884506571599297	0.588428753084178
0.0423576214530844	0.0213884261189087
0.0587457894570351	0.0233313383669741
0.668339794470315	0.343828614069647
0.0586708691176024	0.0232936285877414
-0.829080758799353	0.606093233635507
-0.268709990012556	0.137422886733516
-0.0123423441710936	0.00578321495826335
-1.27902068358659	0.903992503803145
-3.15099443209165	2.85845789353215
0.170253854508655	0.084308299304193
-0.795557467610568	0.429227305973378
0.789264846004561	0.54394451038598
-1.1106194968633	0.562870946942689
2.29987836239244	2.50032030596867
0.394077543950188	0.242263206421765
-0.23751862527221	0.1398723323227
0.205071546672453	0.110351538960765
-0.087095693903069	0.0396362625807089
-0.884714004488368	0.588902910387814
-1.5184112689232	0.959430498339099
1.03031273414609	0.912372885505207
-0.0875247626795585	0.0398554643821223
-0.740078977484018	0.45240201762335
0.378744180687792	0.200540698956173
0.598582673007789	0.36530237473833
-0.941325320078651	0.739833669250325
1.65620855919006	1.51955240277114
0.710109729823419	0.546553077950813
0.170179807255207	0.0842887264509299
0.393998820278763	0.24221496570692
1.50451738240719	1.26750919799834
0.169589509593116	0.0838939224279902
-0.580244728564168	0.322288315069047
-0.45344624098908	0.286775668100434
-0.429868625622534	0.243546443419877
-1.13557312432465	0.741984670388943
-0.707519508503827	0.478444598517908
0.120028551647769	0.0538416400422945
-1.34624963687459	0.491942491282243
0.598573351737047	0.365281015830231
-0.829086369388326	0.606441524864473
0.966611652025928	0.36540950209132
2.18455232731688	1.03120713248554
-0.45348851591146	0.286841831680638
1.03590526157618	0.753863518623507
0.844059703677712	0.546155801156035
-0.19168054449394	0.0841002189352164
-0.510665083637769	0.185396417332941
1.32436602519462	0.631710688508099
0.92157279298149	0.552488960936937
0.116338376605539	0.0683053528732125
-0.174573431544604	0.0912716571979923
-0.268719004618864	0.137442961534784
2.17446090539467	2.21275374727039
-0.359296451796163	0.230957162279903
1.68432744117635	2.0754313389179
0.378493961987734	0.200357375434109
1.50451738240719	1.26750919799834
0.449161679976785	0.125968053773896
0.598582673007789	0.36530237473833
1.83645064175416	1.20255680724847
0.394156859268203	0.242236474373332
0.0588865751858242	0.0233783657021054
-0.707520363398452	0.478482018542316
0.0587479747293442	0.0233295790834769
-0.0025583228276369	0.000870770923181551
-0.740455350283803	0.452583296187809
0.623286300486041	0.352340568865308
0.23049085052051	0.133641236131019
-0.359483789117477	0.231208438761709
0.365548699035189	0.175813952012173
-1.51816394787249	0.959194058305068
0.921489960026533	0.552533647137428
2.1843568650897	1.0309409605743
2.18455232731688	1.03120713248554
0.843977375089106	0.545734189401513
1.6562535454424	1.51945477894097
-0.581779227500152	0.277530332539387
0.598490018563699	0.365208208471015
0.409745117083712	0.149553622921023
0.921156072870382	0.552172581688307
0.410684422475736	0.149950448704565
0.393998309938964	0.24221564521359
-0.0124118503434449	0.00581552997654431
0.845451316536306	0.716465476262939
0.230609596245056	0.133696357399747
0.365462810263777	0.175771126538925
-0.97683028062557	0.584626302691587
1.20497223605644	0.970922766106413
-0.00285025275782294	0.000970864932132848
0.365548699035189	0.175813952012173
-1.13590627216881	0.741941123296807
-1.33197678245378	0.762263841197909
-0.0873025425552024	0.039747500646423
-1.27892979719854	0.904273659674969
0.286242221084203	0.211997114863529
-0.429742023619485	0.243444703250539
-0.795391084685964	0.429117695674088
0.365459706351774	0.175748040889583
1.0597155655144	0.577756640140593
-1.11095419840965	0.563287274191042
0.921407174037824	0.552510092381016
0.546226339378666	0.400029781886946
0.598480737929632	0.365218365480648
-0.400150141167734	0.199526819273677
0.369264043213546	0.157791315274953
1.03630425054237	0.754129475284206
-0.687624328798652	0.510560384911085
-1.67982267380833	0.744085031591401
-0.453407656426313	0.286715372830678
-0.581919931251469	0.277594706556918
0.369785495549136	0.158102799873415
1.26526949992653	0.35405939751203
0.92132134334832	0.552408279546252
-0.320513993115958	0.185013055249382
1.50442489963283	1.26732282797632
-0.0873970675291552	0.0397928350708459
1.32436602519462	0.631710688508099
-0.884474976064581	0.588586594629875
-0.0123423441710936	0.00578321495826335
0.119745583702531	0.0537078184456366
-0.191765997402019	0.0841406045300469
1.88357604575587	1.64352972569819
0.388508587019126	0.222685278769995
-0.976620884568423	0.58466531707052
0.398793429534845	0.277791401936865
0.623108714196451	0.352046458796775
0.205207701750601	0.110416794371153
-0.795306487339825	0.429040562996724
-0.320473887394135	0.184996236748731
0.598592016021916	0.365255436252484
-0.707521172971948	0.478490781085457
0.119898789663274	0.0537835419180417
-0.580603062995071	0.3224974752442
-0.237459530713773	0.13981283712089
0.0423191371419603	0.0213682662442981
0.92149314149832	0.552505338452732
-1.01629436212397	0.731210863643357
1.05987776781758	0.577885042568082
1.50431446098914	1.26663501946895
-0.74018851648354	0.452313239030648
1.65613897630138	1.51943823476646
0.921576008172099	0.552528958374128
0.578043836574162	0.376548516431563
-0.575166887313808	0.357410598881356
-0.171916772816248	0.103274374076982
-1.82046463034753	1.34238046031
-0.0496121903726671	0.0271071013518728
-1.24917651944588	1.03256900421716
0.12011077257807	0.0538869679431261
1.60076130506037	0.907036493899438
-0.0121457735954574	0.0056898242385988
-0.174547594798126	0.0912442955274002
-0.0122154413396054	0.00572317029003499
-0.32342872014596	0.132754800981013
0.96681434430117	0.365384861095464
-0.509736421835564	0.18505595748735
0.119769233618733	0.0537209607675883
0.76985183637711	0.350147643346418
1.49183000363258	1.42984958407953
-0.581709036729463	0.277452981684395
0.598295700956373	0.364991769480157
0.205152501413158	0.110394674120877
0.598582673007789	0.36530237473833
0.0422784535101385	0.0213474939483703
-2.54816746439129	1.76455292274765
0.745433614820863	0.543621401408319
-2.06941680935927	1.7258360136096
-0.0875468540215103	0.039864629429921
0.771092418292579	0.351048136725648
0.560670796042941	0.388152961154497
0.369101416923485	0.157753649363207
-0.268617700571665	0.137383094548257
0.205097333541243	0.110364406966335
-0.7400701483229	0.452397258194513
-0.575338948252917	0.395390882133958
0.388553749445873	0.222747063630089
1.14103261590413	0.779690729276067
-1.67982267380833	0.744085031591401
-0.575302897931052	0.357517752740987
-0.237549527544157	0.139857738734445
0.668410467979929	0.343916625774154
-0.674630956568425	0.547230192404703
0.119875060412801	0.0537756254140837
1.24274888728981	1.14736338565194
-0.0496511828299678	0.027144046289517
0.36935409343749	0.157893264397153
0.119898789663274	0.0537835419180417
-1.1106194968633	0.562870946942689
0.577959184122381	0.37641487267881
-1.68009156842078	0.744218155905003
-0.2687279974696	0.13743703950627
0.59876817292181	0.365396418954223
1.30493735728909	0.824723522711219
0.966115081639169	0.36503491384216
-0.429950452375248	0.24348328317285
1.36663620317732	1.36668101803728
1.30501426911843	0.824612267549947
-0.400408163058232	0.199679139220261
0.0588184960278527	0.0233556454638202
0.598675391106249	0.365365106671917
0.577962852066937	0.376462056263808
1.52048344832297	1.08721326266073
0.394038396008532	0.242246959131393
0.681217412014632	0.552162893124724
-0.191512303756222	0.0840051241110584
-1.13509200338228	0.741083242582269
0.0422779358186762	0.0213460423590448
1.52015070189972	1.08699171306418
-0.795219125684705	0.428833157596566
-0.429754352431401	0.243433445629051
0.379126762983442	0.200717512701271
-0.57992373851397	0.321874824648446
-0.0877356033066293	0.0399392080186297
-2.38298677712539	1.52480996919281
-0.976598104893979	0.584662631574268
-0.576535828315392	0.435303100740969
1.03609050264872	0.753887619893022
0.0422784535101385	0.0213474939483703
1.33420451960828	1.01921230707526
0.844452767399357	0.546400878858197
-0.707561374899847	0.478454287577905
-0.687610802839961	0.510500518357591
-0.58058145281604	0.322389884842586
-1.04539021354356	0.878624137014173
1.60140883922882	0.907211457837158
0.409457465256804	0.149381108415224
-0.429569897812295	0.243195649583235
-0.843506268400428	0.367618364064751
-1.11070663736419	0.563156850939472
-1.11070663736419	0.563156850939472
-0.191765997402019	0.0841406045300469
1.52048344832297	1.08721326266073
-0.740664323651973	0.452774631468804
-0.976575296838952	0.584360386105283
-1.3317745152485	0.761621204316014
0.623156321552976	0.352260784925711
-0.575306066526481	0.357587683954408
0.369696009095169	0.158067754520311
0.770077356123395	0.350293483548051
0.0836243033187161	0.0456856938071087
-0.45352894096537	0.286840111372119
-1.11070663736419	0.563156850939472
-0.884632253303745	0.58876380922075
-0.104318795135885	0.0558015566425405
0.205326180631825	0.110475840885606
-1.13578138472696	0.741904171244804
-0.0876302197595823	0.0399015975036765
0.668410467979929	0.343916625774154
0.378837053043127	0.200602993253842
1.30493947629717	0.824751306985012
0.843944591812304	0.545998305661356
-0.320552374954212	0.185067543761871
0.042279016727012	0.0213478495403599
2.55658995944041	2.45849265958888
1.33420451960828	1.01921230707526
-0.191765997402019	0.0841406045300469
-0.268516230467572	0.137314152183712
-0.581926773938707	0.277615561483504
0.449161679976785	0.125968053773896
-0.191683506242611	0.08409339741583
0.8948554279299	0.722860221926672
0.23053041269172	0.13366829299905
-0.268912224783566	0.137532775591647
1.14119702436819	0.780028473934667
3.40027364600021	0.889720779959611
-0.000965805519779664	0.000328927263224629
-0.0123423441710936	0.00578321495826335
0.668481033440034	0.343942560095741
-0.0938482431519809	0.0269330261228933
-0.00314254953332322	0.0010707871322457
0.844245436694145	0.546340791689674
-0.174459521127491	0.0911992843731911
-1.33204907972189	0.762666443275466
1.14158656932169	0.780653256939168
-0.843506268400428	0.367618364064751
0.369011111809398	0.15765166217701
1.79290661413978	1.7773789623566
0.249950414270769	0.155064825728373
0.163536921612174	0.109088421630178
0.170272425689712	0.0843399388739337
0.205130478099973	0.110380892749031
-1.52956420490388	1.23835359210986
-0.104278391852856	0.0557721044560038
0.681244637010705	0.552057062919639
-0.32351770392979	0.13279342860992
0.36935409343749	0.157893264397153
-0.32342872014596	0.132754800981013
0.20515621128702	0.110408160639295
-1.110169684093	0.562673512171069
-1.35316337837052	1.19040351769354
-0.429868625622534	0.243546443419877
1.14179923117988	0.780574229555631
0.388578192406689	0.222727431738731
0.0423180273406882	0.0213686808954471
0.119957212376391	0.0537989379879724
-0.0873025425552024	0.039747500646423
-0.581992602634161	0.277694049871378
0.0826585716730167	0.0555204157740885
0.388705364199698	0.2228237408163
0.12011077257807	0.0538869679431261
-0.320511550772078	0.185038220306322
1.26516945989015	0.354019901622356
0.378621720444965	0.200461497743518
0.170346455264285	0.0843272703482159
-0.829085333646607	0.606448881785564
1.32249667596797	0.630085457901648
0.378837053043127	0.200602993253842
0.120264726831324	0.0539494870265262
-0.581851832882174	0.277688325692166
2.45951466304551	1.40053088832648
0.119510738475456	0.053574817899462
1.06005677723729	0.577964964153784
-0.0124118503434449	0.00581552997654431
0.410684422475736	0.149950448704565
-0.104356587212664	0.0558165072825962
0.0835446088839212	0.0456305775538592
-0.0122850641813574	0.0057559911383436
0.396977175798824	0.260262280706806
-0.580244728564168	0.322288315069047
-0.323606841794993	0.132787041663478
0.956957960221602	0.734596218098462
-0.174547594798126	0.0912442955274002
1.3557177135514	1.19638433786276
-0.4534876275693	0.286851758282326
0.205266784752764	0.110460669177488
-0.45344808773457	0.286801474904568
-0.795470598735211	0.429005412207795
-0.400197135988387	0.199458927531394
0.170087252377099	0.0842292700614622
0.894893128141141	0.722659772003715
0.0423180273406882	0.0213686808954471
1.5046190920332	1.26744350671332
0.0423191371419603	0.0213682662442981
0.365714364360966	0.175875869700692
0.598861018517101	0.36538933531321
-1.27863245309779	0.904117251927921
1.30486881791975	0.824289642966207
0.560590082719013	0.387937324675646
-0.320472080549721	0.184999887675071
1.33430767166807	1.01938904096222
-0.429811544627333	0.24349758007301
-0.00285025275782294	0.000970864932132848
0.170078037123426	0.0842362332696313
1.26543271121499	0.354100739436288
-0.840646133172398	0.366026539748054
-0.580603062995071	0.3224974752442
0.378727390829471	0.200531723202199
-0.57525108074046	0.357535915462596
-0.00285025275782294	0.000970864932132848
1.14124441291442	0.780397358047567
-1.01623661359486	0.730952335251491
-1.68044005713324	0.744499058156728
-0.00314254953332322	0.0010707871322457
-0.580371561309725	0.322378988803852
0.369947629246914	0.158137464148818
-0.976388308966963	0.584207226036347
-1.06716904388349	1.0328172351646
0.522511072857812	0.425388950611855
-0.268617700571665	0.137383094548257
-0.320471387299354	0.184979124807724
-0.268516230467572	0.137314152183712
0.205126733349182	0.110389989862704
-2.3828476805324	1.52465326525564
-0.429925595459858	0.243580051469603
-0.359435544098484	0.231227533097986
-0.792000758207755	0.632580193184753
-0.829164181524425	0.606473226288315
0.0583519208589918	0.0369557153375701
1.71239929108822	1.36398339516012
0.771024001739316	0.350851866827174
-0.842573501506563	0.367295334988531
0.393999376174225	0.242196655610477
0.23053041269172	0.13366829299905
1.35562886254034	1.19642011603424
0.205042198106717	0.110325991467597
0.560752263802728	0.38807904812616
-0.174544124873814	0.0912564848517119
-0.0124813117514577	0.00584729622039226
-1.01618164373989	0.730804432222955
1.20485702201356	0.970720282769377
-0.976365401250023	0.584398859616745
-0.5801177025606	0.32217404700399
-0.0872202098935879	0.0396925932505551
0.844142036023125	0.546193480334791
0.170365107743381	0.084383949304422
0.598573351737047	0.365281015830231
-0.575280127168348	0.357541128183675
1.10694319741214	0.935552061811469
-0.268617700571665	0.137383094548257
-0.0875468540215103	0.039864629429921
0.388705364199698	0.2228237408163
0.710060741176845	0.546447900105888
1.03619257372466	0.754073805053677
1.0596257295169	0.577674605165275
2.04419556984704	1.50835659052295
-0.191768903144085	0.0841252697608303
1.0597155655144	0.577756640140593
2.17446090539467	2.21275374727039
0.623735722189373	0.352516007090823
0.0587412742586255	0.023322231337089
0.380320694909218	0.0704134220050887
-0.976470386658705	0.584506017782514
0.170078037123426	0.0842362332696313
0.369443988447083	0.157954068466191
-1.04536625336893	0.878430965171288
-1.4502448302769	1.35228240029353
0.598194140587528	0.364865830215773
0.249918996642399	0.155043388295526
0.0836243033187161	0.0456856938071087
0.388623453802359	0.222807132021994
0.398766731125854	0.27775320365002
-0.389615298566888	0.27701051282046
0.142489319662021	0.089416780853008
0.598666029175516	0.365312255321971
0.20515621128702	0.110408160639295
-1.67827674680171	1.1536712482776
-0.575141012182052	0.357252019741491
1.6562658600108	1.51972600313093
-0.320473330609048	0.185007486119419
0.205100973330945	0.11036967785944
0.378643955473557	0.200452340941438
0.388693203120202	0.222849389931697
0.388693203120202	0.222849389931697
-0.00125614142680821	0.000428435382610242
-0.268709990012556	0.137422886733516
0.623392508810783	0.352425458002545
1.06021873399349	0.577924233695351
1.36672620527958	1.36634360803682
0.388693203120202	0.222849389931697
-0.42988102086544	0.243519815871298
0.623156321552976	0.352260784925711
0.205296443575086	0.110471969951527
0.745353938169583	0.543696369311969
-0.453486695923122	0.286846798923099
-0.0873136276015911	0.0397499196226352
1.52040088773372	1.08726349047316
0.623238534198675	0.352266810403192
0.170179807255207	0.0842887264509299
-0.842573501506563	0.367295334988531
0.265241041320211	0.175442702507102
0.78893980475248	0.543791021826737
0.369533728475468	0.157989232089938
0.844028011001346	0.54588499654929
-1.51840982581887	0.959105734342332
-0.104278391852856	0.0557721044560038
-2.54793662767654	1.76400174846487
0.388750876020199	0.222881622076993
-0.0123423441710936	0.00578321495826335
-0.884670169842857	0.588584325021657
0.396901374837233	0.260194980996735
-0.429742023619485	0.243444703250539
-0.687624328798652	0.510560384911085
-1.40918022913308	1.06877036607226
0.0586730762067555	0.0233010280801353
-0.191763069164488	0.0841344545583103
-0.191768903144085	0.0841252697608303
1.50470253863688	1.26757955472315
-1.11070663736419	0.563156850939472
-0.320473330609048	0.185007486119419
-0.429742023619485	0.243444703250539
0.95689862688858	0.734589435516779
-0.0871062752832628	0.039644736391682
-1.1372011518517	0.878877855828895
0.0836693107122105	0.0457090630379767
-0.884657543519209	0.588843512301589
0.917794079167711	0.888873202984741
1.20457849774969	0.969999008157581
-0.268414594212216	0.137235508430333
-0.842861219755843	0.367305958459751
0.369281560627773	0.157849816719288
-0.47209074660014	0.330014700185048
-0.884644904679083	0.588878517612653
-0.268626755667087	0.137386831811978
-0.575331997851687	0.357565550468974
-1.33191294548162	0.762213136261659
-0.472144204724895	0.330024458230868
-0.941349427084676	0.739839943684221
0.789079325953716	0.543893240613633
-3.1510466959053	2.85878885476165
1.20450897881166	0.969434717558998
0.378727390829471	0.200531723202199
0.771092418292579	0.351048136725648
-0.581922163948477	0.277706756599217
2.45924103982581	1.4000062836938
-0.795641716677105	0.429218074573229
0.560709830432059	0.388151674306149
-0.104399592297262	0.0558404234022689
0.844245436694145	0.546340791689674
0.365542401306716	0.175768098348355
1.30500783274078	0.824827623389173
-0.976470386658705	0.584506017782514
0.205322120318226	0.110472881952952
-0.740564231799896	0.452784120644182
0.78893980475248	0.543791021826737
-1.82023890994271	1.34247982951609
0.170068843650991	0.0842286987652546
0.205292488330032	0.110454624519565
1.52031552276731	1.08722702084927
0.59856405223488	0.365185921295606
1.14148035323186	0.780569854920254
0.230450440407156	0.133617280023361
0.170263129213505	0.0843313417776692
0.0835896232229875	0.0456627648321035
0.921410321822283	0.552421724487917
-0.580476543617623	0.322432153035535
-0.509736421835564	0.18505595748735
-0.400150141167734	0.199526819273677
0.771384657824967	0.351194621180954
0.844452767399357	0.546400878858197
-0.0874192319868208	0.0398048854826958
0.365462810263777	0.175771126538925
0.623498793602424	0.352474627314365
0.378493961987734	0.200357375434109
1.91780290847877	2.04017721972155
-0.0121579779232437	0.00569550785644836
0.95689862688858	0.734589435516779
-0.576510187139712	0.435173891748638
-0.575269515855501	0.39531231923306
0.39395926482031	0.242165352884471
-0.47206566075023	0.329848792598347
0.277044169749406	0.194394574695119
-0.171888954875426	0.103262528114191
1.3557177135514	1.19638433786276
0.396856390057272	0.260089506393958
0.0423581224798044	0.0213887511464096
-0.389649745265098	0.276965158520686
-1.45021027041808	1.3523329461065
0.578128702372086	0.376615585739378
-0.67439662495425	0.547304924511479
0.769981765549915	0.716195722852475
0.560672269912082	0.388121508634766
0.399553293532461	0.29460024285172
-1.74465515290125	1.59024566701728
-0.0872097202919863	0.0396986290401776
1.03590526157618	0.753863518623507
-0.581784038930277	0.277651257807727
-0.268709990012556	0.137422886733516
1.03582192902147	0.753770484106199
-0.580603062995071	0.3224974752442
1.10698224228693	0.935763922650651
0.598480737929632	0.365218365480648
0.709960466353092	0.546453636093704
-0.429811544627333	0.24349758007301
-0.453528065982023	0.286864929800277
-0.0121579779232437	0.00569550785644836
0.365542401306716	0.175768098348355
-0.740262966664053	0.452575713375946
-0.400255793183877	0.199576929984158
-0.581786516589405	0.277551473252916
-0.191768903144085	0.0841252697608303
-0.104320343754685	0.0557980556015589
0.116311642762167	0.0682935907870279
0.170365107743381	0.084383949304422
-0.70760079242797	0.478310696829718
0.598480737929632	0.365218365480648
-0.400279254651867	0.199611151597535
-0.399914968060413	0.199342745662806
0.668339794470315	0.343828614069647
0.623238534198675	0.352266810403192
-0.976493244523567	0.584555562455094
-0.00285025275782294	0.000970864932132848
-0.323768775804252	0.132906269597143
1.32371794960321	0.631519863553089
-0.400255793183877	0.199576929984158
0.771092418292579	0.351048136725648
-0.191851314271925	0.0841724378088938
-1.52959235860103	1.23848521961995
-0.79555987545679	0.429146870875061
-1.40938958129043	1.06886726566063
-0.47209074660014	0.330014700185048
0.804473408112876	0.715506117232359
0.709870475413786	0.546027292217747
-1.13720220521042	0.878917030944994
1.03591449475179	0.753942920815292
-1.74458154227989	1.58919662795347
-1.5295378680566	1.23836981023354
0.0586418311528885	0.0437730794858097
0.635372094820608	0.566593181174865
0.399616608350131	0.310668095702081
-0.575137634129499	0.357362692467294
1.10706244243292	0.935787622712917
0.230568482664177	0.133702810948979
-0.268414594212216	0.137235508430333
0.230452219096468	0.13358174972217
-0.434677135481522	0.367791401945845
0.0165245055522652	0.011154375021723
0.396936146469818	0.2602327506778
-0.389424342727476	0.276838214762351
-0.268719004618864	0.137442961534784
0.286037497754699	0.21193658806586
-0.58022292583536	0.322227384173889
-0.0122727931927386	0.00575042631266952
-1.95778543332321	1.00412011001723
-1.51816394787249	0.959194058305068
-2.6912922060936	1.99366022764489
-0.26842377376637	0.13725791720775
-0.174628515728416	0.0913006915587617
0.369281560627773	0.157849816719288
0.710029975803891	0.546567476157879
0.546135855147718	0.399917021497062
0.578018102972575	0.37654181246198
0.0423592611971083	0.0213859834041211
-0.581854188280408	0.277697073220254
0.369533728475468	0.157989232089938
-1.9502185502244	1.53504277273395
-0.429811544627333	0.24349758007301
1.30500783274078	0.824827623389173
-0.00190672948753378	0.000649411384947845
-0.580371561309725	0.322378988803852
0.394038396008532	0.242246959131393
0.119898789663274	0.0537835419180417
-0.45344624098908	0.286775668100434
-0.472062723377013	0.329855658115391
1.24274888728981	1.14736338565194
0.0423185594731741	0.0213690212508505
1.3233545451629	0.630955343798237
0.378727390829471	0.200531723202199
0.378744180687792	0.200540698956173
0.170068843650991	0.0842286987652546
0.169976433422897	0.0841776092708832
0.89481580104424	0.722706676029288
-0.581641483154413	0.277422867491872
0.512437483722046	0.437675795663744
-0.173952073477579	0.118035925509926
0.512558428211026	0.437836301190536
0.398986587271914	0.325944794418626
0.24997468863786	0.15509621575848
-0.28458417543874	0.186525793686448
-0.389675959405441	0.277012298866188
0.277000858389162	0.194377257837477
-0.687589644821375	0.510540860097034
0.598684774774916	0.365349678431694
0.398925379879744	0.27784571120507
1.08247014058638	1.08897829885134
-0.575283121610636	0.357370124931737
0.668406126703993	0.343748672064122
-0.171862804969046	0.103246873333961
0.170263129213505	0.0843313417776692
-0.453490162672525	0.28677610879887
0.250044286495274	0.155129883729938
0.299705974049361	0.245228597192097
-0.0495187391255497	0.0270609617240208
-0.2687279974696	0.13743703950627
-0.795473084150557	0.429189025577302
0.393958723380873	0.242166010414656
-1.24925910986211	1.03238454028396
-1.40934725150451	1.06912104559651
-1.52964843587926	1.2385261432619
-0.0123423441710936	0.00578321495826335
1.35563266451659	1.19658288270597
0.394116820155748	0.242245377382797
-0.0873848714595538	0.0397782837000225
-2.54816746439129	1.76455292274765
0.378744180687792	0.200540698956173
-0.580624647641511	0.322477621178051
0.92132134334832	0.552408279546252
0.180831438170182	0.127660399419406
-0.0873025425552024	0.039747500646423
0.894934741024717	0.72300838649018
-0.32393075771785	0.132964596123413
2.18542275516445	1.03146834487276
0.0587457894570351	0.0233313383669741
0.249929441003308	0.155058665247787
0.844245436694145	0.546340791689674
-0.976493244523567	0.584555562455094
-0.707481746061678	0.478444102656824
1.79293251769273	1.77751284299719
0.170059671984345	0.0842063275246382
-0.323679539396547	0.132867515469766
-1.11045946877855	0.562965619456525
-0.429868625622534	0.243546443419877
0.598480737929632	0.365218365480648
2.03693013310587	1.92883662490396
0.560711885972035	0.388147474403836
1.50451738240719	1.26750919799834
-0.11900751032464	0.0729305191174992
-0.0122727931927386	0.00575042631266952
-0.171889531829943	0.103267851984991
0.39966555312206	0.294716052552105
-1.13724350386681	0.878534666622549
-1.06722958283494	1.03291931291923
0.394077992026695	0.242262483225049
-0.487309490250497	0.373670893306532
0.635646029977667	0.567065747284331
0.39912631954817	0.326068388377648
-0.429754352431401	0.243433445629051
-0.0497239730911766	0.027181235394223
-0.829086369388326	0.606441524864473
-0.400150141167734	0.199526819273677
-0.45352894096537	0.286840111372119
0.845403912063723	0.716533200039396
0.396936146469818	0.2602327506778
0.710040201323559	0.546575985920525
-0.579309560273829	0.477063146173297
-0.171969135860426	0.103312109320044
0.503743734529242	0.450256578387094
-0.19168054449394	0.0841002189352164
0.397085516702749	0.260243980179117
0.0837040002746334	0.0457264227156212
1.36663620317732	1.36668101803728
-0.400302687392056	0.199595859940072
1.0360071240707	0.754049538610323
1.20497223605644	0.970922766106413
-0.10431959113781	0.0558011663734158
1.30501002656905	0.824855468544757
1.107101141716	0.935935134850516
0.396911610810945	0.260226883174291
1.26513804701412	0.354123472590601
0.0588139280471816	0.0233556784550016
-0.00594870335486252	0.00332924516804532
0.788927613401003	0.543735628832399
-0.0121701696544959	0.0057003464533006
-1.95021168415333	1.53448054888632
-0.842217165704752	0.366945966505995
0.369101416923485	0.157753649363207
0.844049245470728	0.54612619942835
-0.453523041791517	0.286744325804288
-1.13716571635565	0.878750408636961
-0.884336214545811	0.58813673711709
-3.15104226015833	2.85852726785948
-1.3320517981059	0.762350672909563
0.921238684730593	0.552324794055389
-0.400384780578106	0.19966118834964
-1.13720321345906	0.878905550941361
-0.795221755124498	0.428924725702898
1.03590526157618	0.753863518623507
-0.687648331405605	0.510503447501297
0.533651612856611	0.412931714320201
-0.487352758396561	0.373715921399116
-1.14277307964891	1.02423253456261
0.804412629089121	0.71539232069371
-0.792159446567357	0.632575143476861
0.0292327481238893	0.0173837261691827
1.02259533141376	1.07078996150227
-0.933968963408759	0.917308264511273
-0.38953741575754	0.27694709902892
0.23052811985298	0.133680230051694
0.388762997440806	0.222873844908431
-0.174514740171446	0.091236144615508
0.560750823243541	0.388178877146149
0.71005458211204	0.546523631413221
-0.575225160111578	0.357442872376599
0.0423180273406882	0.0213686808954471
0.546295972751385	0.400029492366873
0.276932654578938	0.19431118824994
0.399718122297001	0.294762082365456
-0.174573431544604	0.0912716571979923
0.378643955473557	0.200452340941438
-0.429969967247579	0.243538297787108
-0.174514740171446	0.091236144615508
-1.01634919800968	0.731217314444919
0.844442087914834	0.546426797242726
0.844245436694145	0.546340791689674
-0.429856217784491	0.243527269122507
0.388693203120202	0.222849389931697
0.12011077257807	0.0538869679431261
-0.976388308966963	0.584207226036347
-0.0121004029027061	0.00566746725900745
-0.580371561309725	0.322378988803852
-0.581922163948477	0.277706756599217
-0.580476543617623	0.322432153035535
-0.884575760396575	0.588743079775032
-0.400255793183877	0.199576929984158
0.956902566778186	0.734555045157672
1.79291001626607	1.77584286337593
-0.174544124873814	0.0912564848517119
-0.740564231799896	0.452784120644182
-1.27883884865679	0.904144068840404
-0.580371561309725	0.322378988803852
-1.34624963687459	0.491942491282243
0.410032429213935	0.149677489118131
-0.884531729589841	0.588722293116452
-1.64080101572284	1.41123531072883
-0.4297991763118	0.243493611717284
-1.67881545990619	1.15337581046518
0.770438655215179	0.350662431796396
-0.268736968540693	0.137402640890095
-0.323178299118294	0.132626269521487
-0.429742023619485	0.243444703250539
0.844245436694145	0.546340791689674
1.30501426911843	0.824612267549947
2.23164418500352	1.82103749966626
0.623156321552976	0.352260784925711
0.396977175798824	0.260262280706806
-1.74461765898655	1.59018409630918
0.230487760154232	0.133641469554507
-0.576642399663144	0.435459503434215
-0.320511550772078	0.185038220306322
1.03590526157618	0.753863518623507
-1.2491804841411	1.03278535988771
-0.740280398947646	0.452574775308571
0.789021719765927	0.543765482461679
-0.174463165959568	0.0911892241190449
0.0837040002746334	0.0457264227156212
0.578073386398327	0.376592353319862
0.393960484287744	0.242106313459953
-1.8591222416079	2.23415734879757
-0.976493244523567	0.584555562455094
-0.45344808773457	0.286801474904568
-0.8291630429523	0.606447548597179
0.546191546545707	0.399994409087937
-0.575297408923719	0.395494954102611
1.88376090667841	1.64383819775375
0.560670796042941	0.388152961154497
0.845482308512776	0.716303893040157
-0.884657543519209	0.588843512301589
-0.453485720976542	0.286825894441277
-0.829122506699366	0.606416348519176
-0.429742023619485	0.243444703250539
0.205100973330945	0.11036967785944
-0.320434303761083	0.184938872669422
-0.17459926023523	0.0912855489687525
-0.268921114931938	0.137530879122937
0.0836139988449978	0.0456801177731202
0.668481033440034	0.343942560095741
-2.37977395426451	2.3171138629055
-1.95690074927006	1.00326104207221
0.37882650870246	0.200579110731171
-0.0121701696544959	0.0057003464533006
1.71255185699943	1.36348326496174
0.365377058174033	0.17570635540703
1.33440052731901	1.01942425686405
-1.24914234780732	1.03255858015583
0.230568482664177	0.133702810948979
1.32343256698575	0.631253155849864
0.771745171623263	0.351293543815406
0.598675391106249	0.365365106671917
0.12034702103488	0.0539879293877707
-0.0945452117596051	0.0271462991052748
-0.268608623749507	0.137354005666895
-0.58178160921078	0.277642461693518
-0.237587939229765	0.139889618844876
0.0586752350175879	0.0233026661375095
-0.510098148612271	0.185160854762058
0.668414615793708	0.34385587193997
-1.11120215275118	0.563348609619044
0.0423977057639784	0.0214070367044068
0.378744180687792	0.200540698956173
0.598972961189324	0.365449669670106
-0.0122276726897269	0.00572835891609193
0.230568482664177	0.133702810948979
0.120216878406035	0.0539296496159934
-0.57538996445978	0.357597568636075
-0.884770354939938	0.588923492607131
0.0292500203795323	0.0173948579542365
-0.17456992674774	0.0912652369592895
0.710138968526237	0.546057908022867
0.546170676644428	0.399976726180858
0.265160751090431	0.175456670823364
0.956843336205729	0.734548363620484
0.24997468863786	0.15509621575848
0.533712384989079	0.413029755323642
1.20496009589364	0.970744195528323
0.26510168194708	0.17541465777122
0.560554432179692	0.387805375690295
-0.4534876275693	0.286851758282326
0.578014364927905	0.376465316524239
0.598480737929632	0.365218365480648
-0.70752193721132	0.478472790723747
-0.941362863417096	0.739583873961271
-0.42990068806373	0.243455304135283
-1.13720005339703	0.878783264435031
0.378599511099908	0.200427507791295
0.393998820278763	0.24221496570692
1.03035772769532	0.912497242726863
1.03027797531706	0.912236172831184
1.20485702201356	0.970720282769377
0.249988651842657	0.155095063483007
-0.67458753070793	0.547305096880833
0.0423586690649514	0.0213879798283963
-2.18919336135836	1.26985540555962
-2.93863515577895	2.42988477293541
-0.0120882381999243	0.00566213416702119
-0.0757250541528548	0.0472947105650786
0.845392160368185	0.716330419328126
0.623156321552976	0.352260784925711
0.205075221343872	0.110332408266124
-0.0025583228276369	0.000870770923181551
0.409745117083712	0.149553622921023
0.119875060412801	0.0537756254140837
-0.429754352431401	0.243433445629051
-1.27843340599359	0.903691037125141
-0.4297991763118	0.243493611717284
1.20503001040664	0.970801529945006
0.598573351737047	0.365281015830231
-4.18295556830153	1.58917766315039
-0.581997063456053	0.277602792429836
0.844142036023125	0.546193480334791
0.378621720444965	0.200461497743518
0.20515621128702	0.110408160639295
0.170272425689712	0.0843399388739337
1.48074305695579	1.59308211932324
-0.0122850641813574	0.0057559911383436
0.598582673007789	0.36530237473833
-0.171863365176674	0.103245804873814
0.39700159284157	0.260302023027962
-0.829124767395153	0.606503723818148
-0.0122850641813574	0.0057559911383436
-0.429823900373269	0.243455736202764
0.844142036023125	0.546193480334791
2.04419091510948	1.50859841746199
-0.687645531220509	0.510520092573715
0.103269621139616	0.0732206800130946
-1.67982267380833	0.744085031591401
-0.575199231441372	0.357237731322231
-1.13716189686811	0.878895305292996
0.844163062994518	0.546224354744882
-0.400408163058232	0.199679139220261
1.3233545451629	0.630955343798237
-0.0875247626795585	0.0398554643821223
-0.0933542386755156	0.0267801552868843
-5.03544980163394	2.98034229015839
1.79301694329778	1.77782672458408
-1.01629436212397	0.731210863643357
0.396956601925935	0.260280489844571
-1.51824651968381	0.959357860364367
0.598592016021916	0.365255436252484
-0.0121701696544959	0.0057003464533006
0.365548699035189	0.175813952012173
-1.01626830299246	0.731124793594598
0.23052811985298	0.133680230051694
0.388705364199698	0.2228237408163
-0.191848441999651	0.0841748012731843
-1.3317745152485	0.761621204316014
-1.34596633931712	0.491729044914134
-3.49399226331735	0.93632805156968
0.449309162014442	0.125981085204417
0.41039768616025	0.149826752222597
-0.509736421835564	0.18505595748735
-0.842573501506563	0.367295334988531
0.623108714196451	0.352046458796775
-0.00321092368226869	0.00109246418514769
0.37903365004806	0.200695229132283
0.449161679976785	0.125968053773896
-0.191763069164488	0.0841344545583103
1.30500783274078	0.824827623389173
0.0587435559436112	0.0233296694197922
-0.00285025275782294	0.000970864932132848
1.20485702201356	0.970720282769377
-0.581997063456053	0.277602792429836
-1.01637790533487	0.731279019263317
-1.40893035697046	1.06745730719207
-0.0873970675291552	0.0397928350708459
0.170170551402025	0.0842873863496133
1.03590526157618	0.753863518623507
-2.54832203739298	1.76465751015632
0.770438655215179	0.350662431796396
-1.13557312432465	0.741984670388943
1.03611851081783	0.753977377386706
-1.95778543332321	1.00412011001723
0.668339794470315	0.343828614069647
-1.67885839139668	0.74297195066748
-0.174514740171446	0.091236144615508
0.119980963262918	0.0538242500271638
1.7126342223749	1.36396851822526
0.378837053043127	0.200602993253842
-0.400302687392056	0.199595859940072
1.60040312737798	0.906314534082061
0.0588115719246944	0.0233482042366705
-1.33184367767742	0.762015428988325
0.62326240290656	0.352345581752505
0.0586752350175879	0.0233026661375095
0.20515621128702	0.110408160639295
-0.429938030218216	0.243568625526263
-0.792160581600657	0.632457478385807
-0.26843293162844	0.137254509896172
0.365637963674233	0.175752205851643
1.05996734987123	0.577966932312984
1.14158656932169	0.780653256939168
-1.2786405784213	0.904106788970841
0.205237204149976	0.110442438968594
-0.884588372446995	0.588819046433955
-0.0872920717273817	0.0397381772141896
0.598369773009247	0.36494152529736
-0.359424999637583	0.231221859869823
0.84529835978895	0.716352267183875
-0.26882014270592	0.137493109818912
-0.429742023619485	0.243444703250539
-0.829161861228045	0.606385804968966
-0.453568501267303	0.286832048510149
-0.104357499932016	0.0558222115623603
0.656673725714302	0.559154305542485
0.681164528369224	0.552169548046072
0.0587457894570351	0.0233313383669741
0.770438655215179	0.350662431796396
0.560711157363661	0.388178233889262
-0.191848441999651	0.0841748012731843
-0.429925595459858	0.243580051469603
0.0587479747293442	0.0233295790834769
-0.575137634129499	0.357362692467294
1.30500783274078	0.824827623389173
0.120158519787718	0.0538946236082236
-1.11095419840965	0.563287274191042
0.365456625025868	0.175660863510342
-0.581924444867391	0.277715453255469
1.03582192902147	0.753770484106199
1.14132666656629	0.780469271001445
0.578014364927905	0.376465316524239
-0.191600968462381	0.0840252559426154
0.598499320946426	0.365122738899988
-0.884826594921017	0.588899553734
1.03619257372466	0.754073805053677
-0.57525108074046	0.357535915462596
-0.575361020021202	0.357592442111619
-0.581856591724575	0.277597221348804
0.578128702372086	0.376615585739378
-0.581784038930277	0.277651257807727
1.88355613928244	1.64290787797106
0.62326240290656	0.352345581752505
-0.581922163948477	0.277706756599217
0.120134631761478	0.0538964433430745
0.0423581224798044	0.0213887511464096
-0.0496859935586384	0.0271630129061038
-0.740372218460723	0.452702879152707
-1.32012080321125	1.32991363726896
-0.268229409178249	0.137106756034587
0.265075171393988	0.175390756254714
-1.01165504741787	1.05232337197196
0.170365107743381	0.084383949304422
0.546279557483176	0.400028065309832
-0.576588213564014	0.435335420001276
0.89497320652202	0.722890189394456
1.71231699927715	1.36387533336544
0.600893668621499	0.583730637935768
-0.0496197888314195	0.0271299727345174
-1.01621060763029	0.730957299211709
0.170365107743381	0.084383949304422
0.0423185594731741	0.0213690212508505
0.388693203120202	0.222849389931697
-1.13532229991961	0.741731857047717
0.578073386398327	0.376592353319862
1.52031837389016	1.08720177898495
-1.27863245309779	0.904117251927921
-0.795306487339825	0.429040562996724
0.378643955473557	0.200452340941438
-0.842573501506563	0.367295334988531
0.388750876020199	0.222881622076993
1.03609050264872	0.753887619893022
-0.581849525599261	0.277576220823309
0.623392508810783	0.352425458002545
-0.429811544627333	0.24349758007301
0.230608144391735	0.133712334356386
-0.320589644469703	0.185041515108274
0.205241089187748	0.110449762702166
-0.0121579779232437	0.00569550785644836
-0.795391084685964	0.429117695674088
2.6842351227068	1.75307436975992
0.788882342572252	0.543663401868141
-1.33191007996814	0.762528663311124
0.578073386398327	0.376592353319862
1.30501217205153	0.824788016597256
0.388866557100892	0.222888733927138
-0.320590430654897	0.185062347151589
0.398792926930983	0.277777135794923
1.20483259624617	0.970734582695714
0.394037483159254	0.242231885268213
1.20497223605644	0.970922766106413
-0.795473084150557	0.429189025577302
-1.1106194968633	0.562870946942689
0.378858214814135	0.200532640238209
1.50460992872118	1.26759481849811
0.956843336205729	0.734548363620484
0.598582673007789	0.36530237473833
-0.174485277419969	0.0912106313420276
0.668339794470315	0.343828614069647
0.378847621753956	0.200589252322247
0.12034702103488	0.0539879293877707
0.170189084859863	0.084275573275024
1.03034750926467	0.912449882956028
-0.400536866605911	0.1997271130363
0.0422401339956056	0.0213241934971351
-1.04537690067048	0.878388728457478
0.39411807088477	0.242241986020776
0.116257202425565	0.0682483847776312
-0.580371561309725	0.322378988803852
-0.740372218460723	0.452702879152707
-0.26842377376637	0.13725791720775
0.0581472546171007	0.0368291339804957
-0.0873025425552024	0.039747500646423
-0.19168054449394	0.0841002189352164
-0.323768775804252	0.132906269597143
-0.10435836928934	0.0558246704842912
0.844152537341915	0.546273411772544
0.36562514309808	0.175747510721222
0.668339794470315	0.343828614069647
-0.191763069164488	0.0841344545583103
-0.580476543617623	0.322432153035535
0.394038920805071	0.242228624143532
0.388553749445873	0.222747063630089
0.120004743026815	0.0538382787021705
0.396911610810945	0.260226883174291
0.623581105337798	0.352328790053237
-0.884714004488368	0.588902910387814
0.170068843650991	0.0842286987652546
0.394038396008532	0.242246959131393
-0.884519156846644	0.588683549507875
0.668341817602373	0.343821264073672
-1.40916725954337	1.06883587092141
0.119875060412801	0.0537756254140837
0.388381832277381	0.222506618891803
0.36520892134614	0.17553579812266
-2.54801369606555	1.76433535194584
-5.18338913109352	3.25942536263587
-0.0122398914365767	0.00573275860786979
-1.40933416517034	1.06897719510538
-0.19168054449394	0.0841002189352164
-0.0497133853362127	0.0271740483697428
1.30501217205153	0.824788016597256
-1.6786505111417	1.15397171771567
-0.429994928475187	0.243602180977508
-0.976237354532631	0.584191915231461
1.52031269396009	1.08661347608547
-0.509736421835564	0.18505595748735
0.668341817602373	0.343821264073672
-0.429868625622534	0.243546443419877
-0.0875026457018197	0.0398390244357153
-0.174430007089212	0.091173747936002
0.598592016021916	0.365255436252484
0.37903365004806	0.200695229132283
-0.268709990012556	0.137422886733516
1.35554782872336	1.19651223683715
-0.171915691025506	0.103283513926992
0.560709830432059	0.388151674306149
1.71218813755133	1.36379252078282
1.03620195042652	0.754167711587714
0.365380128458397	0.175707559308492
-0.174738587019409	0.0913226325583963
0.710089400663079	0.546494755378494
0.89489507458496	0.722958418196703
0.710064754965551	0.546573518162947
-0.795306487339825	0.429040562996724
0.378744180687792	0.200540698956173
0.170170551402025	0.0842873863496133
0.169976433422897	0.0841776092708832
1.71218813755133	1.36379252078282
0.0421993666262815	0.0212978073615841
0.265161277573761	0.175443075944721
-1.55200816847015	1.82212926542392
0.71005458211204	0.546523631413221
-1.24917511191672	1.03235687189896
-0.320511550772078	0.185038220306322
-0.429742023619485	0.243444703250539
0.894936195517203	0.722845737841148
0.95692825447083	0.734633189363389
-0.580371561309725	0.322378988803852
0.560631139693429	0.388101630778108
-1.33197952685661	0.762634981562714
0.598295700956373	0.364991769480157
0.394037095127064	0.242198458278005
-0.323768775804252	0.132906269597143
-1.3320517981059	0.762350672909563
1.60134042861547	0.907439175692279
0.533729511255781	0.413059845750498
0.0422784535101385	0.0213474939483703
-0.284637753148167	0.186595779542609
-0.174455736603005	0.0911793397790474
1.33429726654848	1.0192474151438
-0.707440758239958	0.478286831278548
1.52023308903483	1.08716538684327
0.0587435559436112	0.0233296694197922
-0.0121579779232437	0.00569550785644836
0.0423180273406882	0.0213686808954471
-0.268331253583185	0.137185477385768
-0.429811544627333	0.24349758007301
-0.174459521127491	0.0911992843731911
-0.268525347797909	0.137326910041535
0.769783880158024	0.350146471900405
-0.575335061941683	0.357592851898839
1.3341221573524	1.01904968015896
0.681165586147454	0.552082858182599
0.546279070584974	0.399942422666331
-0.795473084150557	0.429189025577302
-1.51800010062331	0.958381636297396
-1.35320851950387	1.19029670047554
-2.69140966658381	1.9943591144224
-0.1915979731707	0.0840529792646734
0.844338401804658	0.546357972005448
0.388693203120202	0.222849389931697
0.388681054646199	0.222839316744788
1.52015070189972	1.08699171306418
0.378643955473557	0.200452340941438
-1.82060683537853	1.34328728713377
-0.320551710599551	0.185068852829541
0.921407174037824	0.552510092381016
0.205097333541243	0.110364406966335
-0.889492260175374	0.760591457259811
-0.1915979731707	0.0840529792646734
1.30493735728909	0.824723522711219
-0.104199954195068	0.0557007128517174
-0.223971544281825	0.14940996813829
0.560670796042941	0.388152961154497
-0.792079152903842	0.632599435529008
0.845336444937576	0.716445527359605
-0.981165821242237	0.894249845318138
1.26790115346446	1.32150952933271
-0.359320770986087	0.231070385801387
0.0836589996523523	0.0457057522339226
0.0837284410832234	0.0457376182476325
-0.884531729589841	0.588722293116452
0.788870111606042	0.543674142964954
1.65627818696319	1.51955663487069
-0.575192754444671	0.357461056491999
-0.889545263311401	0.760652913103795
-0.171995306183406	0.103320945805045
1.71276366817156	1.36341980635859
1.83653917569843	1.20275414765063
0.0586773454804471	0.0233008804750109
0.956843336205729	0.734548363620484
0.369623313755493	0.157981087510768
-0.943915148975872	0.276710030090892
-0.429925595459858	0.243580051469603
-2.06929532158989	1.72493981665132
0.0583363281919605	0.0369522564412998
0.0823200405379407	0.0552748945003825
1.65619620535308	1.51961173035875
-0.45344808773457	0.286801474904568
-1.40923601283174	1.06895555446208
-1.13555209336582	0.742010647654425
1.10706194257041	0.935925458227292
1.7126342223749	1.36396851822526
0.623368560595867	0.352394665675771
-0.941346181126497	0.739599049356116
-1.84151846927504	1.77089565717417
-0.740171003604891	0.45253026277676
-0.174654363192555	0.0913057007302436
-0.795306487339825	0.429040562996724
-0.323768775804252	0.132906269597143
-0.453526186148828	0.286869848352417
0.396966874057929	0.260280317934537
-0.674483455684915	0.547338545301058
-0.665798918451399	0.586215709382854
2.88249052150671	2.1169089816065
0.116257684859797	0.0682579104908087
-1.04545690815965	0.878561347924845
-0.580498200950308	0.322444400471375
-0.884544289848043	0.588611212599592
0.844338401804658	0.546357972005448
-0.580454860777739	0.322299416157362
0.844142036023125	0.546193480334791
0.586684261655302	0.592635916702426
0.180562254822481	0.127415769295149
-0.575280127168348	0.357541128183675
0.578128702372086	0.376615585739378
0.170068843650991	0.0842286987652546
-0.400302687392056	0.199595859940072
-0.0496511828299678	0.027144046289517
-0.1718099208786	0.103198949749752
-0.429742023619485	0.243444703250539
-0.0123095682902471	0.00576462947117763
0.170467253006703	0.0844304182125656
0.668412566104476	0.343909313552279
-1.27862430640304	0.903655705374731
0.276992072945487	0.194360558828875
-0.0874192319868208	0.0398048854826958
-0.400536866605911	0.1997271130363
0.205071546672453	0.110351538960765
-0.359435544098484	0.231227533097986
2.04426571351631	1.50777232167954
0.120216878406035	0.0539296496159934
-0.0497555673530117	0.0271954165522753
0.623002810171412	0.351997554742242
-0.174370744693957	0.0911035443537573
0.710159086776425	0.546302520481195
-0.104397923721841	0.0558438585660396
-0.707599966341931	0.478328608050316
-0.740463975085828	0.452748151314771
-0.104321052984697	0.055792102665587
1.83592733836913	2.17352612717136
1.58621495753523	1.83017401206226
-0.471983720538918	0.329803774497151
-0.00930704942188444	0.00602544561254524
-1.04544866744189	0.878580226525379
-0.0496511828299678	0.027144046289517
-0.171862804969046	0.103246873333961
-0.191765997402019	0.0841406045300469
0.39700159284157	0.260302023027962
-0.582344860315445	0.519605360391586
-0.45356462199367	0.286840755973713
-0.795303913358609	0.428996144102514
0.249929441003308	0.155058665247787
-0.0119728323770928	0.00560560717319621
-1.52959053389401	1.23768235856356
0.578073386398327	0.376592353319862
0.560711157363661	0.388178233889262
0.378621720444965	0.200461497743518
-0.707519508503827	0.478444598517908
-0.323858166662756	0.132899968306796
-0.0872097202919863	0.0396986290401776
-1.51816553129795	0.95879786564237
0.41039768616025	0.149826752222597
-0.320553567284933	0.185034774686656
-1.9502253953892	1.5339785940798
-0.174767662366304	0.0913319522982867
-0.792079152903842	0.632599435529008
-0.829165276939393	0.606465936301729
0.54620015589901	0.399948254223703
-0.322194540090646	0.232723517006061
0.388553749445873	0.222747063630089
0.956847205934777	0.734460761323295
-1.52964991718701	1.23811322137307
0.396966874057929	0.260280317934537
1.48067660218046	1.59379464034925
-0.40012660067552	0.199476376007637
0.205211481751657	0.110438490596475
-0.0399381749285353	0.0254149938716455
0.789137043859013	0.543954929220758
-0.323679539396547	0.132867515469766
1.14124441291442	0.780397358047567
-0.174540515247827	0.0912397503894302
1.3233545451629	0.630955343798237
-1.40922300434395	1.06895280811372
-0.852315738911997	0.788392336859219
-0.171916249530567	0.103284333532777
-0.429684759665462	0.243380527933264
-0.57527646214444	0.395424069521758
0.029293325983083	0.0174211094865384
0.396842162436403	0.260092200322743
0.230607483632705	0.133708407209246
-0.323679539396547	0.132867515469766
-0.829126855391428	0.606456974810141
-0.00285025275782294	0.000970864932132848
0.921410321822283	0.552421724487917
-0.10435836928934	0.0558246704842912
0.560593097039498	0.38799073490125
1.35560309885073	1.19659585765971
0.378837053043127	0.200602993253842
-0.707479274121376	0.478327047470066
0.0423581224798044	0.0213887511464096
0.170272425689712	0.0843399388739337
0.0422796254578924	0.0213471109845159
-0.174485277419969	0.0912106313420276
0.369119084562882	0.157661603110942
0.0836384663419645	0.0456924625707961
-0.884701326330879	0.588899170884722
0.844142036023125	0.546193480334791
0.394037916789735	0.242247660525564
-0.26882014270592	0.137493109818912
-0.0871992063586919	0.0396936425795753
-4.86697483948998	2.67006666261772
0.365545538878326	0.175812862473331
1.3341221573524	1.01904968015896
-1.01646123753217	0.731064850879657
0.0836693107122105	0.0457090630379767
-0.2687279974696	0.13743703950627
-0.0947477274635641	0.0271987917649854
0.230448835221244	0.133616924089533
-0.0940501109524453	0.027000921199425
0.92132134334832	0.552408279546252
0.623368560595867	0.352394665675771
-0.171863365176674	0.103245804873814
-0.268709990012556	0.137422886733516
-0.687648331405605	0.510503447501297
0.546261148110136	0.400041824025761
0.0423571659955781	0.0213870028203468
0.394078485702876	0.242244126778131
1.30501217205153	0.824788016597256
-0.320512229568985	0.18504719516924
-2.06943070124259	1.72527460776237
0.369516572123014	0.157905173750537
0.956983629109388	0.734621121449141
-1.13555209336582	0.742010647654425
-1.14282664091194	1.02417759825111
-0.575286950296263	0.395470517468643
0.560709830432059	0.388151674306149
0.0836487181970986	0.045700188709168
0.0835203116953256	0.0456014897766507
0.397015905434803	0.260292076183669
0.623392508810783	0.352425458002545
0.745313372817002	0.543643055784517
0.789137043859013	0.543954929220758
0.369947629246914	0.158137464148818
0.37882650870246	0.200579110731171
0.369533728475468	0.157989232089938
-1.06712583957334	1.03265956834532
-0.00605468831058989	0.00338734248617692
0.668414615793708	0.34385587193997
0.0836139988449978	0.0456801177731202
1.03034354724202	0.91223204668314
-2.37980632212263	2.31876393134127
0.365545538878326	0.175812862473331
0.0586730762067555	0.0233010280801353
-1.13534344955888	0.741446547619461
0.388635641929205	0.222799330565912
-1.51857415811462	0.958976291001312
-0.687613685418675	0.510543809311169
-0.0121125550355883	0.00567193534323825
0.894973795185583	0.722984743706935
-0.26843293162844	0.137254509896172
-0.429938030218216	0.243568625526263
-1.35321913843334	1.19016835597914
1.09481471223027	1.41207811990941
-0.320512862899764	0.185045864651848
-0.00613385930658329	0.0034304917287465
-0.006001151876493	0.00335806255735303
0.250089520879946	0.155131019373001
0.378516123801615	0.200369826875235
0.37882650870246	0.200579110731171
1.05996734987123	0.577966932312984
1.88348371329034	1.64315533909954
-0.174459521127491	0.0911992843731911
-0.580371561309725	0.322378988803852
-0.84228614531331	0.36699626824262
1.33420451960828	1.01921230707526
-0.432195795413815	0.0981239072789159
0.578073386398327	0.376592353319862
-0.17456992674774	0.0912652369592895
-0.575335061941683	0.357592851898839
-0.26843293162844	0.137254509896172
-0.191845547241302	0.0841467637805134
1.65632327192661	1.51956912472479
-1.1351966006618	0.741522528545178
-0.32351770392979	0.13279342860992
-4.86697483948998	2.67006666261772
-1.13555209336582	0.742010647654425
-0.191851314271925	0.0841724378088938
1.0597155655144	0.577756640140593
0.668269012686201	0.34364177755545
-0.575309095809477	0.357521379838328
1.52031269396009	1.08661347608547
-0.26882014270592	0.137493109818912
0.205071546672453	0.110351538960765
0.578073386398327	0.376592353319862
-0.237563643670217	0.139889377318265
-0.237452844481152	0.1397982931458
0.956872912425269	0.734592065785687
0.230531263789727	0.133644880434377
0.598963433724807	0.365436865536314
0.770145430120155	0.350454199977507
-0.58022292583536	0.322227384173889
-1.51832746292766	0.95902509039346
-0.10435836928934	0.0558246704842912
0.560591503119401	0.388022068629539
1.35568801851757	1.19658333932911
0.0423581224798044	0.0213887511464096
-0.429766668699718	0.24337459339476
1.05928304338781	0.577063682044728
0.745353449875489	0.543725661610116
-1.01635180096047	0.731290577813313
-1.33184073883393	0.762330697096292
-0.174492497004984	0.0911987002855928
0.578184050921728	0.37660955704405
-0.104435556628316	0.0558500055122288
-0.575221956505582	0.357508938560049
2.04419326660274	1.50855887779828
-0.191765997402019	0.0841406045300469
-1.11037257681918	0.5626800271598
0.598471479069243	0.365154751464456
-0.237494251281423	0.13984879736702
1.73021460002174	1.91966117759799
-0.174544124873814	0.0912564848517119
-0.324020247320629	0.133003472761622
-0.707481746061678	0.478444102656824
0.844245436694145	0.546340791689674
-1.13567729072396	0.742109314725345
0.39693217152986	0.260242591337945
0.635646029977667	0.567065747284331
-0.429925595459858	0.243580051469603
-0.884279207255875	0.587956323871319
-0.320512229568985	0.18504719516924
0.180695179487199	0.127546645973954
-0.88951788053511	0.760686453768118
-0.674257506893495	0.546957373749062
0.205097333541243	0.110364406966335
-0.829087361933432	0.606402072678441
-0.400255793183877	0.199576929984158
0.16998558631475	0.0841768411984164
-1.27854119798091	0.903987291667409
-0.575280127168348	0.357541128183675
-0.674440038468697	0.547333357087734
-0.320552374954212	0.185067543761871
0.249918996642399	0.155043388295526
0.276862428815622	0.194222633663274
-0.45348851591146	0.286841831680638
0.0587501116908756	0.0233223101576952
2.03666251103549	1.92851559693841
0.388623453802359	0.222807132021994
1.88347379078534	1.64348232405222
-0.84128759981306	0.366527746446311
0.844266598598067	0.546215553189946
0.709936030652373	0.546347876220399
-0.57525108074046	0.357535915462596
2.40215864374544	2.14279979702913
-0.0940501109524453	0.027000921199425
0.844131559058828	0.545911466600303
-0.191768903144085	0.0841252697608303
0.623074112881443	0.352004927777901
-0.580244728564168	0.322288315069047
-1.01640400172687	0.730985410159847
-1.51832895997772	0.959438617553198
0.0422394942241809	0.0213249154647207
-0.00190672948753378	0.000649411384947845
0.0586730762067555	0.0233010280801353
-2.06930914932304	1.72595109769969
-1.11070663736419	0.563156850939472
-1.67829822317506	1.15315867650137
0.449309162014442	0.125981085204417
1.24278621646066	1.14638413396368
0.0423571659955781	0.0213870028203468
2.45916267875384	1.40009990624383
-0.32342872014596	0.132754800981013
1.5199860671874	1.08607619587368
0.0588139280471816	0.0233556784550016
-0.576668615728061	0.435456996649804
-0.320473887394135	0.184996236748731
-0.0121125550355883	0.00567193534323825
0.265108283975774	0.17540522549737
-0.389380918465878	0.276766125297938
0.845221610924625	0.715925621706469
0.393997845165748	0.242199850872686
0.394077141483602	0.242247453289519
0.365380128458397	0.175707559308492
-0.429994928475187	0.243602180977508
-0.575307838029623	0.395499269125434
-0.580244728564168	0.322288315069047
0.39951889978643	0.294454458180838
-0.707481746061678	0.478444102656824
-0.104280689831341	0.0557709933824023
0.042317099728294	0.0213645753710401
1.05996734987123	0.577966932312984
-0.174544124873814	0.0912564848517119
-0.79555987545679	0.429146870875061
0.710199678891393	0.546232652369988
0.378727390829471	0.200531723202199
-0.829161861228045	0.606385804968966
0.668272859997872	0.343580967124395
0.170170551402025	0.0842873863496133
1.0360164195216	0.754015797721942
-0.320472728323707	0.18500883783832
0.668549195290391	0.343823452293786
0.448768346526961	0.125881279019047
-1.13713796708101	0.878254680180152
0.668341817602373	0.343821264073672
-0.58178160921078	0.277642461693518
-0.0121004029027061	0.00566746725900745
0.92132134334832	0.552408279546252
0.119745583702531	0.0537078184456366
-0.191763069164488	0.0841344545583103
0.207733351945955	0.162366275887093
0.546146298287035	0.399938901295841
-0.580371561309725	0.322378988803852
-1.95003208437789	1.53411554644338
0.399623047111686	0.294620863023599
0.546121760342076	0.399865604810286
0.393998820278763	0.24221496570692
0.95700930595665	0.734505729779252
0.249964238369874	0.155088974064584
-0.268516230467572	0.137314152183712
-0.575200018411477	0.395015793596675
0.365545538878326	0.175812862473331
1.14119702436819	0.780028473934667
0.205016392440772	0.110303116653591
-0.687603013915394	0.510501564263782
0.230567791841672	0.133698864313426
0.0294232228337533	0.0174958461303185
-0.453528065982023	0.286864929800277
-0.0121125550355883	0.00567193534323825
-0.191677560250301	0.0840866628137423
-0.580371561309725	0.322378988803852
0.365294456714284	0.175642850880005
0.745274814271535	0.543528445163776
0.249935880135386	0.15504472598293
-2.18919336135836	1.26985540555962
-0.32351770392979	0.13279342860992
-0.575335061941683	0.357592851898839
-0.174224899261233	0.118243474270309
0.656681815208031	0.55936084063937
0.845403397482506	0.716477278446178
0.14230638370502	0.0892971544498863
-0.581779227500152	0.277530332539387
0.668481033440034	0.343942560095741
-1.94973376929827	1.53398396288833
0.230608848596398	0.133708611959684
0.921576008172099	0.552528958374128
-0.104318795135885	0.0558015566425405
-0.453406741328197	0.28669453653402
-0.0122276726897269	0.00572835891609193
-0.42988102086544	0.243519815871298
-0.0875247626795585	0.0398554643821223
0.745393073383296	0.543751429172607
1.24274888728981	1.14736338565194
-0.0497103073810723	0.0271767660161972
0.170272425689712	0.0843399388739337
-0.174374704227733	0.0911280503588134
0.23052744239938	0.133668602137409
-0.104318795135885	0.0558015566425405
-0.389493977862551	0.276912706180395
0.120086942258199	0.0538668745057729
0.029111591728851	0.0173038437960348
-0.0125383368459206	0.00587393184648128
-0.119050952730279	0.0729657719248745
0.119875060412801	0.0537756254140837
-0.575196062635016	0.357437611700666
0.533702983875235	0.41302357964498
-0.320552374954212	0.185067543761871
0.369443988447083	0.157954068466191
-0.268802216183532	0.137431242389047
-4.86697483948998	2.67006666261772
0.205322120318226	0.110472881952952
1.14148035323186	0.780569854920254
-0.575280127168348	0.357541128183675
0.533702983875235	0.41302357964498
0.116310568788396	0.0682939752654957
-1.33197952685661	0.762634981562714
1.71250498184964	1.3638852905252
-0.104438344365117	0.0558578997968403
-1.74469754236121	1.58962772763103
1.52048344832297	1.08721326266073
0.0836732250012232	0.0457098608963882
-0.174488957080222	0.0912196505661504
-0.224023395472545	0.149456678003061
0.399613969838884	0.294688810700674
-1.27882282172847	0.903955643677358
-0.976237354532631	0.584191915231461
0.668343792191946	0.343767807424399
0.369533728475468	0.157989232089938
0.264987875123345	0.175288791857079
-0.237553290358037	0.139887377403942
0.0294577810058596	0.0175156327956739
-0.47209131567218	0.329997648951972
-0.429811544627333	0.24349758007301
-0.0760363107864016	0.0475010220115904
-1.24922107206878	1.03271728618912
0.789067188669125	0.543924706508862
0.745353007153523	0.543706231076692
0.394038920805071	0.242228624143532
-1.64077399958846	1.41020904641418
-1.52959235860103	1.23848521961995
0.745353449875489	0.543725661610116
0.84434901377286	0.546409530474438
1.33457590158212	1.01856647421055
-0.575228160299009	0.395416533246711
0.709970737948806	0.546462186417456
0.804560728863526	0.715611798193099
-1.85894951343283	2.23485754625206
-0.687600237888207	0.510532942612147
1.30500783274078	0.824827623389173
0.745312561789958	0.54344759066733
-0.884783059865906	0.58874017749367
-0.687603013915394	0.510501564263782
-0.575280127168348	0.357541128183675
0.170068843650991	0.0842286987652546
0.560711885972035	0.388147474403836
0.577937107683428	0.376356644475187
-0.174683567543954	0.0913208124398447
0.0424377936963589	0.021422748137904
0.119980963262918	0.0538242500271638
-0.10435836928934	0.0558246704842912
0.668485331028372	0.343881888339176
0.205123128476221	0.11035959863149
-1.13712789498196	0.878192455276214
0.369533728475468	0.157989232089938
-0.0877575997881977	0.039961229689291
0.365545538878326	0.175812862473331
-4.67383923763812	2.32614169369499
-0.32393075771785	0.132964596123413
-0.191930840094509	0.084187060728103
0.0586773454804471	0.0233008804750109
0.0588184960278527	0.0233556454638202
1.10702234056283	0.935869287440499
-0.174544124873814	0.0912564848517119
-0.320553567284933	0.185034774686656
-0.400302687392056	0.199595859940072
0.0423987822934224	0.0214042356315897
-0.453563544013765	0.286801139007467
0.205126733349182	0.110389989862704
1.20476284386134	0.970521508582964
1.91768185245433	2.03998528717316
0.789079325953716	0.543893240613633
0.205181952499019	0.110420289382553
1.79296176249817	1.77766741706154
0.59856405223488	0.365185921295606
-0.976493244523567	0.584555562455094
0.0588184960278527	0.0233556454638202
-0.889464244954327	0.760574825104186
1.20484480287447	0.970839273891237
-0.472065143648075	0.329941095976268
-0.580371561309725	0.322378988803852
-0.575192754444671	0.357461056491999
2.03665386702518	1.92878988775703
1.3557177135514	1.19638433786276
-0.581851832882174	0.277688325692166
0.77079981160721	0.350840110911968
-0.224122540345607	0.149513077594898
-0.0123546421621991	0.00578834044022463
-0.10439877968516	0.0558435022103617
0.623474794709938	0.352403117388814
0.845298473590971	0.71569021413378
1.30493735728909	0.824723522711219
0.668481033440034	0.343942560095741
-0.472170920068407	0.330006237601996
0.560711885972035	0.388147474403836
0.120086942258199	0.0538668745057729
0.57799237739116	0.376473680654714
0.668483206398341	0.343935288943319
0.230526217737972	0.133616906983111
0.844266598598067	0.546215553189946
-0.400067975369921	0.199390822500936
-0.795391084685964	0.429117695674088
-1.40929168694041	1.06907240900377
-0.268617700571665	0.137383094548257
-0.400197135988387	0.199458927531394
0.789137043859013	0.543954929220758
-0.284704631378556	0.186631614055454
0.142419603815384	0.0893858006289232
-0.400150141167734	0.199526819273677
0.12011077257807	0.0538869679431261
-0.575283575494184	0.39546427526981
0.388705364199698	0.2228237408163
0.0294750581675503	0.0175242706420232
-0.88935823960564	0.760209906015664
0.0835896232229875	0.0456627648321035
0.546181097504613	0.399998591734954
0.230528840720756	0.133684195378615
1.52023590673376	1.08702803190715
-0.976237354532631	0.584191915231461
0.378705133919478	0.200478927561889
-0.795386025330126	0.428889746027744
0.0423598988642098	0.0213823736170543
1.03590526157618	0.753863518623507
-1.13720005339703	0.878783264435031
0.577933404864359	0.376418315640524
0.59856405223488	0.365185921295606
1.2049145732705	0.970896458378593
-0.320512862899764	0.185045864651848
1.10710254790534	0.935392377772651
-0.687634944063166	0.51055249212413
0.369623313755493	0.157981087510768
-0.795388566123818	0.429111941624914
0.399555803367186	0.310608112167447
-0.581992602634161	0.277694049871378
-0.0871992063586919	0.0396936425795753
1.03610915310578	0.754122517881413
0.388668918757911	0.222793542187364
-1.51816234281068	0.958609054879377
0.16998558631475	0.0841768411984164
0.365634724659639	0.175835138801182
0.378837053043127	0.200602993253842
0.119875060412801	0.0537756254140837
1.4917903529413	1.42973521682158
-0.976748321602159	0.584724813841583
-0.829125832982878	0.606496399181627
0.59827736746877	0.364879065594862
0.0586730762067555	0.0233010280801353
-0.26842377376637	0.13725791720775
1.33440052731901	1.01942425686405
-0.268617700571665	0.137383094548257
-0.58022292583536	0.322227384173889
0.789067188669125	0.543924706508862
1.10714081553382	0.935863560197638
-0.58178160921078	0.277642461693518
-0.976516074000812	0.584317029347254
0.560711157363661	0.388178233889262
-0.889491067109136	0.760648193519635
-0.320552374954212	0.185067543761871
0.789252814970603	0.543898086117148
1.91760466399768	2.04067967567385
-0.472064591324512	0.329985339812347
1.52023308903483	1.08716538684327
-0.400197135988387	0.199458927531394
-0.400044413240096	0.19944341681556
-1.67827674680171	1.1536712482776
1.0360164195216	0.754015797721942
-0.400384780578106	0.19966118834964
-0.0877356033066293	0.0399392080186297
-1.93242879217767	1.95443774252574
0.20515621128702	0.110408160639295
0.578103014416737	0.376604056005177
-0.884519156846644	0.588683549507875
0.770438655215179	0.350662431796396
0.230487760154232	0.133641469554507
-0.191845547241302	0.0841467637805134
0.0588184960278527	0.0233556454638202
0.598499320946426	0.365122738899988
0.956813838104802	0.73441190289006
-1.13716389690442	0.878922923019374
-0.119042755355306	0.072960774387208
0.205181952499019	0.110420289382553
0.56066891083653	0.387972536955752
-0.0942522165733174	0.0270533171061642
0.844059703677712	0.546155801156035
-1.51808124437622	0.958941346621866
-0.795391084685964	0.429117695674088
1.0142974527572	1.2273282356365
-1.82025877655425	1.3420229479848
1.10698177123066	0.935673808184974
0.0423191371419603	0.0213682662442981
-0.740455350283803	0.452583296187809
2.68361222128	1.75216996525566
-0.976388308966963	0.584207226036347
0.397056868871953	0.260248115439972
-0.400279254651867	0.199611151597535
0.845426941638222	0.716354448523922
-0.795475547334051	0.429156033723791
-0.740372218460723	0.452702879152707
1.48072939366135	1.59377088503181
1.61603903351186	1.6719523584767
1.79315323116387	1.77741737978847
1.03031273414609	0.912372885505207
1.14156268031893	0.7806472914026
-0.580498200950308	0.322444400471375
-0.0940501109524453	0.027000921199425
-1.11054651250717	0.562770546181268
-0.0123300335252873	0.00577717266429914
0.205071546672453	0.110351538960765
-0.4297991763118	0.243493611717284
-0.511027416637717	0.185602242202858
-0.581854188280408	0.277697073220254
0.369696009095169	0.158067754520311
0.410032429213935	0.149677489118131
-1.13532229991961	0.741731857047717
-0.740087785053024	0.452242348234362
-0.976725620080584	0.584772285236741
0.84434901377286	0.546409530474438
-0.84128759981306	0.366527746446311
0.0586752350175879	0.0233026661375095
0.62326240290656	0.352345581752505
-0.400279254651867	0.199611151597535
0.560634381088373	0.387847655456044
0.0292067114825184	0.0173679690405924
-0.320554095238467	0.185001303746497
0.249964238369874	0.155088974064584
0.0836139988449978	0.0456801177731202
-1.01643508791037	0.731267857066174
-0.322080835282473	0.232665105263614
-0.389450543691259	0.27686677265557
0.11963988329625	0.0536532323596811
-0.320433206846562	0.18495150928958
-0.119103423183026	0.0730060951167675
0.365294456714284	0.175642850880005
0.512421976357442	0.437569821774979
0.394037916789735	0.242247660525564
-0.795391084685964	0.429117695674088
0.378621720444965	0.200461497743518
-0.389632521229558	0.277000815543855
0.0836037239607611	0.0456723801774988
-0.430051715681581	0.243618728457605
-0.174573431544604	0.0912716571979923
0.39395926482031	0.242165352884471
-0.320512862899764	0.185045864651848
0.398714361947112	0.277654811019343
0.170078037123426	0.0842362332696313
1.03037825326825	0.912308947759393
-0.792133294631468	0.632642008001801
0.956843336205729	0.734548363620484
-0.707480143436695	0.478397987358348
-0.795309039080444	0.428876705357968
0.170170551402025	0.0842873863496133
-0.453528065982023	0.286864929800277
-0.0873136276015911	0.0397499196226352
-0.453565656713505	0.28686170496249
0.921489960026533	0.552533647137428
-0.884644904679083	0.588878517612653
-0.70748096742124	0.478435371653978
0.968719206004407	0.897651365403019
0.393999376174225	0.242196655610477
-0.4297991763118	0.243493611717284
0.560672269912082	0.388121508634766
-0.00226675917502309	0.000770578967515132
0.448768346526961	0.125881279019047
-0.74018851648354	0.452313239030648
1.14132666656629	0.780469271001445
-0.26882014270592	0.137493109818912
0.956813838104802	0.73441190289006
1.60162944424993	0.907306148917365
0.142584408891744	0.0894696889186392
-0.389459532637523	0.276786623033564
-1.95751366086138	1.00395907264506
0.378599511099908	0.200427507791295
-0.884714004488368	0.588902910387814
-1.13567729072396	0.742109314725345
-0.511027416637717	0.185602242202858
-0.509453689852966	0.184873844488885
-0.191848441999651	0.0841748012731843
0.365545538878326	0.175812862473331
-0.976260340524774	0.584050537039019
-0.00350347060307062	0.00119280760914839
0.388705364199698	0.2228237408163
-0.0123095682902471	0.00576462947117763
0.745432717216464	0.543739764183929
0.369371399684674	0.157841839700907
-0.0122973225407363	0.0057607405665406
-0.19168054449394	0.0841002189352164
0.598870483563842	0.365443873911522
0.0423197603352864	0.0213662872995593
-0.453525181306195	0.286848918425536
0.59876817292181	0.365396418954223
0.388878599268322	0.222920598581283
-0.453485720976542	0.286825894441277
0.230569216915851	0.133699107004068
-0.0496163561986371	0.0271235053217809
-0.191933678929107	0.0842065929843931
-0.4534471860208	0.286796541603711
-0.400255793183877	0.199576929984158
-0.0496092677838992	0.0271228251111568
0.845322645467718	0.716153122970071
-0.70752193721132	0.478472790723747
0.230487760154232	0.133641469554507
-0.472037251876793	0.329944781713068
-1.01632312024401	0.731272630481301
-0.707480143436695	0.478397987358348
-0.0121579779232437	0.00569550785644836
0.512421976357442	0.437569821774979
0.120004743026815	0.0538382787021705
-0.237528955596091	0.139874316638003
0.388693203120202	0.222849389931697
-0.0759678553955436	0.0474615581554746
0.369443988447083	0.157954068466191
0.578043836574162	0.376548516431563
-0.581784038930277	0.277651257807727
-0.472116273477145	0.329958473410546
0.84529784914502	0.716263798147259
0.394077992026695	0.242262483225049
0.89489507458496	0.722958418196703
-0.268626755667087	0.137386831811978
0.0836937122363792	0.0457231254747843
1.49175123452462	1.42981026669857
0.120004743026815	0.0538382787021705
-0.575224503691589	0.395266821787635
-0.795388566123818	0.429111941624914
0.894896589130468	0.722795845313134
-0.687579023630957	0.510524309186091
-0.237549527544157	0.139857738734445
-0.840646133172398	0.366026539748054
-0.268516230467572	0.137314152183712
-0.323679539396547	0.132867515469766
0.623416485882467	0.352373168461279
-0.575192754444671	0.357461056491999
-0.00601232576299889	0.00336418907014556
-0.453450532938475	0.286725775200083
-0.320551710599551	0.185068852829541
-1.51824804908304	0.958878652330473
0.578103014416737	0.376604056005177
0.578213781774443	0.376621340517449
-0.432226462476801	0.0981064105603881
-0.795475547334051	0.429156033723791
0.205322120318226	0.110472881952952
-1.95778543332321	1.00412011001723
-0.237428589011479	0.139786515433505
-4.18248469877465	1.58872089364964
0.169884086577812	0.0841182875246922
1.03571114443294	0.75335285754282
-0.26882014270592	0.137493109818912
-0.0940501109524453	0.027000921199425
0.388578192406689	0.222727431738731
-0.26843293162844	0.137254509896172
-2.54801369606555	1.76433535194584
-1.27873173123899	0.90423664025219
0.388496332191838	0.222697111196915
0.365462810263777	0.175771126538925
-0.174433756826449	0.091173995456772
-0.941224687403879	0.739667076733329
-0.739986888238759	0.452140401415943
0.560791177416411	0.388120377343543
-0.884701326330879	0.588899170884722
0.205152501413158	0.110394674120877
0.956817602945034	0.73449782097703
-0.580371561309725	0.322378988803852
-0.575262792708149	0.395475278382787
0.0835999802839683	0.0456661028318998
-0.00589516810795806	0.0032993841077008
-0.884714004488368	0.588902910387814
-0.740271693618544	0.452632126761163
0.844049245470728	0.54612619942835
-0.237463240563307	0.13982242209813
0.578051662468403	0.376393675210986
-1.94992111717055	1.53384650098352
-0.223980112174655	0.149419818904
0.230529605001091	0.133680510590328
-0.740363553407265	0.452677488340356
-1.94983104652752	1.53441147942154
0.668551491075725	0.343862785069857
-4.86658534086399	2.66871546662572
0.398820137099835	0.277814185387544
0.365628314361187	0.175832958137699
0.378837053043127	0.200602993253842
0.0423197603352864	0.0213662872995593
0.170078037123426	0.0842362332696313
-0.23749787590423	0.139847890981541
0.36588687587533	0.175877955507706
-0.575311016345418	0.395398929328031
-0.792079152903842	0.632599435529008
0.0836346373861601	0.0456890182021036
-0.268626755667087	0.137386831811978
-2.18909800438184	1.26985288518349
0.921404048782597	0.552431775441768
-0.884770354939938	0.588923492607131
-0.576642399663144	0.435459503434215
0.378837053043127	0.200602993253842
-0.174514740171446	0.091236144615508
-0.359438492963076	0.231189414986532
1.50460992872118	1.26759481849811
0.598480737929632	0.365218365480648
-0.0872097202919863	0.0396986290401776
1.30501002656905	0.824855468544757
1.65634785966157	1.51944603411736
-0.359435544098484	0.231227533097986
-0.0121579779232437	0.00569550785644836
-0.191686445486513	0.084057163485459
0.0423586690649514	0.0213879798283963
-0.884726670104725	0.58868087490663
0.598582673007789	0.36530237473833
1.83653917569843	1.20275414765063
0.0588184960278527	0.0233556454638202
-0.740262966664053	0.452575713375946
-0.575342460998206	0.395474177594278
0.8948554279299	0.722860221926672
-0.0496755348028971	0.0271594987077226
1.33430767166807	1.01938904096222
0.578040133434492	0.376320665165525
-0.740271693618544	0.452632126761163
-0.399938609312184	0.199306405863636
-0.45356462199367	0.286840755973713
0.388553749445873	0.222747063630089
-0.79555987545679	0.429146870875061
-2.17999448110375	1.919089416863
1.3233545451629	0.630955343798237
0.966408720917092	0.365302103460683
-0.84128759981306	0.366527746446311
-0.359302606984525	0.230883058846216
0.448522591387813	0.125734578837285
-0.430051715681581	0.243618728457605
-0.575361020021202	0.357592442111619
-0.284826153129897	0.186652307424856
-1.13565630646569	0.741805655621152
-1.82062649121245	1.3425298079602
0.668339794470315	0.343828614069647
0.120134631761478	0.0538964433430745
1.05996734987123	0.577966932312984
-0.429982454183801	0.243596650316567
-0.359424999637583	0.231221859869823
0.394116494514894	0.242212002155318
0.393997845165748	0.242199850872686
0.230526808360949	0.133648399255831
-0.0060294645189049	0.00337358051439809
0.0836346373861601	0.0456890182021036
0.119980963262918	0.0538242500271638
-0.268802216183532	0.137431242389047
0.0587435559436112	0.0233296694197922
-0.575306066526481	0.357587683954408
0.119745583702531	0.0537078184456366
0.598480737929632	0.365218365480648
-0.575286950296263	0.395470517468643
-0.575318237617244	0.395483995236497
0.874634011610972	0.882720248566445
1.26795455533351	1.32126184625775
-0.829044831175753	0.606283992456651
-0.884644904679083	0.588878517612653
0.522817253477441	0.42558899886928
-0.707483809794263	0.478307623762849
0.394038396008532	0.242246959131393
-0.191763069164488	0.0841344545583103
0.788927613401003	0.543735628832399
-0.0121579779232437	0.00569550785644836
0.369696009095169	0.158067754520311
-1.67920618160724	0.743565005829687
-0.842573501506563	0.367295334988531
0.0423977057639784	0.0214070367044068
0.205042198106717	0.110325991467597
2.45834015668343	1.39833774269548
2.23156062189726	1.8200965139779
0.804482833660612	0.715576677362051
-0.829207818064831	0.606051429487786
-0.32342872014596	0.132754800981013
-1.11070663736419	0.563156850939472
0.0835446088839212	0.0456305775538592
-1.6784015336866	1.15386732162851
-0.575307838029623	0.395499269125434
0.972263495829841	1.05854825508394
-0.174433756826449	0.091173995456772
1.2049267654137	0.970703651984816
-0.352709216114499	0.278529128930671
-1.27844988038676	0.903465546558454
-0.707520363398452	0.478482018542316
0.394038396008532	0.242246959131393
0.398846314286367	0.277838106957553
0.399054722908245	0.32600875984328
-0.429938030218216	0.243568625526263
-0.674370456569924	0.547283897739614
0.249905154322182	0.155025625410401
-1.64079290092214	1.4114622891159
-1.33197952685661	0.762634981562714
1.35574340512024	1.19649686599624
-0.580371561309725	0.322378988803852
0.921489960026533	0.552533647137428
-0.174485277419969	0.0912106313420276
-0.237445227637099	0.139747498162165
-1.35315272361151	1.19041017579904
-0.0025583228276369	0.000870770923181551
-0.191600968462381	0.0840252559426154
-0.171810482795877	0.103195963859157
0.265031525302419	0.175344359155112
-1.82048438090692	1.34311704053731
-1.27863245309779	0.904117251927921
-0.841930055188795	0.366935621913115
0.409745117083712	0.149553622921023
-0.26842377376637	0.13725791720775
-1.51832895997772	0.959438617553198
-2.54809178631589	1.76457321678584
-0.00379638529428254	0.00129291390482161
-0.323768775804252	0.132906269597143
-0.45344808773457	0.286801474904568
-0.976237354532631	0.584191915231461
-1.68044005713324	0.744499058156728
0.668341817602373	0.343821264073672
-1.11095419840965	0.563287274191042
1.14100900812223	0.779973658388234
-0.580729389571412	0.32253060389535
-2.69192271400253	1.99521805749857
1.05946338007628	0.577310701954974
-0.580371561309725	0.322378988803852
0.0423576214530844	0.0213884261189087
-0.0873970675291552	0.0397928350708459
-0.575447620230287	0.357524503293218
0.369443988447083	0.157954068466191
-0.42988102086544	0.243519815871298
-0.5801177025606	0.32217404700399
0.388565964607091	0.222757123212129
-0.268635789011379	0.137364741335883
-0.0122276726897269	0.00572835891609193
-0.049571121746021	0.0270978021723179
0.894856193528215	0.722820244820785
4.64065634851954	2.33949411959792
0.369874827624987	0.158094504412344
0.083554959352691	0.0456361772829623
-0.432356925502191	0.0981422305445414
0.0587479747293442	0.0233295790834769
0.0423586690649514	0.0213879798283963
0.388681054646199	0.222839316744788
-0.472037251876793	0.329944781713068
0.0835896232229875	0.0456627648321035
0.709999476806169	0.546272453600809
1.79315687830291	1.77754673088308
0.533537772498085	0.412701472299718
-0.0124118503434449	0.00581552997654431
-1.13724147091941	0.878606791819744
-1.23397035939061	1.17463539668881
1.30494154685251	0.824683815140182
0.843816923318809	0.545678034078603
-0.191763069164488	0.0841344545583103
-0.400279254651867	0.199611151597535
-0.884714004488368	0.588902910387814
-2.97810803897	0.6365223233405
-0.580371561309725	0.322378988803852
-0.511959105366482	0.1858685654012
-0.509092334450104	0.184719564498054
-0.943675469426376	0.276612084705558
0.668410467979929	0.343916625774154
-0.26843293162844	0.137254509896172
-1.64087248783602	1.41086323809286
0.378493961987734	0.200357375434109
0.0586752350175879	0.0233026661375095
-0.829125832982878	0.606496399181627
0.369696009095169	0.158067754520311
-0.575137634129499	0.357362692467294
-2.82052779251383	2.21226453800662
1.0597155655144	0.577756640140593
-0.70748096742124	0.478435371653978
0.365545538878326	0.175812862473331
0.20515621128702	0.110408160639295
-0.575238543494442	0.395420803834069
-0.17459926023523	0.0912855489687525
-0.575196062635016	0.357437611700666
1.49190975350954	1.4300869710178
0.249962013195185	0.155059924155677
-0.0122850641813574	0.0057559911383436
0.89489507458496	0.722958418196703
-0.237528955596091	0.139874316638003
-0.575335061941683	0.357592851898839
-0.268635789011379	0.137364741335883
0.205437090179849	0.110479032592496
-0.0122973225407363	0.0057607405665406
0.745312561789958	0.54344759066733
-0.268322033479146	0.137179227635239
-1.24913989310017	1.03258996950677
-0.0876302197595823	0.0399015975036765
-1.01626830299246	0.731124793594598
0.788824991948724	0.543399638129367
0.21799670461266	0.178428746460151
0.388565964607091	0.222757123212129
0.396901374837233	0.260194980996735
0.598582673007789	0.36530237473833
0.598684774774916	0.365349678431694
0.770438655215179	0.350662431796396
-3.49394311921891	0.936574346211166
-0.323267030849328	0.132664766624666
-0.976620884568423	0.58466531707052
0.37882650870246	0.200579110731171
0.0423175407555787	0.0213672432919553
-2.97813504586116	0.636375479740286
-0.581779227500152	0.277530332539387
0.205071546672453	0.110351538960765
-1.13555209336582	0.742010647654425
-4.86697483948998	2.67006666261772
0.770438655215179	0.350662431796396
-1.67842293364952	1.15326249437505
1.10698275884907	0.935748026301423
-2.82006843191204	2.21138439658435
0.365465936752018	0.175750334952689
-0.707481746061678	0.478444102656824
1.32343256698575	0.631253155849864
-0.320472728323707	0.18500883783832
0.170170551402025	0.0842873863496133
1.71231699927715	1.36387533336544
0.249935880135386	0.15504472598293
0.844245436694145	0.546340791689674
-0.84228614531331	0.36699626824262
-0.740455350283803	0.452583296187809
0.598490018563699	0.365208208471015
-0.284559075458792	0.186506721174197
0.577929841890931	0.376247169992393
-0.941311514500646	0.739541484904691
-1.33191007996814	0.762528663311124
0.398793967380322	0.277774205276527
0.369606368030708	0.158007050490895
-0.237494251281423	0.13984879736702
0.598675391106249	0.365365106671917
-0.884644904679083	0.588878517612653
-0.581992602634161	0.277694049871378
-0.268608623749507	0.137354005666895
0.369606368030708	0.158007050490895
0.845325018027343	0.716436159479218
1.03591449475179	0.753942920815292
-1.04536873431261	0.878491068790105
-0.0121701696544959	0.0057003464533006
-1.13724350386681	0.878534666622549
0.874626389752448	0.882796453200793
0.14242773641472	0.0893785962341768
-1.13720220521042	0.878917030944994
0.230529605001091	0.133680510590328
-0.58022292583536	0.322227384173889
0.250054720394824	0.155128740837758
0.804499952837585	0.715599841120465
-0.320432590117121	0.184942586480465
-1.33219107490084	0.762172974560522
-0.884644904679083	0.588878517612653
1.14148035323186	0.780569854920254
-0.581851832882174	0.277688325692166
1.32306892716298	0.63080538121321
-2.18958572887166	1.27014049646167
0.449161679976785	0.125968053773896
3.40027364600021	0.889720779959611
-0.510098148612271	0.185160854762058
0.894776193912626	0.722479002342785
-0.843217940971981	0.367607429924714
0.668485331028372	0.343881888339176
-0.576641823744605	0.435436216930817
-0.740564231799896	0.452784120644182
0.0294837969994757	0.0175294220118381
1.26500673553769	0.353978706387524
-0.429868625622534	0.243546443419877
0.12011077257807	0.0538869679431261
-1.6786292362247	1.15358014863109
0.668339794470315	0.343828614069647
-0.0871992063586919	0.0396936425795753
-1.27844165385962	0.903806240418973
-0.0496197888314195	0.0271299727345174
-0.70752193721132	0.478472790723747
0.205178277537349	0.110381689107772
-0.119059968489727	0.0729770777774155
0.844152537341915	0.546273411772544
-0.00350347060307062	0.00119280760914839
-0.884506571599297	0.588428753084178
-1.1371236136296	0.878778131351214
0.0423586690649514	0.0213879798283963
0.968745395432687	0.897740647520748
-0.434826894981736	0.367878438509705
1.14113847634247	0.780144258178932
-1.67817331367911	1.15296261253942
-0.174631810867657	0.091282939908205
0.409745117083712	0.149553622921023
0.397050702908702	0.260279827862638
-0.191765997402019	0.0841406045300469
-0.237542907484709	0.139878710803409
0.277008964868542	0.194314315051343
0.0423185594731741	0.0213690212508505
-0.224006110467136	0.149449749327003
-0.0495502533430002	0.0270872836979097
1.03033732039671	0.912314939032483
-0.576588825025321	0.435398633028466
-0.400408163058232	0.199679139220261
-0.510381448501776	0.185343391604108
-1.95839986267294	1.00468673041439
-0.191423367821326	0.0839228856502807
-1.11120215275118	0.563348609619044
-0.884531729589841	0.588722293116452
0.205126733349182	0.110389989862704
-2.17996734915815	1.91978070509961
0.393999376174225	0.242196655610477
-0.284626724126197	0.186554185857927
1.05969813871664	0.57740010756271
-0.58058145281604	0.322389884842586
0.598787043320876	0.365355326471793
0.668337722865696	0.343789391545551
1.33411183825359	1.01908962040694
-0.575361020021202	0.357592442111619
0.230372282242252	0.133484146113515
-0.268617700571665	0.137383094548257
-1.27833363683775	0.903371779446893
-0.104399592297262	0.0558404234022689
-0.268525347797909	0.137326910041535
-0.174602660202585	0.0912810692303503
-1.52959235860103	1.23848521961995
1.03581273641939	0.753757024221273
-0.795555037532711	0.429082398854794
0.0423581224798044	0.0213887511464096
0.57798860447689	0.376498020652567
-1.27854119798091	0.903987291667409
-1.13532229991961	0.741731857047717
0.0424778852582446	0.0214333967665811
-0.174657693246584	0.0913100721629379
0.170374466606941	0.0843863554800559
-0.707521172971948	0.478490781085457
0.0586730762067555	0.0233010280801353
-0.70752193721132	0.478472790723747
-0.0121004029027061	0.00566746725900745
0.388565964607091	0.222757123212129
1.05987776781758	0.577885042568082
0.0586752350175879	0.0233026661375095
-1.11054651250717	0.562770546181268
-0.511674328431835	0.185815121044678
-1.6785047704879	1.1534766271046
0.0423180273406882	0.0213686808954471
-0.429938030218216	0.243568625526263
-0.0759678553955436	0.0474615581554746
1.50460078691791	1.26737379434533
-1.13716291945289	0.878934444802947
0.578209728054146	0.376522237496376
-0.268719004618864	0.137442961534784
-0.237438932508922	0.139802266515279
0.365462810263777	0.175771126538925
0.788894586158484	0.54347151380226
0.78893980475248	0.543791021826737
-0.0122031973667483	0.00571711009301839
-0.320551710599551	0.185068852829541
-0.581784038930277	0.277651257807727
-0.1915979731707	0.0840529792646734
-0.45344624098908	0.286775668100434
0.365542401306716	0.175768098348355
-1.95874230208418	1.00497575293314
0.921238684730593	0.552324794055389
1.03581273641939	0.753757024221273
-1.93242879217767	1.95443774252574
-1.11095419840965	0.563287274191042
1.30500559063638	0.824690551359012
1.71218813755133	1.36379252078282
-0.740254218108245	0.452348895145515
1.14122070426758	0.780386099658665
-0.884657543519209	0.588843512301589
-5.0352058493709	2.98049253758048
-1.95751366086138	1.00395907264506
0.956983629109388	0.734621121449141
-0.687634944063166	0.51055249212413
-0.00609959066529759	0.00341188683804713
0.968745395432687	0.897740647520748
-0.576668615728061	0.435456996649804
-0.23749787590423	0.139847890981541
-0.237483943959794	0.139846828265212
1.02284014046179	1.07149423588855
-0.829121311601353	0.606311690422118
-0.0871062752832628	0.039644736391682
0.656681815208031	0.55936084063937
-0.687637637733511	0.510461189365532
0.398766246990826	0.27772283373175
-0.174602660202585	0.0912810692303503
-0.0496163561986371	0.0271235053217809
-0.237539256351892	0.139869620270601
-0.0875247626795585	0.0398554643821223
0.365294456714284	0.175642850880005
-0.268516230467572	0.137314152183712
-0.323339890211829	0.132668745971559
1.71231699927715	1.36387533336544
0.205185767371981	0.110419404112476
-1.01626830299246	0.731124793594598
-0.1915979731707	0.0840529792646734
1.1542095508317	1.11178512587609
0.788857893240333	0.543561532109322
-0.0495954996091126	0.0271153340901365
0.205245114046219	0.110417539621706
-0.191677560250301	0.0840866628137423
0.170365107743381	0.084383949304422
-1.95655939260065	1.00244973962138
0.788985226772879	0.543739643758407
-1.6784015336866	1.15386732162851
-2.06940290536814	1.72456033367931
-0.79555987545679	0.429146870875061
-0.581924444867391	0.277715453255469
0.205241089187748	0.110449762702166
-0.104397923721841	0.0558438585660396
-0.268912224783566	0.137532775591647
-0.740564231799896	0.452784120644182
-1.11095419840965	0.563287274191042
0.393960484287744	0.242106313459953
-1.01632041329865	0.731111715719173
1.107101141716	0.935935134850516
0.578073386398327	0.376592353319862
-0.45344624098908	0.286775668100434
-0.23749787590423	0.139847890981541
2.17440426530502	2.21279291881879
0.789067188669125	0.543924706508862
1.30507588380997	0.824410884677004
1.32278297094327	0.630538650677177
-0.320589644469703	0.185041515108274
-0.17414888457398	0.118202425873135
-0.191768903144085	0.0841252697608303
-0.575377067784127	0.395357093808631
0.0588184960278527	0.0233556454638202
-1.33197952685661	0.762634981562714
0.560788764222628	0.388067451380946
-4.44647192482678	1.97244344800376
0.745471728668303	0.543598965302457
-0.941349427084676	0.739839943684221
0.365548699035189	0.175813952012173
-1.13555209336582	0.742010647654425
-0.575238543494442	0.395420803834069
0.844152537341915	0.546273411772544
0.394076473418135	0.242158107067956
0.804570135857766	0.715574719033785
0.577959184122381	0.37641487267881
1.15418289043711	1.11181599616954
-0.40012660067552	0.199476376007637
-0.795221755124498	0.428924725702898
0.578158381790198	0.376627328503049
0.770438655215179	0.350662431796396
-0.0874192319868208	0.0398048854826958
0.956788078053275	0.73445417517158
1.71242266421457	1.36403249253072
-1.6785047704879	1.1534766271046
0.844256005489486	0.54634206000507
0.11963988329625	0.0536532323596811
0.0422802796907504	0.0213451498379722
-0.104237985423735	0.0557346774846308
0.710040201323559	0.546575985920525
0.968717800695272	0.897199324362361
-0.511027416637717	0.185602242202858
0.0586730762067555	0.0233010280801353
1.33441099968333	1.01935277897555
-0.191765997402019	0.0841406045300469
0.170078037123426	0.0842362332696313
0.623050316446066	0.352135083519687
2.88273098321132	2.1174691772228
-0.191930840094509	0.084187060728103
-0.453445252643358	0.286736128516789
-0.0496786953210636	0.0271589708374202
0.668343792191946	0.343767807424399
-1.95655939260065	1.00244973962138
-0.795391084685964	0.429117695674088
2.04419326660274	1.50855887779828
0.84529784914502	0.716263798147259
1.14132666656629	0.780469271001445
-0.580161377046775	0.322068153605651
-0.884701326330879	0.588899170884722
-1.13716389690442	0.878922923019374
-0.829122506699366	0.606416348519176
0.205237204149976	0.110442438968594
-0.268921114931938	0.137530879122937
-1.04537690067048	0.878388728457478
-0.0496545327696726	0.0271489027461026
-0.174631810867657	0.091282939908205
-1.14888593460408	1.17733244428736
-2.3829153563534	1.52474168466502
-0.268709990012556	0.137422886733516
0.0292672913633562	0.0174051502905043
-0.174485277419969	0.0912106313420276
0.57807733445384	0.376533066519482
0.0423191371419603	0.0213682662442981
-2.18934851078571	1.27007010277034
0.966611652025928	0.36540950209132
0.205296443575086	0.110471969951527
0.560710472183291	0.388178977785677
-0.795557467610568	0.429227305973378
-1.27862430640304	0.903655705374731
-0.174654363192555	0.0913057007302436
-2.01796678224983	2.14552188445609
0.169884086577812	0.0841182875246922
-0.707518608301749	0.478373617995054
1.49183000363258	1.42984958407953
0.369533728475468	0.157989232089938
0.411335463891534	0.150170640765866
-1.82023890994271	1.34247982951609
0.0422394942241809	0.0213249154647207
-0.320591866789526	0.185070076583314
0.0586708691176024	0.0232936285877414
-0.0877575997881977	0.039961229689291
-1.27873979527957	0.904162189875354
0.578103014416737	0.376604056005177
-1.04541408558189	0.878645391324334
0.668408321489857	0.343877341929885
-0.400513563075863	0.199729099262418
0.92149314149832	0.552505338452732
-0.323267030849328	0.132664766624666
0.120004743026815	0.0538382787021705
-0.884544289848043	0.588611212599592
-0.968838406142606	1.07732162763356
-0.174540515247827	0.0912397503894302
-0.0124118503434449	0.00581552997654431
-0.00285025275782294	0.000970864932132848
-0.266042844440201	0.195205319188457
0.0423576214530844	0.0213884261189087
-0.740271693618544	0.452632126761163
-0.687600237888207	0.510532942612147
0.668341817602373	0.343821264073672
0.230647825918803	0.133710246186896
-0.707523329638753	0.478354372906709
0.396977175798824	0.260262280706806
-1.27863245309779	0.904117251927921
1.14100900812223	0.779973658388234
1.73016957099421	1.91954839108287
1.30501002656905	0.824855468544757
-0.19168054449394	0.0841002189352164
0.598388187690383	0.365124289578113
0.0422802796907504	0.0213451498379722
0.0836487181970986	0.045700188709168
-0.268617700571665	0.137383094548257
0.119980963262918	0.0538242500271638
2.23164622755735	1.81978607430552
1.14135042570868	0.78055702486602
0.388553749445873	0.222747063630089
-1.33218850427308	0.762488652736134
0.388681054646199	0.222839316744788
1.14156268031893	0.7806472914026
-0.400150141167734	0.199526819273677
0.388693203120202	0.222849389931697
1.24274696878479	1.1470039720687
1.65613897630138	1.51943823476646
-1.13542670488496	0.7418567226406
0.92132134334832	0.552408279546252
1.71218813755133	1.36379252078282
-1.51832895997772	0.959438617553198
-0.268525347797909	0.137326910041535
-2.93854860289732	2.42954190249426
-0.0872920717273817	0.0397381772141896
0.119875060412801	0.0537756254140837
-0.0950410022999725	0.0272844875354853
-0.087441370809686	0.0398097097825643
0.398846314286367	0.277838106957553
0.788985226772879	0.543739643758407
-0.795557467610568	0.429227305973378
0.844152537341915	0.546273411772544
-1.13716291945289	0.878934444802947
0.0294059418214695	0.017484702587175
-0.400302687392056	0.199595859940072
0.0423204290408281	0.0213626964358949
-0.119224759805266	0.073076319421968
0.546191546545707	0.399994409087937
-0.4297991763118	0.243493611717284
0.844442087914834	0.546426797242726
-0.0876522636543796	0.0399151556854039
-0.191765997402019	0.0841406045300469
0.533642208015981	0.41294769709394
0.39411807088477	0.242241986020776
0.142341727364771	0.0893175041521728
-0.284665059208404	0.18661519669181
-0.268709990012556	0.137422886733516
-2.82052779251383	2.21226453800662
0.388623453802359	0.222807132021994
1.32371794960321	0.631519863553089
0.37903365004806	0.200695229132283
0.378744180687792	0.200540698956173
-0.171942958073269	0.103296434915017
0.844059703677712	0.546155801156035
-0.400536866605911	0.1997271130363
0.578073386398327	0.376592353319862
-0.0496302816821721	0.027135851275683
0.95689862688858	0.734589435516779
-0.581854188280408	0.277697073220254
0.578018102972575	0.37654181246198
-0.400173652945427	0.199527805530166
0.56070923211041	0.38809432514031
0.0837631862053656	0.0457484287117161
0.789112861032958	0.543795507562315
-0.104279201245991	0.0557745263714602
-1.13712262184062	0.87873904757024
-0.00605468831058989	0.00338734248617692
-1.27835023377402	0.903284532657857
-0.976748321602159	0.584724813841583
0.119745583702531	0.0537078184456366
-0.976980042183984	0.584826986165083
-0.842573501506563	0.367295334988531
1.0596257295169	0.577674605165275
-1.13567729072396	0.742109314725345
-1.27902068358659	0.903992503803145
-2.17996734915815	1.91978070509961
-0.58022292583536	0.322227384173889
-0.941314845393856	0.739889310526513
-0.320591171432568	0.185071363929284
0.0422394942241809	0.0213249154647207
0.365462810263777	0.175771126538925
0.170374466606941	0.0843863554800559
0.560670796042941	0.388152961154497
-0.400255793183877	0.199576929984158
-1.13506929005831	0.741043478049738
0.142558152814553	0.0894559811479663
1.33431810097726	1.01922986342603
-0.740153404339214	0.452181368952768
1.06005677723729	0.577964964153784
0.37892999110995	0.200646545836412
1.355606935422	1.19630008070769
0.789009542854592	0.543863079094428
-0.17459926023523	0.0912855489687525
-0.359400794834614	0.231196545368216
0.78893980475248	0.543791021826737
0.956732852403354	0.734300745697998
0.578184050921728	0.37660955704405
0.598582673007789	0.36530237473833
1.02291643682649	1.0713166900179
-0.171835455099453	0.103204869310422
0.921241742723202	0.552274221996466
-0.0123300335252873	0.00577717266429914
0.0836796513806659	0.045709786317908
-0.57992373851397	0.321874824648446
1.10706194257041	0.935925458227292
1.3240029948815	0.631669573381819
0.369101416923485	0.157753649363207
-0.32351770392979	0.13279342860992
-1.33197952685661	0.762634981562714
0.365545538878326	0.175812862473331
-1.52948334557859	1.23770178565813
0.394079024967753	0.242203282221255
-0.320550245572636	0.185039040731163
-0.00219804389106728	0.000749243310235947
0.286074748265526	0.212012049708319
0.894856193528215	0.722820244820785
0.578128702372086	0.376615585739378
0.120216878406035	0.0539296496159934
0.365637963674233	0.175752205851643
0.578184050921728	0.37660955704405
0.119898789663274	0.0537835419180417
0.623392508810783	0.352425458002545
-0.429823900373269	0.243455736202764
0.398819616028579	0.277815329640886
-0.0121701696544959	0.0057003464533006
1.03590526157618	0.753863518623507
0.116364528101487	0.0683239471829726
0.0837387060859554	0.0457409019500633
-0.707522656104184	0.478427995182554
0.804448590850661	0.715407555399986
0.546177796784352	0.39983026278967
0.276957543704097	0.194350081764933
-0.453489360946646	0.286816989972648
-0.237494251281423	0.13984879736702
-0.400197135988387	0.199458927531394
0.230489218546085	0.133657096820458
-0.884519156846644	0.588683549507875
-0.320553567284933	0.185034774686656
0.249929441003308	0.155058665247787
0.37882650870246	0.200579110731171
-0.0876302197595823	0.0399015975036765
-0.320552374954212	0.185067543761871
0.205097333541243	0.110364406966335
0.0423563918280617	0.0213800658817072
-0.453484702733794	0.286786318132861
0.89489373357189	0.722836439678964
0.39693217152986	0.260242591337945
-0.17468679281023	0.0913119091996085
0.546087263324922	0.399722293888994
-0.580476543617623	0.322432153035535
0.95692825447083	0.734633189363389
0.265118813379176	0.175428622585859
-0.284585308684648	0.186549194271429
0.249859893917095	0.154964930272601
-0.976852932436996	0.584831668326988
-0.581784038930277	0.277651257807727
0.23052811985298	0.133680230051694
-1.2789218342897	0.904010808104235
-0.0496892608524587	0.027166145527787
-0.884895508072574	0.588736737689298
0.205071546672453	0.110351538960765
-0.976388308966963	0.584207226036347
-1.27882282172847	0.903955643677358
-0.510665083637769	0.185396417332941
-0.740171003604891	0.45253026277676
-0.57525108074046	0.357535915462596
-1.820361739145	1.34284933258746
1.06012940531189	0.577842537391584
-0.268921114931938	0.137530879122937
-0.400150141167734	0.199526819273677
-1.51832746292766	0.95902509039346
-0.976470386658705	0.584506017782514
-0.400384780578106	0.19966118834964
-0.268912224783566	0.137532775591647
0.170179807255207	0.0842887264509299
-0.174492497004984	0.0911987002855928
0.789055063944555	0.543856648322334
0.681139427932065	0.552002549987008
-1.13716389690442	0.878922923019374
0.668483206398341	0.343935288943319
0.771676530772431	0.351236854098783
0.844152537341915	0.546273411772544
0.37892999110995	0.200646545836412
-0.284637170880319	0.186569457026479
3.06278936851816	2.47934933701204
1.52031837389016	1.08720177898495
-0.740472578230699	0.452738938330306
0.598582673007789	0.36530237473833
-1.1355941300797	0.741582759971793
1.14124441291442	0.780397358047567
0.378643955473557	0.200452340941438
-0.429994928475187	0.243602180977508
0.394076784636599	0.242214048759041
0.388762997440806	0.222873844908431
0.120134631761478	0.0538964433430745
1.50478598939784	1.26696918670783
-0.0125507284368688	0.00587794461597797
-0.191765997402019	0.0841406045300469
0.205123128476221	0.11035959863149
-0.399938609312184	0.199306405863636
0.668412566104476	0.343909313552279
0.396891168447127	0.260145135120504
-0.400173652945427	0.199527805530166
0.0836037239607611	0.0456723801774988
0.119769233618733	0.0537209607675883
0.119851360032837	0.0537563736980319
-0.976620884568423	0.58466531707052
0.681085975513536	0.552026657242208
0.170253854508655	0.084308299304193
0.393998309938964	0.24221564521359
-0.0016157804387986	0.00054955076095408
-0.740463975085828	0.452748151314771
-1.68009156842078	0.744218155905003
1.52031837389016	1.08720177898495
-0.707443001284619	0.478314823263817
0.369533728475468	0.157989232089938
0.230488467651288	0.133653113546507
-0.740363553407265	0.452677488340356
0.230606866320283	0.13369681803433
0.956813838104802	0.73441190289006
0.635501409982084	0.56692782818225
0.598592016021916	0.365255436252484
0.0835999802839683	0.0456661028318998
-1.74461765898655	1.59018409630918
-0.575306066526481	0.357587683954408
0.120004743026815	0.0538382787021705
0.379022994958611	0.200668768396603
0.709970737948806	0.546462186417456
0.388750876020199	0.222881622076993
0.62326240290656	0.352345581752505
-0.5801177025606	0.32217404700399
0.789264846004561	0.54394451038598
-0.23751862527221	0.1398723323227
0.394038396008532	0.242246959131393
-0.049665047876336	0.0271547943089435
0.394038396008532	0.242246959131393
0.205152501413158	0.110394674120877
0.378516123801615	0.200369826875235
0.230608848596398	0.133708611959684
0.921235649259864	0.552124828295716
0.921238684730593	0.552324794055389
0.378837053043127	0.200602993253842
0.623026548869316	0.352133124979863
-0.581924444867391	0.277715453255469
-1.4501972491394	1.35182320417757
-0.119224759805266	0.073076319421968
-1.5295659954108	1.23842806979028
1.03620195042652	0.754167711587714
-0.795391084685964	0.429117695674088
-0.400384780578106	0.19966118834964
-0.0945452117596051	0.0271462991052748
-1.34596633931712	0.491729044914134
-0.58022292583536	0.322227384173889
-1.13716482920954	0.878862085226381
0.119875060412801	0.0537756254140837
-0.284531767146644	0.186479248309792
-1.95040459422276	1.53434286247939
0.38842674464191	0.222615317705505
-2.54801369606555	1.76433535194584
-0.389589086762666	0.27697775175688
0.0586773454804471	0.0233008804750109
0.0423191371419603	0.0213682662442981
0.0423180273406882	0.0213686808954471
-0.976725620080584	0.584772285236741
0.844152537341915	0.546273411772544
0.844452767399357	0.546400878858197
-0.740162214758242	0.452442797394852
-0.976365401250023	0.584398859616745
1.33411183825359	1.01908962040694
-0.74018851648354	0.452313239030648
-1.27872364579987	0.903836429245258
0.230452219096468	0.13358174972217
0.668481033440034	0.343942560095741
0.956953950129638	0.734577320632393
1.83678835771213	1.20249190202203
0.770438655215179	0.350662431796396
0.0586708691176024	0.0232936285877414
0.966702252242434	0.36518519072322
0.410110611034653	0.149654308557587
0.965911738749524	0.364927418987942
0.622920670421795	0.35200755441296
0.369947629246914	0.158137464148818
0.120086942258199	0.0538668745057729
0.119957212376391	0.0537989379879724
0.369191566451795	0.1578145382159
-1.40934725150451	1.06912104559651
0.119851360032837	0.0537563736980319
-0.67439662495425	0.547304924511479
-0.575218613589162	0.357443211501799
0.393959851793225	0.242147071342183
-0.104317955751367	0.0557991159685809
0.578132720644533	0.376583680720049
0.170179807255207	0.0842887264509299
0.845381693528394	0.71645952677223
-0.429811544627333	0.24349758007301
0.533750830561223	0.412952542023222
0.365628314361187	0.175832958137699
-0.0121945154062198	0.00570743151312977
-0.575273198865867	0.395479571147706
0.205097333541243	0.110364406966335
0.119980963262918	0.0538242500271638
-0.119120635310023	0.0730184164425326
0.578018102972575	0.37654181246198
-0.829205783352979	0.606232449835042
0.845403912063723	0.716533200039396
-0.119181302456655	0.0730529519471356
0.917750581432528	0.888781343667634
0.845416497078957	0.716483579132327
-1.04545690815965	0.878561347924845
0.681192316792457	0.551994587110888
1.35551839230937	1.19633622757573
1.0360164195216	0.754015797721942
-0.766092860127357	0.664969852995709
-0.322172556698852	0.232732486625906
0.522756668453131	0.425631701588842
-0.0496163561986371	0.0271235053217809
-0.174514740171446	0.091236144615508
-0.429856217784491	0.243527269122507
0.16998558631475	0.0841768411984164
-1.33190726197346	0.762157524770616
-0.191426497828664	0.0839488560761054
0.365462810263777	0.175771126538925
0.0588162361047195	0.0233573777261437
-0.58178160921078	0.277642461693518
0.170272425689712	0.0843399388739337
-0.510381448501776	0.185343391604108
-0.0877575997881977	0.039961229689291
-0.687624328798652	0.510560384911085
-0.268331253583185	0.137185477385768
-0.320433778064975	0.184950136690717
1.10706148824685	0.935941427611023
-1.33191007996814	0.762528663311124
0.369191566451795	0.1578145382159
1.14113847634247	0.780144258178932
1.14100900812223	0.779973658388234
-0.0123423441710936	0.00578321495826335
0.163309151638669	0.108902102515544
-0.237494251281423	0.13984879736702
-0.174514740171446	0.091236144615508
0.771384657824967	0.351194621180954
-0.191765997402019	0.0841406045300469
0.119898789663274	0.0537835419180417
-0.430007390140373	0.243532022871694
0.369281560627773	0.157849816719288
-1.27844165385962	0.903806240418973
0.170087252377099	0.0842292700614622
-2.54839719810998	1.76322181669697
1.26790115346446	1.32150952933271
-0.0876081502281548	0.0398767054314074
0.230410887697015	0.133569562620841
0.789009542854592	0.543863079094428
0.966408720917092	0.365302103460683
-1.13580229711503	0.742146362661845
0.369516572123014	0.157905173750537
0.745393530540733	0.543722108365821
0.365462810263777	0.175771126538925
0.449161679976785	0.125968053773896
-0.58178160921078	0.277642461693518
0.956813838104802	0.73441190289006
0.921404048782597	0.552431775441768
3.40027364600021	0.889720779959611
1.06012940531189	0.577842537391584
0.96681434430117	0.365384861095464
2.18455232731688	1.03120713248554
1.26530101460634	0.354164747749272
-0.509092334450104	0.184719564498054
-0.400067975369921	0.199390822500936
-0.84228614531331	0.36699626824262
-0.320513450752505	0.185034633111104
-1.51816394787249	0.959194058305068
0.365548699035189	0.175813952012173
-0.884757637448667	0.588875300711064
0.365634724659639	0.175835138801182
0.396921876373531	0.260242745186634
-0.981087447025423	0.894203209285648
0.230488467651288	0.133653113546507
-0.26630793734427	0.195424323779509
-0.889411874048225	0.760475505173913
-0.884701326330879	0.588899170884722
0.029222375591522	0.017376308028414
-0.580476543617623	0.322432153035535
-0.740363553407265	0.452677488340356
0.205071546672453	0.110351538960765
0.522756668453131	0.425631701588842
0.205185767371981	0.110419404112476
0.398819616028579	0.277815329640886
-0.268516230467572	0.137314152183712
0.668412566104476	0.343909313552279
-0.17459926023523	0.0912855489687525
-1.64079031604019	1.41150780173358
0.681111168410843	0.552038388846376
0.394077992026695	0.242262483225049
0.0835587295200066	0.0456394226008288
-0.174595720600663	0.0912599637275144
1.03609981704083	0.754094632826625
-0.740363553407265	0.452677488340356
-0.429754352431401	0.243433445629051
0.577962852066937	0.376462056263808
0.37903365004806	0.200695229132283
0.169884086577812	0.0841182875246922
0.39700159284157	0.260302023027962
-0.237508265376135	0.13986368143934
-0.575228160299009	0.395416533246711
0.12019299748776	0.0538981778819222
0.0423972358643515	0.0214067271227048
0.789067188669125	0.543924706508862
-0.0873025425552024	0.039747500646423
2.45888883101856	1.39979200466812
-0.841001455818523	0.366229916339387
-0.829121311601353	0.606311690422118
-1.1106194968633	0.562870946942689
1.33440052731901	1.01942425686405
0.250086191450838	0.155041288368642
1.0596257295169	0.577674605165275
-0.400255793183877	0.199576929984158
1.30494154685251	0.824683815140182
-1.1351966006618	0.741522528545178
0.276925074009431	0.194318669704258
-0.829086369388326	0.606441524864473
-3.04859567188031	2.64278648974567
-0.00226675917502309	0.000770578967515132
-1.51832746292766	0.95902509039346
2.18474755802806	1.031281860151
-0.740289082627456	0.452349498567906
0.369119084562882	0.157661603110942
-1.2785493632128	0.903585086704532
0.250030420206014	0.155105697551881
-0.747509198068959	0.701232606204208
-1.95874230208418	1.00497575293314
1.2049145732705	0.970896458378593
-0.889463579566372	0.760377202422324
-0.104397923721841	0.0558438585660396
0.668478812223091	0.34390323454053
0.369191566451795	0.1578145382159
-5.43523958875845	3.75380489059243
-0.829086369388326	0.606441524864473
-0.575321527408188	0.395445387250263
-0.472170920068407	0.330006237601996
-0.976748321602159	0.584724813841583
0.622920670421795	0.35200755441296
-0.57525108074046	0.357535915462596
0.205016392440772	0.110303116653591
0.36935409343749	0.157893264397153
2.17446090539467	2.21275374727039
-1.67947453471549	0.743697622879227
1.26530101460634	0.354164747749272
0.369533728475468	0.157989232089938
-0.323590457207612	0.13278129535799
-0.400384780578106	0.19966118834964
-0.429969967247579	0.243538297787108
-0.580244728564168	0.322288315069047
-1.34739500761706	0.492290733342126
-0.581784038930277	0.277651257807727
0.388738767178279	0.222853701932079
-0.884726670104725	0.58868087490663
-1.67982267380833	0.744085031591401
-0.580349831282464	0.322341566730602
0.380320694909218	0.0704134220050887
0.668410467979929	0.343916625774154
0.921489960026533	0.552533647137428
-0.0120548287946296	0.00564303419225124
-0.0875026457018197	0.0398390244357153
-0.842217165704752	0.366945966505995
0.560792644772341	0.387897646316439
0.921324434956384	0.5524265305633
0.0588162361047195	0.0233573777261437
1.35557734308983	1.19649920345641
0.365631508218467	0.175855733280783
-0.0873970675291552	0.0397928350708459
1.61579972956941	1.67052870207712
-0.0122398914365767	0.00573275860786979
-1.14269266938048	1.02394842286845
1.24278730522911	1.14722106912078
-0.00125614142680821	0.000428435382610242
0.560790508926747	0.388151172047753
-0.223919542840989	0.149369843074371
0.656751596641622	0.559375696683591
1.05987776781758	0.577885042568082
-0.740271693618544	0.452632126761163
0.0586794075255289	0.0232935922046704
-0.740463975085828	0.452748151314771
-0.580161377046775	0.322068153605651
1.71218813755133	1.36379252078282
0.598286523308632	0.364998220512253
3.52235700765302	3.54615537088868
0.533668738015448	0.412985803670079
-0.579491565408376	0.477127974897049
-0.104439986192503	0.05584893198215
-0.104397923721841	0.0558438585660396
1.35559940157161	1.19587893215509
0.119769233618733	0.0537209607675883
-1.40916725954337	1.06883587092141
0.169976433422897	0.0841776092708832
-0.389441573574805	0.276848884457398
-0.829043738882068	0.606222373957831
-0.10431959113781	0.0558011663734158
-0.32351770392979	0.13279342860992
-0.429868625622534	0.243546443419877
-0.320473330609048	0.185007486119419
-0.322331449240639	0.23285303554432
1.49179254892161	1.42930933466445
0.369533728475468	0.157989232089938
-0.509736421835564	0.18505595748735
-0.581849525599261	0.277576220823309
1.65640530417917	1.51961977629055
1.03609981704083	0.754094632826625
-0.575297408923719	0.395494954102611
-0.707520363398452	0.478482018542316
-1.13555209336582	0.742010647654425
-0.57525108074046	0.357535915462596
0.448916154342392	0.125894423720526
-1.95012191488657	1.5350464079897
-0.0935556981413233	0.0268478444964544
-0.580476543617623	0.322432153035535
-0.10431959113781	0.0558011663734158
-0.171916249530567	0.103284333532777
-3.87156218611866	1.24092684697853
-0.429754352431401	0.243433445629051
0.170170551402025	0.0842873863496133
-0.320591866789526	0.185070076583314
-1.95012191488657	1.5350464079897
-0.976702890166401	0.584516803880515
0.578099101184153	0.37657170949161
0.844245436694145	0.546340791689674
0.598471479069243	0.365154751464456
-1.67815176085879	1.15338270046085
-1.82060683537853	1.34328728713377
0.843922430318822	0.545806582412932
0.249950414270769	0.155064825728373
0.95689862688858	0.734589435516779
-0.237553290358037	0.139887377403942
1.60111934269334	0.906805351634796
-0.429868625622534	0.243546443419877
-0.766223878143893	0.664843910133542
-0.389571861719597	0.276987446397204
-0.359435544098484	0.231227533097986
-0.0876522636543796	0.0399151556854039
0.170253854508655	0.084308299304193
-1.24921980676995	1.03276052609911
-1.27873173123899	0.90423664025219
1.33411183825359	1.01908962040694
-0.23751862527221	0.1398723323227
-0.0496407463451933	0.0271405434836126
-0.0496892608524587	0.027166145527787
0.0423982212440437	0.0214062491591895
-1.35321913843334	1.19016835597914
0.560750823243541	0.388178877146149
-0.57525235701754	0.395450864272708
0.578158381790198	0.376627328503049
-0.429742023619485	0.243444703250539
-1.04534487457245	0.878387374207826
-1.33197952685661	0.762634981562714
-1.95001813321655	1.5341617567398
0.578217975373885	0.376547504169748
0.16998558631475	0.0841768411984164
1.20457849774969	0.969999008157581
-0.884405617644214	0.588451029547428
-0.0875026457018197	0.0398390244357153
-2.54832203739298	1.76465751015632
1.30493947629717	0.824751306985012
-0.0940501109524453	0.027000921199425
-0.399997202837789	0.199355988071609
0.623474794709938	0.352403117388814
-1.13580229711503	0.742146362661845
0.966205550579862	0.365071432394427
1.30501002656905	0.824855468544757
-2.55592769253437	2.72419356576514
0.522488352671536	0.425220107770662
-0.284643871126821	0.186589672476718
-0.429913148081275	0.243543922037474
-1.6784015336866	1.15386732162851
1.14132666656629	0.780469271001445
-0.237584261627081	0.139872830216836
0.36935409343749	0.157893264397153
0.598490018563699	0.365208208471015
0.230490012836691	0.133653431840519
0.365462810263777	0.175771126538925
0.20515621128702	0.110408160639295
0.789124946179673	0.543928830463125
1.71239929108822	1.36398339516012
-1.94992111717055	1.53384650098352
-0.359382540055869	0.231071518629106
-0.389536692830078	0.276768781487694
-1.6785047704879	1.1534766271046
0.398766246990826	0.27772283373175
-0.389511202539066	0.276942389754905
0.656812272843198	0.559400626760588
1.02277896435355	1.07144209417307
1.73005503240753	1.91840742944266
-1.01172290576127	1.05235203421019
-0.0496407463451933	0.0271405434836126
-0.580328075774064	0.322185368349542
-0.740262966664053	0.452575713375946
0.578103014416737	0.376604056005177
-1.67815176085879	1.15338270046085
-0.237514777193066	0.13983219381169
-0.500919377959946	0.41832129978555
-0.359438492963076	0.231189414986532
-1.55213617455774	1.82241881562173
-0.00593442123940317	0.00332083829221281
0.53380740996506	0.413071526569369
0.560711885972035	0.388147474403836
0.378744180687792	0.200540698956173
0.771024001739316	0.350851866827174
-0.510019488188717	0.185108792567341
-0.0873136276015911	0.0397499196226352
0.668549195290391	0.343823452293786
0.921407174037824	0.552510092381016
-0.707444835812354	0.478088853385423
-3.87136997299018	1.24060932575549
-1.33191294548162	0.762213136261659
-0.389624302641974	0.276981661337578
-0.359414427010868	0.231205255371581
-1.95751366086138	1.00395907264506
-0.841930055188795	0.366935621913115
1.03591449475179	0.753942920815292
0.170179807255207	0.0842887264509299
-0.00350347060307062	0.00119280760914839
-0.79563934189504	0.429120616122865
-1.4093047219653	1.0685818566917
-0.976702890166401	0.584516803880515
-0.23749787590423	0.139847890981541
-1.01634919800968	0.731217314444919
0.0586045725612464	0.0232714078261316
-1.13720220521042	0.878917030944994
-1.13716291945289	0.878934444802947
0.170170551402025	0.0842873863496133
-0.38943331800345	0.276816730885353
0.411621288426525	0.150241968309121
0.396942496284277	0.260224576292416
0.0582759097770294	0.0369139293809071
-0.487447913631627	0.373684765704035
-0.0871992063586919	0.0396936425795753
-0.575238543494442	0.395420803834069
-0.429913148081275	0.243543922037474
0.142531886827214	0.089431917333878
-0.740087785053024	0.452242348234362
-0.429982454183801	0.243596650316567
-0.132122312703927	0.0911751734034916
0.0837040002746334	0.0457264227156212
-0.581922163948477	0.277706756599217
-0.174463165959568	0.0911892241190449
-1.74461438988546	1.5899800149813
0.142498345009079	0.0893825222119962
0.396966874057929	0.260280317934537
-0.118990289624776	0.0729221728314425
-0.268719004618864	0.137442961534784
-0.174628515728416	0.0913006915587617
0.142367060213387	0.0893421159888673
0.365714364360966	0.175875869700692
-1.51824651968381	0.959357860364367
-0.0873025425552024	0.039747500646423
-0.268811190324651	0.137482691167831
-1.01643508791037	0.731267857066174
-2.38278396490241	1.52453549315549
0.771745171623263	0.351293543815406
-1.1106194968633	0.562870946942689
0.95692825447083	0.734633189363389
0.370036862699425	0.158172385562895
2.46033358312466	1.40059075609439
-0.0940501109524453	0.027000921199425
-0.943533995463832	0.276571805365432
-0.00357173703566973	0.00121348481836346
4.34629070750669	1.83849509413068
0.96681434430117	0.365384861095464
0.265196714837447	0.175457812098852
-0.576616701679889	0.435354227735248
-0.0942522165733174	0.0270533171061642
-0.268719004618864	0.137442961534784
0.41039768616025	0.149826752222597
1.50432345988639	1.26711745363877
-1.67873532379599	1.15356006644858
-0.323679539396547	0.132867515469766
-0.0945452117596051	0.0271462991052748
-0.0945452117596051	0.0271462991052748
-0.429684759665462	0.243380527933264
-0.266046423684386	0.195183112015641
-0.934089306018686	0.917638106850796
0.0836103669312504	0.045666856274849
-0.174028106017063	0.118114130902551
1.18739217611161	1.28856766162124
-0.0398665942238355	0.025367368726296
-0.237452844481152	0.1397982931458
0.11628438193158	0.0682790642668379
-0.268903312847488	0.137490969469136
-0.7400701483229	0.452397258194513
2.55639783030733	2.45763149630908
-0.843217940971981	0.367607429924714
0.119851360032837	0.0537563736980319
-0.049585856552459	0.0270953681966344
0.250006208652423	0.155060865497482
0.745393530540733	0.543722108365821
1.37328135486991	1.53897893979133
-1.06708263864642	1.03245055966952
-0.0496197888314195	0.0271299727345174
0.249929441003308	0.155058665247787
0.230450440407156	0.133617280023361
-0.118973070311446	0.072909852392994
0.410684422475736	0.149950448704565
2.18503331597268	1.03164513819189
-0.0025583228276369	0.000870770923181551
0.388705364199698	0.2228237408163
-0.432195795413815	0.0981239072789159
0.598787043320876	0.365355326471793
-0.792000758207755	0.632580193184753
-0.581919931251469	0.277594706556918
1.60076130506037	0.907036493899438
-1.24917920556393	1.03277338400394
0.546271580777341	0.400008553957061
1.14132666656629	0.780469271001445
-0.575247842369215	0.357512901650038
0.365380128458397	0.175707559308492
-0.323858166662756	0.132899968306796
-1.33211873878655	0.762623162135227
1.30493735728909	0.824723522711219
0.170560103174057	0.0844662711572669
0.788857893240333	0.543561532109322
1.15415528828074	1.11111536296079
0.770438655215179	0.350662431796396
0.95686907746069	0.734452920465337
0.623238534198675	0.352266810403192
-1.40933416517034	1.06897719510538
-1.67852612172773	1.153971021526
0.668410467979929	0.343916625774154
0.265179583782921	0.17546271038214
-0.400044413240096	0.19944341681556
-0.26882014270592	0.137493109818912
0.771024001739316	0.350851866827174
0.0423571659955781	0.0213870028203468
-1.45019942928392	1.35237281094304
0.265161277573761	0.175443075944721
0.745313846676038	0.5436625102872
-0.0875247626795585	0.0398554643821223
-0.79563934189504	0.429120616122865
-0.359358536869882	0.231103002500519
-1.67838010608547	1.15328082189318
0.0580868027722383	0.0367868867094116
1.02271777077819	1.07130898394737
-0.0760739807981638	0.0475235027851919
-0.320432590117121	0.184942586480465
-0.581851832882174	0.277688325692166
-0.707519508503827	0.478444598517908
-1.27883884865679	0.904144068840404
0.92157279298149	0.552488960936937
0.560749556461197	0.38815237075861
-0.352439016590201	0.27815675775622
-0.740052425322847	0.451968173003871
0.38842674464191	0.222615317705505
0.560710472183291	0.388178977785677
-0.740078977484018	0.45240201762335
0.623310226916259	0.352247296600144
-0.580139552543401	0.322178443064124
0.378919403595689	0.200601275587499
-0.581851832882174	0.277688325692166
0.0587412742586255	0.023322231337089
1.14113847634247	0.780144258178932
-0.429742023619485	0.243444703250539
-1.11070663736419	0.563156850939472
-0.104356587212664	0.0558165072825962
-1.1106194968633	0.562870946942689
-0.432065091510874	0.0980880150069608
-0.0123423441710936	0.00578321495826335
0.119875060412801	0.0537756254140837
0.623108714196451	0.352046458796775
-0.191600968462381	0.0840252559426154
-0.268802216183532	0.137431242389047
0.369443988447083	0.157954068466191
-0.191765997402019	0.0841406045300469
-0.509453689852966	0.184873844488885
-0.510098148612271	0.185160854762058
-1.13555209336582	0.742010647654425
0.205045767855467	0.110321221907016
0.399661994211238	0.310681439605538
0.119875060412801	0.0537756254140837
-0.0943429345376615	0.0270782219083277
-0.400279254651867	0.199611151597535
1.30500783274078	0.824827623389173
1.30494154685251	0.824683815140182
-1.11086680880368	0.563001129089156
-1.51816394787249	0.959194058305068
0.771745171623263	0.351293543815406
-0.575307838029623	0.395499269125434
0.845381693528394	0.71645952677223
0.116391261817522	0.0683318590374282
-1.01626552658048	0.731105199010459
-0.171970143817056	0.103284569587849
0.845392160368185	0.716330419328126
0.59876817292181	0.365396418954223
-1.24917920556393	1.03277338400394
-0.359379722216434	0.231174306033593
0.24998516710157	0.15509510358789
0.598666029175516	0.365312255321971
0.578043836574162	0.376548516431563
1.50450828107786	1.26738916091211
0.388578192406689	0.222727431738731
-0.429856217784491	0.243527269122507
0.623498793602424	0.352474627314365
-0.104199204840179	0.0556983310707404
-0.687637637733511	0.510461189365532
0.265108283975774	0.17540522549737
0.0836243033187161	0.0456856938071087
0.120086942258199	0.0538668745057729
0.0423576214530844	0.0213884261189087
0.968745917591966	0.89768178132833
0.770731512231836	0.350809203466032
-0.323267030849328	0.132664766624666
1.14158656932169	0.780653256939168
0.448374456830095	0.125721295027461
-0.268525347797909	0.137326910041535
0.710009613551325	0.546423309320201
1.30501217205153	0.824788016597256
0.668341817602373	0.343821264073672
-0.174518314964367	0.0912348516528442
-0.581854188280408	0.277697073220254
1.3240029948815	0.631669573381819
0.119745583702531	0.0537078184456366
-0.237553290358037	0.139887377403942
-0.104359195281209	0.0558242971418694
1.20496009589364	0.970744195528323
0.771384657824967	0.351194621180954
0.119769233618733	0.0537209607675883
-0.104317072987356	0.055793431428916
-0.0875247626795585	0.0398554643821223
1.06012940531189	0.577842537391584
0.230449616124751	0.133620924510745
1.0359237496115	0.753843255594232
-0.174518314964367	0.0912348516528442
0.771384657824967	0.351194621180954
-0.320433778064975	0.184950136690717
0.710029975803891	0.546567476157879
0.388635641929205	0.222799330565912
-0.453485720976542	0.286825894441277
0.116363971797762	0.0683270914761228
1.60111934269334	0.906805351634796
0.635516703734987	0.566947202060518
-0.707560579726294	0.478472244119477
0.365294456714284	0.175642850880005
-1.27883884865679	0.904144068840404
-1.95778543332321	1.00412011001723
0.623498793602424	0.352474627314365
1.03041297555539	0.912330161729054
0.388762997440806	0.222873844908431
-0.576642399663144	0.435459503434215
-0.580139552543401	0.322178443064124
0.170170551402025	0.0842873863496133
0.205126733349182	0.110389989862704
0.560750168129779	0.388179645747097
-1.33211873878655	0.762623162135227
0.623026548869316	0.352133124979863
-0.976957468435797	0.584685575036545
1.37322057695767	1.53916459337745
1.6010510490733	0.907306853764938
-0.0124118503434449	0.00581552997654431
-0.320513450752505	0.185034633111104
0.369191566451795	0.1578145382159
0.169976433422897	0.0841776092708832
-0.400408163058232	0.199679139220261
0.577962852066937	0.376462056263808
0.448916154342392	0.125894423720526
-0.580139552543401	0.322178443064124
-0.191765997402019	0.0841406045300469
0.771092418292579	0.351048136725648
-1.33198231888363	0.762319293050376
-0.575335061941683	0.357592851898839
0.388565964607091	0.222757123212129
-1.27844988038676	0.903465546558454
-5.03544980163394	2.98034229015839
2.40215864374544	2.14279979702913
-2.38298677712539	1.52480996919281
-1.3457744601924	0.491657802566864
-2.18919336135836	1.26985540555962
0.598582673007789	0.36530237473833
-1.33191007996814	0.762528663311124
0.380210454264993	0.0703919958833987
-1.67838010608547	1.15328082189318
-0.323267030849328	0.132664766624666
0.120264726831324	0.0539494870265262
0.0588139280471816	0.0233556784550016
0.578073386398327	0.376592353319862
0.0588139280471816	0.0233556784550016
-1.82058715504602	1.34264782504552
1.88376090667841	1.64383819775375
-0.400044413240096	0.19944341681556
0.623474794709938	0.352403117388814
-1.11086680880368	0.563001129089156
-0.511027416637717	0.185602242202858
-1.01637790533487	0.731279019263317
0.0292500203795323	0.0173948579542365
0.230449616124751	0.133620924510745
1.14137421358343	0.780410094648711
0.396873185929958	0.260090012299671
-0.10439877968516	0.0558435022103617
0.745195771385308	0.543085767449596
-1.40923601283174	1.06895555446208
0.656672691652286	0.559288651581621
0.921241742723202	0.552274221996466
-0.0123423441710936	0.00578321495826335
0.623238534198675	0.352266810403192
0.0836139988449978	0.0456801177731202
-1.01643265829308	0.731047018038292
-0.575356088365925	0.395328277535935
1.0360071240707	0.754049538610323
-0.191423367821326	0.0839228856502807
-0.884657543519209	0.588843512301589
-0.0877575997881977	0.039961229689291
0.96681434430117	0.365384861095464
0.956788078053275	0.73445417517158
0.668414615793708	0.34385587193997
0.378744180687792	0.200540698956173
-0.581784038930277	0.277651257807727
-0.84164330581693	0.366637138097607
-1.34624963687459	0.491942491282243
1.14169286194149	0.780660352347053
0.598675391106249	0.365365106671917
0.668483206398341	0.343935288943319
-0.976493244523567	0.584555562455094
0.365294456714284	0.175642850880005
1.33411183825359	1.01908962040694
1.14132666656629	0.780469271001445
-1.11070663736419	0.563156850939472
-1.51832746292766	0.95902509039346
-1.24921980676995	1.03276052609911
0.204987095081449	0.110277608266342
-1.27854119798091	0.903987291667409
-0.174547594798126	0.0912442955274002
-1.01626552658048	0.731105199010459
0.788812721348061	0.543546622971751
-0.976643635842879	0.584376641750099
-1.11104174051405	0.563092496834586
-0.976260340524774	0.584050537039019
-0.268617700571665	0.137383094548257
-0.941293807684783	0.739887785369521
-0.795391084685964	0.429117695674088
0.0588115719246944	0.0233482042366705
-2.38298677712539	1.52480996919281
-0.976748321602159	0.584724813841583
0.546215912621286	0.400033984487797
-2.54801479066713	1.76423961308515
0.598573351737047	0.365281015830231
0.771092418292579	0.351048136725648
0.365548699035189	0.175813952012173
-0.581713996592567	0.277573942253515
0.369191566451795	0.1578145382159
-1.5184112689232	0.959430498339099
0.230487096056227	0.13362125268022
0.894895810166702	0.722918400089256
-0.0940501109524453	0.027000921199425
0.788743144983653	0.543372735592732
0.62326240290656	0.352345581752505
-0.237542907484709	0.139878710803409
-0.320590430654897	0.185062347151589
1.05980524645418	0.577754859072529
1.33440052731901	1.01942425686405
0.120501439180988	0.0540408676993147
0.0586085950256821	0.0232622911588512
-0.322928275464891	0.132467121045914
1.35565840151789	1.19659624976322
-0.829161861228045	0.606385804968966
-0.453489360946646	0.286816989972648
-0.320591171432568	0.185071363929284
-0.795557467610568	0.429227305973378
-1.11045946877855	0.562965619456525
-0.0945452117596051	0.0271462991052748
-0.400408163058232	0.199679139220261
0.598378969448173	0.365092189435562
0.205126733349182	0.110389989862704
0.921159097279262	0.551980727423307
-0.191686445486513	0.084057163485459
-0.740472578230699	0.452738938330306
-0.269004243765711	0.137540981534814
0.92132134334832	0.552408279546252
0.369443988447083	0.157954068466191
-1.67920618160724	0.743565005829687
1.05980524645418	0.577754859072529
-2.97813504586116	0.636375479740286
-0.19168054449394	0.0841002189352164
1.14137421358343	0.780410094648711
0.844049245470728	0.54612619942835
1.79307215656604	1.77786554640018
-1.11079392999874	0.562961892534568
-1.95751366086138	1.00395907264506
1.3665179114106	1.36570546546908
-0.19168054449394	0.0841002189352164
1.8140182535977	0.679923493619259
0.0586045725612464	0.0232714078261316
-0.580476543617623	0.322432153035535
-0.509453689852966	0.184873844488885
-0.400255793183877	0.199576929984158
-0.432356925502191	0.0981422305445414
0.16978275306891	0.0840522260004463
-0.174156693762985	0.118207126158388
0.394037916789735	0.242247660525564
0.276886591843452	0.194203964576229
0.397081311841956	0.260277318843507
0.230526808360949	0.133648399255831
-0.88946547353368	0.760587091874175
0.397026101851446	0.260307889214928
0.57804767962632	0.376553475673062
0.388623453802359	0.222807132021994
-1.95717194400029	1.00342135116854
0.388529356960754	0.222582889973725
-0.0496334179813041	0.0271330956337154
-2.18934851078571	1.27007010277034
0.170078037123426	0.0842362332696313
-0.32351770392979	0.13279342860992
1.60140883922882	0.907211457837158
-0.400384780578106	0.19966118834964
-0.104199204840179	0.0556983310707404
0.92132134334832	0.552408279546252
-0.795641716677105	0.429218074573229
-0.0874192319868208	0.0398048854826958
0.399579574088399	0.294588243783529
0.844131559058828	0.545911466600303
-0.0123792002568468	0.00579539781678623
-0.400255793183877	0.199576929984158
1.79282558384291	1.776056334353
1.52031552276731	1.08722702084927
-0.174374704227733	0.0911280503588134
-0.580139552543401	0.322178443064124
-0.268626755667087	0.137386831811978
1.60011277032147	0.906043996244228
0.388693203120202	0.222849389931697
0.740227208731524	0.718529230742228
1.0359885982301	0.753483182014086
-0.429982454183801	0.243596650316567
-1.13542670488496	0.7418567226406
-0.174430007089212	0.091173747936002
0.396887167078154	0.26018713186142
-0.0495987185310005	0.027114194361977
0.365211901913342	0.175537498412538
-0.0120305911399652	0.00563406783484734
0.399661994211238	0.310681439605538
-0.191509229873972	0.0839961430022088
-0.740262966664053	0.452575713375946
0.365720887306888	0.175815874153668
0.546226339378666	0.400029781886946
-0.581786516589405	0.277551473252916
0.0423197603352864	0.0213662872995593
-1.13544780775655	0.74188588614203
-0.884519156846644	0.588683549507875
0.95689862688858	0.734589435516779
0.0836103669312504	0.045666856274849
-1.14285277205297	1.02408406401094
0.142402398242811	0.0893691754404031
-0.10435836928934	0.0558246704842912
-0.842217165704752	0.366945966505995
-0.575207305272533	0.395345755769592
0.393959851793225	0.242147071342183
-0.191765997402019	0.0841406045300469
1.26790166121949	1.32146029517109
0.0836139988449978	0.0456801177731202
0.378940602994957	0.200651612788855
0.668410467979929	0.343916625774154
0.369785495549136	0.158102799873415
-0.580476543617623	0.322432153035535
0.967309813891396	0.365498022573177
-1.67817331367911	1.15296261253942
0.745235909782186	0.543280184838982
2.4020542545307	2.1425132475679
1.30500783274078	0.824827623389173
0.170161317325234	0.0842725965010529
0.369443988447083	0.157954068466191
0.921324434956384	0.5524265305633
-0.976643635842879	0.584376641750099
-2.18887464496301	1.26943367833825
1.52014793989224	1.08660223194899
1.71218813755133	1.36379252078282
0.41039768616025	0.149826752222597
-0.842573501506563	0.367295334988531
0.771453181882331	0.351085847175968
-0.509092334450104	0.184719564498054
-0.580161377046775	0.322068153605651
0.365631508218467	0.175855733280783
-0.192015997174712	0.0842188064490224
-0.00190672948753378	0.000649411384947845
-0.191765997402019	0.0841406045300469
-0.829124767395153	0.606503723818148
0.0586773454804471	0.0233008804750109
0.956902566778186	0.734555045157672
-0.943675469426376	0.276612084705558
0.57798860447689	0.376498020652567
-0.795475547334051	0.429156033723791
-0.84164330581693	0.366637138097607
-1.11079392999874	0.562961892534568
0.205100973330945	0.11036967785944
0.598573351737047	0.365281015830231
0.560670124227051	0.38812563402852
1.29722083419548	1.66887583429658
-0.575309095809477	0.357521379838328
-0.174628515728416	0.0913006915587617
0.0836732250012232	0.0457098608963882
1.71205948036522	1.36302875890498
-0.0122850641813574	0.0057559911383436
0.622920670421795	0.35200755441296
0.120216878406035	0.0539296496159934
-0.0122154413396054	0.00572317029003499
0.745314931034749	0.543544321920657
0.598490018563699	0.365208208471015
0.142332662718343	0.0893225200421159
-0.174514740171446	0.091236144615508
-0.171836647611099	0.103224835215403
2.03694768331427	1.92811269482414
-0.400020822389192	0.199426194116488
-0.323178299118294	0.132626269521487
-0.58178160921078	0.277642461693518
0.170059671984345	0.0842063275246382
-0.580498200950308	0.322444400471375
-0.191600968462381	0.0840252559426154
-0.0119728323770928	0.00560560717319621
1.32306892716298	0.63080538121321
0.410032429213935	0.149677489118131
1.50489723437065	1.26738622111217
-0.511311621967125	0.185655469546493
0.921324434956384	0.5524265305633
1.5204805302589	1.08698968363812
-0.399938609312184	0.199306405863636
0.844152537341915	0.546273411772544
0.388635641929205	0.222799330565912
-1.13530112512833	0.741647485097293
0.0423586690649514	0.0213879798283963
-0.674283653012676	0.547106529014952
0.398846314286367	0.277838106957553
0.119745583702531	0.0537078184456366
-1.04545690815965	0.878561347924845
0.205075221343872	0.110332408266124
0.0422779358186762	0.0213460423590448
-3.87175460792962	1.24102623022072
-0.575192754444671	0.357461056491999
0.170263129213505	0.0843313417776692
-0.829087361933432	0.606402072678441
0.57799237739116	0.376473680654714
-0.429868625622534	0.243546443419877
-0.581851832882174	0.277688325692166
0.0825303680488827	0.0554304614358371
-0.472064591324512	0.329985339812347
-0.320552993853204	0.185056332829789
0.119980963262918	0.0538242500271638
-0.174566282324028	0.0912287278252804
-0.94131775771945	0.73977938532399
0.804482833660612	0.715576677362051
-0.45344624098908	0.286775668100434
0.293452366189348	0.228877051131116
-0.320472080549721	0.184999887675071
0.560750168129779	0.388179645747097
-1.24918171972354	1.03274207099917
0.844442087914834	0.546426797242726
-0.0121125550355883	0.00567193534323825
0.388484090009371	0.222665206631935
-0.171837191060019	0.103216922573153
0.921156072870382	0.552172581688307
0.578103014416737	0.376604056005177
-0.320433206846562	0.18495150928958
0.804361282585464	0.715200137963353
0.029371177674185	0.017466505112097
0.921070539355341	0.551889449545648
0.894894382386493	0.72293105384348
-0.575221956505582	0.357508938560049
0.74547277621256	0.543656879654026
0.76985183637711	0.350147643346418
1.05978803084369	0.577720231178301
-0.581713996592567	0.277573942253515
1.30493947629717	0.824751306985012
1.71252840521781	1.36406648304809
0.205126733349182	0.110389989862704
-0.26882014270592	0.137493109818912
0.0586045725612464	0.0232714078261316
-1.68009156842078	0.744218155905003
0.77079981160721	0.350840110911968
2.04412309013874	1.50763889686787
0.771745171623263	0.351293543815406
0.369785495549136	0.158102799873415
-0.841930055188795	0.366935621913115
-1.11045946877855	0.562965619456525
-0.400255793183877	0.199576929984158
-0.795555037532711	0.429082398854794
-1.67885839139668	0.74297195066748
0.410684422475736	0.149950448704565
0.0587457894570351	0.0233313383669741
0.369768699388882	0.157975140101217
0.804560728863526	0.715611798193099
0.533642208015981	0.41294769709394
0.399502630533635	0.310526343450124
-0.22396282497891	0.149412887641726
-0.884575760396575	0.588743079775032
-0.174400414949544	0.0911424363464061
0.388668918757911	0.222793542187364
0.0836487181970986	0.045700188709168
0.921407174037824	0.552510092381016
-0.0872920717273817	0.0397381772141896
1.30500559063638	0.824690551359012
0.398873021706968	0.277844831721069
1.08227838567496	1.08850364398883
-0.884632253303745	0.58876380922075
0.845336444937576	0.716445527359605
-1.33191007996814	0.762528663311124
-0.191677560250301	0.0840866628137423
0.448916154342392	0.125894423720526
-0.323768775804252	0.132906269597143
0.410970820517796	0.150022055679717
1.81387476499941	0.680075755177531
0.205207701750601	0.110416794371153
0.89497510275865	0.722971967281811
0.119769233618733	0.0537209607675883
-0.268921114931938	0.137530879122937
-1.82070949259818	1.34281782363061
0.745432336831889	0.543720392347431
-0.32047439866804	0.184974644576425
-1.27853301138186	0.903936296677004
0.789124946179673	0.543928830463125
-1.01635180096047	0.731290577813313
0.894935446571742	0.722968334191717
0.170355770620737	0.0843670955703796
-0.740271693618544	0.452632126761163
-4.18271999665072	1.58906574345964
1.14158656932169	0.780653256939168
-1.13555209336582	0.742010647654425
0.388726670895047	0.222786150748224
0.120028551647769	0.0538416400422945
-1.8207291027124	1.34335604769857
1.14111481814916	0.780226580309296
0.598573351737047	0.365281015830231
-2.38285146634582	1.52477404740462
1.18737499282417	1.28847329613945
1.52031552276731	1.08722702084927
1.30486677389029	0.824261948053604
0.895014778742743	0.722927234924248
1.30487081338944	0.82422218775868
-0.0875247626795585	0.0398554643821223
-0.0876302197595823	0.0399015975036765
-0.429786795407442	0.243444148307166
0.378621720444965	0.200461497743518
-0.976598104893979	0.584662631574268
-1.40945805218886	1.06898654271964
0.54620015589901	0.399948254223703
0.388808660668062	0.222896051552016
-0.0122154413396054	0.00572317029003499
-0.45344808773457	0.286801474904568
0.578128702372086	0.376615585739378
-0.00226675917502309	0.000770578967515132
-0.740481159695056	0.452601650070292
0.365377058174033	0.17570635540703
-1.51840982581887	0.959105734342332
-0.5801177025606	0.32217404700399
-0.19168054449394	0.0841002189352164
0.26510168194708	0.17541465777122
-0.740372218460723	0.452702879152707
-0.0873025425552024	0.039747500646423
0.120240788194207	0.0539451931203284
0.170068843650991	0.0842286987652546
-0.0122276726897269	0.00572835891609193
0.388948583020188	0.222923388274459
0.16996730234134	0.0841624907926557
0.16998558631475	0.0841768411984164
-0.795473084150557	0.429189025577302
0.623392508810783	0.352425458002545
0.745393073383296	0.543751429172607
0.205266784752764	0.110460669177488
0.546147884575247	0.399917127393887
0.170272425689712	0.0843399388739337
0.62360515494983	0.352483156517297
0.378810830526368	0.200509046834652
2.04419091510948	1.50859841746199
0.393997845165748	0.242199850872686
0.844059703677712	0.546155801156035
-0.268626755667087	0.137386831811978
-0.575318237617244	0.395483995236497
-0.191677560250301	0.0840866628137423
-1.94992111717055	1.53384650098352
0.710005461501729	0.546536508014955
0.598592016021916	0.365255436252484
-0.941325320078651	0.739833669250325
0.369533728475468	0.157989232089938
0.668483206398341	0.343935288943319
0.0424373093427921	0.0214235517697407
-0.0495987185310005	0.027114194361977
-1.45016673822644	1.35208736064616
-0.453450532938475	0.286725775200083
0.710130177477152	0.546424950957029
1.03038230068507	0.912471168640531
0.378868832202694	0.200388596300871
0.277000858389162	0.194377257837477
-0.0495745302389781	0.0271023358330422
0.249953816287964	0.155073709123128
0.0835099382500509	0.0455958795678448
0.230490012836691	0.133653431840519
-0.674370456569924	0.547283897739614
0.745392295858783	0.543663995346619
-0.191848441999651	0.0841748012731843
-0.472118030867994	0.3299950821969
-1.11086680880368	0.563001129089156
0.845403397482506	0.716477278446178
0.169884086577812	0.0841182875246922
1.15405120208435	1.11122173254572
-1.01629436212397	0.731210863643357
1.05946338007628	0.577310701954974
-1.40927863953749	1.06900153922817
1.36667539286841	1.36535177634249
0.163483877144822	0.109053939598613
-1.67982267380833	0.744085031591401
0.409457465256804	0.149381108415224
0.396901374837233	0.260194980996735
0.0422388999443572	0.0213245448072465
0.789206944140957	0.54394025488045
0.598582673007789	0.36530237473833
0.0423972358643515	0.0214067271227048
-0.00219804389106728	0.000749243310235947
0.116310568788396	0.0682939752654957
1.37813886496804	1.88341016304908
0.39395926482031	0.242165352884471
-0.23751862527221	0.1398723323227
0.0588139280471816	0.0233556784550016
0.250014782945648	0.155101270481126
-0.792132691140584	0.632612756745778
0.409379481895826	0.149355853828265
-0.0877575997881977	0.039961229689291
-1.27873173123899	0.90423664025219
-0.0876302197595823	0.0399015975036765
0.0424368705915343	0.0214232577422538
0.533632782832649	0.412847148930913
1.14111481814916	0.780226580309296
0.533720104577383	0.413008842838689
1.48064935956103	1.59376521661266
-0.119025543600381	0.0729400209707247
0.745313372817002	0.543643055784517
-0.576642399663144	0.435459503434215
0.668546851422635	0.343694803261591
0.770145430120155	0.350454199977507
0.0588162361047195	0.0233573777261437
0.623392508810783	0.352425458002545
0.39395926482031	0.242165352884471
0.250044286495274	0.155129883729938
0.285953794816536	0.211867512234416
0.560710472183291	0.388178977785677
-0.453526186148828	0.286869848352417
0.0423598988642098	0.0213823736170543
0.0586773454804471	0.0233008804750109
-0.884588372446995	0.588819046433955
0.578043836574162	0.376548516431563
0.398766731125854	0.27775320365002
0.0836450010510917	0.0456897563034637
-1.1106194968633	0.562870946942689
-0.174511025718575	0.09120848381818
-0.429754352431401	0.243433445629051
-0.575311016345418	0.395398929328031
0.745392661819511	0.543732026195375
-0.739986888238759	0.452140401415943
1.30493735728909	0.824723522711219
0.388451320995469	0.222566481892269
0.394036752702416	0.242142493706615
-0.268626755667087	0.137386831811978
-0.400150141167734	0.199526819273677
-0.284691295871544	0.186632398557008
0.36935409343749	0.157893264397153
-0.0873970675291552	0.0397928350708459
-0.0873025425552024	0.039747500646423
-0.740372218460723	0.452702879152707
0.0586730762067555	0.0233010280801353
1.33440052731901	1.01942425686405
-1.5184112689232	0.959430498339099
-0.943915148975872	0.276710030090892
0.894933460129094	0.722886458228443
-0.581919931251469	0.277594706556918
-1.34624963687459	0.491942491282243
0.120134631761478	0.0538964433430745
-0.400384780578106	0.19966118834964
0.844163062994518	0.546224354744882
-0.174680202609227	0.0912873089807233
0.89489507458496	0.722958418196703
0.142385191288702	0.0893472609315053
0.0835792957447459	0.0456571767018195
-0.191677560250301	0.0840866628137423
-0.191426497828664	0.0839488560761054
1.33451450379069	1.01897780131744
0.560670796042941	0.388152961154497
1.0360071240707	0.754049538610323
-0.0873025425552024	0.039747500646423
-0.191765997402019	0.0841406045300469
1.05946338007628	0.577310701954974
-0.976620884568423	0.58466531707052
0.921407174037824	0.552510092381016
1.24274888728981	1.14736338565194
1.50440679942334	1.26672036127882
-0.580498200950308	0.322444400471375
0.250067550761215	0.155124149629797
0.169976433422897	0.0841776092708832
0.844152537341915	0.546273411772544
0.37892999110995	0.200646545836412
0.365465936752018	0.175750334952689
1.30494356888525	0.824508049490796
1.32363982547823	0.630907016675196
0.921489960026533	0.552533647137428
0.0423592611971083	0.0213859834041211
0.230607483632705	0.133708407209246
-0.575248897149481	0.395405491266938
0.230529605001091	0.133680510590328
-0.0402071546642262	0.025584999218529
0.116417411473758	0.068346745975318
-1.51808124437622	0.958941346621866
-0.0876522636543796	0.0399151556854039
-0.00350347060307062	0.00119280760914839
-0.26882014270592	0.137493109818912
-0.453408528189076	0.286720278564197
-0.0873025425552024	0.039747500646423
-0.707483167259965	0.478381265464696
-2.06914685267491	1.72528340275446
-0.400044413240096	0.19944341681556
-0.884531729589841	0.588722293116452
-0.0875468540215103	0.039864629429921
-0.359459710819283	0.231234615283526
0.205097333541243	0.110364406966335
0.365380128458397	0.175707559308492
-0.174544124873814	0.0912564848517119
-0.284643871126821	0.186589672476718
-0.429742023619485	0.243444703250539
0.623238534198675	0.352266810403192
-2.54809178631589	1.76457321678584
0.745432336831889	0.543720392347431
0.170467253006703	0.0844304182125656
1.65624124323753	1.51854395688775
0.598295700956373	0.364991769480157
1.36656667985615	1.36648325535776
-0.0123669275177168	0.00579257832326066
0.369696009095169	0.158067754520311
0.668410467979929	0.343916625774154
-0.400279254651867	0.199611151597535
0.745314366085531	0.543633251735459
-0.223988826737222	0.149434181804037
0.533651612856611	0.412931714320201
0.119980963262918	0.0538242500271638
0.180831438170182	0.127660399419406
-0.224183648914107	0.149539990407034
0.120086942258199	0.0538668745057729
-0.580476543617623	0.322432153035535
0.120028551647769	0.0538416400422945
0.577962852066937	0.376462056263808
0.668553738709177	0.343855559500313
1.03581273641939	0.753757024221273
-1.52967484389062	1.23807894945633
-0.174488957080222	0.0912196505661504
-0.323768775804252	0.132906269597143
0.623392508810783	0.352425458002545
-0.320593680214361	0.185003914546436
1.79293588546477	1.77714176834868
0.623132503431904	0.352217814060037
-0.791919785186195	0.632243881619797
-1.52956420490388	1.23835359210986
-0.191512303756222	0.0840051241110584
0.388635641929205	0.222799330565912
2.40192784736041	2.14133886909755
-0.0876742818866323	0.0399207835370522
-0.268719004618864	0.137442961534784
0.84434901377286	0.546409530474438
1.05987776781758	0.577885042568082
0.668412566104476	0.343909313552279
-0.429982454183801	0.243596650316567
0.388553749445873	0.222747063630089
-0.976620884568423	0.58466531707052
0.745234165064552	0.543378646722335
-0.26843293162844	0.137254509896172
-0.174576796600837	0.0912462021193837
1.03611851081783	0.753977377386706
0.393999376174225	0.242196655610477
-0.576616701679889	0.435354227735248
0.116310568788396	0.0682939752654957
-0.707520363398452	0.478482018542316
0.142332662718343	0.0893225200421159
0.41039768616025	0.149826752222597
0.598777597268071	0.365412486093334
0.369443988447083	0.157954068466191
1.14135042570868	0.78055702486602
-0.581784038930277	0.277651257807727
-0.19168054449394	0.0841002189352164
-0.223832988693854	0.149261358987559
-0.884701326330879	0.588899170884722
0.771092418292579	0.351048136725648
0.617119076983483	0.575257556111751
-0.941224687403879	0.739667076733329
-0.237563643670217	0.139889377318265
1.32371794960321	0.631519863553089
0.560672269912082	0.388121508634766
-0.740280398947646	0.452574775308571
1.50460078691791	1.26737379434533
-0.174057290017063	0.11807465635456
-0.740271693618544	0.452632126761163
0.397081311841956	0.260277318843507
0.546191546545707	0.399994409087937
0.623368560595867	0.352394665675771
-1.04537948796259	0.878580667548643
0.578018102972575	0.37654181246198
-0.665919521611151	0.58629902271706
0.894894382386493	0.72293105384348
1.36662599458744	1.36652856874857
0.398792926930983	0.277777135794923
-0.585764393098563	0.562767181799808
-0.0497103073810723	0.0271767660161972
0.578073386398327	0.376592353319862
0.668337722865696	0.343789391545551
-1.27854119798091	0.903987291667409
-0.453525181306195	0.286848918425536
0.205181952499019	0.110420289382553
0.578018102972575	0.37654181246198
-0.792239658107441	0.632251316765469
-1.27863245309779	0.904117251927921
-0.174625080884339	0.0912854195393808
0.276974808962132	0.194360109506673
0.20515621128702	0.110408160639295
0.365631508218467	0.175855733280783
-0.575238543494442	0.395420803834069
0.560631139693429	0.388101630778108
0.560790508926747	0.388151172047753
-0.487439304643186	0.373760947376121
0.23049085052051	0.133641236131019
-2.38264926882495	1.52325156549165
1.20471767009673	0.970532442220279
-0.268617700571665	0.137383094548257
-0.580371561309725	0.322378988803852
-0.389632521229558	0.277000815543855
0.116283881027503	0.0682728259310458
0.042356756117408	0.0213843480987584
-0.359345001579328	0.231125173680797
-0.266182395655894	0.195301888469755
-0.580266505812649	0.3222691862051
-1.6785047704879	1.1534766271046
0.299705974049361	0.245228597192097
-0.0496381435370718	0.0271321434932101
0.0837529738886436	0.0457429050919704
0.804422058326491	0.71543556829675
-1.01640653529459	0.731296908478309
-0.884348681908719	0.588270502187588
0.265196714837447	0.175457812098852
0.845346905873374	0.716393381874769
-0.0496545327696726	0.0271489027461026
0.396960774133377	0.260204679686534
-0.359411288891954	0.231191559725985
-0.429856217784491	0.243527269122507
-0.884644904679083	0.588878517612653
-0.0873848714595538	0.0397782837000225
0.399674645826999	0.294745791076352
-0.575332008958251	0.395469840289597
-0.104318795135885	0.0558015566425405
-0.284691295871544	0.186632398557008
0.249950414270769	0.155064825728373
0.968798285312757	0.897808886265986
1.18741848623701	1.288537783768
-0.575444834750897	0.357512120477374
-0.320512862899764	0.185045864651848
0.668412566104476	0.343909313552279
0.394077992026695	0.242262483225049
-0.400408163058232	0.199679139220261
-0.323590457207612	0.13278129535799
0.365717614542968	0.17587696046062
-1.2491804841411	1.03278535988771
2.1745428876919	2.21306043470596
1.52031552276731	1.08722702084927
-0.00350347060307062	0.00119280760914839
0.771092418292579	0.351048136725648
0.668406126703993	0.343748672064122
-0.0121701696544959	0.0057003464533006
0.388878599268322	0.222920598581283
0.230607483632705	0.133708407209246
0.205266784752764	0.110460669177488
-0.00321092368226869	0.00109246418514769
-0.174544124873814	0.0912564848517119
1.14109118869704	0.779945452114801
0.388693203120202	0.222849389931697
0.116258202546852	0.0682604551641289
0.369443988447083	0.157954068466191
-0.575262792708149	0.395475278382787
0.0586730762067555	0.0233010280801353
-0.268608623749507	0.137354005666895
1.52023308903483	1.08716538684327
-1.27863245309779	0.904117251927921
-0.884714004488368	0.588902910387814
-0.453528065982023	0.286864929800277
-0.0872815765892442	0.0397209866540439
-0.687533718902542	0.510410406258138
-0.687600237888207	0.510532942612147
-0.237563643670217	0.139889377318265
0.394076784636599	0.242214048759041
0.409745117083712	0.149553622921023
-1.01643508791037	0.731267857066174
0.956957960221602	0.734596218098462
-0.0122850641813574	0.0057559911383436
0.745275410292731	0.543439578947415
0.560591503119401	0.388022068629539
-0.674431104374811	0.547317552430663
-0.453566648168422	0.286866712107399
0.388681054646199	0.222839316744788
-0.323679539396547	0.132867515469766
-0.268626755667087	0.137386831811978
-0.453526186148828	0.286869848352417
-0.575280127168348	0.357541128183675
-0.268534443406287	0.137314478717515
0.745392661819511	0.543732026195375
0.120134631761478	0.0538964433430745
1.20509997005433	0.970785137661286
0.365634724659639	0.175835138801182
-1.51832895997772	0.959438617553198
-0.795475547334051	0.429156033723791
0.170170551402025	0.0842873863496133
1.10698332090716	0.935610304369652
0.921410321822283	0.552421724487917
-0.268811190324651	0.137482691167831
0.956872912425269	0.734592065785687
-0.399891298101968	0.19930573844766
-1.51832895997772	0.959438617553198
-0.0123300335252873	0.00577717266429914
-0.359411288891954	0.231191559725985
0.560750168129779	0.388179645747097
0.398768394915405	0.277639469297583
0.16998558631475	0.0841768411984164
-0.359411288891954	0.231191559725985
-1.27882282172847	0.903955643677358
-0.0124689471286401	0.0058422046791081
0.399527003158527	0.29457778785494
0.0422784535101385	0.0213474939483703
0.398872498945576	0.277846608081507
0.668412566104476	0.343909313552279
0.396966874057929	0.260280317934537
0.894856193528215	0.722820244820785
-1.01640653529459	0.731296908478309
1.59982204731319	0.905637435218337
-0.268331253583185	0.137185477385768
-0.57541883118866	0.357577733034769
-0.575286950296263	0.395470517468643
1.03602573662546	0.753804775358798
0.365800551476186	0.175897140276846
0.163529196181068	0.109074522496971
0.119851360032837	0.0537563736980319
0.598777597268071	0.365412486093334
0.369281560627773	0.157849816719288
-0.429925595459858	0.243580051469603
-1.33191007996814	0.762528663311124
0.370036862699425	0.158172385562895
0.205211481751657	0.110438490596475
0.378705133919478	0.200478927561889
0.0588162361047195	0.0233573777261437
0.745312944518501	0.543574984138107
1.21164272936272	1.46199543104634
-0.707481746061678	0.478444102656824
0.0837040002746334	0.0457264227156212
0.0836450010510917	0.0456897563034637
0.512687101600358	0.437924054486508
0.921658921902614	0.552484351970126
0.578158381790198	0.376627328503049
1.03590526157618	0.753863518623507
-0.320513450752505	0.185034633111104
-0.707521172971948	0.478490781085457
0.956957960221602	0.734596218098462
0.12011077257807	0.0538869679431261
-0.579913489290264	0.321944638127045
-1.64079163088207	1.41152462135051
-0.400173652945427	0.199527805530166
0.119980963262918	0.0538242500271638
0.393957777146627	0.242116747971034
0.230567144449649	0.133687254625393
-0.400302687392056	0.199595859940072
-0.0879066836925073	0.040019713981525
0.169884086577812	0.0841182875246922
-0.00285025275782294	0.000970864932132848
-0.575280127168348	0.357541128183675
1.32436602519462	0.631710688508099
-2.1894304441681	1.27005874633258
-0.58178160921078	0.277642461693518
-0.430007390140373	0.243532022871694
0.398846853823364	0.277820918046262
1.10706194257041	0.935925458227292
0.578073386398327	0.376592353319862
0.844442087914834	0.546426797242726
-0.104439186947234	0.0558548380143883
-0.174540515247827	0.0912397503894302
-1.11029948720206	0.562509478298866
-0.581922163948477	0.277706756599217
-1.95778543332321	1.00412011001723
-0.0940501109524453	0.027000921199425
1.32465049916257	0.631860044369222
0.894934741024717	0.72300838649018
-0.191677560250301	0.0840866628137423
-1.68070949459512	0.744632683673561
1.14111481814916	0.780226580309296
2.23188918576569	1.82095979134236
-1.40945805218886	1.06898654271964
-0.323178299118294	0.132626269521487
-0.191763069164488	0.0841344545583103
0.365542401306716	0.175768098348355
1.35568801851757	1.19658333932911
-0.795644069228305	0.429035866213146
-1.82048438090692	1.34311704053731
-0.17456992674774	0.0912652369592895
0.560670124227051	0.38812563402852
-0.0871992063586919	0.0396936425795753
1.14135042570868	0.78055702486602
0.745274263767946	0.543557664143171
-0.268516230467572	0.137314152183712
0.365380128458397	0.175707559308492
0.77079981160721	0.350840110911968
1.05955331516124	0.577309150511751
-0.19159191508531	0.0840304489728049
1.10714120753484	0.935847528410497
0.411049301966975	0.150047166521462
-0.00605468831058989	0.00338734248617692
0.966408720917092	0.365302103460683
1.52031837389016	1.08720177898495
-0.687589644821375	0.510540860097034
0.623026548869316	0.352133124979863
-0.765945810927848	0.664745601106462
-0.359390272612402	0.231190890343253
0.966408720917092	0.365302103460683
-0.884600971987052	0.588746834027671
-0.17459926023523	0.0912855489687525
1.30508046895977	0.824575739632389
-0.0120305911399652	0.00563406783484734
0.369947629246914	0.158137464148818
0.843944591812304	0.545998305661356
0.365459706351774	0.175748040889583
-0.575247842369215	0.357512901650038
-0.580371561309725	0.322378988803852
-1.01635180096047	0.731290577813313
1.71231699927715	1.36387533336544
-0.268635789011379	0.137364741335883
-1.33211873878655	0.762623162135227
-0.323178299118294	0.132626269521487
-0.0876522636543796	0.0399151556854039
0.170068843650991	0.0842286987652546
1.50422218592423	1.26644907004953
0.393998309938964	0.24221564521359
0.249950414270769	0.155064825728373
-1.82060683537853	1.34328728713377
0.170078037123426	0.0842362332696313
0.365548699035189	0.175813952012173
0.277070204656928	0.194380556211629
-2.54785943626347	1.76350051482849
1.2049267654137	0.970703651984816
-0.320511550772078	0.185038220306322
0.37892999110995	0.200646545836412
0.623286300486041	0.352340568865308
-0.174544124873814	0.0912564848517119
-0.0122973225407363	0.0057607405665406
-0.576509028165176	0.435219228167155
0.116311642762167	0.0682935907870279
0.623286300486041	0.352340568865308
-0.0760663075278318	0.0475144400170813
0.119875060412801	0.0537756254140837
1.14109118869704	0.779945452114801
1.88357604575587	1.64352972569819
0.170272425689712	0.0843399388739337
-0.687680243763684	0.510479816795063
-0.430164957131647	0.243556971794141
0.668410467979929	0.343916625774154
-0.45356462199367	0.286840755973713
1.33429726654848	1.0192474151438
-0.976365401250023	0.584398859616745
0.710040201323559	0.546575985920525
-4.86697483948998	2.67006666261772
0.205012927614752	0.110290990691394
0.39693217152986	0.260242591337945
0.205097333541243	0.110364406966335
-0.0495745302389781	0.0271023358330422
0.163506931519429	0.10904834457923
-1.35324028836594	1.1897058711386
0.956957960221602	0.734596218098462
0.180896034888417	0.12770137542044
0.578073386398327	0.376592353319862
0.388693203120202	0.222849389931697
-0.57525108074046	0.357535915462596
-1.27882282172847	0.903955643677358
0.560869939764432	0.387936592366309
0.398713844234512	0.277658917777453
-0.429856217784491	0.243527269122507
1.03572942681715	0.753514147878826
0.365548699035189	0.175813952012173
-0.884644904679083	0.588878517612653
-0.359414427010868	0.231205255371581
-0.0122276726897269	0.00572835891609193
1.06005677723729	0.577964964153784
0.0423180273406882	0.0213686808954471
-0.268829073303447	0.137474874094529
1.03619257372466	0.754073805053677
0.668343792191946	0.343767807424399
0.170263129213505	0.0843313417776692
-0.4534876275693	0.286851758282326
-0.941325320078651	0.739833669250325
-0.191933678929107	0.0842065929843931
-0.740455350283803	0.452583296187809
-0.740372218460723	0.452702879152707
-1.35317400380218	1.19033665870084
0.681164528369224	0.552169548046072
0.170068843650991	0.0842286987652546
-0.707522656104184	0.478427995182554
-1.33197952685661	0.762634981562714
1.03044771411581	0.912295608480516
-0.0876302197595823	0.0399015975036765
-0.174518314964367	0.0912348516528442
1.08244360274439	1.08901449921589
3.52200293408987	3.54639885882459
-1.5295378680566	1.23836981023354
0.623392508810783	0.352425458002545
-0.26843293162844	0.137254509896172
-0.740363553407265	0.452677488340356
-0.0122276726897269	0.00572835891609193
-1.11000712185328	0.562333501617952
-0.575318237617244	0.395483995236497
0.745313846676038	0.5436625102872
1.20497223605644	0.970922766106413
0.388750876020199	0.222881622076993
-1.13716389690442	0.878922923019374
0.388668918757911	0.222793542187364
-0.841001455818523	0.366229916339387
-1.9590152341516	1.00513822787385
-0.323768775804252	0.132906269597143
0.409745117083712	0.149553622921023
0.967309813891396	0.365498022573177
-1.33184073883393	0.762330697096292
0.966611652025928	0.36540950209132
-0.585838855272949	0.562808203959139
-0.174547594798126	0.0912442955274002
1.10702234056283	0.935869287440499
1.20485702201356	0.970720282769377
-0.322209986281287	0.232789308212538
-0.266032177461801	0.195202305625568
0.578073386398327	0.376592353319862
1.49183207528281	1.4294234851381
-0.320473887394135	0.184996236748731
-0.429868625622534	0.243546443419877
-0.268617700571665	0.137383094548257
-1.01623949404177	0.731062986346385
0.71005458211204	0.546523631413221
0.598286523308632	0.364998220512253
0.598777597268071	0.365412486093334
-0.884531729589841	0.588722293116452
0.598480737929632	0.365218365480648
-0.795221755124498	0.428924725702898
-0.320470648585448	0.184942561125947
1.52015070189972	1.08699171306418
-0.191426497828664	0.0839488560761054
0.745393530540733	0.543722108365821
-0.171889531829943	0.103267851984991
2.4020542545307	2.1425132475679
0.394037916789735	0.242247660525564
0.378727390829471	0.200531723202199
-1.33197678245378	0.762263841197909
1.83645064175416	1.20255680724847
-1.64087120138993	1.41100461009765
0.249995673770185	0.155084404582313
0.709995212937178	0.546527977701222
0.365634724659639	0.175835138801182
0.0587457894570351	0.0233313383669741
0.95689862688858	0.734589435516779
0.170078037123426	0.0842362332696313
-0.575276993342195	0.357560747477759
0.142454010818911	0.0894054040397301
0.142445860826328	0.0893950871229049
1.03028823981607	0.912283562583338
0.745353449875489	0.543725661610116
0.844142036023125	0.546193480334791
0.89489507458496	0.722958418196703
0.54620015589901	0.399948254223703
-0.237463240563307	0.13982242209813
0.142332662718343	0.0893225200421159
-0.320473887394135	0.184996236748731
-1.23399719341836	1.1747074029004
0.265092298747584	0.175395495110731
0.0588139280471816	0.0233556784550016
-0.32342872014596	0.132754800981013
-1.52964843587926	1.2385261432619
0.230608848596398	0.133708611959684
0.249999051633764	0.155110314569276
0.522633394904736	0.42556669118332
-0.0877575997881977	0.039961229689291
0.57807733445384	0.376533066519482
0.205292488330032	0.110454624519565
-0.0496302816821721	0.027135851275683
0.845371254868562	0.71651170385825
-1.13712456026234	0.87876657298231
0.503526279735242	0.450054565599735
-0.320511550772078	0.185038220306322
-0.581854188280408	0.277697073220254
0.249929441003308	0.155058665247787
-0.740363553407265	0.452677488340356
-1.32012956730741	1.33007082740601
0.23052811985298	0.133680230051694
-1.5295096639518	1.2382381219491
-0.5801177025606	0.32217404700399
-0.0398736531849888	0.0253711807858922
0.286135202165581	0.212070478802817
-0.487413323185831	0.373756809665301
0.894933460129094	0.722886458228443
0.770077356123395	0.350293483548051
0.170170551402025	0.0842873863496133
-0.740363553407265	0.452677488340356
-1.74465515290125	1.59024566701728
0.668414615793708	0.34385587193997
0.230447403559343	0.133585039421953
-1.01132352638582	1.05152951144765
-0.472118030867994	0.3299950821969
-0.429868625622534	0.243546443419877
-0.320511550772078	0.185038220306322
1.29715953262387	1.66928527608691
-0.19168054449394	0.0841002189352164
-1.14274628534436	1.02418851102403
0.957013386292613	0.734584209866301
-2.38298677712539	1.52480996919281
-0.268829073303447	0.137474874094529
0.410684422475736	0.149950448704565
-0.707521172971948	0.478490781085457
0.119851360032837	0.0537563736980319
0.448620351049491	0.125795452528351
-1.64077399958846	1.41020904641418
0.16996730234134	0.0841624907926557
-0.580244728564168	0.322288315069047
0.265022118032031	0.175288644400725
0.710085189501082	0.546546191806679
-1.24921714724718	1.03267851520419
0.393999376174225	0.242196655610477
0.668412566104476	0.343909313552279
-0.268719004618864	0.137442961534784
0.378744180687792	0.200540698956173
-0.795473084150557	0.429189025577302
0.365711136771531	0.175812385426095
-1.13716189686811	0.878895305292996
0.249962013195185	0.155059924155677
-1.45017766319489	1.3522539086962
-0.284643871126821	0.186589672476718
-0.223997400649952	0.149417113869312
0.41039768616025	0.149826752222597
-0.323178299118294	0.132626269521487
-0.57525108074046	0.357535915462596
1.88366844352878	1.64375210655324
-5.43531319854435	3.75574260684734
-0.191933678929107	0.0842065929843931
-0.400255793183877	0.199576929984158
1.0596257295169	0.577674605165275
0.578099101184153	0.37657170949161
-0.0120184534784008	0.00562772379566563
0.116337803549992	0.0683121911720951
-0.119016517526199	0.0729451060333527
-0.581994808915607	0.277702693030477
0.0587457894570351	0.0233313383669741
0.388693203120202	0.222849389931697
0.394038920805071	0.242228624143532
-0.579233358153782	0.476894018656135
-0.740280398947646	0.452574775308571
0.745353449875489	0.543725661610116
0.388553749445873	0.222747063630089
-0.852550090059072	0.788767282539032
-0.509736421835564	0.18505595748735
-0.4297991763118	0.243493611717284
0.230526808360949	0.133648399255831
0.0423185594731741	0.0213690212508505
0.388623453802359	0.222807132021994
0.560631139693429	0.388101630778108
-1.14280050233677	1.02411629193032
-0.224127253985207	0.149510379477194
1.03036797569468	0.91245684227107
-0.224153265320875	0.149532636220532
-0.359427841778773	0.231146608983805
0.276983589672344	0.194357664287847
-1.2788308459052	0.904291918675756
0.230489218546085	0.133657096820458
1.48070214909317	1.59406123668821
0.789009542854592	0.543863079094428
0.042279016727012	0.0213478495403599
-0.884657543519209	0.588843512301589
1.06021873399349	0.577924233695351
0.205130478099973	0.110380892749031
-1.64088225896975	1.41097206199277
0.180903030217341	0.127712801313429
0.546226787922701	0.400011463327539
0.804499952837585	0.715599841120465
0.681244105580697	0.552129760975819
-0.0871992063586919	0.0396936425795753
1.14148035323186	0.780569854920254
-0.00248972421612113	0.000848968227417177
-0.976725620080584	0.584772285236741
1.32371794960321	0.631519863553089
0.170281743912202	0.0843350879613783
0.39949498202232	0.310533248522844
0.740273565256701	0.718269493347247
0.0836487181970986	0.045700188709168
-0.320473887394135	0.184996236748731
0.142385191288702	0.0893472609315053
1.36658727767452	1.36627723615842
-0.707483809794263	0.478307623762849
-0.575363979608531	0.35757305379245
0.0423581224798044	0.0213887511464096
0.874679600154998	0.882918820915764
2.40182365707787	2.14084639602564
-0.884519156846644	0.588683549507875
-1.34596633931712	0.491729044914134
-0.284664528881426	0.186618002727203
-0.00248972421612113	0.000848968227417177
-0.174628515728416	0.0913006915587617
-1.820361739145	1.34284933258746
-0.575335061941683	0.357592851898839
0.0835896232229875	0.0456627648321035
0.393958723380873	0.242166010414656
-1.68009156842078	0.744218155905003
0.205185767371981	0.110419404112476
0.668478812223091	0.34390323454053
1.61599940110988	1.6719845300661
-0.510381448501776	0.185343391604108
-0.84128759981306	0.366527746446311
-0.268525347797909	0.137326910041535
0.205207701750601	0.110416794371153
0.142523739009639	0.0894454294671014
0.230528840720756	0.133684195378615
0.623238534198675	0.352266810403192
1.03037825326825	0.912308947759393
-0.0122727931927386	0.00575042631266952
0.681085449140647	0.552060302462675
0.62334464125878	0.352275197505216
-0.580244728564168	0.322288315069047
0.170161317325234	0.0842725965010529
-0.581854188280408	0.277697073220254
-0.884644904679083	0.588878517612653
0.578158381790198	0.376627328503049
-0.104318795135885	0.0558015566425405
0.656863853785621	0.559375512568275
0.844142036023125	0.546193480334791
0.378705133919478	0.200478927561889
-0.0495850290263104	0.0271094689755234
-0.707562124749412	0.478409531627859
-2.18934851078571	1.27007010277034
0.230452219096468	0.13358174972217
1.2049145732705	0.970896458378593
1.33421488170253	1.01926622253753
0.365803858020915	0.175857727189685
-1.01626552658048	0.731105199010459
-1.2786405784213	0.904106788970841
-0.268709990012556	0.137422886733516
2.23172375238269	1.820223986034
0.205211481751657	0.110438490596475
0.120216878406035	0.0539296496159934
0.788870111606042	0.543674142964954
0.205152501413158	0.110394674120877
0.546181097504613	0.399998591734954
-0.17180932375786	0.103189231028255
-0.841574104040948	0.366537844891767
0.598286523308632	0.364998220512253
-0.575311016345418	0.395398929328031
-0.976598104893979	0.584662631574268
-0.237553290358037	0.139887377403942
-0.322331449240639	0.23285303554432
-0.174459521127491	0.0911992843731911
0.0837490007191602	0.0457415970326227
-0.976598104893979	0.584662631574268
0.365545538878326	0.175812862473331
1.03033324664792	0.912379894382633
0.397071079225297	0.260295399120431
1.03581273641939	0.753757024221273
0.681085449140647	0.552060302462675
0.845403912063723	0.716533200039396
-0.580266505812649	0.3222691862051
-0.0876522636543796	0.0399151556854039
-0.575196062635016	0.357437611700666
1.91772318973141	2.04131671667403
-0.472143034812452	0.329985654738787
0.398935474075101	0.325769813486602
-0.320590430654897	0.185062347151589
-0.0495745302389781	0.0271023358330422
0.0422401339956056	0.0213241934971351
-0.575318237617244	0.395483995236497
-1.01643737890383	0.731018868055903
0.771092418292579	0.351048136725648
-2.5483207424943	1.76406801052408
-0.0025583228276369	0.000870770923181551
-0.17468679281023	0.0913119091996085
-0.42988102086544	0.243519815871298
-1.14269266938048	1.02394842286845
0.39700159284157	0.260302023027962
0.39966555312206	0.294716052552105
-1.01632568858977	0.731113879108834
0.119875060412801	0.0537756254140837
1.03628539418476	0.753968821241029
-0.976852932436996	0.584831668326988
-0.400490230813015	0.199655097733053
-0.237573967425114	0.139884696422554
-0.191683506242611	0.08409339741583
-0.00597545784260671	0.00334394234187639
0.230490012836691	0.133653431840519
-0.00357173703566973	0.00121348481836346
0.598592016021916	0.365255436252484
-0.687533718902542	0.510410406258138
0.365714364360966	0.175875869700692
1.61599862638025	1.67218275321416
1.12020553080722	1.26260346107681
-0.453606128963872	0.286794524593902
0.205189722034872	0.110378982699387
0.378516123801615	0.200369826875235
0.578018102972575	0.37654181246198
0.399683719750596	0.294697026464476
0.598397427711216	0.36507558725869
0.169884086577812	0.0841182875246922
1.60140883922882	0.907211457837158
-1.51824651968381	0.959357860364367
0.410970820517796	0.150022055679717
0.578073386398327	0.376592353319862
1.61611703156142	1.6716845631233
0.365462810263777	0.175771126538925
0.533685861688125	0.413015889097383
1.83678835771213	1.20249190202203
0.37903365004806	0.200695229132283
-0.17459926023523	0.0912855489687525
-0.842861219755843	0.367305958459751
1.03591449475179	0.753942920815292
-0.852550090059072	0.788767282539032
1.24270851402553	1.14735824964831
0.710064754965551	0.546573518162947
-0.841001455818523	0.366229916339387
0.120134631761478	0.0538964433430745
0.844059703677712	0.546155801156035
-2.54793662767654	1.76400174846487
-1.01623949404177	0.731062986346385
-0.580498200950308	0.322444400471375
0.668408321489857	0.343877341929885
1.30493735728909	0.824723522711219
0.668483206398341	0.343935288943319
0.120086942258199	0.0538668745057729
-0.0875247626795585	0.0398554643821223
-0.323768775804252	0.132906269597143
-0.0876742818866323	0.0399207835370522
-0.191600968462381	0.0840252559426154
0.170078037123426	0.0842362332696313
0.788952008697734	0.543735380200091
1.0597155655144	0.577756640140593
-0.191763069164488	0.0841344545583103
0.0587457894570351	0.0233313383669741
0.0423977057639784	0.0214070367044068
-0.389484999204693	0.276907121635781
-0.10435836928934	0.0558246704842912
-0.323841422703298	0.132878231071479
-0.976365401250023	0.584398859616745
-0.32342872014596	0.132754800981013
-0.581854188280408	0.277697073220254
0.844266598598067	0.546215553189946
0.365462810263777	0.175771126538925
-0.237577533393308	0.139880937804697
-0.707479274121376	0.478327047470066
0.365545538878326	0.175812862473331
-0.453566648168422	0.286866712107399
0.120028551647769	0.0538416400422945
-0.575247842369215	0.357512901650038
-0.389554638051472	0.276976782703639
1.71205948036522	1.36302875890498
0.745312561789958	0.54344759066733
-1.35310757614286	1.1901513919354
0.398766731125854	0.27775320365002
1.33420451960828	1.01921230707526
-0.581711492709736	0.277565100121143
-0.580371561309725	0.322378988803852
-0.191930840094509	0.084187060728103
0.378847621753956	0.200589252322247
-0.453489360946646	0.286816989972648
-0.889571481213126	0.760661304544307
0.410970820517796	0.150022055679717
0.598870483563842	0.365443873911522
0.41039768616025	0.149826752222597
-4.86697483948998	2.67006666261772
-0.976598104893979	0.584662631574268
-0.976702890166401	0.584516803880515
0.37903365004806	0.200695229132283
1.0360164195216	0.754015797721942
-0.707561374899847	0.478454287577905
0.71005458211204	0.546523631413221
1.50470253863688	1.26757955472315
-0.575335061941683	0.357592851898839
-0.976852932436996	0.584831668326988
0.394038396008532	0.242246959131393
-0.829126855391428	0.606456974810141
0.394077543950188	0.242263206421765
-0.1915979731707	0.0840529792646734
0.365628314361187	0.175832958137699
0.54615676959997	0.39993474012203
-2.17996734915815	1.91978070509961
0.598582673007789	0.36530237473833
0.894894382386493	0.72293105384348
-0.674457275115626	0.54736397419333
-0.352769527804783	0.278578190052791
-0.320591171432568	0.185071363929284
0.0836693107122105	0.0457090630379767
0.710085189501082	0.546546191806679
-0.575183121909418	0.395289044837044
0.170078037123426	0.0842362332696313
2.40207642436429	2.14096876381394
1.32343256698575	0.631253155849864
0.623156321552976	0.352260784925711
-0.268516230467572	0.137314152183712
0.250093222011173	0.155033293153285
0.894856193528215	0.722820244820785
-0.976493244523567	0.584555562455094
0.205211481751657	0.110438490596475
0.578073386398327	0.376592353319862
0.230566540488742	0.133667069437491
0.394078485702876	0.242244126778131
0.844442087914834	0.546426797242726
1.5048044565309	1.26751412482029
-0.320551710599551	0.185068852829541
-0.429742023619485	0.243444703250539
0.369443988447083	0.157954068466191
0.745313846676038	0.5436625102872
-0.324109891744123	0.132997268462833
0.365545538878326	0.175812862473331
-0.884644904679083	0.588878517612653
-0.191763069164488	0.0841344545583103
-1.13580229711503	0.742146362661845
1.1874012992225	1.28837175644707
-1.67817331367911	1.15296261253942
0.119769233618733	0.0537209607675883
-0.0025583228276369	0.000870770923181551
-0.0935556981413233	0.0268478444964544
-1.51832895997772	0.959438617553198
-0.472064003814338	0.329987530330869
2.23172580596379	1.82118701494867
-0.268525347797909	0.137326910041535
-0.19168054449394	0.0841002189352164
0.369443988447083	0.157954068466191
0.205019997075774	0.110262516383593
-0.320554095238467	0.185001303746497
-0.795309039080444	0.428876705357968
-0.0123546421621991	0.00578834044022463
-1.1355310372283	0.74165193188041
-0.0122727931927386	0.00575042631266952
0.378744180687792	0.200540698956173
-0.740262966664053	0.452575713375946
0.789009542854592	0.543863079094428
-0.576642941443871	0.43542643357362
1.36661581551336	1.36619214035804
0.120134631761478	0.0538964433430745
0.388750876020199	0.222881622076993
0.378621720444965	0.200461497743518
0.598675391106249	0.365365106671917
0.560670796042941	0.388152961154497
-0.0873970675291552	0.0397928350708459
-0.0875247626795585	0.0398554643821223
-1.24918406188757	1.03248656063011
0.0836732250012232	0.0457098608963882
-0.359414427010868	0.231205255371581
0.393998820278763	0.24221496570692
2.40215864374544	2.14279979702913
0.379044329487515	0.200678939785108
0.399587681769864	0.294665274894848
-0.400279254651867	0.199611151597535
-1.13724147091941	0.878606791819744
-0.268534443406287	0.137314478717515
-0.400513563075863	0.199729099262418
0.365465936752018	0.175750334952689
-1.1372011518517	0.878877855828895
0.12011077257807	0.0538869679431261
-0.580266505812649	0.3222691862051
-1.35312886937511	1.19019937397542
-1.01643265829308	0.731047018038292
0.365545538878326	0.175812862473331
-0.19168054449394	0.0841002189352164
1.50460992872118	1.26759481849811
-0.581784038930277	0.277651257807727
-1.67982267380833	0.744085031591401
-1.27873979527957	0.904162189875354
0.623132503431904	0.352217814060037
-1.81991440947931	1.34055576281549
1.37310846799192	1.53924928820954
-0.575356088365925	0.395328277535935
-0.580498200950308	0.322444400471375
-0.268921114931938	0.137530879122937
-0.4297991763118	0.243493611717284
1.2049145732705	0.970896458378593
-0.191765997402019	0.0841406045300469
0.560591503119401	0.388022068629539
-1.47861565664649	1.65391919416407
-0.707482479345284	0.478426084681255
-0.740372218460723	0.452702879152707
0.668408321489857	0.343877341929885
0.265055288355798	0.175347226680754
0.398820137099835	0.277814185387544
-0.841930055188795	0.366935621913115
0.921407174037824	0.552510092381016
-0.429766668699718	0.24337459339476
-0.687624328798652	0.510560384911085
0.397032517857596	0.260147987434906
-0.976493244523567	0.584555562455094
-0.740254218108245	0.452348895145515
0.0836243033187161	0.0456856938071087
-2.18004816412668	1.91877508234664
0.365551881767153	0.175771484479818
0.745313372817002	0.543643055784517
0.397015905434803	0.260292076183669
-0.191848441999651	0.0841748012731843
1.20490239363088	0.970865504289273
-0.0122850641813574	0.0057559911383436
0.921324434956384	0.5524265305633
-0.174459521127491	0.0911992843731911
-0.829087361933432	0.606402072678441
-0.237542907484709	0.139878710803409
1.88365843560157	1.64379053211065
-0.943915148975872	0.276710030090892
-0.191594955374977	0.0840523906515105
-0.0873136276015911	0.0397499196226352
1.6010510490733	0.907306853764938
0.369533728475468	0.157989232089938
1.79309800408959	1.77762892936041
-0.0122154413396054	0.00572317029003499
0.668412566104476	0.343909313552279
1.50442489963283	1.26732282797632
0.365377058174033	0.17570635540703
1.30500783274078	0.824827623389173
-0.580371561309725	0.322378988803852
-0.104239587604197	0.0557427212234369
0.598480737929632	0.365218365480648
-0.104279967239532	0.0557741192149482
-1.40927863953749	1.06900153922817
0.966408720917092	0.365302103460683
-0.841930055188795	0.366935621913115
-0.580161377046775	0.322068153605651
-0.0496407463451933	0.0271405434836126
1.10706194257041	0.935925458227292
-0.575335061941683	0.357592851898839
0.12011077257807	0.0538869679431261
0.546170676644428	0.399976726180858
0.388681054646199	0.222839316744788
1.5046190920332	1.26744350671332
0.195264974300603	0.145295231271095
-0.575338948252917	0.395390882133958
0.560631139693429	0.388101630778108
0.116390687051258	0.0683388411885374
1.10702185510946	0.935885221644565
0.770731512231836	0.350809203466032
0.37892999110995	0.200646545836412
0.398845810001017	0.27782383840063
0.0835689978452454	0.0456494284522933
0.205126733349182	0.110389989862704
0.57804767962632	0.376553475673062
0.623392508810783	0.352425458002545
-1.95812751109893	1.00452497119926
0.170457853478971	0.084419753138902
0.921407174037824	0.552510092381016
-0.320514489979456	0.184979565622572
-0.174521749981493	0.0912006453321512
1.0301982254882	0.911592702609623
-0.174625080884339	0.0912854195393808
0.623474794709938	0.352403117388814
0.230489218546085	0.133657096820458
-0.400044413240096	0.19944341681556
0.668478812223091	0.34390323454053
-0.575306066526481	0.357587683954408
1.03033732039671	0.912314939032483
0.844070186217798	0.546045193585038
0.378621720444965	0.200461497743518
0.170170551402025	0.0842873863496133
0.578184050921728	0.37660955704405
0.116336763122957	0.0683051812231938
0.578128702372086	0.376615585739378
0.448768346526961	0.125881279019047
1.6562658600108	1.51972600313093
0.512392435858355	0.437579799360263
1.10710203362175	0.935781275680246
0.635592828423285	0.566945594989951
0.394156859268203	0.242236474373332
0.142549087882661	0.0894223933638399
0.205207701750601	0.110416794371153
-0.400302687392056	0.199595859940072
-0.400150141167734	0.199526819273677
-1.24918291230694	1.03264343593363
-0.575361020021202	0.357592442111619
1.0362207687271	0.753731339120052
0.369947629246914	0.158137464148818
0.170179807255207	0.0842887264509299
-0.237608662256333	0.139886971598541
0.249950414270769	0.155064825728373
0.388623453802359	0.222807132021994
0.0423191371419603	0.0213682662442981
-0.320552374954212	0.185067543761871
0.623522821357487	0.352458134850505
1.88348371329034	1.64315533909954
0.116417411473758	0.068346745975318
-0.84128759981306	0.366527746446311
-1.33198231888363	0.762319293050376
-0.472117480236258	0.33002701814581
-1.13580229711503	0.742146362661845
-1.52962201995312	1.23831117220835
-2.93881959404601	2.42966796233869
0.394038920805071	0.242228624143532
-0.453409356613519	0.286710311945906
0.16998558631475	0.0841768411984164
-0.429856217784491	0.243527269122507
-0.42988102086544	0.243519815871298
0.370036862699425	0.158172385562895
-1.33204640906765	0.762295394245592
-0.842217165704752	0.366945966505995
-0.191515355135744	0.0839848152647417
0.623180168539243	0.352214767231186
0.195488761253991	0.145478764392675
0.119875060412801	0.0537756254140837
-0.795475547334051	0.429156033723791
-0.829165276939393	0.606465936301729
-0.00357173703566973	0.00121348481836346
0.369101416923485	0.157753649363207
1.30493518989809	0.824586536199374
0.369443988447083	0.157954068466191
-1.33191007996814	0.762528663311124
1.91764415234455	2.04103226543729
0.119851360032837	0.0537563736980319
-2.18958572887166	1.27014049646167
1.50440679942334	1.26672036127882
-0.323768775804252	0.132906269597143
-0.740463975085828	0.452748151314771
0.956843336205729	0.734548363620484
0.170179807255207	0.0842887264509299
-0.575163474539905	0.357391334497126
0.365462810263777	0.175771126538925
-0.17414888457398	0.118202425873135
0.249962013195185	0.155059924155677
0.230569216915851	0.133699107004068
-0.0123546421621991	0.00578834044022463
-0.268921114931938	0.137530879122937
0.396956601925935	0.260280489844571
-1.24921849849432	1.03274850818744
0.92883642706558	1.04963437645233
0.76995152791776	0.716151771515157
-0.472037857822702	0.32995818075441
-0.825221941748127	0.821816355048517
1.02282499186121	1.07141787993732
0.142584408891744	0.0894696889186392
0.600967028586896	0.584018992172419
1.22977022867416	1.63475191769946
0.0835689978452454	0.0456494284522933
0.399631165644799	0.294713157142637
-0.487482582704157	0.373760341664359
-0.976702890166401	0.584516803880515
0.578184050921728	0.37660955704405
-0.359411288891954	0.231191559725985
-0.191848441999651	0.0841748012731843
-0.320472080549721	0.184999887675071
-0.472117480236258	0.33002701814581
-0.174680202609227	0.0912873089807233
-0.00589458812670796	0.00329860543185343
-0.400618887533942	0.199722915320189
0.388693203120202	0.222849389931697
0.142410537358923	0.0893756334158816
0.8948554279299	0.722860221926672
0.396952850640704	0.26018313752301
1.33430767166807	1.01938904096222
-0.400560141383932	0.199649143162986
1.71197728740812	1.36304693849517
-0.707520363398452	0.478482018542316
-0.94131775771945	0.73977938532399
-0.171996815584719	0.103281256791766
0.710040201323559	0.546575985920525
-0.471957602371808	0.329774470886655
0.170467253006703	0.0844304182125656
-0.0942522165733174	0.0270533171061642
-0.00226675917502309	0.000770578967515132
1.06005677723729	0.577964964153784
-0.581854188280408	0.277697073220254
-0.884575760396575	0.588743079775032
-1.23410384950334	1.17467560600287
-1.1370842877234	0.878341986153742
1.06339620631959	1.24308403279658
0.396946359398261	0.260264642197304
-1.35325366083689	1.18971696814219
-0.575247842369215	0.357512901650038
-0.500654594491154	0.418049454052775
0.845377263377839	0.716505721388849
0.522594918012156	0.425451833323787
0.578043836574162	0.376548516431563
1.14145651481394	0.780640318755813
-0.0933542386755156	0.0267801552868843
0.598777597268071	0.365412486093334
-0.487248926852307	0.373572714226693
0.681111642733935	0.552107188973364
0.36935409343749	0.157893264397153
-0.45348851591146	0.286841831680638
0.394157676367875	0.242217320623445
-0.249974150512522	0.221168343375742
-0.174576796600837	0.0912462021193837
1.36653194261478	1.36625152105073
-0.268608623749507	0.137354005666895
0.170365107743381	0.084383949304422
-0.487344086887389	0.373664003374922
0.369623313755493	0.157981087510768
0.369371399684674	0.157841839700907
0.393997845165748	0.242199850872686
0.668481033440034	0.343942560095741
0.956813838104802	0.73441190289006
-0.320551710599551	0.185068852829541
-0.049605941996654	0.027120013911584
0.770438655215179	0.350662431796396
0.966611652025928	0.36540950209132
0.39395926482031	0.242165352884471
-1.27844165385962	0.903806240418973
1.33400897049058	1.01854945253589
-0.842573501506563	0.367295334988531
-1.95778543332321	1.00412011001723
-0.884531729589841	0.588722293116452
-1.40919318639397	1.06813855699155
0.578154398334843	0.376565647581824
0.169884086577812	0.0841182875246922
0.365462810263777	0.175771126538925
-0.0122276726897269	0.00572835891609193
0.205241089187748	0.110449762702166
0.205207701750601	0.110416794371153
1.14156268031893	0.7806472914026
-0.19168054449394	0.0841002189352164
-1.27823370382142	0.902953157635241
-0.191763069164488	0.0841344545583103
0.305000854523063	0.261071749181756
-0.707440758239958	0.478286831278548
-1.84151846927504	1.77089565717417
-0.323178299118294	0.132626269521487
-0.323089720868296	0.132540400004644
0.623286300486041	0.352340568865308
-0.429660143379213	0.243270390232642
0.299780103619781	0.24529790744025
-0.399633738786831	0.368888135478087
-0.284716962137109	0.186609569627521
1.26784825900606	1.3214104512008
0.205266784752764	0.110460669177488
0.293741111097681	0.229145537563904
0.0388681078813313	0.0276345752724876
1.37308365708346	1.53851966474475
-0.884544289848043	0.588611212599592
-0.389684966786443	0.277010438037031
-1.01638040429431	0.731261580326361
0.205185767371981	0.110419404112476
0.378705133919478	0.200478927561889
-0.575283575494184	0.39546427526981
1.30494154685251	0.824683815140182
-0.268626755667087	0.137386831811978
0.378727390829471	0.200531723202199
1.71242266421457	1.36403249253072
0.120264726831324	0.0539494870265262
0.379022994958611	0.200668768396603
0.598397427711216	0.36507558725869
0.394077992026695	0.242262483225049
0.230528840720756	0.133684195378615
0.388565964607091	0.222757123212129
-0.268525347797909	0.137326910041535
1.06012940531189	0.577842537391584
-1.11054651250717	0.562770546181268
-0.00190672948753378	0.000649411384947845
-0.0495397768279468	0.0270801657264626
0.205068011844753	0.110329366305932
0.965911738749524	0.364927418987942
-0.580476543617623	0.322432153035535
-3.49389380223668	0.936490312260041
-0.434452681653658	0.367565813123021
0.142393336926836	0.0893680462941138
-1.01648973946624	0.731035786569664
-0.268534443406287	0.137314478717515
0.560710472183291	0.388178977785677
0.804517070530045	0.71558439840519
0.0422796254578924	0.0213471109845159
-0.10435836928934	0.0558246704842912
0.39959677265368	0.294648110270251
-0.414165376401363	0.322377050776627
-0.323105389306948	0.132498966106549
0.365717614542968	0.17587696046062
-0.740372218460723	0.452702879152707
-0.472038428594962	0.32992879543917
1.20485702201356	0.970720282769377
-0.795309039080444	0.428876705357968
1.8369644622634	1.20242799259416
0.0837529738886436	0.0457429050919704
0.265135633763134	0.175367693645501
-0.487422014758526	0.373723338087226
-0.00599518849190925	0.00335462823906744
-0.284691295871544	0.186632398557008
-1.01638040429431	0.731261580326361
2.04419326660274	1.50855887779828
-0.429925595459858	0.243580051469603
0.0424377936963589	0.021422748137904
0.598101821221745	0.364650997751058
-1.6785047704879	1.1534766271046
0.623156321552976	0.352260784925711
0.62326240290656	0.352345581752505
-0.509453689852966	0.184873844488885
0.205126733349182	0.110389989862704
-0.237553290358037	0.139887377403942
0.546108379478526	0.399618027665005
-0.580266505812649	0.3222691862051
0.411621288426525	0.150241968309121
-0.32342872014596	0.132754800981013
-0.580139552543401	0.322178443064124
0.12011077257807	0.0538869679431261
-0.0875026457018197	0.0398390244357153
-0.191765997402019	0.0841406045300469
0.598592016021916	0.365255436252484
0.0588841927425728	0.0233766371160128
0.668549195290391	0.343823452293786
-0.00190672948753378	0.000649411384947845
-0.580016262315733	0.322066841910722
1.30493735728909	0.824723522711219
-0.581854188280408	0.277697073220254
0.968797343467821	0.897599017666676
-0.400020822389192	0.199426194116488
-0.400279254651867	0.199611151597535
-0.740271693618544	0.452632126761163
0.388878599268322	0.222920598581283
0.560670796042941	0.388152961154497
0.24997468863786	0.15509621575848
-1.06738511551548	1.03293775168634
-0.0122276726897269	0.00572835891609193
0.966408720917092	0.365302103460683
-2.06932296499414	1.72515814201093
0.378599511099908	0.200427507791295
0.546181097504613	0.399998591734954
0.692005672837996	0.726879132340871
0.264978458650399	0.17522230536774
0.39700159284157	0.260302023027962
0.163658367396213	0.109160010485405
0.968744908523688	0.897674980669006
1.08240936711972	1.08896094757705
-0.453489360946646	0.286816989972648
0.180971127250423	0.127757103206751
0.533712384989079	0.413029755323642
-1.04540091106297	0.878624339051669
-0.191933678929107	0.0842065929843931
0.578107067469611	0.376473508055591
-0.884714004488368	0.588902910387814
0.623474794709938	0.352403117388814
-0.268414594212216	0.137235508430333
0.622920670421795	0.35200755441296
0.369191566451795	0.1578145382159
0.365542401306716	0.175768098348355
1.2049145732705	0.970896458378593
0.598388187690383	0.365124289578113
0.116231496170181	0.0682392986693278
-0.284611534579334	0.186578592719199
-0.766075554864748	0.664873621666668
-0.0123546421621991	0.00578834044022463
0.668555938121203	0.343802243018554
0.78916127689614	0.543678668791441
0.388681054646199	0.222839316744788
1.24270851402553	1.14735824964831
0.921238684730593	0.552324794055389
-0.26882014270592	0.137493109818912
-0.0059780527050773	0.00334487908149506
-0.674335975125147	0.54717411483154
-1.54135534005682	1.52090531730521
-1.13567729072396	0.742109314725345
-0.400232303008037	0.199470502348508
0.116232030628555	0.06823772309015
0.681165586147454	0.552082858182599
-0.740271693618544	0.452632126761163
0.0835730767956469	0.0456336767714751
0.533830043402933	0.412989030893882
1.12025108448704	1.26260963752189
-0.174628515728416	0.0913006915587617
-1.27854119798091	0.903987291667409
0.369606368030708	0.158007050490895
-0.400173652945427	0.199527805530166
-0.26842377376637	0.13725791720775
-0.740463975085828	0.452748151314771
0.170161317325234	0.0842725965010529
-1.35308373514502	1.18960880490987
0.845322645467718	0.716153122970071
-0.576589402367532	0.435403871292486
2.03683798118428	1.92897047259975
-0.237559769177897	0.139837408701941
-0.976620884568423	0.58466531707052
0.745393073383296	0.543751429172607
-0.104199204840179	0.0556983310707404
-1.13716291945289	0.878934444802947
0.57804767962632	0.376553475673062
-0.0122398914365767	0.00573275860786979
0.62326240290656	0.352345581752505
1.35560309885073	1.19659585765971
0.921407174037824	0.552510092381016
1.107101141716	0.935935134850516
0.546181097504613	0.399998591734954
0.205152501413158	0.110394674120877
1.73012075587939	1.91908160282152
0.623522821357487	0.352458134850505
0.560632673606397	0.38807023461074
-0.84128759981306	0.366527746446311
3.2288210974454	2.83718226402162
-0.580603062995071	0.3224974752442
0.16978275306891	0.0840522260004463
1.30487081338944	0.82422218775868
0.95686907746069	0.734452920465337
-0.268617700571665	0.137383094548257
1.52032124731778	1.08657462671375
0.394038396008532	0.242246959131393
-0.0121701696544959	0.0057003464533006
0.119875060412801	0.0537756254140837
1.52023308903483	1.08716538684327
1.30500783274078	0.824827623389173
-1.13544780775655	0.74188588614203
1.65619620535308	1.51961173035875
-0.795473084150557	0.429189025577302
-0.237463240563307	0.13982242209813
-0.087116832352266	0.0396415789034889
0.770145430120155	0.350454199977507
-4.86697483948998	2.67006666261772
0.378727390829471	0.200531723202199
0.249964238369874	0.155088974064584
0.170078037123426	0.0842362332696313
0.0587457894570351	0.0233313383669741
0.230569216915851	0.133699107004068
-0.191765997402019	0.0841406045300469
0.39693217152986	0.260242591337945
0.546191546545707	0.399994409087937
-0.322157029323347	0.232754914383354
0.205211481751657	0.110438490596475
0.285969258057508	0.211872076617917
-0.500783348235786	0.418247017706345
-0.237494251281423	0.13984879736702
-0.0124118503434449	0.00581552997654431
0.378940602994957	0.200651612788855
0.62326240290656	0.352345581752505
-0.359289168689051	0.230982685741066
-0.0877575997881977	0.039961229689291
1.52031837389016	1.08720177898495
-0.575335061941683	0.357592851898839
-0.740472578230699	0.452738938330306
0.921070539355341	0.551889449545648
1.32436602519462	0.631710688508099
0.388936567929146	0.222913328443035
3.38199586307426	3.19896385548288
0.745353007153523	0.543706231076692
-0.0496892608524587	0.027166145527787
0.378621720444965	0.200461497743518
0.16996730234134	0.0841624907926557
-0.829161861228045	0.606385804968966
0.116365119608968	0.068313272178233
0.365380128458397	0.175707559308492
0.119898789663274	0.0537835419180417
-0.581856591724575	0.277597221348804
0.522717286834186	0.42558319723393
-1.95778543332321	1.00412011001723
0.894934741024717	0.72300838649018
0.388693203120202	0.222849389931697
0.163734567089513	0.109198975869148
-0.0495502533430002	0.0270872836979097
0.170272425689712	0.0843399388739337
0.398793429534845	0.277791401936865
0.0423598988642098	0.0213823736170543
-0.171968579050833	0.103308832832877
0.169976433422897	0.0841776092708832
-1.01646356320489	0.73118383061582
1.79299108493401	1.77743020942842
-0.58058145281604	0.322389884842586
0.365634724659639	0.175835138801182
0.668339794470315	0.343828614069647
-0.174459521127491	0.0911992843731911
0.082598087177609	0.0554777200253907
1.50423114441033	1.26681890289088
-1.52962043558558	1.23854340721279
1.03609050264872	0.753887619893022
0.205211481751657	0.110438490596475
0.38889065397981	0.222908863249094
-0.268617700571665	0.137383094548257
-0.45344808773457	0.286801474904568
-0.976598104893979	0.584662631574268
-0.320511550772078	0.185038220306322
0.205152501413158	0.110394674120877
-0.581926773938707	0.277615561483504
-0.707518608301749	0.478373617995054
-0.119033734436334	0.0729574274360317
0.0423167042686159	0.0213602814663017
-0.707522656104184	0.478427995182554
0.120240788194207	0.0539451931203284
1.6562535454424	1.51945477894097
1.10694214759706	0.935477810199478
0.560750168129779	0.388179645747097
0.623026548869316	0.352133124979863
-0.0122850641813574	0.0057559911383436
0.37892999110995	0.200646545836412
0.0837246652137574	0.0457243692910913
-0.430064216872108	0.243565519688309
-1.01638040429431	0.731261580326361
-0.581924444867391	0.277715453255469
-0.575280127168348	0.357541128183675
0.59876817292181	0.365396418954223
-0.429742023619485	0.243444703250539
-2.54809178631589	1.76457321678584
1.20498438869504	0.970879883451579
-0.57525108074046	0.357535915462596
0.668412566104476	0.343909313552279
-0.0122276726897269	0.00572835891609193
-1.01632312024401	0.731272630481301
0.394038396008532	0.242246959131393
0.388866557100892	0.222888733927138
1.20484480287447	0.970839273891237
0.205266784752764	0.110460669177488
-0.400150141167734	0.199526819273677
-0.400618887533942	0.199722915320189
0.0836282440820218	0.0456824762391885
0.714576267578597	0.722451503716921
-0.824955668660674	0.821594392722279
0.230410033441319	0.133573185724858
-0.0122154413396054	0.00572317029003499
0.49539877260948	0.461912635307747
0.917716213462671	0.88863679933488
0.399622064505262	0.294668170054027
0.369443988447083	0.157954068466191
0.205181952499019	0.110420289382553
0.578188139453014	0.376606994001504
0.577904035765963	0.376335233992761
-1.40938958129043	1.06886726566063
-0.747791678714321	0.701170945159941
-0.32393075771785	0.132964596123413
0.205012927614752	0.110290990691394
0.38889065397981	0.222908863249094
0.37903365004806	0.200695229132283
-0.076044033813128	0.0475003895443384
0.546147884575247	0.399917127393887
-0.0124241753236879	0.00582014340182899
-1.74457529284401	1.58913511864452
0.368848337638752	0.157573049895704
-0.740564231799896	0.452784120644182
-0.45344624098908	0.286775668100434
-0.359369143638256	0.231145767097351
-0.665670472465549	0.585998052950712
0.265108843216896	0.17537102944944
-1.01640653529459	0.731296908478309
-0.17459926023523	0.0912855489687525
0.0423586690649514	0.0213879798283963
0.394038920805071	0.242228624143532
-0.320511550772078	0.185038220306322
-0.104397024410346	0.0558413819324387
0.230487760154232	0.133641469554507
0.578099101184153	0.37657170949161
-1.40922300434395	1.06895280811372
0.388623453802359	0.222807132021994
0.205185767371981	0.110419404112476
-0.976770994712148	0.58437229044447
-0.0123300335252873	0.00577717266429914
-0.57525108074046	0.357535915462596
-1.1489990871873	1.17723092096566
0.163446115351159	0.109001037707125
2.17441695296575	2.21189502999288
-0.70748096742124	0.478435371653978
-0.320393665120402	0.184855596836634
0.0423180273406882	0.0213686808954471
-1.01634919800968	0.731217314444919
0.95686907746069	0.734452920465337
-0.224014690405709	0.149401766514138
-1.40933416517034	1.06897719510538
-2.28301985196423	2.11511595415234
-1.11104174051405	0.563092496834586
0.230609596245056	0.133696357399747
-0.509453689852966	0.184873844488885
-0.0758839657988315	0.0474022621827005
-0.320591171432568	0.185071363929284
0.120240788194207	0.0539451931203284
0.598675391106249	0.365365106671917
0.378599511099908	0.200427507791295
-1.95001813321655	1.5341617567398
0.623156321552976	0.352260784925711
0.668339794470315	0.343828614069647
1.0362207687271	0.753731339120052
1.50450828107786	1.26738916091211
1.10710076411242	0.935845100022388
0.170560103174057	0.0844662711572669
-0.26882014270592	0.137493109818912
1.32436602519462	0.631710688508099
0.12011077257807	0.0538869679431261
0.170170551402025	0.0842873863496133
-0.580624647641511	0.322477621178051
-0.0873025425552024	0.039747500646423
-0.795388566123818	0.429111941624914
-0.269013093489388	0.137570479348443
0.365545538878326	0.175812862473331
0.598675391106249	0.365365106671917
-0.00285025275782294	0.000970864932132848
0.37882650870246	0.200579110731171
1.3233545451629	0.630955343798237
-0.0873358139390723	0.0397465883202326
1.03038230068507	0.912471168640531
-1.24913726636216	1.03238575489362
1.49183045337546	1.43013942626621
0.26510168194708	0.17541465777122
-0.00975557632888818	0.00631602149823076
0.264997271316159	0.175306844527611
-0.852391994812152	0.788359721232049
-0.453448946127104	0.286791526836624
-1.137083326752	0.878302988580943
0.560590771228458	0.387994709355018
-0.739978018739677	0.452268965773811
0.598378969448173	0.365092189435562
0.710040201323559	0.546575985920525
0.92132134334832	0.552408279546252
0.249995673770185	0.155084404582313
1.52048344832297	1.08721326266073
-1.33183784740398	0.76195967435052
-0.0874192319868208	0.0398048854826958
-0.0876302197595823	0.0399015975036765
-0.00190672948753378	0.000649411384947845
0.205152501413158	0.110394674120877
-0.580498200950308	0.322444400471375
-1.24909929893789	1.03200134474842
0.598666029175516	0.365312255321971
-0.889464244954327	0.760574825104186
-1.01626830299246	0.731124793594598
-1.6784015336866	1.15386732162851
0.36562514309808	0.175747510721222
-0.687554945019591	0.510469115091673
0.560671511271766	0.388152242066617
0.845376767973602	0.716393414539704
0.378744180687792	0.200540698956173
-0.171916249530567	0.103284333532777
-2.38298313510273	1.52468961577432
-0.323267030849328	0.132664766624666
-0.707482479345284	0.478426084681255
-1.5184112689232	0.959430498339099
-0.707521172971948	0.478490781085457
0.37857732746465	0.200330201372349
0.0587457894570351	0.0233313383669741
0.789055063944555	0.543856648322334
0.745353007153523	0.543706231076692
-0.389424342727476	0.276838214762351
-1.6784015336866	1.15386732162851
-1.40933416517034	1.06897719510538
-2.2830123677462	2.11551114634518
0.170272425689712	0.0843399388739337
-0.400173652945427	0.199527805530166
1.0303025222273	0.912237935965386
-0.0497555673530117	0.0271954165522753
-0.10435836928934	0.0558246704842912
-0.487352758396561	0.373715921399116
-0.00592137793584026	0.00331386531753274
-0.119077183004402	0.0729893994545596
0.39886047019519	0.325761571088823
0.029214786000095	0.0173726878868396
-0.174518314964367	0.0912348516528442
1.03610915310578	0.754122517881413
0.533581431751006	0.412824120023096
1.03040272101607	0.912478079286337
1.83637822902329	1.20191504598454
0.378493961987734	0.200357375434109
0.546135855147718	0.399917021497062
0.170365107743381	0.084383949304422
-0.829167338280826	0.606354088126575
-1.13569824977844	0.742021850109875
1.35560309885073	1.19659585765971
-0.884600971987052	0.588746834027671
-1.11045946877855	0.562965619456525
0.39966555312206	0.294716052552105
0.388726670895047	0.222786150748224
-0.32351770392979	0.13279342860992
0.205185767371981	0.110419404112476
-0.841001455818523	0.366229916339387
-1.13557312432465	0.741984670388943
-0.0123546421621991	0.00578834044022463
0.170170551402025	0.0842873863496133
0.396956601925935	0.260280489844571
0.230606866320283	0.13369681803433
1.88385343527406	1.64378782507473
-1.33204640906765	0.762295394245592
-0.79555987545679	0.429146870875061
-0.191765997402019	0.0841406045300469
0.388808660668062	0.222896051552016
0.249999051633764	0.155110314569276
-0.472091849544993	0.329938525951699
-1.04537948796259	0.878580667548643
0.0836693107122105	0.0457090630379767
0.397005738637752	0.260260220107968
-0.237539256351892	0.139869620270601
-2.3828476805324	1.52465326525564
-0.976770994712148	0.58437229044447
0.39693217152986	0.260242591337945
-0.453410141697293	0.286685443860728
-0.400384780578106	0.19966118834964
-0.795224362324753	0.428799566664676
0.249929441003308	0.155058665247787
-0.740179770854738	0.452503944476729
0.230569994594728	0.133686869744806
-1.13557312432465	0.741984670388943
0.365542401306716	0.175768098348355
0.577959184122381	0.37641487267881
0.286022027547154	0.211951688312663
-0.510665083637769	0.185396417332941
-0.795309039080444	0.428876705357968
0.598397427711216	0.36507558725869
-0.0873848714595538	0.0397782837000225
0.163552344867898	0.109100232432363
0.388693203120202	0.222849389931697
-0.237546138554378	0.139805406984085
-0.171968579050833	0.103308832832877
0.393997425969371	0.242166407812664
0.546181097504613	0.399998591734954
0.230487096056227	0.13362125268022
-1.13708607411613	0.87826957780173
-0.322104124116035	0.232697624899156
-1.24921980676995	1.03276052609911
-0.665610212374738	0.58587538476718
0.20515621128702	0.110408160639295
-0.0122850641813574	0.0057559911383436
-0.941349427084676	0.739839943684221
0.78893980475248	0.543791021826737
1.35563266451659	1.19658288270597
-0.320473887394135	0.184996236748731
-0.707522656104184	0.478427995182554
1.71231699927715	1.36387533336544
0.230529605001091	0.133680510590328
-0.359480816044885	0.231235355347662
-0.576668615728061	0.435456996649804
0.388738767178279	0.222853701932079
-1.5184126903909	0.958749599099798
-2.28308560084101	2.11657106884092
-0.687551790904933	0.510239429273345
1.15428744900837	1.11129664485851
0.578014364927905	0.376465316524239
0.120371010324869	0.0539982926783083
-0.829084254712108	0.60642326809271
0.617125970272115	0.575347690615398
0.57798860447689	0.376498020652567
-0.795391084685964	0.429117695674088
-0.829125832982878	0.606496399181627
-0.575221956505582	0.357508938560049
0.120004743026815	0.0538382787021705
0.598499320946426	0.365122738899988
0.0586773454804471	0.0233008804750109
0.789055063944555	0.543856648322334
-0.941380831544944	0.739549847744998
-0.237542907484709	0.139878710803409
-0.429615122034217	0.24329729755557
1.14111481814916	0.780226580309296
-0.359379722216434	0.231174306033593
0.78893980475248	0.543791021826737
-0.320554095238467	0.185001303746497
-1.33198231888363	0.762319293050376
0.170170551402025	0.0842873863496133
-1.33184367767742	0.762015428988325
1.14156268031893	0.7806472914026
-1.33183784740398	0.76195967435052
0.560791177416411	0.388120377343543
-0.580006056009966	0.322045537779173
-0.707481746061678	0.478444102656824
0.11628438193158	0.0682790642668379
-0.0122154413396054	0.00572317029003499
1.30500783274078	0.824827623389173
0.388496332191838	0.222697111196915
1.10702185510946	0.935885221644565
-0.471984971010848	0.329858934046868
0.230567791841672	0.133698864313426
-0.829086369388326	0.606441524864473
-2.17590798952669	2.53807795746682
-0.0760131968453086	0.0474878014413801
0.393997845165748	0.242199850872686
-0.323267030849328	0.132664766624666
1.03038230068507	0.912471168640531
-0.320433206846562	0.18495150928958
1.50451738240719	1.26750919799834
0.533651612856611	0.412931714320201
-0.707482479345284	0.478426084681255
0.042279016727012	0.0213478495403599
-0.268709990012556	0.137422886733516
0.546226339378666	0.400029781886946
-0.430064216872108	0.243565519688309
0.745313372817002	0.543643055784517
0.120134631761478	0.0538964433430745
0.388693203120202	0.222849389931697
0.770731512231836	0.350809203466032
-0.575225160111578	0.357442872376599
-0.237404241725255	0.139753599166704
-0.575328607690282	0.395448525801882
0.0588184960278527	0.0233556454638202
-0.171888954875426	0.103262528114191
-0.766092860127357	0.664969852995709
-0.453485720976542	0.286825894441277
-0.575331997851687	0.357565550468974
-0.70748096742124	0.478435371653978
1.2049145732705	0.970896458378593
-0.320433778064975	0.184950136690717
-0.171811009474276	0.103179322353065
-0.0877575997881977	0.039961229689291
0.577984971442013	0.376297547166183
0.0423972358643515	0.0214067271227048
-0.17440426958797	0.0911536059094103
-0.581711492709736	0.277565100121143
0.921407174037824	0.552510092381016
0.398846314286367	0.277838106957553
0.23052811985298	0.133680230051694
0.745352610013427	0.543638173626064
-0.429994928475187	0.243602180977508
1.10706148824685	0.935941427611023
0.0836937122363792	0.0457231254747843
-0.00321092368226869	0.00109246418514769
0.230450440407156	0.133617280023361
0.709960466353092	0.546453636093704
-0.400408163058232	0.199679139220261
-0.191763069164488	0.0841344545583103
0.230450440407156	0.133617280023361
0.771384657824967	0.351194621180954
-1.8205041069926	1.34246086170129
-2.28305689911075	2.11659102982237
-1.67947453471549	0.743697622879227
0.789009542854592	0.543863079094428
0.249971500326127	0.155030630035243
0.745353007153523	0.543706231076692
0.0835896232229875	0.0456627648321035
0.12034702103488	0.0539879293877707
-0.581856591724575	0.277597221348804
-0.320551710599551	0.185068852829541
-0.884575760396575	0.588743079775032
-0.510098148612271	0.185160854762058
1.33431810097726	1.01922986342603
0.788870111606042	0.543674142964954
0.388750876020199	0.222881622076993
-1.27844988038676	0.903465546558454
0.598378969448173	0.365092189435562
-0.792000758207755	0.632580193184753
-0.0122276726897269	0.00572835891609193
-0.580371561309725	0.322378988803852
-0.0496859935586384	0.0271630129061038
1.65613897630138	1.51943823476646
1.50452650525141	1.26725704656624
1.03582192902147	0.753770484106199
1.14145651481394	0.780640318755813
0.39959677265368	0.294648110270251
0.598582673007789	0.36530237473833
0.369191566451795	0.1578145382159
-0.0875247626795585	0.0398554643821223
1.14132666656629	0.780469271001445
-0.0402105974383419	0.0255874027190156
1.14109118869704	0.779945452114801
1.14890107573023	1.43517451967736
-1.13716655833081	0.87858291695597
0.894894382386493	0.72293105384348
0.388796591436508	0.222846343871888
-0.0872920717273817	0.0397381772141896
-0.576616176275967	0.435424630602126
1.36654224977026	1.3662417697281
0.230569216915851	0.133699107004068
-0.0496407463451933	0.0271405434836126
0.398740542799776	0.277713218573631
-0.580139552543401	0.322178443064124
0.578018102972575	0.37654181246198
0.38835720191572	0.222486782378875
0.668414615793708	0.34385587193997
-0.707519508503827	0.478444598517908
-0.268903312847488	0.137490969469136
-0.740271693618544	0.452632126761163
-0.842573501506563	0.367295334988531
-0.268229409178249	0.137106756034587
-0.00285025275782294	0.000970864932132848
-0.191851314271925	0.0841724378088938
0.598582673007789	0.36530237473833
0.394117608350336	0.242260360238849
-0.82908313258926	0.606361585227221
-0.576587568013795	0.435203291223495
-0.57525108074046	0.357535915462596
0.668408321489857	0.343877341929885
0.598684774774916	0.365349678431694
-0.323768775804252	0.132906269597143
1.20498438869504	0.970879883451579
-0.472063381153096	0.329946905563585
-1.64075606505555	1.41035278927194
0.769974220431325	0.716239503703253
1.03591449475179	0.753942920815292
-0.17459926023523	0.0912855489687525
-0.581854188280408	0.277697073220254
0.0836139988449978	0.0456801177731202
0.230529605001091	0.133680510590328
0.681085975513536	0.552026657242208
0.845429539214823	0.716403505219283
0.393880214648925	0.241971525020011
-0.0121823488088752	0.00570437601024726
-0.740463975085828	0.452748151314771
0.0423586690649514	0.0213879798283963
-0.400173652945427	0.199527805530166
0.0587457894570351	0.0233313383669741
0.745274263767946	0.543557664143171
-0.104359977904879	0.0558212020500924
0.120240788194207	0.0539451931203284
-0.707599966341931	0.478328608050316
0.378538311299969	0.200316489979973
0.365462810263777	0.175771126538925
0.789021719765927	0.543765482461679
-0.575196062635016	0.357437611700666
-0.707517662806465	0.478257003581542
2.2997682625905	2.50058803898813
-0.434453094736229	0.367526099754561
-0.766049611001646	0.664954572686581
0.286203426389468	0.212127015627612
0.230567791841672	0.133698864313426
-0.174573431544604	0.0912716571979923
0.843944591812304	0.545998305661356
-0.104279967239532	0.0557741192149482
-0.0872920717273817	0.0397381772141896
1.71218813755133	1.36379252078282
-0.0121125550355883	0.00567193534323825
-0.171862209567395	0.103236624255682
-0.359424999637583	0.231221859869823
-0.237573967425114	0.139884696422554
-2.47049298809662	2.52117693063102
-2.38298677712539	1.52480996919281
0.844163062994518	0.546224354744882
-0.237414532605328	0.139762196453711
-0.580006056009966	0.322045537779173
-0.0121579779232437	0.00569550785644836
-0.413960813438836	0.322135721934712
-0.174544124873814	0.0912564848517119
-1.94983813164553	1.53379618716286
1.10706244243292	0.935787622712917
1.15414695557536	1.11162196389094
0.042279016727012	0.0213478495403599
0.170281743912202	0.0843350879613783
-1.04547017907602	0.878624023956432
0.205207701750601	0.110416794371153
0.205042198106717	0.110325991467597
-0.0877795706067474	0.0399712524693087
0.789067188669125	0.543924706508862
-2.93872941555281	2.429799990387
0.956957960221602	0.734596218098462
-0.284638301267164	0.186600808077093
-1.84149671536099	1.77093284240617
-0.237487456853328	0.139823741683448
0.92132134334832	0.552408279546252
-0.429938030218216	0.243568625526263
-0.687714940480842	0.510316613244026
0.286158495085926	0.212062561088055
0.398873021706968	0.277844831721069
-1.04534487457245	0.878387374207826
0.119769233618733	0.0537209607675883
0.388820742451007	0.222906122652098
0.844059703677712	0.546155801156035
0.598092746507896	0.364653036700253
0.38889065397981	0.222908863249094
1.32465049916257	0.631860044369222
1.33400897049058	1.01854945253589
0.533780881129388	0.413013951833887
-0.174625080884339	0.0912854195393808
-0.829086369388326	0.606441524864473
-0.451661114075528	0.412517267253653
0.623156321552976	0.352260784925711
-0.791947239021783	0.63244694089088
-0.0496092677838992	0.0271228251111568
0.388808660668062	0.222896051552016
-0.174459521127491	0.0911992843731911
-1.14282664091194	1.02417759825111
-0.795473084150557	0.429189025577302
-0.453486695923122	0.286846798923099
0.163499255929904	0.10905555536793
-0.0496511828299678	0.027144046289517
-0.320512862899764	0.185045864651848
0.546215912621286	0.400033984487797
-0.687634944063166	0.51055249212413
-0.174628515728416	0.0913006915587617
-0.320473887394135	0.184996236748731
-0.0758232180549879	0.0473615120956068
1.03599785029839	0.753908516007888
0.59876817292181	0.365396418954223
0.95670345685068	0.734164461896624
0.205126733349182	0.110389989862704
-0.400384780578106	0.19966118834964
-0.795388566123818	0.429111941624914
-0.472010490785593	0.329884715637835
1.71231699927715	1.36387533336544
0.0836103669312504	0.045666856274849
0.710005461501729	0.546536508014955
-0.575244464761833	0.357353335654462
-0.104399592297262	0.0558404234022689
0.668341817602373	0.343821264073672
1.33431810097726	1.01922986342603
-0.580603062995071	0.3224974752442
-0.575228160299009	0.395416533246711
0.522648548628168	0.425563360408667
-0.580349831282464	0.322341566730602
2.04425591386329	1.50756791007354
0.956817602945034	0.73449782097703
0.276957543704097	0.194350081764933
-0.104357499932016	0.0558222115623603
-1.67838010608547	1.15328082189318
1.0360071240707	0.754049538610323
-1.04535557800561	0.878430792839172
0.92149314149832	0.552505338452732
-0.174544124873814	0.0912564848517119
0.205266784752764	0.110460669177488
-0.687613685418675	0.510543809311169
0.205068011844753	0.110329366305932
-0.430120932616392	0.243582021159115
0.23060629245481	0.133676654514964
-0.944056937240152	0.27675044454811
-0.453525181306195	0.286848918425536
0.956784418106501	0.734084317850284
-0.0760739807981638	0.0475235027851919
-0.687658996962842	0.510520044172739
-0.0123300335252873	0.00577717266429914
-0.323768775804252	0.132906269597143
0.39966555312206	0.294716052552105
-1.54138359534371	1.52056881579161
0.276974808962132	0.194360109506673
0.399563464873255	0.310601214732448
0.396911610810945	0.260226883174291
-0.976214340179958	0.584028233561291
0.623156321552976	0.352260784925711
-1.11104174051405	0.563092496834586
0.250093222011173	0.155033293153285
1.06319158290995	1.24271990939687
1.47106499379394	1.76491086431637
0.745392661819511	0.543732026195375
-0.119181302456655	0.0730529519471356
-1.13555209336582	0.742010647654425
0.378471825884376	0.200278867870119
0.874634011610972	0.882720248566445
-0.224032117734982	0.149465241808125
-0.320551000801398	0.185059855634261
-0.791946576907912	0.632405318611166
-1.52959404603554	1.23841088927481
0.27691422571419	0.194313899662351
-0.323679539396547	0.132867515469766
-0.0122850641813574	0.0057559911383436
4.34629070750669	1.83849509413068
-0.320511550772078	0.185038220306322
-0.322225469224447	0.232796786569538
0.39881913022081	0.277785652864851
-0.0496407463451933	0.0271405434836126
0.770020256836929	0.716298817338794
-0.104317955751367	0.0557991159685809
-1.24917788399699	1.03270342574167
0.681243609426571	0.552113682501691
-0.0962240146484532	0.0674082921843669
-0.359390272612402	0.231190890343253
1.30500783274078	0.824827623389173
-0.45344808773457	0.286801474904568
-0.707482479345284	0.478426084681255
0.681217412014632	0.552162893124724
0.394116820155748	0.242245377382797
0.365548699035189	0.175813952012173
-0.399394145976046	0.368539712334713
0.560750168129779	0.388179645747097
-0.104399592297262	0.0558404234022689
-0.707520363398452	0.478482018542316
0.388924565354116	0.22283482479451
-0.400150141167734	0.199526819273677
0.230529605001091	0.133680510590328
0.119980963262918	0.0538242500271638
0.578069578210618	0.376488471114152
-0.453449761195745	0.286766668269298
0.12011077257807	0.0538869679431261
0.956902566778186	0.734555045157672
-0.687645531220509	0.510520092573715
0.378837053043127	0.200602993253842
0.788857893240333	0.543561532109322
0.598666029175516	0.365312255321971
-0.237463240563307	0.13982242209813
0.264987875123345	0.175288791857079
-0.320472728323707	0.18500883783832
-1.95839986267294	1.00468673041439
-0.32393075771785	0.132964596123413
0.845371254868562	0.71651170385825
0.0423982212440437	0.0214062491591895
-0.429994928475187	0.243602180977508
-1.35320851950387	1.19029670047554
-0.795391084685964	0.429117695674088
-2.28306227186227	2.11536709665261
1.30500783274078	0.824827623389173
-0.191594955374977	0.0840523906515105
-1.35309688551227	1.1900312871931
-0.17459926023523	0.0912855489687525
0.0292067114825184	0.0173679690405924
0.546250743648289	0.400046045111249
0.956872912425269	0.734592065785687
-0.580288257554798	0.322133722612185
-0.0120427162386852	0.00563902996727752
0.0835239966457633	0.0456128062317049
-0.580349831282464	0.322341566730602
-0.0878847859419584	0.0400172638558478
-0.284610968668376	0.186565346958041
0.714583367809151	0.722524209493018
-0.104359977904879	0.0558212020500924
0.170059671984345	0.0842063275246382
0.770438655215179	0.350662431796396
-0.575306066526481	0.357587683954408
-2.06930914932304	1.72595109769969
0.116363971797762	0.0683270914761228
0.845456168738016	0.716430961344511
-0.284744292500587	0.186643086689261
-0.740380861860938	0.45261093027897
-1.27882282172847	0.903955643677358
-0.884563135816909	0.588449565678774
-0.237584261627081	0.139872830216836
-0.884588372446995	0.588819046433955
0.116337265710945	0.0683120625139432
0.710019779881786	0.54651756556299
-0.0496407463451933	0.0271405434836126
-0.400536866605911	0.1997271130363
0.894974427264456	0.723012047209108
-1.51816553129795	0.95879786564237
0.388738767178279	0.222853701932079
-0.191933678929107	0.0842065929843931
-0.0122154413396054	0.00572317029003499
0.788882342572252	0.543663401868141
0.365297493403005	0.175602120834692
-1.27882282172847	0.903955643677358
0.894974427264456	0.723012047209108
0.0837490007191602	0.0457415970326227
0.396942496284277	0.260224576292416
1.37316924305242	1.53957253944571
0.394038920805071	0.242228624143532
-0.472064003814338	0.329987530330869
0.230490012836691	0.133653431840519
0.205071546672453	0.110351538960765
2.29962947001577	2.5003002645614
0.24997468863786	0.15509621575848
1.30493947629717	0.824751306985012
0.205266784752764	0.110460669177488
0.116310084678963	0.0682840380414545
0.0825872915924241	0.0554703277817118
0.163529196181068	0.109074522496971
0.163681566820778	0.109170143763013
0.714569121759353	0.722232087480864
0.163597652775617	0.109126763570233
-0.576588825025321	0.435398633028466
0.92132134334832	0.552408279546252
-0.0123095682902471	0.00576462947117763
0.170374466606941	0.0843863554800559
0.365465936752018	0.175750334952689
0.398793429534845	0.277791401936865
0.65682946787413	0.559421649826791
1.03590526157618	0.753863518623507
0.578158381790198	0.376627328503049
0.170161317325234	0.0842725965010529
1.02267158865972	1.0709553173545
-2.18909800438184	1.26985288518349
0.894975821667562	0.722849349529328
-0.976493244523567	0.584555562455094
1.14113847634247	0.780144258178932
0.770506837199971	0.350533635374027
-0.581854188280408	0.277697073220254
-1.51808124437622	0.958941346621866
-0.581856591724575	0.277597221348804
0.668481033440034	0.343942560095741
-1.45019942928392	1.35237281094304
-0.57525108074046	0.357535915462596
-0.580414944818104	0.322167161571158
0.205130478099973	0.110380892749031
-1.45021027041808	1.3523329461065
1.06005677723729	0.577964964153784
0.59856405223488	0.365185921295606
-1.04544624457929	0.878646931198408
-0.430051715681581	0.243618728457605
0.0424373093427921	0.0214235517697407
-0.580016262315733	0.322066841910722
-0.42967245780055	0.243361499868568
0.365294456714284	0.175642850880005
-0.829085333646607	0.606448881785564
-0.687600237888207	0.510532942612147
-0.320472080549721	0.184999887675071
-0.429856217784491	0.243527269122507
1.52015348620595	1.08671721277481
-1.95839986267294	1.00468673041439
-0.575183121909418	0.395289044837044
0.789137043859013	0.543954929220758
0.365717614542968	0.17587696046062
-0.575192754444671	0.357461056491999
-1.40923601283174	1.06895555446208
0.921489960026533	0.552533647137428
0.92132134334832	0.552408279546252
-0.323768775804252	0.132906269597143
-0.191930840094509	0.084187060728103
-0.84128759981306	0.366527746446311
-0.400150141167734	0.199526819273677
-0.237494251281423	0.13984879736702
-0.795644069228305	0.429035866213146
0.116416853460594	0.0683500279560176
-0.174544124873814	0.0912564848517119
0.560630437830936	0.388074284865715
0.396970934399228	0.260254504755304
0.230606866320283	0.13369681803433
0.399699935092057	0.294651502370831
0.956983629109388	0.734621121449141
-0.453489360946646	0.286816989972648
1.58605624268728	1.83074792718716
-0.320590430654897	0.185062347151589
0.745313846676038	0.5436625102872
0.120004743026815	0.0538382787021705
-0.581784038930277	0.277651257807727
-0.359435544098484	0.231227533097986
0.598194140587528	0.364865830215773
-0.00610768382550435	0.00341591566284737
-0.740372218460723	0.452702879152707
0.394038396008532	0.242246959131393
0.393958723380873	0.242166010414656
1.6019867405053	0.90761319649506
-1.1106194968633	0.562870946942689
2.88273098321132	2.1174691772228
-0.191677560250301	0.0840866628137423
-2.97813504586116	0.636375479740286
-0.32351770392979	0.13279342860992
-4.44617006758249	1.97150149135411
1.32436602519462	0.631710688508099
0.365631508218467	0.175855733280783
-0.581851832882174	0.277688325692166
1.52015348620595	1.08671721277481
-0.0942522165733174	0.0270533171061642
-1.04536873431261	0.878491068790105
-0.509092334450104	0.184719564498054
-0.472064003814338	0.329987530330869
0.170078037123426	0.0842362332696313
-0.453566648168422	0.286866712107399
-0.740271693618544	0.452632126761163
-0.359435544098484	0.231227533097986
-1.82060683537853	1.34328728713377
-0.320511550772078	0.185038220306322
-0.1915979731707	0.0840529792646734
-1.51824496864762	0.95886148357615
-0.006001151876493	0.00335806255735303
0.668478812223091	0.34390323454053
-0.58178160921078	0.277642461693518
-0.740372218460723	0.452702879152707
0.394038920805071	0.242228624143532
0.84396677894642	0.545976603034212
0.0837040002746334	0.0457264227156212
0.398819616028579	0.277815329640886
1.10702185510946	0.935885221644565
-0.174683567543954	0.0913208124398447
0.598295700956373	0.364991769480157
0.578154398334843	0.376565647581824
-0.399914968060413	0.199342745662806
-1.820361739145	1.34284933258746
0.393998820278763	0.24221496570692
-0.26842377376637	0.13725791720775
0.0588184960278527	0.0233556454638202
-0.687533718902542	0.510410406258138
0.397085516702749	0.260243980179117
-0.575228160299009	0.395416533246711
0.546226339378666	0.400029781886946
0.398740041870163	0.277698898915624
-1.01646123753217	0.731064850879657
0.396991343747782	0.260302212223515
0.12019299748776	0.0538981778819222
0.0587457894570351	0.0233313383669741
2.23156260992701	1.82070463993709
0.740303190006812	0.718647222463892
0.369443988447083	0.157954068466191
0.369443988447083	0.157954068466191
0.0423185594731741	0.0213690212508505
0.546358458707204	0.399904240237994
-0.453527147708742	0.286874832407521
0.0586066080559193	0.0232695963511978
-0.0935556981413233	0.0268478444964544
-0.842217165704752	0.366945966505995
0.771384657824967	0.351194621180954
-1.34529993559724	0.491233145483874
-1.95839986267294	1.00468673041439
-0.0952439291769213	0.0273370669616512
-0.943675469426376	0.276612084705558
1.60140883922882	0.907211457837158
-0.191763069164488	0.0841344545583103
0.378940602994957	0.200651612788855
0.921156072870382	0.552172581688307
-0.0121579779232437	0.00569550785644836
-0.976620884568423	0.58466531707052
0.369606368030708	0.158007050490895
-0.941293807684783	0.739887785369521
0.789079325953716	0.543893240613633
-0.0942522165733174	0.0270533171061642
-1.64083331697871	1.41142641603652
0.546076747504109	0.399726406370251
0.0423581224798044	0.0213887511464096
0.966611652025928	0.36540950209132
-0.581851832882174	0.277688325692166
1.33421488170253	1.01926622253753
0.0587435559436112	0.0233296694197922
0.378837053043127	0.200602993253842
0.0834892800262084	0.0455780967187327
0.560672269912082	0.388121508634766
0.37882650870246	0.200579110731171
-0.359427841778773	0.231146608983805
0.0586773454804471	0.0233008804750109
0.894935446571742	0.722968334191717
0.0422809794129208	0.0213415786053331
-0.323267030849328	0.132664766624666
0.12034702103488	0.0539879293877707
-0.0940501109524453	0.027000921199425
1.03619257372466	0.754073805053677
0.546170676644428	0.399976726180858
-0.884588372446995	0.588819046433955
2.68395816897637	1.75280717112361
-0.006001151876493	0.00335806255735303
0.560710472183291	0.388178977785677
0.0423972358643515	0.0214067271227048
0.0587435559436112	0.0233296694197922
3.94894064328705	1.35405401302548
0.771453181882331	0.351085847175968
-1.34672546729487	0.492145538677293
-0.581922163948477	0.277706756599217
0.365462810263777	0.175771126538925
0.844152537341915	0.546273411772544
0.409379481895826	0.149355853828265
0.921407174037824	0.552510092381016
-0.191594955374977	0.0840523906515105
-0.687650729771644	0.510122034060268
1.79284830426454	1.77640116942864
-0.0876522636543796	0.0399151556854039
0.116337803549992	0.0683121911720951
0.369281560627773	0.157849816719288
0.120240788194207	0.0539451931203284
1.20497223605644	0.970922766106413
0.966611652025928	0.36540950209132
1.52048638870796	1.08681008603723
0.921324434956384	0.5524265305633
-0.0872920717273817	0.0397381772141896
-0.580088369752075	0.321884893591541
-0.829088311278774	0.606329534231876
0.598573351737047	0.365281015830231
1.10722092909596	0.935315358822845
-2.38291907034792	1.52486226582066
-0.19168054449394	0.0841002189352164
-1.40911140509099	1.06865061179304
0.388762997440806	0.222873844908431
-4.67261933866694	2.32564504003048
-0.795388566123818	0.429111941624914
-0.104357499932016	0.0558222115623603
0.710009613551325	0.546423309320201
-0.10439877968516	0.0558435022103617
-0.119181302456655	0.0730529519471356
0.20515621128702	0.110408160639295
0.623238534198675	0.352266810403192
0.399601231706607	0.310636777287677
-0.687565515876591	0.510461176450006
-0.575302897931052	0.357517752740987
-1.95690074927006	1.00326104207221
-1.40922300434395	1.06895280811372
-3.04859567188031	2.64278648974567
-2.69152693914315	1.99487341437542
-0.581856591724575	0.277597221348804
0.24997468863786	0.15509621575848
0.709995212937178	0.546527977701222
-0.32043192788861	0.184921858397715
-3.87156218611866	1.24092684697853
-0.511027416637717	0.185602242202858
-1.11104174051405	0.563092496834586
-1.27873979527957	0.904162189875354
0.120028551647769	0.0538416400422945
-0.510098148612271	0.185160854762058
1.30501217205153	0.824788016597256
0.448620351049491	0.125795452528351
0.170263129213505	0.0843313417776692
-1.13555209336582	0.742010647654425
0.397046583565178	0.260289613432829
0.365539286330383	0.175640293355288
0.170263129213505	0.0843313417776692
1.0596257295169	0.577674605165275
0.369443988447083	0.157954068466191
-0.57530047576779	0.395326283405003
-0.884826594921017	0.588899553734
0.365631508218467	0.175855733280783
-0.580016262315733	0.322066841910722
0.966408720917092	0.365302103460683
0.365459706351774	0.175748040889583
2.68361222128	1.75216996525566
1.26513804701412	0.354123472590601
1.14145651481394	0.780640318755813
0.393999376174225	0.242196655610477
-0.119120635310023	0.0730184164425326
0.968797796743646	0.897766270089067
0.378754706254768	0.200505425341965
0.293805294503919	0.229212644086104
-1.74461922952824	1.5901549212547
-0.17456992674774	0.0912652369592895
-0.795219125684705	0.428833157596566
0.369606368030708	0.158007050490895
-0.400150141167734	0.199526819273677
-0.104359195281209	0.0558242971418694
1.32428770335431	0.631620596039885
-0.00595155962002393	0.00333058547286571
-0.0875026457018197	0.0398390244357153
-0.268709990012556	0.137422886733516
0.397011871554962	0.260283967448686
-1.33191007996814	0.762528663311124
-1.13720220521042	0.878917030944994
0.789067188669125	0.543924706508862
0.789206944140957	0.54394025488045
0.249953816287964	0.155073709123128
-0.581856591724575	0.277597221348804
1.14148035323186	0.780569854920254
0.396995601454295	0.260210417108958
-0.884657543519209	0.588843512301589
0.578103014416737	0.376604056005177
-0.0400743475090419	0.0255028499782183
-1.40941581942635	1.06874707618129
-0.575262792708149	0.395475278382787
0.92132134334832	0.552408279546252
0.410970820517796	0.150022055679717
-0.510665083637769	0.185396417332941
-0.0124813117514577	0.00584729622039226
-1.11045946877855	0.562965619456525
0.668412566104476	0.343909313552279
0.368938742259395	0.157633998891712
-0.842573501506563	0.367295334988531
-0.0122276726897269	0.00572835891609193
0.771453181882331	0.351085847175968
0.598286523308632	0.364998220512253
0.396966874057929	0.260280317934537
-0.707441551292643	0.478324166306425
0.397081311841956	0.260277318843507
0.578043836574162	0.376548516431563
-0.0881167998726854	0.0401030457438677
1.35560309885073	1.19659585765971
-0.0877795706067474	0.0399712524693087
0.378599511099908	0.200427507791295
0.0422408192462711	0.0213222505918147
-1.45019942928392	1.35237281094304
-0.174459521127491	0.0911992843731911
0.598573351737047	0.365281015830231
-0.575221956505582	0.357508938560049
0.956729262501029	0.733990322849811
1.33429726654848	1.0192474151438
-0.841001455818523	0.366229916339387
-0.740363553407265	0.452677488340356
0.533763759325351	0.413052800994542
-1.51832895997772	0.959438617553198
-0.0496439894741144	0.0271417412631816
-0.82908313258926	0.606361585227221
0.0587457894570351	0.0233313383669741
-0.0124241753236879	0.00582014340182899
-0.1915979731707	0.0840529792646734
-0.580371561309725	0.322378988803852
-0.581924444867391	0.277715453255469
-0.0876302197595823	0.0399015975036765
-0.740171003604891	0.45253026277676
-0.511027416637717	0.185602242202858
-1.33204907972189	0.762666443275466
-0.400536866605911	0.1997271130363
0.57799237739116	0.376473680654714
0.844338401804658	0.546357972005448
-0.740078977484018	0.45240201762335
-0.740262966664053	0.452575713375946
-0.400279254651867	0.199611151597535
-0.11895585238393	0.0728935552475595
-0.472064003814338	0.329987530330869
-1.95003208437789	1.53411554644338
-0.191765997402019	0.0841406045300469
-1.13555209336582	0.742010647654425
-0.575228160299009	0.395416533246711
-0.0875468540215103	0.039864629429921
-0.575306066526481	0.357587683954408
0.0588184960278527	0.0233556454638202
0.745432717216464	0.543739764183929
-0.0872097202919863	0.0396986290401776
0.578103014416737	0.376604056005177
-0.576695398977988	0.435458819694957
-1.23405142964365	1.17435801745068
0.668483206398341	0.343935288943319
0.788857893240333	0.543561532109322
0.967309813891396	0.365498022573177
0.369533728475468	0.157989232089938
0.770370463654335	0.350336634954776
-0.32342872014596	0.132754800981013
-4.18201492121916	1.58709932821373
1.81425944574235	0.680329466157843
-1.40922300434395	1.06895280811372
0.560749556461197	0.38815237075861
1.36660143337291	1.36662379300153
-1.13530112512833	0.741647485097293
-0.284744292500587	0.186643086689261
-0.104239587604197	0.0557427212234369
-0.45344624098908	0.286775668100434
0.577937107683428	0.376356644475187
-0.580476543617623	0.322432153035535
0.956872912425269	0.734592065785687
-0.575302897931052	0.357517752740987
1.49175123452462	1.42981026669857
-0.400384780578106	0.19966118834964
1.65632327192661	1.51956912472479
-0.104278391852856	0.0557721044560038
0.393920347644893	0.242075031362479
0.394118579030006	0.242201128700695
-0.976365401250023	0.584398859616745
-0.580498200950308	0.322444400471375
0.398793429534845	0.277791401936865
-0.740262966664053	0.452575713375946
-1.01648973946624	0.731035786569664
-0.131994247149854	0.0910768244454459
-0.687579023630957	0.510524309186091
0.399604873824898	0.2946743611885
0.205012927614752	0.110290990691394
-1.51840982581887	0.959105734342332
1.61599789489516	1.67210704534538
0.369028991156211	0.157669386495961
0.369264043213546	0.157791315274953
0.598592016021916	0.365255436252484
0.170068843650991	0.0842286987652546
-0.104356587212664	0.0558165072825962
0.378727390829471	0.200531723202199
-0.320472728323707	0.18500883783832
-1.1372011518517	0.878877855828895
0.205126733349182	0.110389989862704
-0.223902254728416	0.149354276836368
0.170068843650991	0.0842286987652546
1.50433248033585	1.26702409393016
1.83687648660533	1.20254338962645
0.37892999110995	0.200646545836412
0.560590771228458	0.387994709355018
-0.191594955374977	0.0840523906515105
0.394117608350336	0.242260360238849
-1.31997354276478	1.32947168092921
0.845371254868562	0.71651170385825
0.042279016727012	0.0213478495403599
-0.766101540886439	0.664864844412508
0.921576008172099	0.552528958374128
0.623286300486041	0.352340568865308
1.88376090667841	1.64383819775375
1.35552205420977	1.19632884824926
0.170087252377099	0.0842292700614622
0.598480737929632	0.365218365480648
-1.01626552658048	0.731105199010459
-0.284690168329547	0.186587337371802
-0.0871992063586919	0.0396936425795753
0.0293105991403497	0.0174314041483834
-0.237463240563307	0.13982242209813
-0.581924444867391	0.277715453255469
0.119875060412801	0.0537756254140837
-0.580371561309725	0.322378988803852
-0.284611534579334	0.186578592719199
-0.26882014270592	0.137493109818912
1.30493947629717	0.824751306985012
0.56070923211041	0.38809432514031
-0.430039201840463	0.243590965816125
0.293865812174365	0.229259502904495
0.598592016021916	0.365255436252484
0.668481033440034	0.343942560095741
-0.191851314271925	0.0841724378088938
1.5044158387548	1.26730366912119
0.894894382386493	0.72293105384348
0.598870483563842	0.365443873911522
-0.4297991763118	0.243493611717284
0.388693203120202	0.222849389931697
-0.268719004618864	0.137442961534784
0.0587457894570351	0.0233313383669741
-0.581856591724575	0.277597221348804
0.119980963262918	0.0538242500271638
0.398740041870163	0.277698898915624
0.378940602994957	0.200651612788855
-1.3531657506303	1.19019514955124
-0.576589402367532	0.435403871292486
0.411335463891534	0.150170640765866
0.844266598598067	0.546215553189946
0.522633394904736	0.42556669118332
-0.580244728564168	0.322288315069047
0.57798860447689	0.376498020652567
-0.400020822389192	0.199426194116488
-0.237504529024248	0.139844087330484
0.681059263026178	0.551979961849616
-1.64088236724306	1.41110077668638
0.95683960617173	0.734125275670322
0.714522619291131	0.722406786894192
-0.378317858528529	0.324022601747857
-1.04542483329829	0.878688897913007
-0.581646686658635	0.277332228828794
-1.3202508041692	1.32996162730356
-1.5184126903909	0.958749599099798
1.0360071240707	0.754049538610323
-0.0122973225407363	0.0057607405665406
0.745394033281706	0.543633103188281
0.560709830432059	0.388151674306149
-1.94992816313755	1.5347271317717
0.92132134334832	0.552408279546252
-2.18002138539429	1.9201720707914
1.14135042570868	0.78055702486602
-0.174518314964367	0.0912348516528442
-0.224014837455302	0.149441026962097
1.33440052731901	1.01942425686405
0.0423167042686159	0.0213602814663017
-0.191683506242611	0.08409339741583
0.623132503431904	0.352217814060037
0.369443988447083	0.157954068466191
-0.429925595459858	0.243580051469603
0.12011077257807	0.0538869679431261
1.79304631687858	1.77758954909223
-1.01640653529459	0.731296908478309
-1.6784015336866	1.15386732162851
-0.429868625622534	0.243546443419877
0.276957543704097	0.194350081764933
-1.52964843587926	1.2385261432619
1.03630425054237	0.754129475284206
-0.576616176275967	0.435424630602126
0.398847428577595	0.277769276267089
-0.00595155962002393	0.00333058547286571
-0.0497239730911766	0.027181235394223
-0.82904784880335	0.606262707543503
-0.400513563075863	0.199729099262418
1.71195414324452	1.36274036780702
-0.268626755667087	0.137386831811978
-0.323267030849328	0.132664766624666
-0.0873136276015911	0.0397499196226352
-0.049665047876336	0.0271547943089435
-0.171862804969046	0.103246873333961
0.205152501413158	0.110394674120877
-1.52962043558558	1.23854340721279
0.170365107743381	0.084383949304422
-0.740372218460723	0.452702879152707
-0.32351770392979	0.13279342860992
0.921404048782597	0.552431775441768
-1.13555209336582	0.742010647654425
-0.174573431544604	0.0912716571979923
0.230571680223088	0.133614653488979
1.15418289043711	1.11181599616954
-0.884519156846644	0.588683549507875
-1.84146236387469	1.76999293758033
0.0836487181970986	0.045700188709168
-0.884657543519209	0.588843512301589
-0.575331997851687	0.357565550468974
-0.104318795135885	0.0558015566425405
-0.976470386658705	0.584506017782514
-1.68044005713324	0.744499058156728
0.205097333541243	0.110364406966335
-0.087441370809686	0.0398097097825643
0.230409222547495	0.133569169185218
0.205019997075774	0.110262516383593
0.369606368030708	0.158007050490895
0.205152501413158	0.110394674120877
-1.24914114196	1.03260189679654
-0.19168054449394	0.0841002189352164
0.0423191371419603	0.0213682662442981
-0.941325320078651	0.739833669250325
-0.852618489842326	0.78881602802395
-0.829046886140212	0.606302173283558
-0.976470386658705	0.584506017782514
-0.740078977484018	0.45240201762335
-0.174540515247827	0.0912397503894302
0.921404048782597	0.552431775441768
-0.429811544627333	0.24349758007301
-0.884600971987052	0.588746834027671
1.26792735887555	1.32144393654656
0.921156072870382	0.552172581688307
0.205211481751657	0.110438490596475
0.388553749445873	0.222747063630089
0.230448835221244	0.133616924089533
-0.268331253583185	0.137185477385768
1.20496009589364	0.970744195528323
-0.104359977904879	0.0558212020500924
-0.0873970675291552	0.0397928350708459
1.49191066488771	1.42998279559144
0.378847621753956	0.200589252322247
-0.0496302816821721	0.027135851275683
0.23053041269172	0.13366829299905
-0.740179770854738	0.452503944476729
0.116390687051258	0.0683388411885374
0.598675391106249	0.365365106671917
0.205126733349182	0.110389989862704
1.88356608055447	1.64370457614135
-0.268626755667087	0.137386831811978
-0.00611672424579643	0.00342127588536024
0.369191566451795	0.1578145382159
0.843944591812304	0.545998305661356
-0.70752193721132	0.478472790723747
-0.268829073303447	0.137474874094529
-0.104397024410346	0.0558413819324387
-0.97683028062557	0.584626302691587
-1.01626830299246	0.731124793594598
-0.174628515728416	0.0913006915587617
-1.33191294548162	0.762213136261659
0.598388187690383	0.365124289578113
-0.0122276726897269	0.00572835891609193
0.393998309938964	0.24221564521359
-0.795388566123818	0.429111941624914
0.170263129213505	0.0843313417776692
-0.889544685235352	0.760690843745992
-0.0126645241322668	0.00593003670228388
0.97192966208009	1.21533330019604
0.770020256836929	0.716298817338794
-0.740363553407265	0.452677488340356
0.0837182057065204	0.0457320808593595
0.36935409343749	0.157893264397153
-5.03525449851107	2.98103099314005
-0.104397923721841	0.0558438585660396
-0.19168054449394	0.0841002189352164
-0.0120882381999243	0.00566213416702119
0.956817602945034	0.73449782097703
-0.575283575494184	0.39546427526981
0.170374466606941	0.0843863554800559
-0.0496755348028971	0.0271594987077226
-0.284716364952767	0.186537919013559
-0.581854188280408	0.277697073220254
-0.976725620080584	0.584772285236741
-1.13720417658415	0.878844760925168
0.921489960026533	0.552533647137428
-0.575307838029623	0.395499269125434
-0.581854188280408	0.277697073220254
0.396911610810945	0.260226883174291
-1.27864868235003	0.90364061395224
-0.687554945019591	0.510469115091673
0.95686907746069	0.734452920465337
0.956924349339691	0.734440773243813
0.917767763360839	0.88878296599692
-0.792026255215612	0.632615510131616
0.503601134714946	0.450195698605282
0.0586773454804471	0.0233008804750109
0.23064719524136	0.133706339526422
0.369191566451795	0.1578145382159
-0.19168054449394	0.0841002189352164
-0.795557467610568	0.429227305973378
0.788882342572252	0.543663401868141
-0.320473887394135	0.184996236748731
-0.453490921087415	0.286716369176147
-1.01623949404177	0.731062986346385
0.379022994958611	0.200668768396603
0.163689281538426	0.109162950850885
1.586082976194	1.83075750845358
-0.00603882147963894	0.0033785439809195
-0.0495745302389781	0.0271023358330422
0.170355770620737	0.0843670955703796
1.05969813871664	0.57740010756271
0.378410600819604	0.200234090937663
-0.174544124873814	0.0912564848517119
-0.941224687403879	0.739667076733329
0.598666029175516	0.365312255321971
0.394040107085688	0.242097213402281
1.08233916362123	1.08880761789096
1.14145651481394	0.780640318755813
-0.47209131567218	0.329997648951972
-0.268525347797909	0.137326910041535
-0.45344624098908	0.286775668100434
-0.795473084150557	0.429189025577302
0.0587457894570351	0.0233313383669741
1.65599994501366	1.5188494975897
0.029293325983083	0.0174211094865384
-0.284612066321568	0.186571399929409
-0.884575760396575	0.588743079775032
0.0585317929331506	0.0232337954342891
-1.34644190675536	0.492013982411103
-0.265971287881577	0.195144959479615
-0.400197135988387	0.199458927531394
-1.40933416517034	1.06897719510538
-0.82908313258926	0.606361585227221
0.77079981160721	0.350840110911968
-1.13567729072396	0.742109314725345
0.0581394733183086	0.0368233075857979
-0.399914968060413	0.199342745662806
0.39399997761381	0.242155860783954
0.169976433422897	0.0841776092708832
0.369696009095169	0.158067754520311
-0.0876742818866323	0.0399207835370522
-0.191763069164488	0.0841344545583103
-1.11104174051405	0.563092496834586
-0.400197135988387	0.199458927531394
0.388693203120202	0.222849389931697
0.398978258833985	0.277807850656602
-0.400642140897208	0.199776993016034
0.119769233618733	0.0537209607675883
0.205100973330945	0.11036967785944
0.365548699035189	0.175813952012173
0.578162505095581	0.376524149266179
0.956872912425269	0.734592065785687
-0.976598104893979	0.584662631574268
0.745312944518501	0.543574984138107
0.623238534198675	0.352266810403192
-1.40927863953749	1.06900153922817
0.230608848596398	0.133708611959684
1.88375085599609	1.64374001780267
1.05937328956294	0.577228568677455
-0.976470386658705	0.584506017782514
-4.86725801396548	2.67003539142591
-0.976620884568423	0.58466531707052
-0.104320343754685	0.0557980556015589
2.23172375238269	1.820223986034
0.560671511271766	0.388152242066617
0.956732852403354	0.734300745697998
-0.320472728323707	0.18500883783832
-0.472064003814338	0.329987530330869
0.578128702372086	0.376615585739378
0.578128702372086	0.376615585739378
0.578073386398327	0.376592353319862
-1.74462368505748	1.58955233871258
-0.171916249530567	0.103284333532777
0.745393073383296	0.543751429172607
-0.323606841794993	0.132787041663478
-1.40938958129043	1.06886726566063
0.844049245470728	0.54612619942835
0.170179807255207	0.0842887264509299
-0.0873025425552024	0.039747500646423
1.50450828107786	1.26738916091211
-0.829165276939393	0.606465936301729
-0.191594955374977	0.0840523906515105
0.396991343747782	0.260302212223515
-0.26882014270592	0.137493109818912
-0.429913148081275	0.243543922037474
2.04419326660274	1.50855887779828
1.03611851081783	0.753977377386706
-2.01810051178989	2.14544061231199
-0.400747339760967	0.199770728173119
-0.0876522636543796	0.0399151556854039
0.396995601454295	0.260210417108958
1.14130293617742	0.780035291823508
2.03218289577379	2.31162167496603
-0.884519156846644	0.588683549507875
-0.575293922597054	0.395428784130361
0.560670124227051	0.38812563402852
0.170365107743381	0.084383949304422
-0.575331997851687	0.357565550468974
-0.174544124873814	0.0912564848517119
-0.429742023619485	0.243444703250539
1.03034750926467	0.912449882956028
-0.575262792708149	0.395475278382787
1.83662755581056	1.20280584359077
-0.841930055188795	0.366935621913115
-1.11070663736419	0.563156850939472
0.230567791841672	0.133698864313426
0.378621720444965	0.200461497743518
0.668337722865696	0.343789391545551
0.59856405223488	0.365185921295606
-0.268811190324651	0.137482691167831
0.921489960026533	0.552533647137428
0.598286523308632	0.364998220512253
1.20516997487743	0.970686301232291
-0.795306487339825	0.429040562996724
-0.884770354939938	0.588923492607131
0.365545538878326	0.175812862473331
1.71239929108822	1.36398339516012
-0.237487456853328	0.139823741683448
-1.33191007996814	0.762528663311124
0.668343792191946	0.343767807424399
0.578073386398327	0.376592353319862
-0.400302687392056	0.199595859940072
0.388623453802359	0.222807132021994
0.24997468863786	0.15509621575848
0.598879970311203	0.365418203215048
-0.707562124749412	0.478409531627859
0.409379481895826	0.149355853828265
-0.0122605095556772	0.00574388910137581
0.0836037239607611	0.0456723801774988
0.623368560595867	0.352394665675771
-0.0496302816821721	0.027135851275683
-0.795473084150557	0.429189025577302
0.410684422475736	0.149950448704565
0.921241742723202	0.552274221996466
-0.10435836928934	0.0558246704842912
0.598203277664667	0.364776758202055
-0.0877575997881977	0.039961229689291
-0.451741902620627	0.412632669344052
-1.34596633931712	0.491729044914134
-1.27873173123899	0.90423664025219
0.39411807088477	0.242241986020776
-0.237473607055047	0.139838194143414
-0.580016262315733	0.322066841910722
0.0835792957447459	0.0456571767018195
-0.414173235704646	0.322347378571778
0.710050456446237	0.546540188914372
-0.453526186148828	0.286869848352417
-0.0496545327696726	0.0271489027461026
1.03620195042652	0.754167711587714
0.522648548628168	0.425563360408667
-0.740363553407265	0.452677488340356
0.668558089242161	0.343662478471073
1.03619257372466	0.754073805053677
1.71252840521781	1.36406648304809
-0.707521172971948	0.478490781085457
0.0588162361047195	0.0233573777261437
1.36672620527958	1.36634360803682
0.844245436694145	0.546340791689674
-1.40926557973821	1.06838732620302
0.578158381790198	0.376627328503049
0.956872912425269	0.734592065785687
-1.64079163088207	1.41152462135051
0.560591503119401	0.388022068629539
-1.2491804841411	1.03278535988771
0.205181952499019	0.110420289382553
0.205100973330945	0.11036967785944
0.396981124268762	0.260286380908059
0.560671511271766	0.388152242066617
-0.00617749274035041	0.00345411822976685
1.20490239363088	0.970865504289273
-1.27854119798091	0.903987291667409
-1.27844988038676	0.903465546558454
-0.400150141167734	0.199526819273677
-1.33197952685661	0.762634981562714
-0.320551710599551	0.185068852829541
1.33441099968333	1.01935277897555
-0.429742023619485	0.243444703250539
0.378837053043127	0.200602993253842
-1.11086680880368	0.563001129089156
-1.67873544336776	1.15379269485528
1.30493947629717	0.824751306985012
0.78893980475248	0.543791021826737
-1.82048438090692	1.34311704053731
0.668410467979929	0.343916625774154
-0.00350347060307062	0.00119280760914839
0.656759683932093	0.559424550372942
-0.320590430654897	0.185062347151589
0.0586752350175879	0.0233026661375095
-0.429697048993561	0.243352246851155
-2.69184553390628	1.99494958116635
0.623156321552976	0.352260784925711
1.10714120753484	0.935847528410497
0.745472381391947	0.543686241026447
-0.580624647641511	0.322477621178051
0.170374466606941	0.0843863554800559
-0.104436529201929	0.0558557454081821
1.05987776781758	0.577885042568082
1.14124441291442	0.780397358047567
0.0836589996523523	0.0457057522339226
1.30501217205153	0.824788016597256
0.399579574088399	0.294588243783529
-0.173975586283346	0.118068345441366
0.230529605001091	0.133680510590328
-0.320472728323707	0.18500883783832
-1.64079290092214	1.4114622891159
-0.174455736603005	0.0911793397790474
-0.429615122034217	0.24329729755557
0.250054720394824	0.155128740837758
-0.104438344365117	0.0558578997968403
0.378705133919478	0.200478927561889
0.230606866320283	0.13369681803433
0.0588184960278527	0.0233556454638202
-0.0496163561986371	0.0271235053217809
0.394077141483602	0.242247453289519
0.378837053043127	0.200602993253842
-0.320473887394135	0.184996236748731
0.656907339411841	0.559294620426571
0.397005738637752	0.260260220107968
0.745393530540733	0.543722108365821
-0.268525347797909	0.137326910041535
-1.13542670488496	0.7418567226406
-0.429856217784491	0.243527269122507
-0.740389483584281	0.452340381375335
-0.79555987545679	0.429146870875061
-1.04541408558189	0.878645391324334
-1.13567729072396	0.742109314725345
-1.95935803591722	1.00529559672823
0.578299075034003	0.376557768532916
-0.323858166662756	0.132899968306796
1.30494154685251	0.824683815140182
0.393958723380873	0.242166010414656
-0.580393265830118	0.322334681429507
-0.79197461176603	0.632427772715078
-0.171837191060019	0.103216922573153
-0.707443001284619	0.478314823263817
0.0423180273406882	0.0213686808954471
1.03582192902147	0.753770484106199
0.365459706351774	0.175748040889583
-0.400302687392056	0.199595859940072
-0.268331253583185	0.137185477385768
-1.40920998348391	1.06841149743604
0.845351136894809	0.716491994850677
-0.320512229568985	0.18504719516924
-0.976620884568423	0.58466531707052
0.844327814171122	0.546166386522384
0.369874827624987	0.158094504412344
-0.174657693246584	0.0913100721629379
1.81397255452155	0.67990876897634
1.0597155655144	0.577756640140593
-0.575225160111578	0.357442872376599
1.10702185510946	0.935885221644565
0.394079024967753	0.242203282221255
1.14111481814916	0.780226580309296
-0.320513450752505	0.185034633111104
0.560709830432059	0.388151674306149
1.6010510490733	0.907306853764938
0.37892999110995	0.200646545836412
0.77079981160721	0.350840110911968
-1.27873173123899	0.90423664025219
0.37892999110995	0.200646545836412
0.170179807255207	0.0842887264509299
0.170078037123426	0.0842362332696313
1.14135042570868	0.78055702486602
-0.323606841794993	0.132787041663478
-0.324182375956842	0.133032258798018
-0.191683506242611	0.08409339741583
-0.0122727931927386	0.00575042631266952
-0.0496334179813041	0.0271330956337154
0.668339794470315	0.343828614069647
-0.104237119215642	0.0557247093143451
-0.0873970675291552	0.0397928350708459
1.036313711147	0.75383818477021
0.771160825344787	0.350779682565031
1.03552649242082	0.752925006033793
-0.429982454183801	0.243596650316567
-1.52973066725944	1.23796188703595
0.365628314361187	0.175832958137699
-0.191677560250301	0.0840866628137423
0.0423185594731741	0.0213690212508505
0.0424377936963589	0.021422748137904
1.6562535454424	1.51945477894097
-0.0122850641813574	0.0057559911383436
0.578154398334843	0.376565647581824
-1.13555209336582	0.742010647654425
0.894934078877069	0.722981050286936
0.205351830561781	0.110484211432937
-0.359366029703826	0.231147371654073
0.681190268442902	0.552058092711094
-0.320551710599551	0.185068852829541
0.369874827624987	0.158094504412344
0.365462810263777	0.175771126538925
-0.740363553407265	0.452677488340356
1.30493947629717	0.824751306985012
0.578018102972575	0.37654181246198
-0.23751862527221	0.1398723323227
0.399487324315707	0.310525268774328
1.20511205619371	0.97080729738955
0.120052389105257	0.0538281310824862
-0.581784038930277	0.277651257807727
0.365462810263777	0.175771126538925
-4.67261933866694	2.32564504003048
0.789194873519341	0.543959116050008
-0.841574104040948	0.366537844891767
-0.581711492709736	0.277565100121143
-0.0873970675291552	0.0397928350708459
0.365634724659639	0.175835138801182
0.365548699035189	0.175813952012173
-0.237483943959794	0.139846828265212
0.560750823243541	0.388178877146149
-1.33191007996814	0.762528663311124
-0.510098148612271	0.185160854762058
-0.575217747559456	0.395392146945716
0.170179807255207	0.0842887264509299
-0.740564231799896	0.452784120644182
0.0837040002746334	0.0457264227156212
0.92149314149832	0.552505338452732
0.230490012836691	0.133653431840519
-0.976980042183984	0.584826986165083
-0.581851832882174	0.277688325692166
-1.67827674680171	1.1536712482776
-0.580244728564168	0.322288315069047
-1.40924900896592	1.06839690373326
-0.740363553407265	0.452677488340356
-0.707520363398452	0.478482018542316
0.623498793602424	0.352474627314365
0.623156321552976	0.352260784925711
-1.13716082916392	0.878800742734912
-0.575262792708149	0.395475278382787
-1.13567729072396	0.742109314725345
0.598666029175516	0.365312255321971
-0.400384780578106	0.19966118834964
0.369281560627773	0.157849816719288
-0.58178160921078	0.277642461693518
-3.15101838202454	2.8585757569334
-0.174518314964367	0.0912348516528442
1.0360164195216	0.754015797721942
0.396966874057929	0.260280317934537
-1.95690074927006	1.00326104207221
-1.5295359744736	1.23814626760269
0.0586752350175879	0.0233026661375095
-0.575306066526481	0.357587683954408
-0.104318795135885	0.0558015566425405
0.37882650870246	0.200579110731171
1.26513804701412	0.354123472590601
0.0422388999443572	0.0213245448072465
0.388439026483589	0.222625331869707
-0.400536866605911	0.1997271130363
-1.95628877422233	1.00229017267433
0.409745117083712	0.149553622921023
-0.191763069164488	0.0841344545583103
0.769783880158024	0.350146471900405
0.560711157363661	0.388178233889262
0.0587479747293442	0.0233295790834769
-0.841574104040948	0.366537844891767
1.30501217205153	0.824788016597256
0.710119938835837	0.546517251784068
0.668483206398341	0.343935288943319
0.205181952499019	0.110420289382553
0.921407174037824	0.552510092381016
1.49191018645597	1.43015001915236
0.205292488330032	0.110454624519565
-0.74035486672422	0.452481653594206
1.33411183825359	1.01908962040694
0.0423191371419603	0.0213682662442981
-0.359424999637583	0.231221859869823
-1.13571918360442	0.741539486882562
0.623474794709938	0.352403117388814
-0.580006056009966	0.322045537779173
1.79293251769273	1.77751284299719
0.844059703677712	0.546155801156035
-0.0873136276015911	0.0397499196226352
1.49179083379803	1.43002505804072
-0.0121246946184961	0.0056755007728869
1.24278673916259	1.1469560380441
-0.580016262315733	0.322066841910722
-0.0875468540215103	0.039864629429921
0.709960466353092	0.546453636093704
0.745353007153523	0.543706231076692
0.448768346526961	0.125881279019047
1.20504212356376	0.970906270796061
-0.575276993342195	0.357560747477759
-0.581926773938707	0.277615561483504
-1.34672546729487	0.492145538677293
0.409457465256804	0.149381108415224
1.65632327192661	1.51956912472479
-0.429868625622534	0.243546443419877
-0.191594955374977	0.0840523906515105
0.709960466353092	0.546453636093704
-0.884575760396575	0.588743079775032
-0.580034303140646	0.32197737032381
0.921241742723202	0.552274221996466
-0.268811190324651	0.137482691167831
0.12011077257807	0.0538869679431261
0.668410467979929	0.343916625774154
-0.400302687392056	0.199595859940072
-0.884632253303745	0.58876380922075
-0.400279254651867	0.199611151597535
-0.575283575494184	0.39546427526981
0.533651612856611	0.412931714320201
-2.06925515803276	1.72583737770434
-0.0124813117514577	0.00584729622039226
-0.237573967425114	0.139884696422554
0.397005738637752	0.260260220107968
0.250009479618193	0.15511754145689
-0.320471387299354	0.184979124807724
-1.13544780775655	0.74188588614203
0.119980963262918	0.0538242500271638
0.578069578210618	0.376488471114152
0.668481033440034	0.343942560095741
0.37838848650301	0.200265814412607
0.956758631244121	0.734317790693885
0.37892999110995	0.200646545836412
0.0586794075255289	0.0232935922046704
0.57798860447689	0.376498020652567
1.26516945989015	0.354019901622356
0.388565964607091	0.222757123212129
1.52023029364311	1.08666376039989
-1.11079392999874	0.562961892534568
-0.740271693618544	0.452632126761163
-1.5295096639518	1.2382381219491
-1.01637790533487	0.731279019263317
-0.0122605095556772	0.00574388910137581
-1.95012882004807	1.53411217415911
0.522709710614702	0.425617436163081
-0.23753249504683	0.139862904500148
0.789124946179673	0.543928830463125
-4.44677420306517	1.97310826239175
-0.32043192788861	0.184921858397715
0.656716189618618	0.559373770285448
-0.268617700571665	0.137383094548257
-1.52967635950489	1.23842633022367
0.119875060412801	0.0537756254140837
0.0836693107122105	0.0457090630379767
0.398846853823364	0.277820918046262
1.15418289043711	1.11181599616954
0.668485331028372	0.343881888339176
0.365631508218467	0.175855733280783
-0.429856217784491	0.243527269122507
0.0587457894570351	0.0233313383669741
-1.27835023377402	0.903284532657857
-0.323679539396547	0.132867515469766
-1.52964843587926	1.2385261432619
0.844452767399357	0.546400878858197
2.18455232731688	1.03120713248554
0.365548699035189	0.175813952012173
1.14113847634247	0.780144258178932
0.578103014416737	0.376604056005177
-0.119016517526199	0.0729451060333527
0.0836937122363792	0.0457231254747843
-0.191683506242611	0.08409339741583
-0.0122973225407363	0.0057607405665406
1.60011277032147	0.906043996244228
-0.707560579726294	0.478472244119477
-0.0122727931927386	0.00575042631266952
0.598592016021916	0.365255436252484
-0.453486695923122	0.286846798923099
0.560673071961797	0.388052502845993
1.10714164511722	0.935709673652524
0.365628314361187	0.175832958137699
-1.27854119798091	0.903987291667409
-0.0872097202919863	0.0396986290401776
0.16978275306891	0.0840522260004463
0.0423598988642098	0.0213823736170543
-0.237477008220666	0.139788229916141
0.119898789663274	0.0537835419180417
0.956872912425269	0.734592065785687
-0.575276993342195	0.357560747477759
0.966205550579862	0.365071432394427
-0.432226462476801	0.0981064105603881
-1.13555209336582	0.742010647654425
-2.15957055819663	0.366379981847431
-0.00219804389106728	0.000749243310235947
0.771745171623263	0.351293543815406
-0.00285025275782294	0.000970864932132848
1.7121648932046	1.36318552916065
-0.0876302197595823	0.0399015975036765
-0.268709990012556	0.137422886733516
-0.171967987066342	0.103292445705408
-0.00226675917502309	0.000770578967515132
0.170161317325234	0.0842725965010529
-0.284664528881426	0.186618002727203
-0.976365401250023	0.584398859616745
0.396915809388017	0.260109456524977
-0.829164181524425	0.606473226288315
0.396985493877921	0.260136999871538
-0.268626755667087	0.137386831811978
-0.400255793183877	0.199576929984158
1.1414327051341	0.78047614602948
-1.68132831532103	0.744942644728757
0.623132503431904	0.352217814060037
-0.58178160921078	0.277642461693518
-0.0119849178936445	0.00561010534234279
1.81411609166176	0.680234581521496
-1.95839986267294	1.00468673041439
1.0360164195216	0.754015797721942
0.0587457894570351	0.0233313383669741
-1.13720417658415	0.878844760925168
-0.795557467610568	0.429227305973378
0.598666029175516	0.365312255321971
-0.580371561309725	0.322378988803852
-0.575221956505582	0.357508938560049
-0.174680202609227	0.0912873089807233
-0.829086369388326	0.606441524864473
0.598573351737047	0.365281015830231
0.378261043423863	0.200117429856737
0.398925284356903	0.325873514145585
0.24998516710157	0.15509510358789
0.0423576214530844	0.0213884261189087
-0.171862209567395	0.103236624255682
0.396838555065124	0.259957996875322
0.78893980475248	0.543791021826737
-0.57538996445978	0.357597568636075
-1.04543786955088	0.878490574132837
0.365634724659639	0.175835138801182
0.365380128458397	0.175707559308492
-0.400279254651867	0.199611151597535
0.0586045725612464	0.0232714078261316
0.170068843650991	0.0842286987652546
1.0596257295169	0.577674605165275
-0.0122850641813574	0.0057559911383436
-1.68009156842078	0.744218155905003
-0.510098148612271	0.185160854762058
-0.0496545327696726	0.0271489027461026
1.33422526798623	1.01901324732094
0.286203426389468	0.212127015627612
-1.24910178021112	1.032082977272
0.0835934786613138	0.0456623834734113
0.789206944140957	0.54394025488045
-0.191936495277895	0.0841867163520958
0.0836207831679116	0.0456641434749901
-0.0123669275177168	0.00579257832326066
0.142358931930559	0.0893394124720293
0.37913748565756	0.200722617226672
1.60069311904779	0.906447303544458
-1.04542483329829	0.878688897913007
0.365634724659639	0.175835138801182
-0.40012660067552	0.199476376007637
0.205211481751657	0.110438490596475
0.623026548869316	0.352133124979863
0.769989301138968	0.716113831531301
0.394037916789735	0.242247660525564
0.369443988447083	0.157954068466191
0.388623453802359	0.222807132021994
-0.453528065982023	0.286864929800277
-0.0874192319868208	0.0398048854826958
0.709960466353092	0.546453636093704
-0.359480816044885	0.231235355347662
0.205351830561781	0.110484211432937
-0.0875247626795585	0.0398554643821223
-1.51832895997772	0.959438617553198
-0.453567596354213	0.286856836341659
0.95692825447083	0.734633189363389
0.578124823998584	0.376482385169237
-0.575247842369215	0.357512901650038
-0.0877575997881977	0.039961229689291
0.378727390829471	0.200531723202199
0.378643955473557	0.200452340941438
0.265014399050589	0.175330401907475
0.623498793602424	0.352474627314365
-0.0122276726897269	0.00572835891609193
0.804587260220889	0.715597886499733
-0.4297991763118	0.243493611717284
0.57799237739116	0.376473680654714
0.205097333541243	0.110364406966335
0.448916154342392	0.125894423720526
0.378837053043127	0.200602993253842
-1.110169684093	0.562673512171069
1.20472995573463	0.970197681019838
-0.320434303761083	0.184938872669422
0.397015905434803	0.260292076183669
0.230569216915851	0.133699107004068
-0.174459521127491	0.0911992843731911
0.788997378530188	0.543852581801781
-0.26842377376637	0.13725791720775
0.388578192406689	0.222727431738731
-1.13532229991961	0.741731857047717
-0.400020822389192	0.199426194116488
-0.976470386658705	0.584506017782514
0.449161679976785	0.125968053773896
0.11963988329625	0.0536532323596811
1.03609981704083	0.754094632826625
-1.01621060763029	0.730957299211709
0.388520854510408	0.222608572214066
0.388565964607091	0.222757123212129
0.365545538878326	0.175812862473331
-0.575318237617244	0.395483995236497
0.398660474540269	0.277488307711656
1.03610915310578	0.754122517881413
1.20479958224859	0.970254691739041
-0.576642399663144	0.435459503434215
-0.320511550772078	0.185038220306322
-0.0873136276015911	0.0397499196226352
-0.0875247626795585	0.0398554643821223
0.578154398334843	0.376565647581824
0.578099101184153	0.37657170949161
0.635736861901841	0.567033841361794
-0.453528065982023	0.286864929800277
-0.00608245856446144	0.00340232597096217
-0.580006056009966	0.322045537779173
0.0588139280471816	0.0233556784550016
0.668485331028372	0.343881888339176
0.967107531644394	0.365522841211782
-0.32351770392979	0.13279342860992
-0.0875468540215103	0.039864629429921
-0.00285025275782294	0.000970864932132848
-0.191845547241302	0.0841467637805134
1.52015070189972	1.08699171306418
1.33421488170253	1.01926622253753
-0.795475547334051	0.429156033723791
-1.11037257681918	0.5626800271598
1.03599785029839	0.753908516007888
0.394077992026695	0.242262483225049
0.286059200046045	0.211966902979173
-0.0025583228276369	0.000870770923181551
-0.884770354939938	0.588923492607131
0.0423592611971083	0.0213859834041211
0.230568482664177	0.133702810948979
-2.38298677712539	1.52480996919281
-0.580476543617623	0.322432153035535
0.560671511271766	0.388152242066617
0.230448835221244	0.133616924089533
1.10722022428282	0.9354691963147
0.0293105991403497	0.0174314041483834
0.623050316446066	0.352135083519687
0.378744180687792	0.200540698956173
-0.00219804389106728	0.000749243310235947
0.0423586690649514	0.0213879798283963
0.393999376174225	0.242196655610477
0.39949498202232	0.310533248522844
0.396956601925935	0.260280489844571
0.0587435559436112	0.0233296694197922
-0.941235175189046	0.739686552561918
0.169994760992526	0.0841528614349276
1.32371794960321	0.631519863553089
-0.174628515728416	0.0913006915587617
-0.580349831282464	0.322341566730602
-0.400408163058232	0.199679139220261
0.378837053043127	0.200602993253842
0.623498793602424	0.352474627314365
-0.687621339685587	0.510442303288347
2.2316421642133	1.82024582777423
2.04426571351631	1.50777232167954
-0.19168054449394	0.0841002189352164
-0.842573501506563	0.367295334988531
-0.581854188280408	0.277697073220254
0.369785495549136	0.158102799873415
0.771024001739316	0.350851866827174
-0.511311621967125	0.185655469546493
-0.432356925502191	0.0981422305445414
0.365797267521816	0.175855328887514
0.163430780991281	0.109009995928942
-0.740262966664053	0.452575713375946
0.170068843650991	0.0842286987652546
0.623132503431904	0.352217814060037
0.119663482791595	0.053654701130152
-1.13534344955888	0.741446547619461
-0.32351770392979	0.13279342860992
0.378837053043127	0.200602993253842
0.369443988447083	0.157954068466191
1.50451738240719	1.26750919799834
0.365548699035189	0.175813952012173
-0.0877575997881977	0.039961229689291
-1.82060683537853	1.34328728713377
0.623026548869316	0.352133124979863
1.1874012992225	1.28837175644707
0.598286523308632	0.364998220512253
-0.174492497004984	0.0911987002855928
-0.104321718826675	0.0557828798203067
-0.0877795706067474	0.0399712524693087
0.14242773641472	0.0893785962341768
-0.389484999204693	0.276907121635781
-0.0123423441710936	0.00578321495826335
0.365711136771531	0.175812385426095
0.0587501116908756	0.0233223101576952
0.578043836574162	0.376548516431563
-0.580476543617623	0.322432153035535
0.205215401620106	0.110423220049136
0.62326240290656	0.352345581752505
0.578043836574162	0.376548516431563
-0.795388566123818	0.429111941624914
0.205237204149976	0.110442438968594
1.6019867405053	0.90761319649506
0.378940602994957	0.200651612788855
-0.976725620080584	0.584772285236741
-0.510098148612271	0.185160854762058
-1.13590627216881	0.741941123296807
-4.18224967389119	1.58813927651466
-3.49394311921891	0.936574346211166
0.411335463891534	0.150170640765866
-1.110169684093	0.562673512171069
0.205152501413158	0.110394674120877
0.0836589996523523	0.0457057522339226
0.668269012686201	0.34364177755545
-0.268626755667087	0.137386831811978
-0.174459521127491	0.0911992843731911
-0.976470386658705	0.584506017782514
0.598295700956373	0.364991769480157
0.411049301966975	0.150047166521462
0.365462810263777	0.175771126538925
-0.580371561309725	0.322378988803852
-0.707519508503827	0.478444598517908
0.369443988447083	0.157954068466191
-0.430108391884236	0.24361299420202
0.84434901377286	0.546409530474438
0.560750168129779	0.388179645747097
0.598397427711216	0.36507558725869
-0.389571861719597	0.276987446397204
0.577984971442013	0.376297547166183
0.37838848650301	0.200265814412607
-2.18012884855187	1.91931929782187
-1.35319787126132	1.19036350981952
1.58621262382453	1.82911273878308
0.249953816287964	0.155073709123128
-0.884770354939938	0.588923492607131
0.844142036023125	0.546193480334791
0.39700159284157	0.260302023027962
-0.237539256351892	0.139869620270601
1.52031837389016	1.08720177898495
0.250030420206014	0.155105697551881
-0.400326091384667	0.199507059271734
-0.17414888457398	0.118202425873135
0.745393073383296	0.543751429172607
0.668485331028372	0.343881888339176
0.789067188669125	0.543924706508862
0.365380128458397	0.175707559308492
0.578073386398327	0.376592353319862
-0.320551710599551	0.185068852829541
0.378643955473557	0.200452340941438
0.77079981160721	0.350840110911968
0.668412566104476	0.343909313552279
-0.0874192319868208	0.0398048854826958
-0.795641716677105	0.429218074573229
-0.00609959066529759	0.00341188683804713
-0.487396029867369	0.373745946315643
0.170170551402025	0.0842873863496133
-0.268534443406287	0.137314478717515
2.45978796099288	1.4008385630572
1.71244606574942	1.36332606361527
0.393959851793225	0.242147071342183
0.59856405223488	0.365185921295606
0.393960484287744	0.242106313459953
0.0423185594731741	0.0213690212508505
0.205211481751657	0.110438490596475
-0.580393265830118	0.322334681429507
0.365294456714284	0.175642850880005
0.623416485882467	0.352373168461279
-0.0874192319868208	0.0398048854826958
0.365548699035189	0.175813952012173
0.0836630257944755	0.0456998860728288
-0.795557467610568	0.429227305973378
0.170161317325234	0.0842725965010529
0.668412566104476	0.343909313552279
-0.740363553407265	0.452677488340356
-0.1915979731707	0.0840529792646734
-0.0876522636543796	0.0399151556854039
0.668408321489857	0.343877341929885
-0.400150141167734	0.199526819273677
-0.0496302816821721	0.027135851275683
-0.0496892608524587	0.027166145527787
-0.237556633058134	0.139840942845518
0.170068843650991	0.0842286987652546
0.789009542854592	0.543863079094428
0.169976433422897	0.0841776092708832
-0.224032117734982	0.149465241808125
0.396956601925935	0.260280489844571
-0.237511581466016	0.139803211242857
2.17480815380581	2.21219461540371
0.789042951759911	0.543678476941508
1.06030790835729	0.577922126313517
-0.094838314568156	0.0272162507740394
-0.976388308966963	0.584207226036347
0.369191566451795	0.1578145382159
0.0837631862053656	0.0457484287117161
-0.359424999637583	0.231221859869823
0.745314366085531	0.543633251735459
0.378727390829471	0.200531723202199
2.17446090539467	2.21275374727039
0.623132503431904	0.352217814060037
0.668410467979929	0.343916625774154
0.365469085806459	0.175665956638447
-0.284612066321568	0.186571399929409
-0.487396029867369	0.373745946315643
0.029258775842441	0.0173978750154225
0.503533382819964	0.450124236975337
-2.382716565801	1.52410533003464
-0.352634292998849	0.278435615876594
-0.389407113262614	0.276808538795822
-0.575196062635016	0.357437611700666
0.393066118543438	0.39515808907249
0.481399978262254	0.485380251771816
0.388439026483589	0.222625331869707
-0.104200660116784	0.0557002722675722
0.578103014416737	0.376604056005177
0.78893980475248	0.543791021826737
-0.00219804389106728	0.000749243310235947
0.170189084859863	0.084275573275024
0.844234892233116	0.546210584782712
-0.707523329638753	0.478354372906709
0.577929841890931	0.376247169992393
0.844163062994518	0.546224354744882
0.623026548869316	0.352133124979863
-0.389598077276326	0.276999851571436
0.116336763122957	0.0683051812231938
0.968772097713885	0.897771056651447
1.14182325020874	0.780421813718792
-0.0873848714595538	0.0397782837000225
0.396991343747782	0.260302212223515
-0.320552374954212	0.185067543761871
-0.0496302816821721	0.027135851275683
-0.178355263916831	0.134660207762166
-0.0495954996091126	0.0271153340901365
-0.4534876275693	0.286851758282326
-0.429811544627333	0.24349758007301
-0.429982454183801	0.243596650316567
-0.795725831524902	0.42910697797795
1.02277140843908	1.07143116957772
0.205185767371981	0.110419404112476
0.230450440407156	0.133617280023361
-0.26882014270592	0.137493109818912
1.08236571070201	1.0889019226088
0.398820693400698	0.277780946825633
0.77079981160721	0.350840110911968
0.394116820155748	0.242245377382797
0.894815048798209	0.722679270394916
0.804422058326491	0.71543556829675
-0.0123546421621991	0.00578834044022463
0.598573351737047	0.365281015830231
-1.9590152341516	1.00513822787385
0.388623453802359	0.222807132021994
-0.581856591724575	0.277597221348804
1.14122070426758	0.780386099658665
-0.581924444867391	0.277715453255469
-0.581786516589405	0.277551473252916
-0.487439304643186	0.373760947376121
-0.0759910635451098	0.0474587758285422
-0.399914968060413	0.199342745662806
0.622920670421795	0.35200755441296
0.578184050921728	0.37660955704405
0.11963988329625	0.0536532323596811
-0.323178299118294	0.132626269521487
-0.976725620080584	0.584772285236741
0.265213844403383	0.175441817458598
0.265092298747584	0.175395495110731
0.522633394904736	0.42556669118332
-0.00605595616184998	0.00338810510091568
-0.747988495870084	0.701185804363123
-0.884701326330879	0.588899170884722
-0.389545656023789	0.276943365752031
0.293523662325524	0.228978915405757
0.20780839106712	0.162436884483283
0.103268879924862	0.073214090500423
-0.0876522636543796	0.0399151556854039
1.32314684649437	0.630799625151628
-0.400232303008037	0.199470502348508
1.03035772769532	0.912497242726863
0.844049245470728	0.54612619942835
-0.0871992063586919	0.0396936425795753
-2.17994049648977	1.91892360269037
-5.03530321815185	2.98127000069231
0.393959851793225	0.242147071342183
-1.51824651968381	0.959357860364367
0.265029064078127	0.175290927416007
0.142489319662021	0.089416780853008
0.230490012836691	0.133653431840519
-1.23402401873213	1.17472634424117
0.205126733349182	0.110389989862704
1.0597155655144	0.577756640140593
-0.707402831704788	0.478100507733825
-0.0121701696544959	0.0057003464533006
0.142523739009639	0.0894454294671014
-0.378391844383497	0.324070827439359
-0.119094398900084	0.0729977419848567
0.169681585688258	0.0839699548320671
1.5044158387548	1.26730366912119
1.05969813871664	0.57740010756271
1.33430767166807	1.01938904096222
0.956953950129638	0.734577320632393
0.116285489428612	0.0682708652299546
0.956957960221602	0.734596218098462
0.116312232557711	0.0682826331465019
-0.579377983282081	0.477104436823337
0.769897928866505	0.716092331345813
-0.268136721247033	0.137003945148314
1.48070270606816	1.59398092068027
-0.429856217784491	0.243527269122507
-0.0761501292188393	0.0475684905742358
-1.13555209336582	0.742010647654425
-0.40012660067552	0.199476376007637
0.668553738709177	0.343855559500313
-1.33191294548162	0.762213136261659
0.119616312676658	0.0536293120410217
-0.174602660202585	0.0912810692303503
-0.174628515728416	0.0913006915587617
0.770165301329159	0.716287421690155
0.029222375591522	0.017376308028414
0.119898789663274	0.0537835419180417
-0.268709990012556	0.137422886733516
0.169791803052593	0.0840420377006657
-1.24917788399699	1.03270342574167
-0.0943429345376615	0.0270782219083277
0.0587479747293442	0.0233295790834769
-0.0961505539076528	0.0673616782981515
0.205241089187748	0.110449762702166
0.293741111097681	0.229145537563904
-0.23749787590423	0.139847890981541
-0.579225588616152	0.476771855275339
-0.980975032027365	0.893944951620736
0.205270774822767	0.110453605323913
-0.224040681754411	0.149453967253873
0.0835239966457633	0.0456128062317049
0.103120251029525	0.0731070855865901
1.79298764738147	1.77767205964485
0.365545538878326	0.175812862473331
0.393997845165748	0.242199850872686
-0.453370502435972	0.286541364048532
1.33448295746536	1.01901020362982
-0.237501080318504	0.139741181392143
-0.795473084150557	0.429189025577302
0.365545538878326	0.175812862473331
-0.575338948252917	0.395390882133958
0.195563670189402	0.145528990912551
1.35554782872336	1.19651223683715
-0.268829073303447	0.137474874094529
0.0588162361047195	0.0233573777261437
-0.323267030849328	0.132664766624666
-0.0124118503434449	0.00581552997654431
0.54622630300168	0.399927784166589
-1.23407764323035	1.17460648942136
-0.322209986281287	0.232789308212538
-1.35318719370295	1.19037012647783
1.20484480287447	0.970839273891237
1.30501426911843	0.824612267549947
0.0423576214530844	0.0213884261189087
0.921404048782597	0.552431775441768
0.398846314286367	0.277838106957553
-0.174625080884339	0.0912854195393808
-0.739885825946014	0.452007369652906
-0.472011115164623	0.329915445003355
-0.320552374954212	0.185067543761871
-1.01637790533487	0.731279019263317
-1.5184112689232	0.959430498339099
0.560749556461197	0.38815237075861
0.956788078053275	0.73445417517158
0.394077992026695	0.242262483225049
0.265075171393988	0.175390756254714
1.83653917569843	1.20275414765063
1.0360071240707	0.754049538610323
1.8363619537467	1.20219405785639
-2.18919336135836	1.26985540555962
-1.94973376929827	1.53398396288833
-0.0873970675291552	0.0397928350708459
1.83595402347227	2.17367193722447
0.119898789663274	0.0537835419180417
0.120134631761478	0.0538964433430745
0.0836693107122105	0.0457090630379767
-0.268626755667087	0.137386831811978
-2.69154473716998	1.99492562879902
-0.191686445486513	0.084057163485459
0.398846314286367	0.277838106957553
0.170263129213505	0.0843313417776692
-0.174573431544604	0.0912716571979923
-0.26843293162844	0.137254509896172
0.0836487181970986	0.045700188709168
0.119851360032837	0.0537563736980319
-0.0872202098935879	0.0396925932505551
0.668412566104476	0.343909313552279
-0.266039276987746	0.195215043174717
0.533763759325351	0.413052800994542
0.277009626649775	0.194345136128358
-1.11070663736419	0.563156850939472
0.78893980475248	0.543791021826737
0.921238684730593	0.552324794055389
0.921489960026533	0.552533647137428
-0.17456992674774	0.0912652369592895
1.1414327051341	0.78047614602948
1.35563266451659	1.19658288270597
-0.740271693618544	0.452632126761163
2.03656190466438	1.92847590105237
-0.0122154413396054	0.00572317029003499
1.52023308903483	1.08716538684327
0.0587479747293442	0.0233295790834769
-0.0497798049440278	0.0272022367687127
-1.6784015336866	1.15386732162851
0.120004743026815	0.0538382787021705
-1.820361739145	1.34284933258746
0.635372094820608	0.566593181174865
0.546111514957289	0.399851326373672
0.598787043320876	0.365355326471793
1.05987776781758	0.577885042568082
-0.42967245780055	0.243361499868568
-1.33191294548162	0.762213136261659
-0.0876522636543796	0.0399151556854039
-0.795306487339825	0.429040562996724
0.578158381790198	0.376627328503049
0.0423576214530844	0.0213884261189087
0.365462810263777	0.175771126538925
-1.33211614203776	0.762252297450249
0.956817602945034	0.73449782097703
1.49195077598245	1.42919708773058
1.52014793989224	1.08660223194899
0.378621720444965	0.200461497743518
0.0422779358186762	0.0213460423590448
-0.0122154413396054	0.00572317029003499
0.656863853785621	0.559375512568275
0.788882342572252	0.543663401868141
-1.01640653529459	0.731296908478309
0.0423191371419603	0.0213682662442981
0.398819616028579	0.277815329640886
0.39693217152986	0.260242591337945
0.378940602994957	0.200651612788855
0.709981039126581	0.546426445722382
-2.18004828200788	1.91924558070435
0.042279016727012	0.0213478495403599
-0.104281369019888	0.0557650272938671
0.398846314286367	0.277838106957553
0.789091475818272	0.543750715492541
-2.82006843191204	2.21138439658435
2.03682927812189	1.9278037273186
-1.24914114196	1.03260189679654
-0.359414427010868	0.231205255371581
0.0587479747293442	0.0233295790834769
0.62326240290656	0.352345581752505
0.578184050921728	0.37660955704405
0.560592278390452	0.388021399444073
0.533798001447078	0.412946761633139
-0.284637753148167	0.186595779542609
0.394079024967753	0.242203282221255
0.393999376174225	0.242196655610477
-0.0875468540215103	0.039864629429921
0.578018102972575	0.37654181246198
1.33413250064049	1.0186771912215
-0.223807110507625	0.14919968818937
-1.24922107206878	1.03271728618912
0.844256005489486	0.54634206000507
0.967309813891396	0.365498022573177
-0.580476543617623	0.322432153035535
1.32436602519462	0.631710688508099
-0.581856591724575	0.277597221348804
0.578021980853289	0.376453245041543
0.369947629246914	0.158137464148818
-0.191930840094509	0.084187060728103
-0.268802216183532	0.137431242389047
0.249908580450366	0.155019728615873
-0.70748096742124	0.478435371653978
0.577962852066937	0.376462056263808
1.03620195042652	0.754167711587714
0.92132134334832	0.552408279546252
0.378471825884376	0.200278867870119
-0.884701326330879	0.588899170884722
0.668483206398341	0.343935288943319
0.370036862699425	0.158172385562895
1.32465049916257	0.631860044369222
-0.841001455818523	0.366229916339387
0.378599511099908	0.200427507791295
-0.581711492709736	0.277565100121143
0.745432336831889	0.543720392347431
0.968797343467821	0.897599017666676
0.710040201323559	0.546575985920525
0.617129399241013	0.575351642935698
0.116336763122957	0.0683051812231938
0.11628438193158	0.0682790642668379
-0.829124767395153	0.606503723818148
0.844152537341915	0.546273411772544
0.623156321552976	0.352260784925711
-0.580244728564168	0.322288315069047
-0.0876302197595823	0.0399015975036765
-0.119164091334129	0.0730446137848314
-0.472197095755974	0.330008406615233
0.928772166267562	1.04959892888534
-0.400044413240096	0.19944341681556
-1.14290631538983	1.02382888659533
2.04419091510948	1.50859841746199
-0.429994928475187	0.243602180977508
1.10706298782444	0.935398723997351
-0.0122031973667483	0.00571711009301839
-1.04545690815965	0.878561347924845
0.709995212937178	0.546527977701222
-0.00605595616184998	0.00338810510091568
0.512392435858355	0.437579799360263
-0.284638301267164	0.186600808077093
1.03562787655092	0.75332859099718
-0.829090080360635	0.606068417834558
0.0836346373861601	0.0456890182021036
0.24997468863786	0.15509621575848
0.635516703734987	0.566947202060518
-0.575276993342195	0.357560747477759
0.411335463891534	0.150170640765866
0.388565964607091	0.222757123212129
-0.26882014270592	0.137493109818912
-0.429766668699718	0.24337459339476
-1.1355310372283	0.74165193188041
-2.18934851078571	1.27007010277034
0.0824590746522484	0.0553811943771136
1.24267037254785	1.14706863119756
-0.320473330609048	0.185007486119419
0.23052811985298	0.133680230051694
-0.707520363398452	0.478482018542316
1.505092368973	1.2666143092385
-0.1915979731707	0.0840529792646734
-0.453486695923122	0.286846798923099
0.0836589996523523	0.0457057522339226
-1.2786405784213	0.904106788970841
-0.829123658632418	0.606478073255778
-1.5295378680566	1.23836981023354
0.399540452758821	0.310576822333149
-0.400747339760967	0.199770728173119
0.62326240290656	0.352345581752505
0.120028551647769	0.0538416400422945
0.560711885972035	0.388147474403836
0.378744180687792	0.200540698956173
0.560750168129779	0.388179645747097
-0.191426497828664	0.0839488560761054
0.37882650870246	0.200579110731171
1.10702185510946	0.935885221644565
-0.284557974950084	0.186508621539616
0.12011077257807	0.0538869679431261
-0.174573431544604	0.0912716571979923
-0.981183072386116	0.894343801407543
0.230448835221244	0.133616924089533
1.24270922691438	1.14733872737884
0.119898789663274	0.0537835419180417
-0.581994808915607	0.277702693030477
-0.0122850641813574	0.0057559911383436
-0.0874192319868208	0.0398048854826958
2.29979432172446	2.50063863030253
-0.795557467610568	0.429227305973378
-1.45022307596246	1.35229662165663
0.599066016017549	0.365442751571994
-0.0123669275177168	0.00579257832326066
0.578132720644533	0.376583680720049
-0.268525347797909	0.137326910041535
-0.0122154413396054	0.00572317029003499
-0.884670169842857	0.588584325021657
0.844639200034613	0.546374288133079
0.560750168129779	0.388179645747097
-0.119207551057469	0.073067983664619
0.230567144449649	0.133687254625393
0.396981124268762	0.260286380908059
-0.453491636190297	0.286630879890191
-0.359424999637583	0.231221859869823
0.546202023777459	0.399961179471182
-0.453527147708742	0.286874832407521
-0.0760363107864016	0.0475010220115904
0.503615265739403	0.450088841275396
0.116338376605539	0.0683053528732125
0.410970820517796	0.150022055679717
0.57799237739116	0.376473680654714
1.06021873399349	0.577924233695351
-0.268608623749507	0.137354005666895
0.116312232557711	0.0682826331465019
-0.268921114931938	0.137530879122937
0.249962013195185	0.155059924155677
-1.11070663736419	0.563156850939472
-0.174433756826449	0.091173995456772
0.170179807255207	0.0842887264509299
0.560671511271766	0.388152242066617
-0.104279201245991	0.0557745263714602
-0.976980042183984	0.584826986165083
-0.284585824039334	0.186528915115429
0.388635641929205	0.222799330565912
1.50440679942334	1.26672036127882
0.681191222086461	0.552178497097358
-0.884632253303745	0.58876380922075
-0.575262792708149	0.395475278382787
-1.27873173123899	0.90423664025219
1.73010007514396	1.91919188727168
0.788800463373908	0.543500128836329
-1.33198231888363	0.762319293050376
0.845336444937576	0.716445527359605
0.365717614542968	0.17587696046062
-0.740078977484018	0.45240201762335
0.378493961987734	0.200357375434109
-0.00602792446630063	0.00337277124820236
-0.23749787590423	0.139847890981541
-0.976702890166401	0.584516803880515
-2.0693630330825	1.72595411557521
0.0422784535101385	0.0213474939483703
-0.884531729589841	0.588722293116452
1.03630425054237	0.754129475284206
-0.707443001284619	0.478314823263817
0.967309813891396	0.365498022573177
-0.0874192319868208	0.0398048854826958
-0.0496545327696726	0.0271489027461026
-0.57538996445978	0.357597568636075
-0.320592516713302	0.185058889412806
-0.174514740171446	0.091236144615508
-0.665935257514663	0.586249216856482
0.598388187690383	0.365124289578113
-0.19168054449394	0.0841002189352164
0.119980963262918	0.0538242500271638
0.0423972358643515	0.0214067271227048
-0.237508265376135	0.13986368143934
-0.792106548476854	0.632679651941505
0.397046583565178	0.260289613432829
1.03583114331306	0.753586810070588
1.2851354619705	1.49595503049816
-0.884506571599297	0.588428753084178
-1.94992816313755	1.5347271317717
0.142410537358923	0.0893756334158816
-1.13716189686811	0.878895305292996
0.170152105049531	0.0842419781916507
0.369443988447083	0.157954068466191
1.14156268031893	0.7806472914026
-0.400642140897208	0.199776993016034
-0.576615616714452	0.435438733220694
-0.400255793183877	0.199576929984158
-1.64075119707737	1.41076462036488
-0.0124241753236879	0.00582014340182899
0.623286300486041	0.352340568865308
-0.191851314271925	0.0841724378088938
-0.191848441999651	0.0841748012731843
0.205130478099973	0.110380892749031
-0.581926773938707	0.277615561483504
-1.51816394787249	0.959194058305068
-0.70752193721132	0.478472790723747
0.84529784914502	0.716263798147259
-1.51832746292766	0.95902509039346
0.396966874057929	0.260280317934537
0.393999376174225	0.242196655610477
-1.51808124437622	0.958941346621866
1.0597155655144	0.577756640140593
0.709984993960025	0.54647805044063
0.0836693107122105	0.0457090630379767
0.0586024886115801	0.0232698011409825
-0.26882014270592	0.137493109818912
1.30508046895977	0.824575739632389
-0.268719004618864	0.137442961534784
-0.740262966664053	0.452575713375946
0.560668369261506	0.387791822848462
0.57798860447689	0.376498020652567
1.10706071625299	0.93564105367822
0.368848337638752	0.157573049895704
-0.191845547241302	0.0841467637805134
0.0836553943168606	0.0456870258651299
0.598480737929632	0.365218365480648
0.0836732250012232	0.0457098608963882
-1.52967773776167	1.23777995963442
-0.575192754444671	0.357461056491999
-0.576562619715103	0.435363784393989
-0.889544685235352	0.760690843745992
0.560712658006646	0.388078440974833
-0.429786795407442	0.243444148307166
1.14135042570868	0.78055702486602
-0.40036136937727	0.199570942819307
2.23172788131627	1.8201186679476
1.10706071625299	0.93564105367822
-1.04533414306175	0.878297848800093
0.578073386398327	0.376592353319862
-0.740271693618544	0.452632126761163
1.6010510490733	0.907306853764938
1.30501217205153	0.824788016597256
-0.580476543617623	0.322432153035535
-0.320591866789526	0.185070076583314
0.769905479415667	0.716120953302424
1.32306892716298	0.63080538121321
-0.976516074000812	0.584317029347254
1.03581273641939	0.753757024221273
0.668412566104476	0.343909313552279
-0.191765997402019	0.0841406045300469
1.52056902962654	1.08676005277754
0.16998558631475	0.0841768411984164
-2.81993685919766	2.21025689133787
-1.11045946877855	0.562965619456525
-0.843217940971981	0.367607429924714
0.369011111809398	0.15765166217701
0.230568482664177	0.133702810948979
-0.359386945138899	0.231126405674509
-0.884575760396575	0.588743079775032
-0.981183072386116	0.894343801407543
1.03027797531706	0.912236172831184
-0.191851314271925	0.0841724378088938
0.966905011225973	0.365415640853152
-0.400490230813015	0.199655097733053
0.0588139280471816	0.0233556784550016
1.2049145732705	0.970896458378593
1.03038230068507	0.912471168640531
-0.104279201245991	0.0557745263714602
0.378621720444965	0.200461497743518
-0.320592516713302	0.185058889412806
0.116337803549992	0.0683121911720951
-1.51824496864762	0.95886148357615
-0.884714004488368	0.588902910387814
-0.266178848835042	0.195324141801361
0.0422779358186762	0.0213460423590448
-0.98094891809474	0.894028807658213
-0.472011704383286	0.329901650302179
0.681137843811647	0.552122863361016
-0.575342460998206	0.395474177594278
0.365628314361187	0.175832958137699
-1.110169684093	0.562673512171069
0.119875060412801	0.0537756254140837
-0.0121701696544959	0.0057003464533006
-0.841930055188795	0.366935621913115
-0.17456992674774	0.0912652369592895
0.41039768616025	0.149826752222597
1.59982204731319	0.905637435218337
-1.1371647257165	0.878646093685645
-0.400408163058232	0.199679139220261
-0.575280127168348	0.357541128183675
-1.01632568858977	0.731113879108834
0.845242638168782	0.715881885742528
0.170170551402025	0.0842873863496133
2.68395816897637	1.75280717112361
-0.32351770392979	0.13279342860992
2.68368086371306	1.75232141251981
-1.82074868830389	1.34248250524602
-0.884757637448667	0.588875300711064
-0.429868625622534	0.243546443419877
0.668483206398341	0.343935288943319
-0.400150141167734	0.199526819273677
-0.429950452375248	0.24348328317285
0.388693203120202	0.222849389931697
-1.04539250596125	0.878414161276193
-0.889543426858469	0.760280892177993
-1.11054651250717	0.562770546181268
-1.2788308459052	0.904291918675756
-0.47209074660014	0.330014700185048
0.265135056733239	0.175412561001622
0.616859854514793	0.574785649204765
-0.320589644469703	0.185041515108274
1.64848472191935	2.23527178116674
-0.320513993115958	0.185013055249382
1.0596257295169	0.577674605165275
0.65682946787413	0.559421649826791
0.533750283190429	0.413042745634562
0.365545538878326	0.175812862473331
-1.52962043558558	1.23854340721279
-0.389571861719597	0.276987446397204
-0.00219804389106728	0.000749243310235947
0.397050702908702	0.260279827862638
-0.191686445486513	0.084057163485459
1.71252840521781	1.36406648304809
0.378643955473557	0.200452340941438
1.49194943409974	1.42991299250213
-0.323178299118294	0.132626269521487
-1.68009156842078	0.744218155905003
-0.0018379071060516	0.000627486220012242
-0.58171654830888	0.277474256547608
0.410684422475736	0.149950448704565
-0.40012660067552	0.199476376007637
0.0835446088839212	0.0456305775538592
-0.0871992063586919	0.0396936425795753
-0.400197135988387	0.199458927531394
-0.976620884568423	0.58466531707052
-2.38305458689489	1.52460714226522
-1.11045946877855	0.562965619456525
0.448916154342392	0.125894423720526
-1.67815176085879	1.15338270046085
-0.976342465158624	0.584299149658856
0.388496332191838	0.222697111196915
0.668410467979929	0.343916625774154
0.37903365004806	0.200695229132283
0.393958723380873	0.242166010414656
0.68105875510583	0.551975821568346
-0.320592516713302	0.185058889412806
0.170170551402025	0.0842873863496133
1.32306892716298	0.63080538121321
-1.95778543332321	1.00412011001723
0.378727390829471	0.200531723202199
0.709925736039286	0.546339306529608
-1.23407703259078	1.17476211721943
-0.237487456853328	0.139823741683448
1.69188012538855	2.64059331079882
0.249988153877649	0.155066139969002
0.0423982212440437	0.0214062491591895
-0.581851832882174	0.277688325692166
0.598388187690383	0.365124289578113
0.029214786000095	0.0173726878868396
0.844049245470728	0.54612619942835
0.23052811985298	0.133680230051694
0.0836589996523523	0.0457057522339226
-1.11079392999874	0.562961892534568
-0.687523063626366	0.510339691510013
-1.40918022913308	1.06877036607226
3.38207782519795	3.19986917013815
0.170170551402025	0.0842873863496133
-0.0876302197595823	0.0399015975036765
0.560631139693429	0.388101630778108
-0.581854188280408	0.277697073220254
0.0587435559436112	0.0233296694197922
-0.0940501109524453	0.027000921199425
1.30501002656905	0.824855468544757
0.623522821357487	0.352458134850505
-0.707481746061678	0.478444102656824
1.33448295746536	1.01901020362982
-0.0877575997881977	0.039961229689291
0.369785495549136	0.158102799873415
-1.33197952685661	0.762634981562714
-0.580201097652322	0.322046097101066
0.369696009095169	0.158067754520311
-0.19159191508531	0.0840304489728049
-1.33197678245378	0.762263841197909
0.623286300486041	0.352340568865308
-0.400408163058232	0.199679139220261
-0.399785317193078	0.199222256708182
0.788997378530188	0.543852581801781
-1.11079392999874	0.562961892534568
0.394037483159254	0.242231885268213
-0.740179770854738	0.452503944476729
0.265081519963287	0.175388771904212
-0.10439877968516	0.0558435022103617
1.26787548009137	1.3213802117898
0.560629164299471	0.387921171704481
0.378744180687792	0.200540698956173
-0.976643635842879	0.584376641750099
-0.976748321602159	0.584724813841583
-0.104356587212664	0.0558165072825962
0.578103014416737	0.376604056005177
0.956872912425269	0.734592065785687
0.393999376174225	0.242196655610477
0.623416485882467	0.352373168461279
-0.429660143379213	0.243270390232642
0.598879970311203	0.365418203215048
-0.510019488188717	0.185108792567341
4.34612775713749	1.83732127818681
0.369191566451795	0.1578145382159
1.05996734987123	0.577966932312984
-0.00125614142680821	0.000428435382610242
-0.0940501109524453	0.027000921199425
0.62326240290656	0.352345581752505
-0.0945452117596051	0.0271462991052748
0.0586045725612464	0.0232714078261316
0.623050316446066	0.352135083519687
0.378940602994957	0.200651612788855
-0.829125832982878	0.606496399181627
-2.18909800438184	1.26985288518349
0.365380128458397	0.175707559308492
-0.580454860777739	0.322299416157362
-0.323768775804252	0.132906269597143
-0.740087785053024	0.452242348234362
-0.268626755667087	0.137386831811978
-0.104317955751367	0.0557991159685809
-1.67827674680171	1.1536712482776
-0.843217940971981	0.367607429924714
-0.976598104893979	0.584662631574268
-1.68009156842078	0.744218155905003
-0.976620884568423	0.58466531707052
-0.320472080549721	0.184999887675071
0.92157279298149	0.552488960936937
-0.0122154413396054	0.00572317029003499
0.921400946067005	0.552103577200627
-0.707520363398452	0.478482018542316
0.578103014416737	0.376604056005177
0.169976433422897	0.0841776092708832
-1.74462224256798	1.58984292718188
0.0423581224798044	0.0213887511464096
-0.472116273477145	0.329958473410546
-0.0121457735954574	0.0056898242385988
0.396966874057929	0.260280317934537
0.956817602945034	0.73449782097703
0.772036795135306	0.351439684567354
-0.320591866789526	0.185070076583314
1.61599862638025	1.67218275321416
-2.54832203739298	1.76465751015632
-0.581711492709736	0.277565100121143
0.394037095127064	0.242198458278005
-0.941314845393856	0.739889310526513
-0.399809037600483	0.199205729438335
1.81411609166176	0.680234581521496
-0.943153373833844	0.276343967898066
1.6010510490733	0.907306853764938
0.668414615793708	0.34385587193997
-1.11095419840965	0.563287274191042
-0.84228614531331	0.36699626824262
-1.95690074927006	1.00326104207221
0.369443988447083	0.157954068466191
-0.509092334450104	0.184719564498054
0.369443988447083	0.157954068466191
-1.13567729072396	0.742109314725345
-1.67852612172773	1.153971021526
-0.740179770854738	0.452503944476729
0.771384657824967	0.351194621180954
-0.320434783924214	0.184917272361194
-0.511027416637717	0.185602242202858
0.966205550579862	0.365071432394427
-0.0933542386755156	0.0267801552868843
-0.323016755714064	0.132505479565094
0.577933404864359	0.376418315640524
0.598490018563699	0.365208208471015
1.14158656932169	0.780653256939168
1.26516945989015	0.354019901622356
-0.0496786953210636	0.0271589708374202
1.14169286194149	0.780660352347053
-1.33204640906765	0.762295394245592
-0.7400701483229	0.452397258194513
0.230647825918803	0.133710246186896
-0.359438492963076	0.231189414986532
-0.889463579566372	0.760377202422324
-0.322225469224447	0.232796786569538
2.17427856232579	2.21130693839346
0.250009479618193	0.15511754145689
-0.268719004618864	0.137442961534784
-0.268719004618864	0.137442961534784
2.04425843585177	1.50789042945751
0.845351136894809	0.716491994850677
-0.174573431544604	0.0912716571979923
-1.4093047219653	1.0685818566917
-0.174485277419969	0.0912106313420276
0.378727390829471	0.200531723202199
0.378837053043127	0.200602993253842
-0.32047439866804	0.184974644576425
0.668485331028372	0.343881888339176
0.379022994958611	0.200668768396603
1.32408121476654	0.63144435686608
-4.44738002721435	1.9736813390218
-0.323679539396547	0.132867515469766
0.966318185031689	0.365010604318523
0.410970820517796	0.150022055679717
1.03591449475179	0.753942920815292
0.921318274271045	0.552148273695748
0.36935409343749	0.157893264397153
-0.976447500426061	0.584153758000454
-0.0121579779232437	0.00569550785644836
1.30501631769989	0.824216212468665
-0.00350347060307062	0.00119280760914839
1.05996734987123	0.577966932312984
0.205160060996154	0.110384683640078
0.365714364360966	0.175875869700692
0.365211901913342	0.175537498412538
0.0588139280471816	0.0233556784550016
0.365548699035189	0.175813952012173
-0.174573431544604	0.0912716571979923
0.393999376174225	0.242196655610477
0.0586730762067555	0.0233010280801353
-5.64945972381344	4.21858620766382
0.369101416923485	0.157753649363207
-0.976598104893979	0.584662631574268
0.388414475451369	0.222536592464917
-0.174576796600837	0.0912462021193837
0.623156321552976	0.352260784925711
0.230449616124751	0.133620924510745
-0.580371561309725	0.322378988803852
-0.0121823488088752	0.00570437601024726
-0.430051715681581	0.243618728457605
0.668343792191946	0.343767807424399
-0.510098148612271	0.185160854762058
-1.04543555296153	0.878689131956999
0.120004743026815	0.0538382787021705
0.0423180273406882	0.0213686808954471
0.378727390829471	0.200531723202199
-0.10435836928934	0.0558246704842912
0.11628438193158	0.0682790642668379
-0.580603062995071	0.3224974752442
0.205211481751657	0.110438490596475
0.369606368030708	0.158007050490895
2.88273098321132	2.1174691772228
-1.11104174051405	0.563092496834586
-2.18909800438184	1.26985288518349
0.967107531644394	0.365522841211782
-1.34596633931712	0.491729044914134
0.966408720917092	0.365302103460683
0.388553749445873	0.222747063630089
0.37882650870246	0.200579110731171
-0.268534443406287	0.137314478717515
-1.13565630646569	0.741805655621152
-1.11070663736419	0.563156850939472
-0.320472728323707	0.18500883783832
0.448620351049491	0.125795452528351
-3.87175460792962	1.24102623022072
-1.820361739145	1.34284933258746
-0.432065091510874	0.0980880150069608
0.170179807255207	0.0842887264509299
-0.00321092368226869	0.00109246418514769
-0.400150141167734	0.199526819273677
-0.453486695923122	0.286846798923099
-1.45022307596246	1.35229662165663
1.14122070426758	0.780386099658665
-0.268525347797909	0.137326910041535
1.18746197599816	1.28848387553292
-0.47209074660014	0.330014700185048
0.560750823243541	0.388178877146149
-0.884600971987052	0.588746834027671
-1.64078895641047	1.41140793786086
-0.268719004618864	0.137442961534784
1.33411183825359	1.01908962040694
-1.1351966006618	0.741522528545178
-1.5295359744736	1.23814626760269
-1.8207291027124	1.34335604769857
-0.104279967239532	0.0557741192149482
1.35554782872336	1.19651223683715
-0.0874192319868208	0.0398048854826958
0.844535227985537	0.546382727957687
0.369191566451795	0.1578145382159
0.369947629246914	0.158137464148818
-0.795477988276412	0.428906053813614
0.120004743026815	0.0538382787021705
-1.33204640906765	0.762295394245592
-1.5184112689232	0.959430498339099
-0.580139552543401	0.322178443064124
0.668408321489857	0.343877341929885
0.170272425689712	0.0843399388739337
-0.429811544627333	0.24349758007301
-0.191765997402019	0.0841406045300469
-0.0938482431519809	0.0269330261228933
-0.0124565698201844	0.00583556175909203
1.3240029948815	0.631669573381819
-0.32393075771785	0.132964596123413
-1.95751366086138	1.00395907264506
-0.32393075771785	0.132964596123413
-0.943533995463832	0.276571805365432
1.71231699927715	1.36387533336544
0.365803858020915	0.175857727189685
1.03620195042652	0.754167711587714
-0.359403898297986	0.231103471729385
-0.359446060402219	0.231222563721811
0.11628438193158	0.0682790642668379
-0.049605941996654	0.027120013911584
0.578099101184153	0.37657170949161
0.205126733349182	0.110389989862704
0.103269972097491	0.0732196605400386
-0.0758916780971827	0.0474113408822057
-0.575163474539905	0.357391334497126
-0.171916249530567	0.103284333532777
0.388623453802359	0.222807132021994
0.0586730762067555	0.0233010280801353
-0.487326787931181	0.37368176141879
-0.0122727931927386	0.00575042631266952
0.120501439180988	0.0540408676993147
-0.0875468540215103	0.039864629429921
0.874611118454893	0.882818486060806
1.26798074211232	1.32119628181055
-0.941328343613218	0.739838356347261
-0.58178160921078	0.277642461693518
-0.191763069164488	0.0841344545583103
-1.5184126903909	0.958749599099798
-1.34644190675536	0.492013982411103
1.30487081338944	0.82422218775868
0.365459706351774	0.175748040889583
0.0587435559436112	0.0233296694197922
-0.581784038930277	0.277651257807727
-1.27853301138186	0.903936296677004
-0.0495954996091126	0.0271153340901365
0.12034702103488	0.0539879293877707
-2.17999440497816	1.92003282727069
-5.31534761533194	3.52062447540638
-0.0122850641813574	0.0057559911383436
0.388693203120202	0.222849389931697
0.956758631244121	0.734317790693885
0.276836378783498	0.19421954784437
-0.0123546421621991	0.00578834044022463
-0.976237354532631	0.584191915231461
-0.323768775804252	0.132906269597143
-0.795139550569359	0.428683773285449
-1.13569824977844	0.742021850109875
-0.5801177025606	0.32217404700399
-0.795221755124498	0.428924725702898
-0.320552374954212	0.185067543761871
1.03628539418476	0.753968821241029
-0.237567098003677	0.139865118799138
-0.268414594212216	0.137235508430333
1.30494356888525	0.824508049490796
0.623156321552976	0.352260784925711
0.398794540433267	0.277722547814095
-0.049665047876336	0.0271547943089435
0.116338376605539	0.0683053528732125
-0.740171003604891	0.45253026277676
-1.24913860123246	1.0325200816944
-0.434677606198556	0.367751728814457
0.286300824306992	0.212143694140009
-0.174712693958413	0.0913301620983544
-0.320511550772078	0.185038220306322
0.0837040002746334	0.0457264227156212
-0.500919377959946	0.41832129978555
-0.171915097335951	0.103271348301382
0.681271358222739	0.551844005781955
-1.84156370605335	1.77086535888878
0.399536097348418	0.294540390195945
-0.575221956505582	0.357508938560049
0.394117608350336	0.242260360238849
0.0837284410832234	0.0457376182476325
-0.174628515728416	0.0913006915587617
-0.17194241801976	0.103300002008729
-0.237563643670217	0.139889377318265
-0.359414427010868	0.231205255371581
-0.739978018739677	0.452268965773811
-0.581711492709736	0.277565100121143
-1.13724600621143	0.878480993785784
0.394077992026695	0.242262483225049
-0.174374704227733	0.0911280503588134
-0.0872920717273817	0.0397381772141896
0.0587457894570351	0.0233313383669741
-1.24910295630464	1.03203966931874
-1.01635180096047	0.731290577813313
0.598286523308632	0.364998220512253
1.26779536254203	1.32110512307595
-0.575318237617244	0.395483995236497
-0.26843293162844	0.137254509896172
-0.324020247320629	0.133003472761622
-0.941214170144383	0.739608215550221
-0.19168054449394	0.0841002189352164
0.394077992026695	0.242262483225049
-0.70748096742124	0.478435371653978
-0.174459521127491	0.0911992843731911
0.205075221343872	0.110332408266124
0.623132503431904	0.352217814060037
-0.17440426958797	0.0911536059094103
0.378940602994957	0.200651612788855
-0.00219804389106728	0.000749243310235947
0.265214269152528	0.175460620412385
0.745353449875489	0.543725661610116
1.83653917569843	1.20275414765063
-0.399891298101968	0.19930573844766
-0.94130434126359	0.73990733004916
0.378847621753956	0.200589252322247
-0.0122398914365767	0.00573275860786979
-0.0877795706067474	0.0399712524693087
0.230529605001091	0.133680510590328
-0.580349831282464	0.322341566730602
0.522600977748807	0.425462865216263
-0.237424793880722	0.139764136391825
0.0586773454804471	0.0233008804750109
0.170365107743381	0.084383949304422
0.578132720644533	0.376583680720049
0.378744180687792	0.200540698956173
-0.268534443406287	0.137314478717515
-1.82023890994271	1.34247982951609
-0.2687279974696	0.13743703950627
-0.841930055188795	0.366935621913115
-0.841930055188795	0.366935621913115
1.14137421358343	0.780410094648711
0.369264043213546	0.157791315274953
-0.0875247626795585	0.0398554643821223
-0.0124241753236879	0.00582014340182899
-0.0496642755953508	0.0271477830020713
0.921407174037824	0.552510092381016
1.10706298782444	0.935398723997351
-0.00607309232632234	0.00339749545493146
0.921324434956384	0.5524265305633
0.398990035315141	0.325955906973906
0.560590771228458	0.387994709355018
-0.0123669275177168	0.00579257832326066
0.894893128141141	0.722659772003715
-0.400255793183877	0.199576929984158
-0.191933678929107	0.0842065929843931
0.170263129213505	0.0843313417776692
1.32278297094327	0.630538650677177
0.578073386398327	0.376592353319862
-0.0496545327696726	0.0271489027461026
-0.173959902189874	0.118052898168857
0.668343792191946	0.343767807424399
-0.174654363192555	0.0913057007302436
0.170281743912202	0.0843350879613783
0.410762802117404	0.149874894878293
-0.174625080884339	0.0912854195393808
0.388820742451007	0.222906122652098
1.36656667985615	1.36648325535776
0.770438655215179	0.350662431796396
-4.67292359976876	2.32628539132295
0.789067188669125	0.543924706508862
0.119980963262918	0.0538242500271638
-0.268626755667087	0.137386831811978
2.23189132680627	1.82024650552185
-0.0122850641813574	0.0057559911383436
-0.174602660202585	0.0912810692303503
0.230607483632705	0.133708407209246
-1.51824496864762	0.95886148357615
-1.01637790533487	0.731279019263317
1.15416795906072	1.11095575177303
-1.11070663736419	0.563156850939472
0.265213844403383	0.175441817458598
0.205185767371981	0.110419404112476
0.837760252507687	0.879705109315588
-0.237542907484709	0.139878710803409
-0.581849525599261	0.277576220823309
-0.581784038930277	0.277651257807727
-0.976620884568423	0.58466531707052
0.365465936752018	0.175750334952689
-1.35311823742973	1.19020606722363
0.399553293532461	0.29460024285172
1.49187106690052	1.4300559927535
2.40182365707787	2.14084639602564
0.409379481895826	0.149355853828265
0.230567791841672	0.133698864313426
0.681163611699807	0.551973666203679
1.10698275884907	0.935748026301423
0.668412566104476	0.343909313552279
0.956872912425269	0.734592065785687
-0.707523329638753	0.478354372906709
0.120216878406035	0.0539296496159934
0.921407174037824	0.552510092381016
-4.18248469877465	1.58872089364964
-0.511027416637717	0.185602242202858
-0.88446244260996	0.588586753525836
-0.191933678929107	0.0842065929843931
0.0586773454804471	0.0233008804750109
1.03581273641939	0.753757024221273
0.0835934786613138	0.0456623834734113
0.205126733349182	0.110389989862704
-0.976852932436996	0.584831668326988
0.119898789663274	0.0537835419180417
0.546094610989737	0.399693887860622
0.623286300486041	0.352340568865308
-1.13580229711503	0.742146362661845
0.378727390829471	0.200531723202199
-1.23399583181187	1.17446457450618
-1.52942459093916	1.23735061357543
0.170068843650991	0.0842286987652546
-0.32351770392979	0.13279342860992
-0.268635789011379	0.137364741335883
1.60076130506037	0.907036493899438
1.33459699451987	1.01932961633801
-0.429684759665462	0.243380527933264
0.95686907746069	0.734452920465337
-0.268921114931938	0.137530879122937
-0.0876302197595823	0.0399015975036765
-0.0122727931927386	0.00575042631266952
0.388520854510408	0.222608572214066
1.6562535454424	1.51945477894097
-0.323178299118294	0.132626269521487
-0.84164330581693	0.366637138097607
-0.687592314281429	0.510430782492829
-0.575221956505582	0.357508938560049
0.411335463891534	0.150170640765866
1.81425944574235	0.680329466157843
-0.581854188280408	0.277697073220254
-0.323355916292695	0.132658305502656
0.365548699035189	0.175813952012173
1.52032124731778	1.08657462671375
-0.32351770392979	0.13279342860992
-1.6784015336866	1.15386732162851
-0.171968579050833	0.103308832832877
1.50442489963283	1.26732282797632
-1.2786405784213	0.904106788970841
0.623050316446066	0.352135083519687
1.68438047089481	2.07424682723408
-0.575163474539905	0.357391334497126
-0.575247842369215	0.357512901650038
0.598480737929632	0.365218365480648
1.03580356553189	0.753459187563453
-0.581854188280408	0.277697073220254
-0.191768903144085	0.0841252697608303
-0.581926773938707	0.277615561483504
-0.323768775804252	0.132906269597143
1.05946338007628	0.577310701954974
1.30508046895977	0.824575739632389
0.409457465256804	0.149381108415224
1.03582192902147	0.753770484106199
-0.174544124873814	0.0912564848517119
0.119922547764117	0.0537752158563234
0.623310226916259	0.352247296600144
-0.0876522636543796	0.0399151556854039
-0.1915979731707	0.0840529792646734
1.14156268031893	0.7806472914026
-1.33211614203776	0.762252297450249
-0.26842377376637	0.13725791720775
0.623474794709938	0.352403117388814
-0.00605595616184998	0.00338810510091568
2.45888883101856	1.39979200466812
0.771745171623263	0.351293543815406
-1.9499351882769	1.53400774588574
0.119898789663274	0.0537835419180417
-0.795475547334051	0.429156033723791
-0.581924444867391	0.277715453255469
0.378847621753956	0.200589252322247
-0.45348851591146	0.286841831680638
0.0423987822934224	0.0214042356315897
-0.191851314271925	0.0841724378088938
0.120004743026815	0.0538382787021705
0.844142036023125	0.546193480334791
0.0836139988449978	0.0456801177731202
0.369028991156211	0.157669386495961
-0.740463975085828	0.452748151314771
0.205019997075774	0.110262516383593
-0.430051715681581	0.243618728457605
0.0423197603352864	0.0213662872995593
-0.795473084150557	0.429189025577302
0.770438655215179	0.350662431796396
1.03591449475179	0.753942920815292
0.844142036023125	0.546193480334791
0.578158381790198	0.376627328503049
1.30507588380997	0.824410884677004
-1.6786292362247	1.15358014863109
0.0587435559436112	0.0233296694197922
0.378727390829471	0.200531723202199
-2.18909800438184	1.26985288518349
-0.323267030849328	0.132664766624666
0.668414615793708	0.34385587193997
0.365631508218467	0.175855733280783
0.0422784535101385	0.0213474939483703
-0.191763069164488	0.0841344545583103
-0.943153373833844	0.276343967898066
-0.00285025275782294	0.000970864932132848
0.370125942143672	0.158163967738219
0.378951239229763	0.200616521437487
-1.01626830299246	0.731124793594598
-0.739876894528188	0.452101136070571
1.60076130506037	0.907036493899438
0.38842674464191	0.222615317705505
0.560749556461197	0.38815237075861
-1.33197952685661	0.762634981562714
0.0835999802839683	0.0456661028318998
-0.575189306984786	0.357348377651719
0.365628314361187	0.175832958137699
-1.11120215275118	0.563348609619044
1.81387476499941	0.680075755177531
0.369533728475468	0.157989232089938
1.06005677723729	0.577964964153784
-0.400384780578106	0.19966118834964
0.710064754965551	0.546573518162947
0.956817602945034	0.73449782097703
-0.57525108074046	0.357535915462596
1.50460078691791	1.26737379434533
0.623026548869316	0.352133124979863
-0.707483167259965	0.478381265464696
-0.00321092368226869	0.00109246418514769
-0.0872920717273817	0.0397381772141896
0.845351136894809	0.716491994850677
0.394155772969041	0.242025801377076
-1.33197952685661	0.762634981562714
0.380320694909218	0.0704134220050887
0.745313372817002	0.543643055784517
0.966611652025928	0.36540950209132
-0.400665365516267	0.199732236095702
-2.0693630330825	1.72595411557521
-0.575304240178868	0.395371119072592
0.967309813891396	0.365498022573177
-0.00350347060307062	0.00119280760914839
-0.0124689471286401	0.0058422046791081
-0.976980042183984	0.584826986165083
-1.67827674680171	1.1536712482776
-0.400408163058232	0.199679139220261
-1.51840982581887	0.959105734342332
-1.51808124437622	0.958941346621866
-1.3457744601924	0.491657802566864
1.32278297094327	0.630538650677177
0.365545538878326	0.175812862473331
-0.00321092368226869	0.00109246418514769
-0.976365401250023	0.584398859616745
0.77079981160721	0.350840110911968
0.598684774774916	0.365349678431694
1.03620195042652	0.754167711587714
2.04419091510948	1.50859841746199
0.57804767962632	0.376553475673062
0.142567198893521	0.0894620985148062
-0.5801177025606	0.32217404700399
0.771160825344787	0.350779682565031
-0.580476543617623	0.322432153035535
-0.0121701696544959	0.0057003464533006
0.170170551402025	0.0842873863496133
-0.104400361555696	0.0558345003696772
-0.795224362324753	0.428799566664676
-0.1915979731707	0.0840529792646734
-1.11045946877855	0.562965619456525
1.50432345988639	1.26711745363877
0.119922547764117	0.0537752158563234
0.668483206398341	0.343935288943319
0.668481033440034	0.343942560095741
-0.976725620080584	0.584772285236741
-1.13712158490888	0.878644561672757
1.52031837389016	1.08720177898495
0.369443988447083	0.157954068466191
1.3233545451629	0.630955343798237
0.769783880158024	0.350146471900405
0.369947629246914	0.158137464148818
0.449014010846396	0.125882321374697
-0.432065091510874	0.0980880150069608
-0.191677560250301	0.0840866628137423
-2.97813504586116	0.636375479740286
-1.95021168415333	1.53448054888632
-0.976493244523567	0.584555562455094
0.894932884780421	0.722709805257089
-0.976237354532631	0.584191915231461
-0.740171003604891	0.45253026277676
0.388762997440806	0.222873844908431
-0.581854188280408	0.277697073220254
0.230451308065575	0.133605108553681
1.14145651481394	0.780640318755813
0.0587435559436112	0.0233296694197922
-0.509736421835564	0.18505595748735
1.30501002656905	0.824855468544757
-0.829087361933432	0.606402072678441
-0.191768903144085	0.0841252697608303
-0.269021921398253	0.137541377069241
-1.34624963687459	0.491942491282243
0.598582673007789	0.36530237473833
-0.0877795706067474	0.0399712524693087
1.03611851081783	0.753977377386706
0.623156321552976	0.352260784925711
0.393958723380873	0.242166010414656
0.623629233430165	0.352507387550781
-0.191506133499352	0.0839572197962048
-1.6786505111417	1.15397171771567
-0.32351770392979	0.13279342860992
-0.32342872014596	0.132754800981013
-0.174459521127491	0.0911992843731911
0.120240788194207	0.0539451931203284
0.965708155966886	0.36469686787148
1.26530101460634	0.354164747749272
-0.840360593112077	0.365729499864132
-1.11037257681918	0.5626800271598
-0.976852932436996	0.584831668326988
-0.174547594798126	0.0912442955274002
-0.414036868118326	0.322262802250047
-0.400173652945427	0.199527805530166
-1.13530112512833	0.741647485097293
0.16998558631475	0.0841768411984164
-0.399938609312184	0.199306405863636
0.120240788194207	0.0539451931203284
0.120004743026815	0.0538382787021705
-0.2687279974696	0.13743703950627
0.668481033440034	0.343942560095741
0.745315541512306	0.543327240387894
0.0422784535101385	0.0213474939483703
-3.49394311921891	0.936574346211166
0.623026548869316	0.352133124979863
0.119745583702531	0.0537078184456366
-0.429823900373269	0.243455736202764
-0.32393075771785	0.132964596123413
-0.0025583228276369	0.000870770923181551
0.533702983875235	0.41302357964498
-0.0122398914365767	0.00573275860786979
0.668412566104476	0.343909313552279
-0.740162214758242	0.452442797394852
-1.51824651968381	0.959357860364367
0.0587479747293442	0.0233295790834769
-3.49394311921891	0.936574346211166
0.116364528101487	0.0683239471829726
1.83628959712708	1.20186314230777
-0.84164330581693	0.366637138097607
0.578103014416737	0.376604056005177
-0.943675469426376	0.276612084705558
-0.32351770392979	0.13279342860992
-0.268534443406287	0.137314478717515
1.35574340512024	1.19649686599624
-0.174573431544604	0.0912716571979923
0.560750168129779	0.388179645747097
1.79290661413978	1.7773789623566
0.804482833660612	0.715576677362051
0.365545538878326	0.175812862473331
0.365380128458397	0.175707559308492
0.844059703677712	0.546155801156035
-0.795641716677105	0.429218074573229
0.844049245470728	0.54612619942835
-0.575356088365925	0.395328277535935
-0.581779227500152	0.277530332539387
-1.27872364579987	0.903836429245258
-0.0871062752832628	0.039644736391682
0.119769233618733	0.0537209607675883
-0.976620884568423	0.58466531707052
-0.1915979731707	0.0840529792646734
0.789194873519341	0.543959116050008
0.277087477765006	0.194400149318421
-0.00219804389106728	0.000749243310235947
2.40215864374544	2.14279979702913
-0.104397024410346	0.0558413819324387
1.52031837389016	1.08720177898495
0.369101416923485	0.157753649363207
-0.795306487339825	0.429040562996724
-0.191765997402019	0.0841406045300469
-4.44647192482678	1.97244344800376
-0.00190672948753378	0.000649411384947845
0.119898789663274	0.0537835419180417
-0.323089720868296	0.132540400004644
-1.95690074927006	1.00326104207221
-0.841930055188795	0.366935621913115
0.668478812223091	0.34390323454053
1.14122070426758	0.780386099658665
-0.740262966664053	0.452575713375946
0.230451308065575	0.133605108553681
-1.01641118654959	0.730538466761937
-0.665594405377441	0.585629606170144
-1.51816394787249	0.959194058305068
0.409745117083712	0.149553622921023
-0.707520363398452	0.478482018542316
-0.104476973486006	0.0558623130541682
0.37892999110995	0.200646545836412
0.770438655215179	0.350662431796396
0.369606368030708	0.158007050490895
-0.0874192319868208	0.0398048854826958
0.230451308065575	0.133605108553681
0.369264043213546	0.157791315274953
-0.842573501506563	0.367295334988531
0.230491731594332	0.133617848163119
0.560670124227051	0.38812563402852
2.04426090983629	1.50801376422545
0.966115081639169	0.36503491384216
-0.400020822389192	0.199426194116488
0.365628314361187	0.175832958137699
0.0587435559436112	0.0233296694197922
0.956843336205729	0.734548363620484
1.50442489963283	1.26732282797632
-1.34624963687459	0.491942491282243
0.365714364360966	0.175875869700692
-0.323267030849328	0.132664766624666
0.365294456714284	0.175642850880005
1.06012940531189	0.577842537391584
-0.581849525599261	0.277576220823309
2.0442633357476	1.50797432904454
0.96681434430117	0.365384861095464
0.369785495549136	0.158102799873415
0.77079981160721	0.350840110911968
1.30494154685251	0.824683815140182
0.12011077257807	0.0538869679431261
0.379022994958611	0.200668768396603
0.62326240290656	0.352345581752505
-0.581713996592567	0.277573942253515
-1.68070949459512	0.744632683673561
-1.68009156842078	0.744218155905003
-1.34644190675536	0.492013982411103
0.681190727615145	0.552153951286809
2.88257447264217	2.11685055387026
-0.268811190324651	0.137482691167831
0.965911738749524	0.364927418987942
1.52031837389016	1.08720177898495
0.68119175182357	0.552129716225898
0.285961530871322	0.211874638478177
0.668481033440034	0.343942560095741
-0.674422189048787	0.546983344438986
0.598480737929632	0.365218365480648
-0.84228614531331	0.36699626824262
-1.11070663736419	0.563156850939472
0.410970820517796	0.150022055679717
2.2316421642133	1.82024582777423
0.771092418292579	0.351048136725648
0.668481033440034	0.343942560095741
-0.0945452117596051	0.0271462991052748
-0.943533995463832	0.276571805365432
-0.795306487339825	0.429040562996724
-0.174595720600663	0.0912599637275144
-0.432195795413815	0.0981239072789159
-0.0872097202919863	0.0396986290401776
0.369533728475468	0.157989232089938
0.205016392440772	0.110303116653591
-1.68009156842078	0.744218155905003
2.04419326660274	1.50855887779828
1.05946338007628	0.577310701954974
0.598471479069243	0.365154751464456
0.522640976531566	0.425575671036713
0.388611278287772	0.222779199110245
1.03038230068507	0.912471168640531
0.560750823243541	0.388178877146149
1.2680060201116	1.32074288912184
0.77079981160721	0.350840110911968
-0.400642140897208	0.199776993016034
0.844163062994518	0.546224354744882
-0.795306487339825	0.429040562996724
-1.34624963687459	0.491942491282243
-1.11095419840965	0.563287274191042
-0.58022292583536	0.322227384173889
-0.431903314845492	0.0980189230129383
0.668412566104476	0.343909313552279
1.05980524645418	0.577754859072529
-1.51832895997772	0.959438617553198
0.36935409343749	0.157893264397153
1.26513804701412	0.354123472590601
-0.00321092368226869	0.00109246418514769
-1.34644190675536	0.492013982411103
-1.33204907972189	0.762666443275466
-0.429969967247579	0.243538297787108
