x	y
-4.18248469877465	1.58872089364964
-0.943533995463832	0.276571805365432
4.87293325119434	2.84536188592905
1.60069311904779	0.906447303544458
-0.843863375788914	0.367829803784868
-2.18887464496301	1.26943367833825
0.369028991156211	0.157669386495961
-3.49394311921891	0.936574346211166
-3.87136997299018	1.24060932575549
-0.191763069164488	0.0841344545583103
0.369785495549136	0.158102799873415
-0.323841422703298	0.132878231071479
-0.00154684176698365	0.000527981901671777
-1.68044005713324	0.744499058156728
-2.18934851078571	1.27007010277034
-0.323267030849328	0.132664766624666
-0.944056937240152	0.27675044454811
0.668414615793708	0.34385587193997
-2.1887208303269	1.2693702277358
-0.0938482431519809	0.0269330261228933
0.76985183637711	0.350147643346418
0.365374010466483	0.175640839643231
0.409379481895826	0.149355853828265
-0.510381448501776	0.185343391604108
-4.44647192482678	1.97244344800376
-0.509453689852966	0.184873844488885
0.380312469431308	0.0704095999128823
0.120134631761478	0.0538964433430745
0.967107531644394	0.365522841211782
-0.0940501109524453	0.027000921199425
0.92157279298149	0.552488960936937
0.170068843650991	0.0842286987652546
-2.18909800438184	1.26985288518349
0.410684422475736	0.149950448704565
-0.323016755714064	0.132505479565094
1.05969813871664	0.57740010756271
1.30493735728909	0.824723522711219
0.369191566451795	0.1578145382159
-0.0945452117596051	0.0271462991052748
-1.33204640906765	0.762295394245592
-0.841574104040948	0.366537844891767
-2.38298313510273	1.52468961577432
-1.11029948720206	0.562509478298866
-4.18271999665072	1.58906574345964
-0.0878628625028632	0.0399987686704148
-1.34644190675536	0.492013982411103
3.94884571067509	1.35400422797059
5.2474719511656	3.72698976171254
-0.581926773938707	0.277615561483504
-0.0940501109524453	0.027000921199425
-0.432226462476801	0.0981064105603881
1.32428770335431	0.631620596039885
-0.400513563075863	0.199729099262418
-0.00190672948753378	0.000649411384947845
1.81387476499941	0.680075755177531
0.449309162014442	0.125981085204417
-0.323679539396547	0.132867515469766
4.3464531993498	1.83787218088488
1.81425944574235	0.680329466157843
-0.323339890211829	0.132668745971559
-1.34672546729487	0.492145538677293
1.60111934269334	0.906805351634796
-0.430039201840463	0.243590965816125
-0.510381448501776	0.185343391604108
0.668410467979929	0.343916625774154
-2.15957055819663	0.366379981847431
1.26543271121499	0.354100739436288
-1.11104174051405	0.563092496834586
-0.84164330581693	0.366637138097607
0.119745583702531	0.0537078184456366
-2.82074058315164	2.21237158603988
0.369785495549136	0.158102799873415
-1.34644190675536	0.492013982411103
-1.8207291027124	1.34335604769857
0.668410467979929	0.343916625774154
-1.67982267380833	0.744085031591401
0.411049301966975	0.150047166521462
0.20515621128702	0.110408160639295
1.0597155655144	0.577756640140593
1.81397255452155	0.67990876897634
0.410032429213935	0.149677489118131
-2.18909800438184	1.26985288518349
-0.323858166662756	0.132899968306796
-1.33191007996814	0.762528663311124
1.06005677723729	0.577964964153784
-0.795555037532711	0.429082398854794
-0.581784038930277	0.277651257807727
1.06005677723729	0.577964964153784
1.81411609166176	0.680234581521496
0.411049301966975	0.150047166521462
-0.400642140897208	0.199776993016034
0.448522591387813	0.125734578837285
1.52040088773372	1.08726349047316
-1.68009156842078	0.744218155905003
-0.509736421835564	0.18505595748735
-0.581854188280408	0.277697073220254
-1.34720195310537	0.492218760641814
-0.884531729589841	0.588722293116452
0.965911738749524	0.364927418987942
-0.43203426040785	0.0980548642108346
0.409745117083712	0.149553622921023
-0.510743547432265	0.185419327634832
0.623204044370041	0.352037401231065
-0.943153373833844	0.276343967898066
-0.740078977484018	0.45240201762335
-0.943153373833844	0.276343967898066
-0.0122398914365767	0.00573275860786979
-0.0122973225407363	0.0057607405665406
-0.795221755124498	0.428924725702898
-1.110169684093	0.562673512171069
-0.323089720868296	0.132540400004644
0.378493961987734	0.200357375434109
0.921407174037824	0.552510092381016
-1.68070949459512	0.744632683673561
4.34629070750669	1.83849509413068
3.40019783227349	0.88942792483668
-1.34624963687459	0.491942491282243
1.81411609166176	0.680234581521496
0.369443988447083	0.157954068466191
-0.943915148975872	0.276710030090892
-0.432195795413815	0.0981239072789159
0.369443988447083	0.157954068466191
2.18474755802806	1.031281860151
-2.97810803897	0.6365223233405
1.05978803084369	0.577720231178301
0.448768346526961	0.125881279019047
-0.432065091510874	0.0980880150069608
-1.95778543332321	1.00412011001723
-1.33198231888363	0.762319293050376
0.378516123801615	0.200369826875235
1.26516945989015	0.354019901622356
-0.740162214758242	0.452442797394852
-3.87136997299018	1.24060932575549
0.265160751090431	0.175456670823364
-1.11000712185328	0.562333501617952
0.668341817602373	0.343821264073672
2.23164418500352	1.82103749966626
0.745432717216464	0.543739764183929
1.26516945989015	0.354019901622356
-0.0933542386755156	0.0267801552868843
-1.68044005713324	0.744499058156728
-0.323606841794993	0.132787041663478
-0.0933542386755156	0.0267801552868843
-0.094838314568156	0.0272162507740394
-1.33197952685661	0.762634981562714
-0.510098148612271	0.185160854762058
0.380210454264993	0.0703919958833987
2.45924103982581	1.4000062836938
0.448620351049491	0.125795452528351
0.921324434956384	0.5524265305633
0.448768346526961	0.125881279019047
-2.97810803897	0.6365223233405
-1.68044005713324	0.744499058156728
0.369281560627773	0.157849816719288
-0.84228614531331	0.36699626824262
0.668408321489857	0.343877341929885
-0.795557467610568	0.429227305973378
-1.34596633931712	0.491729044914134
-0.509453689852966	0.184873844488885
-0.268617700571665	0.137383094548257
0.0586730762067555	0.0233010280801353
0.369011111809398	0.15765166217701
-0.00285025275782294	0.000970864932132848
0.966611652025928	0.36540950209132
1.26526949992653	0.35405939751203
0.365631508218467	0.175855733280783
2.51754545354634	0.489376613217086
-4.67201223613204	2.32353828107855
0.966611652025928	0.36540950209132
-1.67920618160724	0.743565005829687
0.965708155966886	0.36469686787148
0.380210454264993	0.0703919958833987
1.32371794960321	0.631519863553089
-3.49399226331735	0.93632805156968
-0.842929976512655	0.367307850802193
0.411621288426525	0.150241968309121
-0.509736421835564	0.18505595748735
1.32436602519462	0.631710688508099
-1.34529993559724	0.491233145483874
-2.97810803897	0.6365223233405
0.410319402185388	0.149749375016411
0.380312469431308	0.0704095999128823
1.81425944574235	0.680329466157843
-0.842573501506563	0.367295334988531
-0.323178299118294	0.132626269521487
0.770145430120155	0.350454199977507
0.369371399684674	0.157841839700907
-0.510381448501776	0.185343391604108
-0.323768775804252	0.132906269597143
-1.67947453471549	0.743697622879227
-5.03530321815185	2.98127000069231
-0.581849525599261	0.277576220823309
-0.432195795413815	0.0981239072789159
0.770370463654335	0.350336634954776
-0.400490230813015	0.199655097733053
-0.00285025275782294	0.000970864932132848
-0.943294534422372	0.276384110213292
0.119875060412801	0.0537756254140837
2.45888883101856	1.39979200466812
0.966611652025928	0.36540950209132
-1.1106194968633	0.562870946942689
-2.15951610136698	0.366339805232125
2.51754545354634	0.489376613217086
2.18503331597268	1.03164513819189
1.81440261708572	0.680176970712483
0.966611652025928	0.36540950209132
-1.67982267380833	0.744085031591401
4.34629070750669	1.83849509413068
1.81425944574235	0.680329466157843
-0.0938482431519809	0.0269330261228933
-0.0123423441710936	0.00578321495826335
-0.19168054449394	0.0841002189352164
1.3050782004696	0.824547873287227
-4.67261933866694	2.32564504003048
-1.95839986267294	1.00468673041439
-1.82048438090692	1.34311704053731
-0.0123177102057903	0.00576960377022571
-1.82062649121245	1.3425298079602
-1.34624963687459	0.491942491282243
-1.95778543332321	1.00412011001723
-0.191851314271925	0.0841724378088938
-0.842573501506563	0.367295334988531
-1.82062649121245	1.3425298079602
0.369606368030708	0.158007050490895
0.668485331028372	0.343881888339176
1.3240029948815	0.631669573381819
-0.174544124873814	0.0912564848517119
-0.0121004029027061	0.00566746725900745
0.369606368030708	0.158007050490895
0.41039768616025	0.149826752222597
0.388508587019126	0.222685278769995
0.96681434430117	0.365384861095464
0.44822613403937	0.125635469819146
-0.976388308966963	0.584207226036347
-1.5184112689232	0.959430498339099
0.411049301966975	0.150047166521462
-0.324092787545708	0.132945786827349
-0.795470598735211	0.429005412207795
0.921828229864636	0.552126858450121
0.0585317929331506	0.0232337954342891
-1.11086680880368	0.563001129089156
-2.1894304441681	1.27005874633258
-0.84164330581693	0.366637138097607
1.81387476499941	0.680075755177531
-0.510381448501776	0.185343391604108
1.05987776781758	0.577885042568082
0.120216878406035	0.0539296496159934
0.62326240290656	0.352345581752505
-0.509736421835564	0.18505595748735
-3.87156218611866	1.24092684697853
-1.95839986267294	1.00468673041439
-1.67947453471549	0.743697622879227
0.449309162014442	0.125981085204417
-1.34644190675536	0.492013982411103
-1.68070949459512	0.744632683673561
-1.110169684093	0.562673512171069
-1.95839986267294	1.00468673041439
0.668549195290391	0.343823452293786
-0.400302687392056	0.199595859940072
1.30500783274078	0.824827623389173
-0.510665083637769	0.185396417332941
-1.3457744601924	0.491657802566864
0.369858241554169	0.158076886076605
-2.15951610136698	0.366339805232125
-0.0940501109524453	0.027000921199425
2.18474755802806	1.031281860151
-0.84228614531331	0.36699626824262
-0.842573501506563	0.367295334988531
-0.0943429345376615	0.0270782219083277
-0.43203426040785	0.0980548642108346
-1.67920618160724	0.743565005829687
0.369191566451795	0.1578145382159
0.0587435559436112	0.0233296694197922
-0.00291874396302509	0.000991954112497254
-0.00379638529428254	0.00129291390482161
0.965911738749524	0.364927418987942
-2.18958572887166	1.27014049646167
-0.00219804389106728	0.000749243310235947
-1.95963154986013	1.00545877925808
-2.97813504586116	0.636375479740286
-0.944056937240152	0.27675044454811
-0.0945452117596051	0.0271462991052748
-0.00321092368226869	0.00109246418514769
-0.0943429345376615	0.0270782219083277
-0.84164330581693	0.366637138097607
-0.84128759981306	0.366527746446311
-0.0938482431519809	0.0269330261228933
0.365551881767153	0.175771484479818
-0.0937573947672997	0.0269001333240843
1.32306892716298	0.63080538121321
-1.95874230208418	1.00497575293314
-4.67261933866694	2.32564504003048
0.448916154342392	0.125894423720526
0.668410467979929	0.343916625774154
0.448768346526961	0.125881279019047
1.81425944574235	0.680329466157843
-2.1894304441681	1.27005874633258
-0.00285025275782294	0.000970864932132848
-1.51824804908304	0.958878652330473
0.369443988447083	0.157954068466191
-1.11045946877855	0.562965619456525
-1.34624963687459	0.491942491282243
2.55630644556531	2.4578410886905
-1.11037257681918	0.5626800271598
0.771384657824967	0.351194621180954
-0.32342872014596	0.132754800981013
-0.323178299118294	0.132626269521487
-0.509092334450104	0.184719564498054
-0.429938030218216	0.243568625526263
-0.0935556981413233	0.0268478444964544
-0.0938482431519809	0.0269330261228933
3.40034954748204	0.88949631152943
-0.0947477274635641	0.0271987917649854
1.6010510490733	0.907306853764938
3.94884571067509	1.35400422797059
1.81397255452155	0.67990876897634
0.448916154342392	0.125894423720526
-0.843217940971981	0.367607429924714
-0.944056937240152	0.27675044454811
0.365377058174033	0.17570635540703
0.410970820517796	0.150022055679717
-0.43203426040785	0.0980548642108346
0.668412566104476	0.343909313552279
0.448620351049491	0.125795452528351
-0.795723511995947	0.429111363467529
-0.323016755714064	0.132505479565094
0.410110611034653	0.149654308557587
-2.97813504586116	0.636375479740286
-0.84228614531331	0.36699626824262
2.18455232731688	1.03120713248554
3.40034954748204	0.88949631152943
-0.0938482431519809	0.0269330261228933
-0.581786516589405	0.277551473252916
-2.97810803897	0.6365223233405
-0.943153373833844	0.276343967898066
1.05996734987123	0.577966932312984
0.769783880158024	0.350146471900405
1.3240029948815	0.631669573381819
-0.323679539396547	0.132867515469766
-0.00379638529428254	0.00129291390482161
0.966408720917092	0.365302103460683
-0.0123546421621991	0.00578834044022463
-2.54824540952155	1.7647906775341
0.378621720444965	0.200461497743518
0.378643955473557	0.200452340941438
0.119851360032837	0.0537563736980319
2.45896709081936	1.39907647930872
0.410110611034653	0.149654308557587
-0.0943429345376615	0.0270782219083277
2.18474755802806	1.031281860151
0.369281560627773	0.157849816719288
-0.0940501109524453	0.027000921199425
4.34629070750669	1.83849509413068
0.410684422475736	0.149950448704565
0.380312469431308	0.0704095999128823
2.51754545354634	0.489376613217086
0.966115081639169	0.36503491384216
-0.943533995463832	0.276571805365432
-0.944438939399	0.276806785650539
-0.510098148612271	0.185160854762058
-0.191763069164488	0.0841344545583103
-2.82051182978635	2.21262045482313
0.369623313755493	0.157981087510768
0.448374456830095	0.125721295027461
0.0588865751858242	0.0233783657021054
-1.9590152341516	1.00513822787385
-3.87156218611866	1.24092684697853
0.448916154342392	0.125894423720526
0.448768346526961	0.125881279019047
1.81411609166176	0.680234581521496
1.26543271121499	0.354100739436288
-0.432195795413815	0.0981239072789159
-0.84128759981306	0.366527746446311
-2.97813504586116	0.636375479740286
-2.97813504586116	0.636375479740286
-0.84128759981306	0.366527746446311
-0.510381448501776	0.185343391604108
-1.95778543332321	1.00412011001723
2.04425843585177	1.50789042945751
-0.431903314845492	0.0980189230129383
1.05996734987123	0.577966932312984
0.410032429213935	0.149677489118131
0.966408720917092	0.365302103460683
-0.432226462476801	0.0981064105603881
-0.432065091510874	0.0980880150069608
2.51754545354634	0.489376613217086
0.380312469431308	0.0704095999128823
0.380210454264993	0.0703919958833987
-3.49389380223668	0.936490312260041
-0.841930055188795	0.366935621913115
-0.943675469426376	0.276612084705558
0.668481033440034	0.343942560095741
-1.33191007996814	0.762528663311124
-1.34624963687459	0.491942491282243
0.409091592525933	0.149231863416538
-1.51832895997772	0.959438617553198
1.26516945989015	0.354019901622356
0.668549195290391	0.343823452293786
0.380320694909218	0.0704134220050887
-0.0945452117596051	0.0271462991052748
4.34629070750669	1.83849509413068
0.448374456830095	0.125721295027461
-0.0025583228276369	0.000870770923181551
1.83662755581056	1.20280584359077
0.448620351049491	0.125795452528351
0.369533728475468	0.157989232089938
0.409745117083712	0.149553622921023
-0.943675469426376	0.276612084705558
-0.842573501506563	0.367295334988531
0.92149314149832	0.552505338452732
1.60040312737798	0.906314534082061
1.81411609166176	0.680234581521496
0.448620351049491	0.125795452528351
2.18542275516445	1.03146834487276
-2.97810803897	0.6365223233405
2.18455232731688	1.03120713248554
1.81373109310973	0.679980770809146
0.448620351049491	0.125795452528351
2.68277853915162	1.75068253414873
0.668337722865696	0.343789391545551
0.804492238821703	0.715434943662348
-0.429742023619485	0.243444703250539
-0.00350347060307062	0.00119280760914839
0.380210454264993	0.0703919958833987
-1.34644190675536	0.492013982411103
1.26513804701412	0.354123472590601
0.41039768616025	0.149826752222597
-2.15951610136698	0.366339805232125
0.966115081639169	0.36503491384216
-0.843863375788914	0.367829803784868
-0.943533995463832	0.276571805365432
3.94884571067509	1.35400422797059
-0.00190672948753378	0.000649411384947845
0.0588139280471816	0.0233556784550016
-1.11045946877855	0.562965619456525
-4.18224967389119	1.58813927651466
-0.094838314568156	0.0272162507740394
0.448768346526961	0.125881279019047
-1.68009156842078	0.744218155905003
1.26513804701412	0.354123472590601
1.26526949992653	0.35405939751203
0.380422907612532	0.0704310603762292
0.409091592525933	0.149231863416538
0.448916154342392	0.125894423720526
-0.432226462476801	0.0981064105603881
0.0587457894570351	0.0233313383669741
-5.03535200844878	2.98124040940675
0.410970820517796	0.150022055679717
-0.191851314271925	0.0841724378088938
0.84434901377286	0.546409530474438
-1.33197678245378	0.762263841197909
-0.509736421835564	0.18505595748735
-0.580393265830118	0.322334681429507
1.32363982547823	0.630907016675196
-0.509453689852966	0.184873844488885
-0.511674328431835	0.185815121044678
-0.943915148975872	0.276710030090892
0.966318185031689	0.365010604318523
-0.0943429345376615	0.0270782219083277
-0.842573501506563	0.367295334988531
-1.51832895997772	0.959438617553198
0.623156321552976	0.352260784925711
3.94884571067509	1.35400422797059
1.26513804701412	0.354123472590601
-1.95839986267294	1.00468673041439
-0.944056937240152	0.27675044454811
-3.49389380223668	0.936490312260041
-1.34624963687459	0.491942491282243
-3.49389380223668	0.936490312260041
-0.842217165704752	0.366945966505995
-0.432195795413815	0.0981239072789159
-2.15957055819663	0.366379981847431
-0.581854188280408	0.277697073220254
1.30493735728909	0.824723522711219
0.12011077257807	0.0538869679431261
-0.00219804389106728	0.000749243310235947
-2.18958572887166	1.27014049646167
-2.54809064158515	1.76451901171431
0.44822613403937	0.125635469819146
-2.97810803897	0.6365223233405
2.18474755802806	1.031281860151
-0.432065091510874	0.0980880150069608
-1.34596633931712	0.491729044914134
0.770438655215179	0.350662431796396
-0.944056937240152	0.27675044454811
-0.431903314845492	0.0980189230129383
-1.95839986267294	1.00468673041439
2.45978796099288	1.4008385630572
-3.87156218611866	1.24092684697853
0.365377058174033	0.17570635540703
0.170272425689712	0.0843399388739337
-4.8673869624087	2.66948669152511
0.771024001739316	0.350851866827174
-0.581856591724575	0.277597221348804
1.05955331516124	0.577309150511751
3.94884571067509	1.35400422797059
2.4600609341817	1.40092631880429
0.965911738749524	0.364927418987942
-0.32393075771785	0.132964596123413
1.81440261708572	0.680176970712483
0.411049301966975	0.150047166521462
-0.976725620080584	0.584772285236741
-0.323679539396547	0.132867515469766
-1.68044005713324	0.744499058156728
-0.943294534422372	0.276384110213292
-0.740162214758242	0.452442797394852
-0.32342872014596	0.132754800981013
-1.33197678245378	0.762263841197909
-0.976516074000812	0.584317029347254
0.411335463891534	0.150170640765866
-0.509453689852966	0.184873844488885
-0.842861219755843	0.367305958459751
-0.842573501506563	0.367295334988531
3.94894064328705	1.35405401302548
1.60076130506037	0.907036493899438
-3.49394311921891	0.936574346211166
1.26543271121499	0.354100739436288
-2.97810803897	0.6365223233405
-0.0947477274635641	0.0271987917649854
-2.15957055819663	0.366379981847431
0.966611652025928	0.36540950209132
0.409745117083712	0.149553622921023
-0.510381448501776	0.185343391604108
-0.104320343754685	0.0557980556015589
0.0586045725612464	0.0232714078261316
1.6010510490733	0.907306853764938
1.83705228491641	1.2019697673576
0.598666029175516	0.365312255321971
-1.67947453471549	0.743697622879227
-0.323768775804252	0.132906269597143
1.32278297094327	0.630538650677177
2.18483825025084	1.03137905352016
0.966408720917092	0.365302103460683
-0.0945452117596051	0.0271462991052748
1.26513804701412	0.354123472590601
-0.510381448501776	0.185343391604108
-3.87136997299018	1.24060932575549
-0.581919931251469	0.277594706556918
-0.0025583228276369	0.000870770923181551
-0.795473084150557	0.429189025577302
0.0586752350175879	0.0233026661375095
-0.400020822389192	0.199426194116488
0.623156321552976	0.352260784925711
0.0588139280471816	0.0233556784550016
1.3240029948815	0.631669573381819
-2.97808087817367	0.636313612875542
0.410684422475736	0.149950448704565
-0.323267030849328	0.132664766624666
-0.944056937240152	0.27675044454811
-1.34596633931712	0.491729044914134
-2.1887208303269	1.2693702277358
-0.40036136937727	0.199570942819307
1.83628959712708	1.20186314230777
0.771092418292579	0.351048136725648
0.058881762340777	0.0233691314814912
-0.976470386658705	0.584506017782514
0.0836346373861601	0.0456890182021036
0.409745117083712	0.149553622921023
-2.54809064158515	1.76451901171431
1.81358723760514	0.679654979238607
-0.581786516589405	0.277551473252916
0.380320694909218	0.0704134220050887
-0.0937573947672997	0.0269001333240843
-0.943153373833844	0.276343967898066
-0.432195795413815	0.0981239072789159
1.32371794960321	0.631519863553089
-0.0933542386755156	0.0267801552868843
0.0586794075255289	0.0232935922046704
-4.44707690346989	1.97353179545804
-0.43203426040785	0.0980548642108346
-0.0940501109524453	0.027000921199425
-0.323089720868296	0.132540400004644
-0.0122973225407363	0.0057607405665406
-0.829086369388326	0.606441524864473
0.0587457894570351	0.0233313383669741
-0.0016157804387986	0.00054955076095408
0.966611652025928	0.36540950209132
-0.944056937240152	0.27675044454811
-1.11086680880368	0.563001129089156
0.668483206398341	0.343935288943319
-0.0016157804387986	0.00054955076095408
-0.432356925502191	0.0981422305445414
-1.95874230208418	1.00497575293314
-2.18909800438184	1.26985288518349
-0.510098148612271	0.185160854762058
4.87293325119434	2.84536188592905
0.394077141483602	0.242247453289519
0.448768346526961	0.125881279019047
0.770438655215179	0.350662431796396
1.60134042861547	0.907439175692279
-0.795557467610568	0.429227305973378
0.668553738709177	0.343855559500313
0.0586730762067555	0.0233010280801353
1.52015070189972	1.08699171306418
0.668481033440034	0.343942560095741
-0.510019488188717	0.185108792567341
-1.67982267380833	0.744085031591401
0.365551881767153	0.175771484479818
-0.192015997174712	0.0842188064490224
3.94884571067509	1.35400422797059
-0.508810168966331	0.184537952872337
-2.97810803897	0.6365223233405
-1.34596633931712	0.491729044914134
0.41039768616025	0.149826752222597
1.14116216325618	0.779703353141548
-0.00190672948753378	0.000649411384947845
-1.68009156842078	0.744218155905003
2.0442633357476	1.50797432904454
1.05946338007628	0.577310701954974
-0.795219125684705	0.428833157596566
-0.795136887870371	0.428761710415251
0.365465936752018	0.175750334952689
1.60076130506037	0.907036493899438
0.410684422475736	0.149950448704565
-1.34720195310537	0.492218760641814
2.18455232731688	1.03120713248554
-1.11000712185328	0.562333501617952
1.30501217205153	0.824788016597256
-0.509374833429822	0.184772228694338
-0.84228614531331	0.36699626824262
-0.510665083637769	0.185396417332941
0.967107531644394	0.365522841211782
1.30501426911843	0.824612267549947
0.0588184960278527	0.0233556454638202
-1.40918022913308	1.06877036607226
-0.511027416637717	0.185602242202858
-0.5801177025606	0.32217404700399
-0.510098148612271	0.185160854762058
-0.0871992063586919	0.0396936425795753
-1.67982267380833	0.744085031591401
-0.84164330581693	0.366637138097607
-1.67813018042513	1.15260118864432
0.771092418292579	0.351048136725648
1.32436602519462	0.631710688508099
1.30493947629717	0.824751306985012
-1.11037257681918	0.5626800271598
0.448768346526961	0.125881279019047
-0.943675469426376	0.276612084705558
1.81411609166176	0.680234581521496
1.26513804701412	0.354123472590601
3.94884571067509	1.35400422797059
-0.0945452117596051	0.0271462991052748
-0.511027416637717	0.185602242202858
1.32306892716298	0.63080538121321
-1.3454914250033	0.491304137870213
-0.323841422703298	0.132878231071479
-0.00219804389106728	0.000749243310235947
-1.110169684093	0.562673512171069
-0.842573501506563	0.367295334988531
0.397071079225297	0.260295399120431
-0.432356925502191	0.0981422305445414
-0.79563934189504	0.429120616122865
1.83670007535348	1.20229488782196
1.30493735728909	0.824723522711219
-0.32351770392979	0.13279342860992
-0.842573501506563	0.367295334988531
1.32408121476654	0.63144435686608
0.921407174037824	0.552510092381016
0.448768346526961	0.125881279019047
2.18455232731688	1.03120713248554
-0.0940501109524453	0.027000921199425
-0.0945452117596051	0.0271462991052748
0.966205550579862	0.365071432394427
4.34629070750669	1.83849509413068
0.410684422475736	0.149950448704565
0.36935409343749	0.157893264397153
-0.0025583228276369	0.000870770923181551
-0.581784038930277	0.277651257807727
0.668408321489857	0.343877341929885
0.0588139280471816	0.0233556784550016
-0.511311621967125	0.185655469546493
2.23172375238269	1.820223986034
-0.1915979731707	0.0840529792646734
-0.581784038930277	0.277651257807727
1.30493518989809	0.824586536199374
0.410684422475736	0.149950448704565
-3.87136997299018	1.24060932575549
0.449161679976785	0.125968053773896
0.380312469431308	0.0704095999128823
-2.15957055819663	0.366379981847431
-0.943533995463832	0.276571805365432
-0.0940501109524453	0.027000921199425
0.448374456830095	0.125721295027461
-0.432065091510874	0.0980880150069608
1.05989477256891	0.577592160300879
0.365631508218467	0.175855733280783
-0.510665083637769	0.185396417332941
0.770145430120155	0.350454199977507
0.448916154342392	0.125894423720526
-0.581786516589405	0.277551473252916
-1.68070949459512	0.744632683673561
-1.33191294548162	0.762213136261659
-0.0938482431519809	0.0269330261228933
-2.82041321711467	2.2122896986472
1.05989477256891	0.577592160300879
1.32436602519462	0.631710688508099
-1.67920618160724	0.743565005829687
-1.34624963687459	0.491942491282243
1.20485702201356	0.970720282769377
0.448374456830095	0.125721295027461
0.380422907612532	0.0704310603762292
-0.432065091510874	0.0980880150069608
-0.944056937240152	0.27675044454811
0.448768346526961	0.125881279019047
-0.0945452117596051	0.0271462991052748
-0.432195795413815	0.0981239072789159
1.32343256698575	0.631253155849864
-1.95812751109893	1.00452497119926
0.380320694909218	0.0704134220050887
0.966408720917092	0.365302103460683
-0.0938482431519809	0.0269330261228933
-0.575228160299009	0.395416533246711
0.921238684730593	0.552324794055389
1.26513804701412	0.354123472590601
-0.0877575997881977	0.039961229689291
-0.580139552543401	0.322178443064124
0.598656689008087	0.365178728788594
0.0587479747293442	0.0233295790834769
0.365542401306716	0.175768098348355
0.410032429213935	0.149677489118131
-1.67947453471549	0.743697622879227
-0.575309095809477	0.357521379838328
-1.33204907972189	0.762666443275466
-0.0950410022999725	0.0272844875354853
0.771453181882331	0.351085847175968
0.966905011225973	0.365415640853152
1.32408121476654	0.63144435686608
-0.00154684176698365	0.000527981901671777
0.966702252242434	0.36518519072322
3.40027364600021	0.889720779959611
1.81411609166176	0.680234581521496
-0.0942522165733174	0.0270533171061642
-1.95778543332321	1.00412011001723
-0.510381448501776	0.185343391604108
1.26500673553769	0.353978706387524
0.598295700956373	0.364991769480157
0.771676530772431	0.351236854098783
-2.97808087817367	0.636313612875542
0.411335463891534	0.150170640765866
0.410970820517796	0.150022055679717
-1.11104174051405	0.563092496834586
0.0588162361047195	0.0233573777261437
-0.511027416637717	0.185602242202858
-0.432356925502191	0.0981422305445414
-0.323606841794993	0.132787041663478
-0.00285025275782294	0.000970864932132848
1.71205948036522	1.36302875890498
-0.0940501109524453	0.027000921199425
0.448374456830095	0.125721295027461
1.30494154685251	0.824683815140182
-1.51816394787249	0.959194058305068
0.92157279298149	0.552488960936937
1.06012940531189	0.577842537391584
-0.943294534422372	0.276384110213292
1.26513804701412	0.354123472590601
1.26513804701412	0.354123472590601
3.40027364600021	0.889720779959611
0.380422907612532	0.0704310603762292
-0.0938482431519809	0.0269330261228933
-1.95839986267294	1.00468673041439
-0.509736421835564	0.18505595748735
-0.943533995463832	0.276571805365432
-0.943675469426376	0.276612084705558
1.81425944574235	0.680329466157843
-1.33191007996814	0.762528663311124
-0.268617700571665	0.137383094548257
-0.432065091510874	0.0980880150069608
-0.431903314845492	0.0980189230129383
-0.0945452117596051	0.0271462991052748
0.966611652025928	0.36540950209132
-0.943294534422372	0.276384110213292
0.380422907612532	0.0704310603762292
0.96681434430117	0.365384861095464
-0.842573501506563	0.367295334988531
-0.432065091510874	0.0980880150069608
-1.67920618160724	0.743565005829687
2.4600609341817	1.40092631880429
-0.509736421835564	0.18505595748735
-0.842861219755843	0.367305958459751
0.369443988447083	0.157954068466191
0.966408720917092	0.365302103460683
2.882647125939	2.1172911863019
-0.944056937240152	0.27675044454811
-0.0942522165733174	0.0270533171061642
-0.00190672948753378	0.000649411384947845
-0.0938482431519809	0.0269330261228933
-2.97810803897	0.6365223233405
-1.110169684093	0.562673512171069
0.410684422475736	0.149950448704565
-1.11095419840965	0.563287274191042
0.448768346526961	0.125881279019047
-0.0940501109524453	0.027000921199425
-1.95997471469681	1.00534830783408
-1.11037257681918	0.5626800271598
-1.33184367767742	0.762015428988325
-0.323178299118294	0.132626269521487
-1.68132831532103	0.744942644728757
0.966611652025928	0.36540950209132
-0.432065091510874	0.0980880150069608
-0.510381448501776	0.185343391604108
-0.0947477274635641	0.0271987917649854
0.0587501116908756	0.0233223101576952
3.40034954748204	0.88949631152943
0.410032429213935	0.149677489118131
-1.34672546729487	0.492145538677293
0.411335463891534	0.150170640765866
0.448768346526961	0.125881279019047
1.81373109310973	0.679980770809146
-0.943915148975872	0.276710030090892
-1.34672546729487	0.492145538677293
-1.34624963687459	0.491942491282243
1.32363982547823	0.630907016675196
-4.18248469877465	1.58872089364964
-0.511027416637717	0.185602242202858
-0.0950410022999725	0.0272844875354853
0.448768346526961	0.125881279019047
-2.97810803897	0.6365223233405
1.26530101460634	0.354164747749272
0.449161679976785	0.125968053773896
-0.0940501109524453	0.027000921199425
-0.0935556981413233	0.0268478444964544
0.770438655215179	0.350662431796396
0.769783880158024	0.350146471900405
-1.3457744601924	0.491657802566864
0.409745117083712	0.149553622921023
1.26543271121499	0.354100739436288
0.41039768616025	0.149826752222597
3.94894064328705	1.35405401302548
-1.11045946877855	0.562965619456525
-3.49399226331735	0.93632805156968
-0.509736421835564	0.18505595748735
-0.00350347060307062	0.00119280760914839
-2.97810803897	0.6365223233405
-2.15957055819663	0.366379981847431
4.34629070750669	1.83849509413068
0.380210454264993	0.0703919958833987
2.51745335481821	0.48935777819513
2.18503331597268	1.03164513819189
-0.0940501109524453	0.027000921199425
-0.0943429345376615	0.0270782219083277
0.411335463891534	0.150170640765866
0.772036795135306	0.351439684567354
0.369264043213546	0.157791315274953
1.83653917569843	1.20275414765063
-0.943533995463832	0.276571805365432
2.45951466304551	1.40053088832648
-0.432356925502191	0.0981422305445414
-0.0938482431519809	0.0269330261228933
-0.0938482431519809	0.0269330261228933
1.26530101460634	0.354164747749272
1.60047119601252	0.906629847858136
-2.15957055819663	0.366379981847431
0.380312469431308	0.0704095999128823
0.448916154342392	0.125894423720526
-0.00350347060307062	0.00119280760914839
-2.15951610136698	0.366339805232125
-0.19168054449394	0.0841002189352164
-0.191848441999651	0.0841748012731843
0.921658921902614	0.552484351970126
2.45951466304551	1.40053088832648
-1.34596633931712	0.491729044914134
-0.0025583228276369	0.000870770923181551
0.668410467979929	0.343916625774154
-0.510665083637769	0.185396417332941
0.448620351049491	0.125795452528351
1.81425944574235	0.680329466157843
0.771092418292579	0.351048136725648
1.26513804701412	0.354123472590601
1.60076130506037	0.907036493899438
2.51745335481821	0.48935777819513
0.448620351049491	0.125795452528351
-0.323679539396547	0.132867515469766
0.966611652025928	0.36540950209132
-3.87156218611866	1.24092684697853
1.32278297094327	0.630538650677177
0.966611652025928	0.36540950209132
0.770438655215179	0.350662431796396
-1.95839986267294	1.00468673041439
0.409745117083712	0.149553622921023
0.771092418292579	0.351048136725648
0.369371399684674	0.157841839700907
-0.842573501506563	0.367295334988531
0.41039768616025	0.149826752222597
1.71252840521781	1.36406648304809
1.30493735728909	0.824723522711219
-0.0940501109524453	0.027000921199425
-0.324109891744123	0.132997268462833
-0.191765997402019	0.0841406045300469
-0.740289082627456	0.452349498567906
3.40027364600021	0.889720779959611
3.40027364600021	0.889720779959611
0.0588139280471816	0.0233556784550016
0.409745117083712	0.149553622921023
1.81387476499941	0.680075755177531
0.449161679976785	0.125968053773896
1.26500673553769	0.353978706387524
0.966611652025928	0.36540950209132
-0.191763069164488	0.0841344545583103
0.96681434430117	0.365384861095464
0.369191566451795	0.1578145382159
1.26513804701412	0.354123472590601
2.18455232731688	1.03120713248554
-0.0940501109524453	0.027000921199425
-0.0940501109524453	0.027000921199425
-0.432356925502191	0.0981422305445414
-0.943915148975872	0.276710030090892
1.26526949992653	0.35405939751203
-0.84128759981306	0.366527746446311
0.967309813891396	0.365498022573177
-0.323606841794993	0.132787041663478
0.0587457894570351	0.0233313383669741
0.771384657824967	0.351194621180954
-1.95751366086138	1.00395907264506
0.668408321489857	0.343877341929885
0.0586773454804471	0.0233008804750109
1.05978803084369	0.577720231178301
-1.40927863953749	1.06900153922817
4.87325779376561	2.84543695542907
0.771384657824967	0.351194621180954
-1.3457744601924	0.491657802566864
4.34620928973487	1.83817873700524
-1.67982267380833	0.744085031591401
0.772036795135306	0.351439684567354
0.0587435559436112	0.0233296694197922
0.967107531644394	0.365522841211782
-0.943915148975872	0.276710030090892
-0.32351770392979	0.13279342860992
-4.44647192482678	1.97244344800376
0.0588139280471816	0.0233556784550016
0.96681434430117	0.365384861095464
-0.32342872014596	0.132754800981013
-0.943675469426376	0.276612084705558
0.771092418292579	0.351048136725648
-0.00350347060307062	0.00119280760914839
-1.68132831532103	0.744942644728757
0.668412566104476	0.343909313552279
0.623108714196451	0.352046458796775
-0.943675469426376	0.276612084705558
0.411049301966975	0.150047166521462
0.409091592525933	0.149231863416538
0.410110611034653	0.149654308557587
1.26513804701412	0.354123472590601
1.32371794960321	0.631519863553089
1.81425944574235	0.680329466157843
0.770438655215179	0.350662431796396
0.0587457894570351	0.0233313383669741
-1.95690074927006	1.00326104207221
0.668478812223091	0.34390323454053
-1.33204640906765	0.762295394245592
0.41039768616025	0.149826752222597
0.668416616977723	0.34371590774408
-1.11045946877855	0.562965619456525
0.448374456830095	0.125721295027461
0.119980963262918	0.0538242500271638
-0.84128759981306	0.366527746446311
-0.841930055188795	0.366935621913115
-0.58178160921078	0.277642461693518
0.0586730762067555	0.0233010280801353
0.369785495549136	0.158102799873415
-0.0942522165733174	0.0270533171061642
0.967107531644394	0.365522841211782
1.0597155655144	0.577756640140593
-0.00125614142680821	0.000428435382610242
-0.0025583228276369	0.000870770923181551
0.365459706351774	0.175748040889583
0.410762802117404	0.149874894878293
-0.0875026457018197	0.0398390244357153
0.448768346526961	0.125881279019047
1.32343256698575	0.631253155849864
-0.00285025275782294	0.000970864932132848
-0.976470386658705	0.584506017782514
-1.67852612172773	1.153971021526
0.378643955473557	0.200452340941438
-0.429938030218216	0.243568625526263
-0.795555037532711	0.429082398854794
-0.509736421835564	0.18505595748735
1.26543271121499	0.354100739436288
4.34629070750669	1.83849509413068
0.369533728475468	0.157989232089938
-0.0943429345376615	0.0270782219083277
-0.400384780578106	0.19966118834964
1.32343256698575	0.631253155849864
-0.511027416637717	0.185602242202858
-0.509736421835564	0.18505595748735
-0.00321092368226869	0.00109246418514769
-0.00190672948753378	0.000649411384947845
1.32465049916257	0.631860044369222
-0.581992602634161	0.277694049871378
0.365465936752018	0.175750334952689
-1.13544780775655	0.74188588614203
1.60076130506037	0.907036493899438
0.966115081639169	0.36503491384216
-0.00219804389106728	0.000749243310235947
-2.18887464496301	1.26943367833825
2.45916267875384	1.40009990624383
0.409379481895826	0.149355853828265
0.771384657824967	0.351194621180954
0.448768346526961	0.125881279019047
-0.00321092368226869	0.00109246418514769
-0.323339890211829	0.132668745971559
0.120240788194207	0.0539451931203284
0.369696009095169	0.158067754520311
4.87260790929043	2.84372700154674
1.6010510490733	0.907306853764938
-0.0025583228276369	0.000870770923181551
-1.01646123753217	0.731064850879657
-0.976980042183984	0.584826986165083
1.06005677723729	0.577964964153784
3.40034954748204	0.88949631152943
-3.49394311921891	0.936574346211166
0.448620351049491	0.125795452528351
-0.432195795413815	0.0981239072789159
-0.432065091510874	0.0980880150069608
1.6010510490733	0.907306853764938
1.26526949992653	0.35405939751203
0.966205550579862	0.365071432394427
2.18503331597268	1.03164513819189
0.409745117083712	0.149553622921023
0.378744180687792	0.200540698956173
-0.510743547432265	0.185419327634832
-0.32342872014596	0.132754800981013
2.18503331597268	1.03164513819189
-0.581784038930277	0.277651257807727
0.966611652025928	0.36540950209132
0.668339794470315	0.343828614069647
-0.841574104040948	0.366537844891767
1.30486881791975	0.824289642966207
-0.323858166662756	0.132899968306796
-0.581849525599261	0.277576220823309
4.34629070750669	1.83849509413068
0.0586730762067555	0.0233010280801353
-0.740280398947646	0.452574775308571
-0.581786516589405	0.277551473252916
4.34629070750669	1.83849509413068
-0.0938482431519809	0.0269330261228933
1.30501002656905	0.824855468544757
3.06278936851816	2.47934933701204
2.18455232731688	1.03120713248554
1.6010510490733	0.907306853764938
1.26530101460634	0.354164747749272
-0.0935556981413233	0.0268478444964544
3.94894064328705	1.35405401302548
-3.87175460792962	1.24102623022072
0.967107531644394	0.365522841211782
1.81411609166176	0.680234581521496
1.26513804701412	0.354123472590601
-0.0947477274635641	0.0271987917649854
-0.581924444867391	0.277715453255469
-1.13567729072396	0.742109314725345
0.0586024886115801	0.0232698011409825
0.449014010846396	0.125882321374697
0.119851360032837	0.0537563736980319
-0.0874192319868208	0.0398048854826958
2.18455232731688	1.03120713248554
-0.0940501109524453	0.027000921199425
0.966611652025928	0.36540950209132
-0.00190672948753378	0.000649411384947845
0.448768346526961	0.125881279019047
0.0587501116908756	0.0233223101576952
-0.976725620080584	0.584772285236741
0.378621720444965	0.200461497743518
0.668341817602373	0.343821264073672
0.770145430120155	0.350454199977507
2.18542275516445	1.03146834487276
0.44822613403937	0.125635469819146
-0.00190672948753378	0.000649411384947845
-0.191677560250301	0.0840866628137423
-0.00190672948753378	0.000649411384947845
1.32436602519462	0.631710688508099
-0.884644904679083	0.588878517612653
0.668478812223091	0.34390323454053
-0.510019488188717	0.185108792567341
0.598573351737047	0.365281015830231
1.81411609166176	0.680234581521496
0.411621288426525	0.150241968309121
-1.34624963687459	0.491942491282243
-0.509453689852966	0.184873844488885
-0.943675469426376	0.276612084705558
0.771384657824967	0.351194621180954
0.410684422475736	0.149950448704565
2.45861465716696	1.39926733027016
2.45951466304551	1.40053088832648
-0.0940501109524453	0.027000921199425
4.87325779376561	2.84543695542907
0.0588162361047195	0.0233573777261437
-0.795470598735211	0.429005412207795
-0.580371561309725	0.322378988803852
1.30501002656905	0.824855468544757
0.37903365004806	0.200695229132283
-0.943294534422372	0.276384110213292
-0.00190672948753378	0.000649411384947845
-0.0940501109524453	0.027000921199425
1.32371794960321	0.631519863553089
-0.740363553407265	0.452677488340356
1.30501002656905	0.824855468544757
-0.0025583228276369	0.000870770923181551
-1.40923601283174	1.06895555446208
0.369101416923485	0.157753649363207
-0.795391084685964	0.429117695674088
0.668339794470315	0.343828614069647
-0.795555037532711	0.429082398854794
-1.11070663736419	0.563156850939472
0.771092418292579	0.351048136725648
1.83662755581056	1.20280584359077
0.770145430120155	0.350454199977507
-2.18919336135836	1.26985540555962
1.0597155655144	0.577756640140593
-0.0122850641813574	0.0057559911383436
1.0596257295169	0.577674605165275
-0.510381448501776	0.185343391604108
-0.0877795706067474	0.0399712524693087
1.81387476499941	0.680075755177531
-0.323267030849328	0.132664766624666
0.365462810263777	0.175771126538925
2.23172375238269	1.820223986034
-0.432356925502191	0.0981422305445414
-0.795303913358609	0.428996144102514
0.668339794470315	0.343828614069647
-0.509736421835564	0.18505595748735
-0.795475547334051	0.429156033723791
1.26516945989015	0.354019901622356
-0.323679539396547	0.132867515469766
0.966611652025928	0.36540950209132
0.369858241554169	0.158076886076605
2.18455232731688	1.03120713248554
-0.84128759981306	0.366527746446311
0.966408720917092	0.365302103460683
-0.884632253303745	0.58876380922075
0.967107531644394	0.365522841211782
0.449161679976785	0.125968053773896
0.448522591387813	0.125734578837285
1.32371794960321	0.631519863553089
1.81411609166176	0.680234581521496
-0.79555987545679	0.429146870875061
-1.11045946877855	0.562965619456525
-0.0937573947672997	0.0269001333240843
0.966408720917092	0.365302103460683
-4.18224967389119	1.58813927651466
-0.0935556981413233	0.0268478444964544
1.32371794960321	0.631519863553089
-1.68105833366304	0.744808525742298
2.18455232731688	1.03120713248554
1.33441099968333	1.01935277897555
-0.841930055188795	0.366935621913115
-0.943915148975872	0.276710030090892
-0.795391084685964	0.429117695674088
0.448768346526961	0.125881279019047
-0.510098148612271	0.185160854762058
-0.842573501506563	0.367295334988531
-0.00314254953332322	0.0010707871322457
1.0596257295169	0.577674605165275
-0.0025583228276369	0.000870770923181551
0.0588184960278527	0.0233556454638202
-1.3317745152485	0.761621204316014
-2.1887208303269	1.2693702277358
0.409091592525933	0.149231863416538
0.668339794470315	0.343828614069647
0.410110611034653	0.149654308557587
0.770145430120155	0.350454199977507
-0.0120882381999243	0.00566213416702119
0.966205550579862	0.365071432394427
-0.943675469426376	0.276612084705558
2.18474755802806	1.031281860151
0.448374456830095	0.125721295027461
-0.00226675917502309	0.000770578967515132
-0.432195795413815	0.0981239072789159
0.0586045725612464	0.0232714078261316
-1.68132831532103	0.744942644728757
3.94884571067509	1.35400422797059
0.411049301966975	0.150047166521462
0.921153070974331	0.552041462692966
-0.0025583228276369	0.000870770923181551
-1.68044005713324	0.744499058156728
1.26500673553769	0.353978706387524
0.380422907612532	0.0704310603762292
0.0587457894570351	0.0233313383669741
2.04411848801721	1.50755529099061
0.966905011225973	0.365415640853152
-0.943675469426376	0.276612084705558
-0.943533995463832	0.276571805365432
-0.843217940971981	0.367607429924714
0.77079981160721	0.350840110911968
-0.323267030849328	0.132664766624666
0.369191566451795	0.1578145382159
-1.33204907972189	0.762666443275466
2.45951466304551	1.40053088832648
0.966115081639169	0.36503491384216
2.4600609341817	1.40092631880429
-1.33177150323134	0.761936004178543
0.365291442592988	0.175599214813201
1.60111934269334	0.906805351634796
0.448620351049491	0.125795452528351
2.45861465716696	1.39926733027016
-0.431903314845492	0.0980189230129383
-0.32393075771785	0.132964596123413
-0.432065091510874	0.0980880150069608
0.409745117083712	0.149553622921023
0.96681434430117	0.365384861095464
-0.00285025275782294	0.000970864932132848
2.04426571351631	1.50777232167954
1.88377098126763	1.6430256392407
-0.432065091510874	0.0980880150069608
0.771384657824967	0.351194621180954
0.668485331028372	0.343881888339176
-0.191512303756222	0.0840051241110584
-0.323679539396547	0.132867515469766
-0.943153373833844	0.276343967898066
-0.943153373833844	0.276343967898066
1.30500559063638	0.824690551359012
0.41039768616025	0.149826752222597
-0.431903314845492	0.0980189230129383
0.388508587019126	0.222685278769995
-0.843217940971981	0.367607429924714
-0.795388566123818	0.429111941624914
1.14119702436819	0.780028473934667
-0.795303913358609	0.428996144102514
-0.0942522165733174	0.0270533171061642
1.30493947629717	0.824751306985012
1.32371794960321	0.631519863553089
2.1843568650897	1.0309409605743
-3.87156218611866	1.24092684697853
-0.0947477274635641	0.0271987917649854
-0.0947477274635641	0.0271987917649854
1.26543271121499	0.354100739436288
-0.432195795413815	0.0981239072789159
0.410684422475736	0.149950448704565
-0.432065091510874	0.0980880150069608
2.1843568650897	1.0309409605743
0.380210454264993	0.0703919958833987
1.0596257295169	0.577674605165275
-0.094838314568156	0.0272162507740394
0.369516572123014	0.157905173750537
-0.0947477274635641	0.0271987917649854
0.411049301966975	0.150047166521462
1.26543271121499	0.354100739436288
-1.68132831532103	0.744942644728757
1.26513804701412	0.354123472590601
-0.432195795413815	0.0981239072789159
-1.95874230208418	1.00497575293314
-0.432356925502191	0.0981422305445414
-0.43203426040785	0.0980548642108346
1.26530101460634	0.354164747749272
0.380422907612532	0.0704310603762292
-0.944056937240152	0.27675044454811
-2.93872941555281	2.429799990387
-0.795309039080444	0.428876705357968
0.0836796513806659	0.045709786317908
1.30493297419388	0.82422528383306
0.623498793602424	0.352474627314365
0.369533728475468	0.157989232089938
-0.841574104040948	0.366537844891767
0.844152537341915	0.546273411772544
-0.581919931251469	0.277594706556918
-0.795388566123818	0.429111941624914
0.668478812223091	0.34390323454053
1.26513804701412	0.354123472590601
0.967107531644394	0.365522841211782
-0.19168054449394	0.0841002189352164
1.26513804701412	0.354123472590601
-2.82062629452816	2.2125950465548
-1.27882282172847	0.903955643677358
-0.00291874396302509	0.000991954112497254
0.378951239229763	0.200616521437487
-0.323841422703298	0.132878231071479
2.45978796099288	1.4008385630572
-0.323339890211829	0.132668745971559
0.365548699035189	0.175813952012173
-0.0942522165733174	0.0270533171061642
-0.581856591724575	0.277597221348804
1.06021873399349	0.577924233695351
-2.15957055819663	0.366379981847431
0.409745117083712	0.149553622921023
-0.0940501109524453	0.027000921199425
3.94884571067509	1.35400422797059
-4.44707690346989	1.97353179545804
-0.432226462476801	0.0981064105603881
-1.9590152341516	1.00513822787385
-0.943675469426376	0.276612084705558
0.369606368030708	0.158007050490895
0.41039768616025	0.149826752222597
-0.581646686658635	0.277332228828794
1.60140883922882	0.907211457837158
0.410032429213935	0.149677489118131
0.668414615793708	0.34385587193997
3.40027364600021	0.889720779959611
0.966611652025928	0.36540950209132
0.409667031220262	0.149428021085397
1.26516945989015	0.354019901622356
-0.581851832882174	0.277688325692166
3.94884571067509	1.35400422797059
-4.86712925970961	2.67022731809847
-0.0933542386755156	0.0267801552868843
-1.33190726197346	0.762157524770616
1.81411609166176	0.680234581521496
2.18522815081712	1.03171966467941
-0.795391084685964	0.429117695674088
-1.51832746292766	0.95902509039346
0.369533728475468	0.157989232089938
-1.11045946877855	0.562965619456525
-0.943915148975872	0.276710030090892
-1.67920618160724	0.743565005829687
1.52031552276731	1.08722702084927
0.772036795135306	0.351439684567354
0.0587457894570351	0.0233313383669741
0.921407174037824	0.552510092381016
-0.580519832750385	0.322368003722153
-0.00350347060307062	0.00119280760914839
0.365711136771531	0.175812385426095
1.26513804701412	0.354123472590601
-0.510381448501776	0.185343391604108
-0.842573501506563	0.367295334988531
0.409091592525933	0.149231863416538
-2.38285146634582	1.52477404740462
0.448768346526961	0.125881279019047
-0.581713996592567	0.277573942253515
0.668339794470315	0.343828614069647
-0.191515355135744	0.0839848152647417
0.36935409343749	0.157893264397153
-0.00285025275782294	0.000970864932132848
-0.0945452117596051	0.0271462991052748
2.68361222128	1.75216996525566
-0.323339890211829	0.132668745971559
0.770438655215179	0.350662431796396
-0.400665365516267	0.199732236095702
0.380210454264993	0.0703919958833987
0.967107531644394	0.365522841211782
1.6019867405053	0.90761319649506
-0.841930055188795	0.366935621913115
3.40034954748204	0.88949631152943
-1.11086680880368	0.563001129089156
2.45951466304551	1.40053088832648
-3.87194723908329	1.24078078832125
0.41039768616025	0.149826752222597
1.60011277032147	0.906043996244228
-4.67353354798429	2.32674121377939
0.771092418292579	0.351048136725648
4.34637201064709	1.83847221997542
0.966611652025928	0.36540950209132
-0.432195795413815	0.0981239072789159
-0.944438939399	0.276806785650539
-0.943533995463832	0.276571805365432
-0.43203426040785	0.0980548642108346
-0.841930055188795	0.366935621913115
1.26513804701412	0.354123472590601
3.40027364600021	0.889720779959611
-0.268626755667087	0.137386831811978
-0.000965805519779664	0.000328927263224629
-0.795473084150557	0.429189025577302
-0.323339890211829	0.132668745971559
2.18474755802806	1.031281860151
0.623522821357487	0.352458134850505
-1.11037257681918	0.5626800271598
-2.15957055819663	0.366379981847431
0.380312469431308	0.0704095999128823
-0.323679539396547	0.132867515469766
2.45861465716696	1.39926733027016
-0.0025583228276369	0.000870770923181551
0.0587435559436112	0.0233296694197922
0.0587479747293442	0.0233295790834769
0.0586752350175879	0.0233026661375095
1.26526949992653	0.35405939751203
-0.323679539396547	0.132867515469766
0.771745171623263	0.351293543815406
-0.842217165704752	0.366945966505995
-2.97813504586116	0.636375479740286
1.05946338007628	0.577310701954974
-2.54816746439129	1.76455292274765
-0.00321092368226869	0.00109246418514769
-0.841930055188795	0.366935621913115
-1.34644190675536	0.492013982411103
0.409667031220262	0.149428021085397
0.410684422475736	0.149950448704565
2.0442633357476	1.50797432904454
1.14126815028772	0.780156919265021
-0.0942522165733174	0.0270533171061642
-3.49389380223668	0.936490312260041
-0.191594955374977	0.0840523906515105
-0.0025583228276369	0.000870770923181551
-0.581849525599261	0.277576220823309
-0.976748321602159	0.584724813841583
-0.32342872014596	0.132754800981013
1.83662755581056	1.20280584359077
-0.943675469426376	0.276612084705558
-0.510665083637769	0.185396417332941
-1.34596633931712	0.491729044914134
0.921324434956384	0.5524265305633
-4.86697483948998	2.67006666261772
0.119875060412801	0.0537756254140837
0.0586708691176024	0.0232936285877414
-0.0016157804387986	0.00054955076095408
0.623132503431904	0.352217814060037
-4.18248469877465	1.58872089364964
1.81411609166176	0.680234581521496
-0.510743547432265	0.185419327634832
-0.432195795413815	0.0981239072789159
-4.44677420306517	1.97310826239175
-4.44586863016142	1.96998772683619
2.4600609341817	1.40092631880429
-0.510381448501776	0.185343391604108
0.668478812223091	0.34390323454053
1.0596257295169	0.577674605165275
-0.841930055188795	0.366935621913115
-1.11037257681918	0.5626800271598
0.771024001739316	0.350851866827174
0.365462810263777	0.175771126538925
-0.323768775804252	0.132906269597143
0.448768346526961	0.125881279019047
-3.87136997299018	1.24060932575549
-0.0940501109524453	0.027000921199425
-1.34596633931712	0.491729044914134
-1.33197678245378	0.762263841197909
-0.191763069164488	0.0841344545583103
-0.400150141167734	0.199526819273677
0.368938742259395	0.157633998891712
-0.795139550569359	0.428683773285449
2.6833346798294	1.75190236809608
0.771024001739316	0.350851866827174
-1.11095419840965	0.563287274191042
-0.00321092368226869	0.00109246418514769
-1.68009156842078	0.744218155905003
0.380422907612532	0.0704310603762292
-1.11095419840965	0.563287274191042
0.966611652025928	0.36540950209132
0.409745117083712	0.149553622921023
-0.432226462476801	0.0981064105603881
0.365465936752018	0.175750334952689
-0.00285025275782294	0.000970864932132848
-1.11120215275118	0.563348609619044
0.623286300486041	0.352340568865308
1.81411609166176	0.680234581521496
1.59953095778723	0.904976551106435
0.369623313755493	0.157981087510768
-0.19168054449394	0.0841002189352164
1.32371794960321	0.631519863553089
0.119980963262918	0.0538242500271638
-0.191851314271925	0.0841724378088938
0.0588162361047195	0.0233573777261437
-0.843506268400428	0.367618364064751
-0.00226675917502309	0.000770578967515132
0.0588115719246944	0.0233482042366705
0.119875060412801	0.0537756254140837
-0.581926773938707	0.277615561483504
0.448916154342392	0.125894423720526
0.449161679976785	0.125968053773896
-2.18919336135836	1.26985540555962
-1.1106194968633	0.562870946942689
1.71205948036522	1.36302875890498
1.32436602519462	0.631710688508099
-1.34644190675536	0.492013982411103
-1.67842293364952	1.15326249437505
0.378643955473557	0.200452340941438
0.369785495549136	0.158102799873415
-0.510381448501776	0.185343391604108
0.369696009095169	0.158067754520311
-1.51824651968381	0.959357860364367
0.369696009095169	0.158067754520311
-0.0935556981413233	0.0268478444964544
-0.0025583228276369	0.000870770923181551
-0.943294534422372	0.276384110213292
0.0585338018629582	0.0232353698760014
-0.795306487339825	0.429040562996724
0.369874827624987	0.158094504412344
0.598388187690383	0.365124289578113
-0.0940501109524453	0.027000921199425
-1.95935803591722	1.00529559672823
-0.191768903144085	0.0841252697608303
-1.67854744531807	1.15326345057798
0.369191566451795	0.1578145382159
0.0586066080559193	0.0232695963511978
-0.268608623749507	0.137354005666895
2.03665386702518	1.92878988775703
-2.18934851078571	1.27007010277034
-1.67947453471549	0.743697622879227
2.04426090983629	1.50801376422545
-0.0945452117596051	0.0271462991052748
-0.40012660067552	0.199476376007637
0.894933460129094	0.722886458228443
-0.740564231799896	0.452784120644182
-0.943533995463832	0.276571805365432
1.3050782004696	0.824547873287227
0.119980963262918	0.0538242500271638
1.83645064175416	1.20255680724847
0.921576008172099	0.552528958374128
-1.34596633931712	0.491729044914134
1.05996734987123	0.577966932312984
0.120004743026815	0.0538382787021705
1.35557361117231	1.19641977300565
0.598286523308632	0.364998220512253
-1.34624963687459	0.491942491282243
0.921238684730593	0.552324794055389
-0.795473084150557	0.429189025577302
2.45951466304551	1.40053088832648
-0.842217165704752	0.366945966505995
-3.49394311921891	0.936574346211166
0.410032429213935	0.149677489118131
2.23205274979264	1.81956187404016
-0.400279254651867	0.199611151597535
-0.26842377376637	0.13725791720775
1.83611187050588	1.20130334321723
-0.429925595459858	0.243580051469603
-2.1894304441681	1.27005874633258
0.0585357622306114	0.0232335338147792
0.623498793602424	0.352474627314365
-0.976447500426061	0.584153758000454
-0.00285025275782294	0.000970864932132848
-0.0122154413396054	0.00572317029003499
-0.323355916292695	0.132658305502656
0.394076784636599	0.242214048759041
0.0587479747293442	0.0233295790834769
0.36935409343749	0.157893264397153
0.369264043213546	0.157791315274953
-0.84164330581693	0.366637138097607
-1.33197678245378	0.762263841197909
-3.49394311921891	0.936574346211166
0.365465936752018	0.175750334952689
-0.84228614531331	0.36699626824262
2.0441208132209	1.5076784505798
-3.87175460792962	1.24102623022072
0.0587457894570351	0.0233313383669741
-1.110169684093	0.562673512171069
0.772036795135306	0.351439684567354
-0.795475547334051	0.429156033723791
-0.0938482431519809	0.0269330261228933
0.169976433422897	0.0841776092708832
-0.0016157804387986	0.00054955076095408
-0.58178160921078	0.277642461693518
0.20515621128702	0.110408160639295
0.12011077257807	0.0538869679431261
-0.0935556981413233	0.0268478444964544
-1.27863245309779	0.904117251927921
-0.323858166662756	0.132899968306796
-0.00379638529428254	0.00129291390482161
2.18522815081712	1.03171966467941
1.6010510490733	0.907306853764938
0.770731512231836	0.350809203466032
1.81425944574235	0.680329466157843
0.0588162361047195	0.0233573777261437
-0.581854188280408	0.277697073220254
2.68451172544628	1.75309075036544
-0.191771786381164	0.0840715557331775
0.0423581224798044	0.0213887511464096
0.0588184960278527	0.0233556454638202
1.26513804701412	0.354123472590601
-0.842573501506563	0.367295334988531
0.965911738749524	0.364927418987942
-1.3469181289708	0.492217275549371
-3.87136997299018	1.24060932575549
1.81440261708572	0.680176970712483
-0.580244728564168	0.322288315069047
0.120004743026815	0.0538382787021705
-0.431903314845492	0.0980189230129383
0.37857732746465	0.200330201372349
0.365545538878326	0.175812862473331
0.770077356123395	0.350293483548051
-1.6785047704879	1.1534766271046
-0.976365401250023	0.584398859616745
-1.68105833366304	0.744808525742298
1.81411609166176	0.680234581521496
-1.95690074927006	1.00326104207221
-4.18271999665072	1.58906574345964
0.410032429213935	0.149677489118131
-0.00219804389106728	0.000749243310235947
1.83678835771213	1.20249190202203
-0.841930055188795	0.366935621913115
-0.509736421835564	0.18505595748735
-0.795475547334051	0.429156033723791
-1.33191007996814	0.762528663311124
-0.943915148975872	0.276710030090892
-0.843217940971981	0.367607429924714
-2.54816865921517	1.76475683995541
0.369606368030708	0.158007050490895
2.45916267875384	1.40009990624383
-0.976575296838952	0.584360386105283
0.921324434956384	0.5524265305633
1.05980524645418	0.577754859072529
0.411621288426525	0.150241968309121
-0.0942522165733174	0.0270533171061642
0.77079981160721	0.350840110911968
-2.15957055819663	0.366379981847431
1.06005677723729	0.577964964153784
-0.268331253583185	0.137185477385768
-2.06924136840657	1.72493661682302
1.32436602519462	0.631710688508099
-0.00285025275782294	0.000970864932132848
-1.1106194968633	0.562870946942689
0.369516572123014	0.157905173750537
-1.82085118306358	1.34330839953254
-0.32351770392979	0.13279342860992
-1.68044005713324	0.744499058156728
0.23037135469072	0.133496256472984
-2.1887208303269	1.2693702277358
2.04419326660274	1.50855887779828
-0.842573501506563	0.367295334988531
-1.82058715504602	1.34264782504552
1.06021873399349	0.577924233695351
-0.0943429345376615	0.0270782219083277
-0.00291874396302509	0.000991954112497254
-0.0945452117596051	0.0271462991052748
0.369533728475468	0.157989232089938
0.205093833669122	0.110303552765957
-1.9502185502244	1.53504277273395
1.05996734987123	0.577966932312984
-0.174741742456915	0.0913319681136905
-0.191683506242611	0.08409339741583
-0.00314254953332322	0.0010707871322457
-1.33212138337084	0.762307389390523
1.14098542907508	0.779786174713427
-0.191760118441119	0.0840990250517204
1.32343256698575	0.631253155849864
-0.191768903144085	0.0841252697608303
0.378599511099908	0.200427507791295
0.0587479747293442	0.0233295790834769
-0.795139550569359	0.428683773285449
-0.976702890166401	0.584516803880515
0.365377058174033	0.17570635540703
-0.511311621967125	0.185655469546493
-0.944056937240152	0.27675044454811
-1.68070949459512	0.744632683673561
0.668483206398341	0.343935288943319
0.668546851422635	0.343694803261591
-0.174767662366304	0.0913319522982867
-0.79563934189504	0.429120616122865
-0.510665083637769	0.185396417332941
0.668414615793708	0.34385587193997
-1.51824651968381	0.959357860364367
-0.976493244523567	0.584555562455094
-0.26842377376637	0.13725791720775
-0.944056937240152	0.27675044454811
-0.323606841794993	0.132787041663478
1.6010510490733	0.907306853764938
-1.95839986267294	1.00468673041439
0.771384657824967	0.351194621180954
-0.400642140897208	0.199776993016034
0.41039768616025	0.149826752222597
-1.33191007996814	0.762528663311124
-4.18248469877465	1.58872089364964
-0.842573501506563	0.367295334988531
0.89497320652202	0.722890189394456
0.0587457894570351	0.0233313383669741
-1.33184073883393	0.762330697096292
-0.581919931251469	0.277594706556918
0.0587479747293442	0.0233295790834769
0.448768346526961	0.125881279019047
1.05987776781758	0.577885042568082
-3.49394311921891	0.936574346211166
-0.0933542386755156	0.0267801552868843
-1.11095419840965	0.563287274191042
0.380422907612532	0.0704310603762292
-1.68009156842078	0.744218155905003
-1.11095419840965	0.563287274191042
1.60134042861547	0.907439175692279
0.921579245898167	0.552330847616489
-0.400150141167734	0.199526819273677
-0.0940501109524453	0.027000921199425
-0.191760118441119	0.0840990250517204
0.0422401339956056	0.0213241934971351
-1.2789218342897	0.904010808104235
-0.841930055188795	0.366935621913115
-2.3828476805324	1.52465326525564
-0.0940501109524453	0.027000921199425
0.41039768616025	0.149826752222597
-0.323768775804252	0.132906269597143
-0.32393075771785	0.132964596123413
0.598582673007789	0.36530237473833
0.789067188669125	0.543924706508862
0.668408321489857	0.343877341929885
0.41039768616025	0.149826752222597
-0.795473084150557	0.429189025577302
0.205075221343872	0.110332408266124
-0.323339890211829	0.132668745971559
1.47114285477821	1.7647571319712
-1.67813018042513	1.15260118864432
-1.33204907972189	0.762666443275466
-2.18966790174718	1.27012956245085
0.369533728475468	0.157989232089938
-2.97810803897	0.6365223233405
1.0597155655144	0.577756640140593
-0.943675469426376	0.276612084705558
0.789079325953716	0.543893240613633
1.83678835771213	1.20249190202203
-0.84164330581693	0.366637138097607
-0.191677560250301	0.0840866628137423
0.92132134334832	0.552408279546252
0.119875060412801	0.0537756254140837
0.668546851422635	0.343694803261591
0.668410467979929	0.343916625774154
-0.237466530003988	0.139726216746065
-0.581713996592567	0.277573942253515
1.52040088773372	1.08726349047316
0.120216878406035	0.0539296496159934
1.06014605014811	0.577801994511259
0.379126762983442	0.200717512701271
-0.429843797332302	0.243460857863157
0.369606368030708	0.158007050490895
-0.00285025275782294	0.000970864932132848
0.369874827624987	0.158094504412344
-1.11120215275118	0.563348609619044
1.0359237496115	0.753843255594232
-0.795388566123818	0.429111941624914
-0.191515355135744	0.0839848152647417
-0.582063149163661	0.277618064129772
0.770145430120155	0.350454199977507
-1.95778543332321	1.00412011001723
1.10686549110362	0.934129805145059
-1.34529993559724	0.491233145483874
-1.68009156842078	0.744218155905003
-1.51808288186702	0.958634145921888
0.966702252242434	0.36518519072322
0.448768346526961	0.125881279019047
-0.0876742818866323	0.0399207835370522
-1.51857415811462	0.958976291001312
0.956979653769688	0.734369174662345
-1.67982267380833	0.744085031591401
-1.34644190675536	0.492013982411103
1.81358723760514	0.679654979238607
-0.320510826521617	0.185017428733123
0.0588162361047195	0.0233573777261437
-1.33183784740398	0.76195967435052
-0.740372218460723	0.452702879152707
-2.69184553390628	1.99494958116635
0.788952008697734	0.543735380200091
0.623132503431904	0.352217814060037
-0.84128759981306	0.366527746446311
0.771092418292579	0.351048136725648
-0.976470386658705	0.584506017782514
1.20464806149762	0.970319578051898
0.0586730762067555	0.0233010280801353
-0.00190672948753378	0.000649411384947845
-1.95874230208418	1.00497575293314
-0.0938482431519809	0.0269330261228933
0.921407174037824	0.552510092381016
0.0586773454804471	0.0233008804750109
-0.00321092368226869	0.00109246418514769
-0.191426497828664	0.0839488560761054
0.409745117083712	0.149553622921023
-0.581851832882174	0.277688325692166
0.369101416923485	0.157753649363207
0.0587435559436112	0.0233296694197922
-0.0025583228276369	0.000870770923181551
1.05969813871664	0.57740010756271
1.0597155655144	0.577756640140593
1.71218813755133	1.36379252078282
-1.13532229991961	0.741731857047717
0.966408720917092	0.365302103460683
-0.843506268400428	0.367618364064751
-0.400150141167734	0.199526819273677
-0.509736421835564	0.18505595748735
-0.00219804389106728	0.000749243310235947
0.388611278287772	0.222779199110245
-0.400150141167734	0.199526819273677
0.0587457894570351	0.0233313383669741
1.81440261708572	0.680176970712483
0.668414615793708	0.34385587193997
0.369785495549136	0.158102799873415
-0.943675469426376	0.276612084705558
-0.976493244523567	0.584555562455094
-1.110169684093	0.562673512171069
1.83628959712708	1.20186314230777
-1.34644190675536	0.492013982411103
2.45978796099288	1.4008385630572
-0.087441370809686	0.0398097097825643
0.119745583702531	0.0537078184456366
0.365551881767153	0.175771484479818
1.14122070426758	0.780386099658665
-1.5184126903909	0.958749599099798
-0.0123546421621991	0.00578834044022463
-0.323267030849328	0.132664766624666
-1.13555209336582	0.742010647654425
1.81425944574235	0.680329466157843
0.0586730762067555	0.0233010280801353
0.370036862699425	0.158172385562895
0.378516123801615	0.200369826875235
-0.842573501506563	0.367295334988531
0.77079981160721	0.350840110911968
-1.95717194400029	1.00342135116854
-1.67885839139668	0.74297195066748
-1.11037257681918	0.5626800271598
-0.00285025275782294	0.000970864932132848
0.0587501116908756	0.0233223101576952
-0.510381448501776	0.185343391604108
-0.509736421835564	0.18505595748735
-0.323590457207612	0.13278129535799
-0.795306487339825	0.429040562996724
0.369443988447083	0.157954068466191
-4.67322833578469	2.32666976484948
-0.191515355135744	0.0839848152647417
-0.324020247320629	0.133003472761622
0.411621288426525	0.150241968309121
-0.840360593112077	0.365729499864132
-0.191509229873972	0.0839961430022088
0.623392508810783	0.352425458002545
-1.33197678245378	0.762263841197909
0.388565964607091	0.222757123212129
-0.795393581006976	0.428915099435138
-0.471983720538918	0.329803774497151
0.668408321489857	0.343877341929885
-1.13509200338228	0.741083242582269
1.20472995573463	0.970197681019838
-0.323105389306948	0.132498966106549
-1.6784015336866	1.15386732162851
-0.323267030849328	0.132664766624666
-0.841001455818523	0.366229916339387
-1.51800010062331	0.958381636297396
0.449161679976785	0.125968053773896
0.0423982212440437	0.0214062491591895
-0.174680202609227	0.0912873089807233
-0.581784038930277	0.277651257807727
0.369443988447083	0.157954068466191
0.365545538878326	0.175812862473331
-1.51849205749084	0.959097589656331
0.380210454264993	0.0703919958833987
3.40027364600021	0.889720779959611
0.966318185031689	0.365010604318523
1.3240029948815	0.631669573381819
0.771092418292579	0.351048136725648
-1.34644190675536	0.492013982411103
-0.581851832882174	0.277688325692166
0.769783880158024	0.350146471900405
0.771745171623263	0.351293543815406
-3.87175460792962	1.24102623022072
-0.432195795413815	0.0981239072789159
0.380210454264993	0.0703919958833987
-0.324020247320629	0.133003472761622
0.365545538878326	0.175812862473331
0.449161679976785	0.125968053773896
-0.509092334450104	0.184719564498054
-1.11045946877855	0.562965619456525
0.0586045725612464	0.0232714078261316
0.365628314361187	0.175832958137699
2.18416117096455	1.03036946391726
0.966611652025928	0.36540950209132
0.623498793602424	0.352474627314365
0.410110611034653	0.149654308557587
-0.976957468435797	0.584685575036545
1.60011277032147	0.906043996244228
-1.27892979719854	0.904273659674969
1.50442489963283	1.26732282797632
3.38217876965727	3.19983683394747
-0.84164330581693	0.366637138097607
-0.430108391884236	0.24361299420202
-1.110169684093	0.562673512171069
0.668410467979929	0.343916625774154
-2.18919336135836	1.26985540555962
-1.110169684093	0.562673512171069
1.83645064175416	1.20255680724847
0.410319402185388	0.149749375016411
-0.943675469426376	0.276612084705558
0.410684422475736	0.149950448704565
0.966115081639169	0.36503491384216
-1.34644190675536	0.492013982411103
3.94875088346	1.35346277181599
0.668478812223091	0.34390323454053
1.81373109310973	0.679980770809146
0.36935409343749	0.157893264397153
-1.34624963687459	0.491942491282243
0.365548699035189	0.175813952012173
-0.00314254953332322	0.0010707871322457
-0.508810168966331	0.184537952872337
-1.3454914250033	0.491304137870213
-0.509736421835564	0.18505595748735
-1.68070949459512	0.744632683673561
0.76985183637711	0.350147643346418
-0.0947477274635641	0.0271987917649854
0.62326240290656	0.352345581752505
-0.174628515728416	0.0913006915587617
1.33420451960828	1.01921230707526
-1.04544624457929	0.878646931198408
-1.40915427760603	1.06836268604137
2.04419782477277	1.50795561933007
1.10706107947149	0.935851350786674
0.120028551647769	0.0538416400422945
0.448916154342392	0.125894423720526
-0.509092334450104	0.184719564498054
-0.00125614142680821	0.000428435382610242
-0.400326091384667	0.199507059271734
0.365711136771531	0.175812385426095
-5.31534761533194	3.52062447540638
-0.191765997402019	0.0841406045300469
-5.03535200844878	2.98124040940675
-0.191677560250301	0.0840866628137423
-0.1915979731707	0.0840529792646734
0.36935409343749	0.157893264397153
0.388565964607091	0.222757123212129
-0.0940501109524453	0.027000921199425
0.771092418292579	0.351048136725648
-1.11045946877855	0.562965619456525
0.668414615793708	0.34385587193997
0.369696009095169	0.158067754520311
1.83653917569843	1.20275414765063
0.365542401306716	0.175768098348355
0.921569600337141	0.552203427468237
0.0588162361047195	0.0233573777261437
-0.323858166662756	0.132899968306796
1.26543271121499	0.354100739436288
0.369443988447083	0.157954068466191
-4.67292359976876	2.32628539132295
0.0586730762067555	0.0233010280801353
-0.0875247626795585	0.0398554643821223
0.448374456830095	0.125721295027461
-2.18849768933776	1.26878837768738
0.170291083855716	0.0843143691116887
0.410684422475736	0.149950448704565
0.578107067469611	0.376473508055591
-0.581713996592567	0.277573942253515
0.668551491075725	0.343862785069857
1.05987776781758	0.577885042568082
1.06030790835729	0.577922126313517
0.365380128458397	0.175707559308492
-0.580349831282464	0.322341566730602
0.120004743026815	0.0538382787021705
1.83671578232145	1.2026905210236
0.170170551402025	0.0842873863496133
-0.32342872014596	0.132754800981013
0.365380128458397	0.175707559308492
-2.18966790174718	1.27012956245085
0.449309162014442	0.125981085204417
0.410762802117404	0.149874894878293
2.18464295327046	1.03080746652125
0.966702252242434	0.36518519072322
-0.795221755124498	0.428924725702898
-1.67852612172773	1.153971021526
0.230489218546085	0.133657096820458
0.170078037123426	0.0842362332696313
0.365542401306716	0.175768098348355
0.16978275306891	0.0840522260004463
-0.795473084150557	0.429189025577302
-0.943533995463832	0.276571805365432
0.365380128458397	0.175707559308492
-0.00154684176698365	0.000527981901671777
0.623074112881443	0.352004927777901
-0.510381448501776	0.185343391604108
-0.400747339760967	0.199770728173119
-0.324020247320629	0.133003472761622
1.60140883922882	0.907211457837158
1.32343256698575	0.631253155849864
-0.0945452117596051	0.0271462991052748
1.81425944574235	0.680329466157843
0.365631508218467	0.175855733280783
1.8369644622634	1.20242799259416
-0.576599541993993	0.435245555034487
0.0836630257944755	0.0456998860728288
0.378621720444965	0.200461497743518
2.18455232731688	1.03120713248554
0.365634724659639	0.175835138801182
0.369785495549136	0.158102799873415
1.32371794960321	0.631519863553089
-0.84228614531331	0.36699626824262
-0.400150141167734	0.199526819273677
0.921407174037824	0.552510092381016
-0.575306066526481	0.357587683954408
1.05987776781758	0.577885042568082
-0.174573431544604	0.0912716571979923
-1.13712050284854	0.878484138176767
-0.581784038930277	0.277651257807727
-0.0940501109524453	0.027000921199425
1.20518203398711	0.970599872502992
1.05987776781758	0.577885042568082
-0.323679539396547	0.132867515469766
0.448768346526961	0.125881279019047
-0.00125614142680821	0.000428435382610242
-1.33191294548162	0.762213136261659
0.771676530772431	0.351236854098783
0.170078037123426	0.0842362332696313
-1.33197952685661	0.762634981562714
-0.191765997402019	0.0841406045300469
0.16998558631475	0.0841768411984164
-0.00314254953332322	0.0010707871322457
0.369101416923485	0.157753649363207
-0.0025583228276369	0.000870770923181551
0.410970820517796	0.150022055679717
0.410032429213935	0.149677489118131
1.26513804701412	0.354123472590601
3.94894064328705	1.35405401302548
2.18455232731688	1.03120713248554
-0.323178299118294	0.132626269521487
0.668341817602373	0.343821264073672
1.03591449475179	0.753942920815292
1.30500783274078	0.824827623389173
-0.58178160921078	0.277642461693518
-0.511959105366482	0.1858685654012
1.60140883922882	0.907211457837158
-1.13544780775655	0.74188588614203
-1.51840982581887	0.959105734342332
-2.18909800438184	1.26985288518349
3.94894064328705	1.35405401302548
1.26500673553769	0.353978706387524
-0.0945452117596051	0.0271462991052748
0.966408720917092	0.365302103460683
3.94884571067509	1.35400422797059
4.34637201064709	1.83847221997542
1.60047119601252	0.906629847858136
0.0587479747293442	0.0233295790834769
1.81411609166176	0.680234581521496
0.120004743026815	0.0538382787021705
-0.400173652945427	0.199527805530166
-1.95874230208418	1.00497575293314
0.966611652025928	0.36540950209132
0.380320694909218	0.0704134220050887
1.3240029948815	0.631669573381819
0.119745583702531	0.0537078184456366
1.30500783274078	0.824827623389173
0.120004743026815	0.0538382787021705
0.369191566451795	0.1578145382159
-0.943294534422372	0.276384110213292
0.448768346526961	0.125881279019047
0.966611652025928	0.36540950209132
0.966408720917092	0.365302103460683
1.5048044565309	1.26751412482029
-1.9590152341516	1.00513822787385
-0.510743547432265	0.185419327634832
0.770731512231836	0.350809203466032
-0.943153373833844	0.276343967898066
0.369443988447083	0.157954068466191
0.448768346526961	0.125881279019047
-1.3454914250033	0.491304137870213
1.26530101460634	0.354164747749272
-1.51816553129795	0.95879786564237
-0.84228614531331	0.36699626824262
-0.00291874396302509	0.000991954112497254
0.448768346526961	0.125881279019047
-0.841930055188795	0.366935621913115
0.449161679976785	0.125968053773896
0.410684422475736	0.149950448704565
-0.581784038930277	0.277651257807727
-0.0025583228276369	0.000870770923181551
-0.268635789011379	0.137364741335883
-0.400513563075863	0.199729099262418
-0.510665083637769	0.185396417332941
-2.15957055819663	0.366379981847431
-0.0947477274635641	0.0271987917649854
1.81411609166176	0.680234581521496
-0.0947477274635641	0.0271987917649854
-0.00350347060307062	0.00119280760914839
-0.943294534422372	0.276384110213292
0.967107531644394	0.365522841211782
1.81411609166176	0.680234581521496
-0.432065091510874	0.0980880150069608
1.81411609166176	0.680234581521496
-0.944056937240152	0.27675044454811
1.30493518989809	0.824586536199374
-0.00154684176698365	0.000527981901671777
1.81425944574235	0.680329466157843
0.966611652025928	0.36540950209132
-1.34644190675536	0.492013982411103
-1.95690074927006	1.00326104207221
0.369191566451795	0.1578145382159
-1.34644190675536	0.492013982411103
1.26513804701412	0.354123472590601
1.26513804701412	0.354123472590601
-0.0943429345376615	0.0270782219083277
-0.432195795413815	0.0981239072789159
-4.67292359976876	2.32628539132295
-0.509374833429822	0.184772228694338
0.369281560627773	0.157849816719288
0.448768346526961	0.125881279019047
-2.54801369606555	1.76433535194584
1.60069311904779	0.906447303544458
-3.49399226331735	0.93632805156968
1.3240029948815	0.631669573381819
0.41039768616025	0.149826752222597
-0.943675469426376	0.276612084705558
-0.0935556981413233	0.0268478444964544
0.448768346526961	0.125881279019047
-0.0945452117596051	0.0271462991052748
-0.795470598735211	0.429005412207795
1.8140182535977	0.679923493619259
0.770731512231836	0.350809203466032
-0.47198436334829	0.329855394093538
-2.97808087817367	0.636313612875542
0.448768346526961	0.125881279019047
-0.432356925502191	0.0981422305445414
-0.323858166662756	0.132899968306796
-1.68009156842078	0.744218155905003
-0.740171003604891	0.45253026277676
0.92132134334832	0.552408279546252
2.6834032063741	1.75158764605389
0.120323060599792	0.0539609961344996
0.41039768616025	0.149826752222597
-0.943915148975872	0.276710030090892
1.60076130506037	0.907036493899438
-1.11045946877855	0.562965619456525
0.844152537341915	0.546273411772544
0.770438655215179	0.350662431796396
1.32436602519462	0.631710688508099
1.81397255452155	0.67990876897634
-0.32351770392979	0.13279342860992
-0.0937573947672997	0.0269001333240843
-0.0942522165733174	0.0270533171061642
-0.943533995463832	0.276571805365432
0.369785495549136	0.158102799873415
-0.00219804389106728	0.000749243310235947
-1.82013583003519	1.34165367180513
0.169976433422897	0.0841776092708832
0.409091592525933	0.149231863416538
0.448916154342392	0.125894423720526
-0.00125614142680821	0.000428435382610242
-0.32393075771785	0.132964596123413
0.369443988447083	0.157954068466191
-1.68044005713324	0.744499058156728
1.26513804701412	0.354123472590601
0.380422907612532	0.0704310603762292
1.3233545451629	0.630955343798237
1.60169797164515	0.907481324222691
0.409457465256804	0.149381108415224
-0.943915148975872	0.276710030090892
0.668408321489857	0.343877341929885
-2.15957055819663	0.366379981847431
0.966905011225973	0.365415640853152
1.30494154685251	0.824683815140182
0.380312469431308	0.0704095999128823
-2.97810803897	0.6365223233405
1.60111934269334	0.906805351634796
0.770731512231836	0.350809203466032
-0.431903314845492	0.0980189230129383
1.26526949992653	0.35405939751203
-0.00321092368226869	0.00109246418514769
0.770731512231836	0.350809203466032
0.772036795135306	0.351439684567354
-1.3469181289708	0.492217275549371
-0.510665083637769	0.185396417332941
0.668270960666929	0.343634396260565
-0.511311621967125	0.185655469546493
-0.400255793183877	0.199576929984158
-1.95690074927006	1.00326104207221
-1.33197952685661	0.762634981562714
-0.191512303756222	0.0840051241110584
3.40034954748204	0.88949631152943
-0.509092334450104	0.184719564498054
0.449161679976785	0.125968053773896
1.32306892716298	0.63080538121321
0.966408720917092	0.365302103460683
0.449014010846396	0.125882321374697
-1.34644190675536	0.492013982411103
1.83620081103178	1.20166581977859
-0.581851832882174	0.277688325692166
1.05980524645418	0.577754859072529
1.14145651481394	0.780640318755813
0.0585357622306114	0.0232335338147792
4.34629070750669	1.83849509413068
1.26543271121499	0.354100739436288
-0.842573501506563	0.367295334988531
0.771453181882331	0.351085847175968
-0.35950499507081	0.231230783576538
-1.11070663736419	0.563156850939472
1.26500673553769	0.353978706387524
0.771453181882331	0.351085847175968
1.60134042861547	0.907439175692279
2.45916267875384	1.40009990624383
1.26513804701412	0.354123472590601
3.94894064328705	1.35405401302548
-0.943294534422372	0.276384110213292
0.380422907612532	0.0704310603762292
1.6010510490733	0.907306853764938
0.365800551476186	0.175897140276846
-0.432065091510874	0.0980880150069608
2.18474755802806	1.031281860151
-1.6786292362247	1.15358014863109
-0.400513563075863	0.199729099262418
1.83662755581056	1.20280584359077
0.843839037316713	0.54580815424058
-0.0874192319868208	0.0398048854826958
0.378516123801615	0.200369826875235
-0.32342872014596	0.132754800981013
0.448768346526961	0.125881279019047
-0.323267030849328	0.132664766624666
-2.18887464496301	1.26943367833825
0.449014010846396	0.125882321374697
-0.191512303756222	0.0840051241110584
-1.11095419840965	0.563287274191042
1.18740021135562	1.28827513344809
-0.795473084150557	0.429189025577302
-1.3469181289708	0.492217275549371
0.365462810263777	0.175771126538925
-0.510665083637769	0.185396417332941
-0.510743547432265	0.185419327634832
-1.68070949459512	0.744632683673561
0.449014010846396	0.125882321374697
-0.432195795413815	0.0981239072789159
-0.00321092368226869	0.00109246418514769
-3.87136997299018	1.24060932575549
0.966905011225973	0.365415640853152
1.26526949992653	0.35405939751203
-1.9590152341516	1.00513822787385
-0.432226462476801	0.0981064105603881
-0.510381448501776	0.185343391604108
1.26516945989015	0.354019901622356
0.770731512231836	0.350809203466032
1.81373109310973	0.679980770809146
0.448768346526961	0.125881279019047
1.60047119601252	0.906629847858136
1.20484480287447	0.970839273891237
-1.68009156842078	0.744218155905003
-0.429994928475187	0.243602180977508
0.745393530540733	0.543722108365821
-0.430064216872108	0.243565519688309
0.92132134334832	0.552408279546252
-0.0874805031146157	0.0398112800120509
-0.976598104893979	0.584662631574268
1.32465049916257	0.631860044369222
4.64065634851954	2.33949411959792
-0.0945452117596051	0.0271462991052748
-3.87136997299018	1.24060932575549
-3.87175460792962	1.24102623022072
-1.51816553129795	0.95879786564237
0.365714364360966	0.175875869700692
-0.0496755348028971	0.0271594987077226
0.365548699035189	0.175813952012173
-0.707483167259965	0.478381265464696
0.668549195290391	0.343823452293786
0.0588841927425728	0.0233766371160128
0.448916154342392	0.125894423720526
0.769783880158024	0.350146471900405
-0.324020247320629	0.133003472761622
-1.13555209336582	0.742010647654425
-1.95812751109893	1.00452497119926
1.60040312737798	0.906314534082061
0.448620351049491	0.125795452528351
-0.0940501109524453	0.027000921199425
-0.43203426040785	0.0980548642108346
-0.944056937240152	0.27675044454811
-0.0875026457018197	0.0398390244357153
-0.00190672948753378	0.000649411384947845
1.06005677723729	0.577964964153784
-0.432065091510874	0.0980880150069608
-1.3454914250033	0.491304137870213
-0.191765997402019	0.0841406045300469
0.369191566451795	0.1578145382159
-4.67261933866694	2.32564504003048
0.409745117083712	0.149553622921023
-0.843506268400428	0.367618364064751
-0.581926773938707	0.277615561483504
-1.24909929893789	1.03200134474842
-0.509736421835564	0.18505595748735
-0.0873848714595538	0.0397782837000225
0.59876817292181	0.365396418954223
-0.575302897931052	0.357517752740987
-0.323178299118294	0.132626269521487
-1.68105833366304	0.744808525742298
-0.0025583228276369	0.000870770923181551
0.965911738749524	0.364927418987942
0.448916154342392	0.125894423720526
-2.97813504586116	0.636375479740286
1.0596257295169	0.577674605165275
-0.0938482431519809	0.0269330261228933
-1.3457744601924	0.491657802566864
-1.27874783789846	0.903622715027202
-0.00321092368226869	0.00109246418514769
0.0587435559436112	0.0233296694197922
-0.795473084150557	0.429189025577302
-0.191765997402019	0.0841406045300469
0.378919403595689	0.200601275587499
1.26530101460634	0.354164747749272
-0.32351770392979	0.13279342860992
-0.0940501109524453	0.027000921199425
0.62326240290656	0.352345581752505
2.0442633357476	1.50797432904454
0.410762802117404	0.149874894878293
-0.510381448501776	0.185343391604108
-0.508810168966331	0.184537952872337
0.668483206398341	0.343935288943319
0.369785495549136	0.158102799873415
0.369533728475468	0.157989232089938
-1.13521782225333	0.741292508213611
1.32363982547823	0.630907016675196
-0.19168054449394	0.0841002189352164
-0.580371561309725	0.322378988803852
-0.191594955374977	0.0840523906515105
0.771092418292579	0.351048136725648
-1.67947453471549	0.743697622879227
-0.40012660067552	0.199476376007637
0.966905011225973	0.365415640853152
-0.510381448501776	0.185343391604108
-1.51832895997772	0.959438617553198
0.623368560595867	0.352394665675771
0.41039768616025	0.149826752222597
-1.11037257681918	0.5626800271598
0.365545538878326	0.175812862473331
0.365631508218467	0.175855733280783
-0.191848441999651	0.0841748012731843
-0.323679539396547	0.132867515469766
-0.323339890211829	0.132668745971559
2.51745335481821	0.48935777819513
0.771092418292579	0.351048136725648
0.0587479747293442	0.0233295790834769
-0.841574104040948	0.366537844891767
1.3240029948815	0.631669573381819
0.41039768616025	0.149826752222597
1.30493947629717	0.824751306985012
-4.18248469877465	1.58872089364964
-0.509453689852966	0.184873844488885
-0.432356925502191	0.0981422305445414
-0.841001455818523	0.366229916339387
0.365383221309839	0.175644838187833
0.378621720444965	0.200461497743518
-0.191851314271925	0.0841724378088938
-0.00321092368226869	0.00109246418514769
1.33410154336501	1.01867194709115
0.668485331028372	0.343881888339176
0.378744180687792	0.200540698956173
-0.00226675917502309	0.000770578967515132
0.119769233618733	0.0537209607675883
-1.3457744601924	0.491657802566864
-1.11095419840965	0.563287274191042
0.120086942258199	0.0538668745057729
1.83662755581056	1.20280584359077
0.770438655215179	0.350662431796396
0.378599511099908	0.200427507791295
0.365551881767153	0.175771484479818
0.170355770620737	0.0843670955703796
0.170263129213505	0.0843313417776692
-2.38278396490241	1.52453549315549
1.05978803084369	0.577720231178301
-0.00125614142680821	0.000428435382610242
0.77079981160721	0.350840110911968
-0.511674328431835	0.185815121044678
-0.58022292583536	0.322227384173889
1.03619257372466	0.754073805053677
-1.82062649121245	1.3425298079602
-0.191765997402019	0.0841406045300469
-1.40927863953749	1.06900153922817
-1.40952647915305	1.0686125934894
0.369874827624987	0.158094504412344
-1.68070949459512	0.744632683673561
-0.943294534422372	0.276384110213292
0.365462810263777	0.175771126538925
1.05996734987123	0.577966932312984
2.45916267875384	1.40009990624383
1.81373109310973	0.679980770809146
0.409745117083712	0.149553622921023
-0.400536866605911	0.1997271130363
0.668478812223091	0.34390323454053
-1.68044005713324	0.744499058156728
-1.40947120398202	1.06872259329966
-1.6786505111417	1.15397171771567
0.380210454264993	0.0703919958833987
0.448768346526961	0.125881279019047
0.771384657824967	0.351194621180954
0.119745583702531	0.0537078184456366
-0.40012660067552	0.199476376007637
1.88376090667841	1.64383819775375
0.0586794075255289	0.0232935922046704
0.0586773454804471	0.0233008804750109
-1.11000712185328	0.562333501617952
-0.0940501109524453	0.027000921199425
0.119792912398409	0.0537171957567857
0.0587412742586255	0.023322231337089
0.365380128458397	0.175707559308492
0.59860138075405	0.365128279618709
-0.400431516798051	0.199643913265594
1.81373109310973	0.679980770809146
0.668481033440034	0.343942560095741
0.119510738475456	0.053574817899462
-0.268736968540693	0.137402640890095
0.843922430318822	0.545806582412932
-0.400302687392056	0.199595859940072
0.379044329487515	0.200678939785108
-0.19168054449394	0.0841002189352164
-3.87175460792962	1.24102623022072
-1.52964991718701	1.23811322137307
2.45951466304551	1.40053088832648
-1.2786405784213	0.904106788970841
0.448522591387813	0.125734578837285
1.8140182535977	0.679923493619259
-1.01640400172687	0.730985410159847
1.60111934269334	0.906805351634796
-1.6784015336866	1.15386732162851
-0.943915148975872	0.276710030090892
-0.432195795413815	0.0981239072789159
4.64065634851954	2.33949411959792
-1.33218850427308	0.762488652736134
-0.510381448501776	0.185343391604108
1.3240029948815	0.631669573381819
-0.0938482431519809	0.0269330261228933
-0.00291874396302509	0.000991954112497254
0.598499320946426	0.365122738899988
-0.842573501506563	0.367295334988531
-2.18958572887166	1.27014049646167
-0.740171003604891	0.45253026277676
-0.191686445486513	0.084057163485459
0.668412566104476	0.343909313552279
1.32371794960321	0.631519863553089
-0.00190672948753378	0.000649411384947845
-0.943675469426376	0.276612084705558
1.30500783274078	0.824827623389173
-0.84164330581693	0.366637138097607
1.30486677389029	0.824261948053604
-1.51849205749084	0.959097589656331
-0.191677560250301	0.0840866628137423
1.05996734987123	0.577966932312984
-0.191763069164488	0.0841344545583103
-1.34529993559724	0.491233145483874
-3.49389380223668	0.936490312260041
0.378847621753956	0.200589252322247
-1.11095419840965	0.563287274191042
-0.943153373833844	0.276343967898066
2.18455232731688	1.03120713248554
0.378727390829471	0.200531723202199
-0.844152313843166	0.367841106023365
0.365717614542968	0.17587696046062
-1.82038153549035	1.34229056866581
-1.27902068358659	0.903992503803145
0.388693203120202	0.222849389931697
1.83662755581056	1.20280584359077
0.844163062994518	0.546224354744882
-0.00321092368226869	0.00109246418514769
-0.0942522165733174	0.0270533171061642
-1.34672546729487	0.492145538677293
0.380210454264993	0.0703919958833987
0.409379481895826	0.149355853828265
-0.580016262315733	0.322066841910722
-0.843217940971981	0.367607429924714
-1.68044005713324	0.744499058156728
-0.84128759981306	0.366527746446311
0.369785495549136	0.158102799873415
1.3240029948815	0.631669573381819
0.0587435559436112	0.0233296694197922
-0.0938482431519809	0.0269330261228933
0.409379481895826	0.149355853828265
0.448916154342392	0.125894423720526
0.771092418292579	0.351048136725648
-1.01640893026767	0.73117760288339
-3.87136997299018	1.24060932575549
0.120158519787718	0.0538946236082236
3.40027364600021	0.889720779959611
-1.95874230208418	1.00497575293314
1.30494356888525	0.824508049490796
-0.84164330581693	0.366637138097607
-1.67827674680171	1.1536712482776
1.06021873399349	0.577924233695351
-1.1106194968633	0.562870946942689
-0.509374833429822	0.184772228694338
-1.11079392999874	0.562961892534568
0.365548699035189	0.175813952012173
-0.943153373833844	0.276343967898066
-5.03530321815185	2.98127000069231
0.771384657824967	0.351194621180954
-1.34672546729487	0.492145538677293
-0.094838314568156	0.0272162507740394
-3.87175460792962	1.24102623022072
0.668339794470315	0.343828614069647
0.0587479747293442	0.0233295790834769
-1.51849344669075	0.959309113368757
0.844639200034613	0.546374288133079
-0.0873025425552024	0.039747500646423
-0.0943429345376615	0.0270782219083277
1.05980524645418	0.577754859072529
-1.33190726197346	0.762157524770616
0.369696009095169	0.158067754520311
-0.84228614531331	0.36699626824262
0.119922547764117	0.0537752158563234
1.32436602519462	0.631710688508099
0.44822613403937	0.125635469819146
0.365631508218467	0.175855733280783
0.410032429213935	0.149677489118131
0.369533728475468	0.157989232089938
-0.432195795413815	0.0981239072789159
0.448768346526961	0.125881279019047
-0.00291874396302509	0.000991954112497254
0.410032429213935	0.149677489118131
0.410032429213935	0.149677489118131
-2.18919336135836	1.26985540555962
-1.27892979719854	0.904273659674969
-1.13555209336582	0.742010647654425
-0.581713996592567	0.277573942253515
-3.87136997299018	1.24060932575549
0.365465936752018	0.175750334952689
-1.33204907972189	0.762666443275466
-4.44707690346989	1.97353179545804
-0.510381448501776	0.185343391604108
-0.943533995463832	0.276571805365432
-2.18909800438184	1.26985288518349
2.68305678596785	1.75141636746217
0.370036862699425	0.158172385562895
1.83637822902329	1.20191504598454
0.668414615793708	0.34385587193997
0.770438655215179	0.350662431796396
-0.842573501506563	0.367295334988531
1.26513804701412	0.354123472590601
0.230488467651288	0.133653113546507
-4.44677420306517	1.97310826239175
-0.841930055188795	0.366935621913115
-0.191600968462381	0.0840252559426154
0.966408720917092	0.365302103460683
1.60140883922882	0.907211457837158
0.0586045725612464	0.0232714078261316
1.03591449475179	0.753942920815292
0.0587435559436112	0.0233296694197922
1.60047119601252	0.906629847858136
1.05978803084369	0.577720231178301
0.378283084565761	0.200130222763872
-1.13569824977844	0.742021850109875
1.60076130506037	0.907036493899438
-1.95690074927006	1.00326104207221
-1.3457744601924	0.491657802566864
0.411621288426525	0.150241968309121
0.668476542817116	0.34377452045272
0.0587457894570351	0.0233313383669741
1.06005677723729	0.577964964153784
0.0586024886115801	0.0232698011409825
-1.51808124437622	0.958941346621866
-2.06909253851883	1.72482900681441
0.369785495549136	0.158102799873415
-0.508810168966331	0.184537952872337
1.33439007914414	1.01918869315137
-4.18248469877465	1.58872089364964
-0.7400701483229	0.452397258194513
1.20485702201356	0.970720282769377
-0.795475547334051	0.429156033723791
0.0586730762067555	0.0233010280801353
-0.510019488188717	0.185108792567341
-0.0122850641813574	0.0057559911383436
-0.32342872014596	0.132754800981013
-0.707521172971948	0.478490781085457
-0.322762874577657	0.132345577234525
0.369947629246914	0.158137464148818
1.83661163929862	1.20193259965012
-1.11095419840965	0.563287274191042
0.409745117083712	0.149553622921023
0.771024001739316	0.350851866827174
1.05980524645418	0.577754859072529
-1.68070949459512	0.744632683673561
0.967107531644394	0.365522841211782
-2.3828476805324	1.52465326525564
-1.67982267380833	0.744085031591401
-0.400513563075863	0.199729099262418
-2.38285146634582	1.52477404740462
-0.0943429345376615	0.0270782219083277
-1.11086680880368	0.563001129089156
1.14137421358343	0.780410094648711
0.966905011225973	0.365415640853152
0.378744180687792	0.200540698956173
-0.400408163058232	0.199679139220261
0.771384657824967	0.351194621180954
0.369281560627773	0.157849816719288
-0.0876522636543796	0.0399151556854039
-0.976388308966963	0.584207226036347
-1.34672546729487	0.492145538677293
0.770731512231836	0.350809203466032
0.205241089187748	0.110449762702166
-4.44677420306517	1.97310826239175
1.32306892716298	0.63080538121321
0.380210454264993	0.0703919958833987
1.26526949992653	0.35405939751203
-0.509453689852966	0.184873844488885
-0.84228614531331	0.36699626824262
-2.1887208303269	1.2693702277358
-0.581856591724575	0.277597221348804
0.12034702103488	0.0539879293877707
0.966205550579862	0.365071432394427
0.623368560595867	0.352394665675771
-0.32393075771785	0.132964596123413
2.18503331597268	1.03164513819189
-1.68009156842078	0.744218155905003
-1.3457744601924	0.491657802566864
1.32314684649437	0.630799625151628
0.789194873519341	0.543959116050008
-0.323679539396547	0.132867515469766
0.623392508810783	0.352425458002545
0.120028551647769	0.0538416400422945
-0.26842377376637	0.13725791720775
2.04426571351631	1.50777232167954
1.32436602519462	0.631710688508099
-2.18919336135836	1.26985540555962
-0.323768775804252	0.132906269597143
1.26530101460634	0.354164747749272
0.0588184960278527	0.0233556454638202
3.22897937000465	2.83754904659491
-1.2786405784213	0.904106788970841
0.448916154342392	0.125894423720526
-2.1887208303269	1.2693702277358
0.921410321822283	0.552421724487917
-0.795557467610568	0.429227305973378
0.410319402185388	0.149749375016411
-0.191594955374977	0.0840523906515105
-0.0940501109524453	0.027000921199425
-0.57541883118866	0.357577733034769
-0.79555987545679	0.429146870875061
-0.0016157804387986	0.00054955076095408
-0.5801177025606	0.32217404700399
0.0587479747293442	0.0233295790834769
0.378837053043127	0.200602993253842
0.0836937122363792	0.0457231254747843
1.81440261708572	0.680176970712483
-0.400173652945427	0.199527805530166
2.45888883101856	1.39979200466812
-0.795557467610568	0.429227305973378
0.120371010324869	0.0539982926783083
-0.320510826521617	0.185017428733123
-0.510098148612271	0.185160854762058
0.410684422475736	0.149950448704565
0.409745117083712	0.149553622921023
-0.432195795413815	0.0981239072789159
-5.03540086955755	2.98094179296887
1.81387476499941	0.680075755177531
0.668408321489857	0.343877341929885
-2.3828476805324	1.52465326525564
-0.581644061042793	0.277431750599211
-0.941328343613218	0.739838356347261
0.967107531644394	0.365522841211782
-0.581711492709736	0.277565100121143
1.32428770335431	0.631620596039885
0.668408321489857	0.343877341929885
0.365377058174033	0.17570635540703
-0.174518314964367	0.0912348516528442
0.365542401306716	0.175768098348355
0.0835484907641012	0.0456268146187694
-0.795306487339825	0.429040562996724
0.623286300486041	0.352340568865308
1.33419418172466	1.01870696505761
0.205296443575086	0.110471969951527
1.32371794960321	0.631519863553089
0.668272859997872	0.343580967124395
-0.00291874396302509	0.000991954112497254
-0.944056937240152	0.27675044454811
0.365291442592988	0.175599214813201
-0.432065091510874	0.0980880150069608
0.449309162014442	0.125981085204417
-1.13580229711503	0.742146362661845
-0.509453689852966	0.184873844488885
-1.34596633931712	0.491729044914134
0.369191566451795	0.1578145382159
0.623132503431904	0.352217814060037
0.623440491789642	0.352191734878654
-0.323178299118294	0.132626269521487
0.668410467979929	0.343916625774154
0.388484090009371	0.222665206631935
-1.110169684093	0.562673512171069
-0.00285025275782294	0.000970864932132848
-0.399809037600483	0.199205729438335
-5.03530321815185	2.98127000069231
0.369606368030708	0.158007050490895
-0.399938609312184	0.199306405863636
-0.0123423441710936	0.00578321495826335
-0.0123300335252873	0.00577717266429914
1.5204805302589	1.08698968363812
1.14111481814916	0.780226580309296
-0.581713996592567	0.277573942253515
0.378493961987734	0.200357375434109
-0.323590457207612	0.13278129535799
-1.33204907972189	0.762666443275466
0.921410321822283	0.552421724487917
0.966115081639169	0.36503491384216
-1.3457744601924	0.491657802566864
0.365717614542968	0.17587696046062
-0.400326091384667	0.199507059271734
-1.34672546729487	0.492145538677293
1.03033732039671	0.912314939032483
-1.1355310372283	0.74165193188041
-1.11000712185328	0.562333501617952
-1.68044005713324	0.744499058156728
0.0587435559436112	0.0233296694197922
0.77079981160721	0.350840110911968
-1.01646123753217	0.731064850879657
0.204957875757937	0.110242653561059
1.0362207687271	0.753731339120052
0.170179807255207	0.0842887264509299
0.170476674244241	0.0844252521338301
0.378661856427072	0.20037749397806
0.365548699035189	0.175813952012173
0.369947629246914	0.158137464148818
1.88346389220981	1.64282208201256
-0.509374833429822	0.184772228694338
2.18464295327046	1.03080746652125
-1.67982267380833	0.744085031591401
2.6834032063741	1.75158764605389
-0.575276993342195	0.357560747477759
-0.432356925502191	0.0981422305445414
0.62326240290656	0.352345581752505
0.369443988447083	0.157954068466191
-0.191848441999651	0.0841748012731843
0.410319402185388	0.149749375016411
0.921324434956384	0.5524265305633
-0.268525347797909	0.137326910041535
-0.581926773938707	0.277615561483504
-4.67261933866694	2.32564504003048
0.380312469431308	0.0704095999128823
0.449309162014442	0.125981085204417
-0.795391084685964	0.429117695674088
1.32278297094327	0.630538650677177
1.59982204731319	0.905637435218337
0.921489960026533	0.552533647137428
-0.841930055188795	0.366935621913115
1.52015070189972	1.08699171306418
0.380320694909218	0.0704134220050887
0.409379481895826	0.149355853828265
2.18522815081712	1.03171966467941
0.59856405223488	0.365185921295606
-1.5295359744736	1.23814626760269
1.06005677723729	0.577964964153784
-0.400384780578106	0.19966118834964
0.844049245470728	0.54612619942835
-0.191851314271925	0.0841724378088938
-0.976493244523567	0.584555562455094
-0.943915148975872	0.276710030090892
-0.400618887533942	0.199722915320189
-1.11037257681918	0.5626800271598
-0.0025583228276369	0.000870770923181551
-0.581854188280408	0.277697073220254
-1.33191007996814	0.762528663311124
-0.00350347060307062	0.00119280760914839
-0.841001455818523	0.366229916339387
-0.323768775804252	0.132906269597143
2.04419326660274	1.50855887779828
0.16969057331288	0.0839760721889887
-1.67842293364952	1.15326249437505
-0.00226675917502309	0.000770578967515132
-0.104318795135885	0.0558015566425405
1.32493463720302	0.631810743637219
0.369371399684674	0.157841839700907
-1.95778543332321	1.00412011001723
1.60140883922882	0.907211457837158
0.771092418292579	0.351048136725648
2.18503331597268	1.03164513819189
-2.38298677712539	1.52480996919281
2.18455232731688	1.03120713248554
-0.795391084685964	0.429117695674088
0.92149314149832	0.552505338452732
-0.191930840094509	0.084187060728103
1.05937328956294	0.577228568677455
4.34637201064709	1.83847221997542
-3.87136997299018	1.24060932575549
0.668555938121203	0.343802243018554
-4.67261933866694	2.32564504003048
-1.51808124437622	0.958941346621866
-0.00154684176698365	0.000527981901671777
-0.00321092368226869	0.00109246418514769
2.18503331597268	1.03164513819189
1.81425944574235	0.680329466157843
-0.32342872014596	0.132754800981013
0.058820707747059	0.0233483982594972
1.52031837389016	1.08720177898495
0.380312469431308	0.0704095999128823
0.448374456830095	0.125721295027461
1.60076130506037	0.907036493899438
0.745353007153523	0.543706231076692
-3.49394311921891	0.936574346211166
-0.509453689852966	0.184873844488885
1.32493463720302	0.631810743637219
-1.13521782225333	0.741292508213611
-1.67947453471549	0.743697622879227
-1.11079392999874	0.562961892534568
1.05946338007628	0.577310701954974
1.65618386390765	1.51922594945174
-0.0025583228276369	0.000870770923181551
-0.795473084150557	0.429189025577302
1.60140883922882	0.907211457837158
0.410032429213935	0.149677489118131
-1.11120215275118	0.563348609619044
0.365291442592988	0.175599214813201
-0.19159191508531	0.0840304489728049
2.45888883101856	1.39979200466812
1.81425944574235	0.680329466157843
-3.87156218611866	1.24092684697853
-4.44647192482678	1.97244344800376
-0.00219804389106728	0.000749243310235947
1.26513804701412	0.354123472590601
0.771092418292579	0.351048136725648
-4.18248469877465	1.58872089364964
-0.432195795413815	0.0981239072789159
0.380422907612532	0.0704310603762292
-1.34624963687459	0.491942491282243
1.81411609166176	0.680234581521496
-0.841001455818523	0.366229916339387
0.449161679976785	0.125968053773896
-0.509736421835564	0.18505595748735
0.380320694909218	0.0704134220050887
-0.841574104040948	0.366537844891767
-0.510743547432265	0.185419327634832
0.380320694909218	0.0704134220050887
2.04419091510948	1.50859841746199
1.60169797164515	0.907481324222691
-0.431903314845492	0.0980189230129383
-0.432226462476801	0.0981064105603881
-0.00350347060307062	0.00119280760914839
-2.97810803897	0.6365223233405
-0.0025583228276369	0.000870770923181551
0.410032429213935	0.149677489118131
0.410684422475736	0.149950448704565
0.449161679976785	0.125968053773896
-0.944056937240152	0.27675044454811
0.966611652025928	0.36540950209132
-1.95812751109893	1.00452497119926
-1.34644190675536	0.492013982411103
-2.97808087817367	0.636313612875542
-3.87156218611866	1.24092684697853
-0.268414594212216	0.137235508430333
0.448768346526961	0.125881279019047
2.51745335481821	0.48935777819513
-1.34644190675536	0.492013982411103
-1.3469181289708	0.492217275549371
-2.15957055819663	0.366379981847431
1.26513804701412	0.354123472590601
0.966611652025928	0.36540950209132
-0.944056937240152	0.27675044454811
-0.0945452117596051	0.0271462991052748
0.380422907612532	0.0704310603762292
1.26513804701412	0.354123472590601
-0.511311621967125	0.185655469546493
1.52023308903483	1.08716538684327
0.448768346526961	0.125881279019047
-0.0942522165733174	0.0270533171061642
0.410110611034653	0.149654308557587
2.51754545354634	0.489376613217086
-0.943294534422372	0.276384110213292
0.380312469431308	0.0704095999128823
-2.15951610136698	0.366339805232125
1.81387476499941	0.680075755177531
-0.943675469426376	0.276612084705558
-4.44647192482678	1.97244344800376
-0.943533995463832	0.276571805365432
-2.15951610136698	0.366339805232125
0.380312469431308	0.0704095999128823
-2.97810803897	0.6365223233405
-1.34596633931712	0.491729044914134
0.380422907612532	0.0704310603762292
1.26530101460634	0.354164747749272
0.448374456830095	0.125721295027461
2.51754545354634	0.489376613217086
0.380320694909218	0.0704134220050887
2.04426571351631	1.50777232167954
1.32314684649437	0.630799625151628
0.380210454264993	0.0703919958833987
-0.0938482431519809	0.0269330261228933
2.51745335481821	0.48935777819513
-4.18271999665072	1.58906574345964
1.26530101460634	0.354164747749272
-1.34672546729487	0.492145538677293
0.449161679976785	0.125968053773896
-2.15957055819663	0.366379981847431
-1.67947453471549	0.743697622879227
-0.510098148612271	0.185160854762058
-0.943915148975872	0.276710030090892
0.410684422475736	0.149950448704565
0.409379481895826	0.149355853828265
0.380422907612532	0.0704310603762292
-0.432195795413815	0.0981239072789159
0.771745171623263	0.351293543815406
-3.87136997299018	1.24060932575549
-0.943915148975872	0.276710030090892
-0.191763069164488	0.0841344545583103
0.369874827624987	0.158094504412344
0.380422907612532	0.0704310603762292
-0.0947477274635641	0.0271987917649854
0.380210454264993	0.0703919958833987
1.26513804701412	0.354123472590601
-2.97813504586116	0.636375479740286
0.380312469431308	0.0704095999128823
0.380210454264993	0.0703919958833987
-0.432065091510874	0.0980880150069608
0.380422907612532	0.0704310603762292
-0.432195795413815	0.0981239072789159
-0.842573501506563	0.367295334988531
0.380422907612532	0.0704310603762292
0.448768346526961	0.125881279019047
-0.0945452117596051	0.0271462991052748
0.448522591387813	0.125734578837285
-0.943675469426376	0.276612084705558
0.966611652025928	0.36540950209132
1.26516945989015	0.354019901622356
-1.51832895997772	0.959438617553198
0.410684422475736	0.149950448704565
1.26500673553769	0.353978706387524
1.60134042861547	0.907439175692279
-0.840932032556559	0.366036455182887
-0.432356925502191	0.0981422305445414
-0.00285025275782294	0.000970864932132848
-0.432195795413815	0.0981239072789159
0.409379481895826	0.149355853828265
-2.15951610136698	0.366339805232125
-0.0947477274635641	0.0271987917649854
-3.87175460792962	1.24102623022072
0.449161679976785	0.125968053773896
-2.38264926882495	1.52325156549165
1.60169797164515	0.907481324222691
1.26513804701412	0.354123472590601
0.771384657824967	0.351194621180954
-1.95751366086138	1.00395907264506
0.380210454264993	0.0703919958833987
0.770370463654335	0.350336634954776
-0.0947477274635641	0.0271987917649854
-0.943533995463832	0.276571805365432
0.380422907612532	0.0704310603762292
0.410684422475736	0.149950448704565
-0.432065091510874	0.0980880150069608
2.51745335481821	0.48935777819513
-3.49394311921891	0.936574346211166
0.380210454264993	0.0703919958833987
-0.432356925502191	0.0981422305445414
2.51745335481821	0.48935777819513
0.380320694909218	0.0704134220050887
0.966115081639169	0.36503491384216
1.26513804701412	0.354123472590601
-1.95839986267294	1.00468673041439
0.380422907612532	0.0704310603762292
0.771676530772431	0.351236854098783
-0.943915148975872	0.276710030090892
-3.49399226331735	0.93632805156968
0.449161679976785	0.125968053773896
0.410684422475736	0.149950448704565
1.26530101460634	0.354164747749272
-0.943675469426376	0.276612084705558
1.32371794960321	0.631519863553089
-0.943153373833844	0.276343967898066
-0.323089720868296	0.132540400004644
-2.97808087817367	0.636313612875542
-0.943915148975872	0.276710030090892
1.60076130506037	0.907036493899438
-0.0947477274635641	0.0271987917649854
-1.34624963687459	0.491942491282243
2.51745335481821	0.48935777819513
-0.32342872014596	0.132754800981013
-0.32342872014596	0.132754800981013
0.369028991156211	0.157669386495961
-2.97813504586116	0.636375479740286
-0.0940501109524453	0.027000921199425
2.18474755802806	1.031281860151
-1.67838010608547	1.15328082189318
-3.49394311921891	0.936574346211166
-3.87117796788553	1.23991674417747
0.966408720917092	0.365302103460683
1.81425944574235	0.680329466157843
0.410684422475736	0.149950448704565
-2.38291907034792	1.52486226582066
-0.00190672948753378	0.000649411384947845
0.380210454264993	0.0703919958833987
0.0588841927425728	0.0233766371160128
-0.944056937240152	0.27675044454811
0.448620351049491	0.125795452528351
-1.34672546729487	0.492145538677293
-0.323267030849328	0.132664766624666
2.88256311937201	2.11687682439539
1.32371794960321	0.631519863553089
-1.3457744601924	0.491657802566864
-4.44617006758249	1.97150149135411
2.18522815081712	1.03171966467941
-2.54816746439129	1.76455292274765
0.44822613403937	0.125635469819146
1.0597155655144	0.577756640140593
0.921324434956384	0.5524265305633
-2.18966790174718	1.27012956245085
1.60169797164515	0.907481324222691
0.36520892134614	0.17553579812266
3.94894064328705	1.35405401302548
0.844131559058828	0.545911466600303
0.668553738709177	0.343855559500313
0.380210454264993	0.0703919958833987
-0.432226462476801	0.0981064105603881
-0.510098148612271	0.185160854762058
-0.00350347060307062	0.00119280760914839
0.380422907612532	0.0704310603762292
3.40034954748204	0.88949631152943
-0.0933542386755156	0.0267801552868843
0.409091592525933	0.149231863416538
-1.34529993559724	0.491233145483874
0.449014010846396	0.125882321374697
-2.97813504586116	0.636375479740286
-0.0940501109524453	0.027000921199425
-4.44677420306517	1.97310826239175
-3.49394311921891	0.936574346211166
-0.509453689852966	0.184873844488885
0.967309813891396	0.365498022573177
-0.432195795413815	0.0981239072789159
-3.49394311921891	0.936574346211166
-1.68070949459512	0.744632683673561
-0.0938482431519809	0.0269330261228933
0.448768346526961	0.125881279019047
-2.15957055819663	0.366379981847431
0.380210454264993	0.0703919958833987
-2.97810803897	0.6365223233405
0.410762802117404	0.149874894878293
-1.3469181289708	0.492217275549371
1.26500673553769	0.353978706387524
0.448768346526961	0.125881279019047
1.81411609166176	0.680234581521496
-0.58178160921078	0.277642461693518
-0.0938482431519809	0.0269330261228933
-0.943915148975872	0.276710030090892
0.369191566451795	0.1578145382159
3.40027364600021	0.889720779959611
-0.432065091510874	0.0980880150069608
1.81387476499941	0.680075755177531
-0.432195795413815	0.0981239072789159
-0.943533995463832	0.276571805365432
-0.0945452117596051	0.0271462991052748
1.60011277032147	0.906043996244228
-3.87156218611866	1.24092684697853
-0.795303913358609	0.428996144102514
0.448916154342392	0.125894423720526
4.34620928973487	1.83817873700524
-1.34720195310537	0.492218760641814
-1.33191007996814	0.762528663311124
0.668408321489857	0.343877341929885
-2.38285146634582	1.52477404740462
1.0603969286352	0.577759118104127
-1.34596633931712	0.491729044914134
2.18464295327046	1.03080746652125
2.18474755802806	1.031281860151
4.87325779376561	2.84543695542907
0.771745171623263	0.351293543815406
0.623132503431904	0.352217814060037
1.60140883922882	0.907211457837158
4.34620928973487	1.83817873700524
0.380312469431308	0.0704095999128823
-4.67292359976876	2.32628539132295
-1.3457744601924	0.491657802566864
1.32465049916257	0.631860044369222
0.449014010846396	0.125882321374697
0.448374456830095	0.125721295027461
-2.97808087817367	0.636313612875542
-0.432195795413815	0.0981239072789159
0.770731512231836	0.350809203466032
0.119534258724766	0.053587069010681
-0.943533995463832	0.276571805365432
0.668485331028372	0.343881888339176
