x	y	clickSelects
0.0904838986330199	0.366339805232125	3
0.0904294418033702	0.366379981847431	3
0.0904294418033702	0.366379981847431	3
0.0904294418033702	0.366379981847431	3
0.0904294418033702	0.366379981847431	3
0.0904294418033702	0.366379981847431	3
0.0904838986330199	0.366339805232125	3
0.0904294418033702	0.366379981847431	3
0.0904838986330199	0.366339805232125	3
0.0904838986330199	0.366339805232125	3
0.0904838986330199	0.366339805232125	3
0.0904838986330199	0.366339805232125	3
0.0904294418033702	0.366379981847431	3
0.0904838986330199	0.366339805232125	3
0.0904838986330199	0.366339805232125	3
0.0904294418033702	0.366379981847431	3
0.0904838986330199	0.366339805232125	3
0.0904294418033702	0.366379981847431	3
0.0904294418033702	0.366379981847431	3
0.0904294418033702	0.366379981847431	3
0.0904838986330199	0.366339805232125	3
0.0904294418033702	0.366379981847431	3
0.0904294418033702	0.366379981847431	3
0.0904294418033702	0.366379981847431	3
0.0904294418033702	0.366379981847431	3
0.0904294418033702	0.366379981847431	3
0.0904294418033702	0.366379981847431	3
0.0904838986330199	0.366339805232125	3
0.0904294418033702	0.366379981847431	3
0.0904838986330199	0.366339805232125	3
0.0904294418033702	0.366379981847431	3
0.0904838986330199	0.366339805232125	3
0.0904838986330199	0.366339805232125	3
0.0904294418033702	0.366379981847431	3
0.0904294418033702	0.366379981847431	3
0.0904838986330199	0.366339805232125	3
0.0904294418033702	0.366379981847431	3
0.0904294418033702	0.366379981847431	3
0.0904294418033702	0.366379981847431	3
0.0904838986330199	0.366339805232125	3
0.0904838986330199	0.366339805232125	3
0.0904838986330199	0.366339805232125	3
0.0904838986330199	0.366339805232125	3
0.0904838986330199	0.366339805232125	3
0.0904294418033702	0.366379981847431	3
0.0904294418033702	0.366379981847431	3
0.0904838986330199	0.366339805232125	3
0.0904294418033702	0.366379981847431	3
0.0904838986330199	0.366339805232125	3
0.0904838986330199	0.366339805232125	3
0.0904294418033702	0.366379981847431	3
0.0904294418033702	0.366379981847431	3
0.0904294418033702	0.366379981847431	3
0.0904294418033702	0.366379981847431	3
0.0904294418033702	0.366379981847431	3
0.0904838986330199	0.366339805232125	3
0.0904838986330199	0.366339805232125	3
0.0904838986330199	0.366339805232125	3
0.0904294418033702	0.366379981847431	3
0.0904294418033702	0.366379981847431	3
0.0904838986330199	0.366339805232125	3
0.0904838986330199	0.366339805232125	3
0.0904294418033702	0.366379981847431	3
0.0904838986330199	0.366339805232125	3
0.0904838986330199	0.366339805232125	3
0.0904838986330199	0.366339805232125	3
0.0904838986330199	0.366339805232125	3
0.0904294418033702	0.366379981847431	3
0.0904294418033702	0.366379981847431	3
0.0904294418033702	0.366379981847431	3
0.0904838986330199	0.366339805232125	3
0.0904294418033702	0.366379981847431	3
0.0904294418033702	0.366379981847431	3
0.0904838986330199	0.366339805232125	3
0.0904294418033702	0.366379981847431	3
0.0904294418033702	0.366379981847431	3
0.0904294418033702	0.366379981847431	3
0.0904838986330199	0.366339805232125	3
0.0904294418033702	0.366379981847431	3
0.0904838986330199	0.366339805232125	3
0.0904294418033702	0.366379981847431	3
0.0904838986330199	0.366339805232125	3
0.0904294418033702	0.366379981847431	3
0.0904294418033702	0.366379981847431	3
0.0904838986330199	0.366339805232125	3
0.0904838986330199	0.366339805232125	3
0.0904838986330199	0.366339805232125	3
0.0904838986330199	0.366339805232125	3
0.0904294418033702	0.366379981847431	3
0.0904838986330199	0.366339805232125	3
0.0904294418033702	0.366379981847431	3
0.0904838986330199	0.366339805232125	3
0.0904838986330199	0.366339805232125	3
0.0904838986330199	0.366339805232125	3
0.0904294418033702	0.366379981847431	3
0.0904294418033702	0.366379981847431	3
0.0904838986330199	0.366339805232125	3
0.0904294418033702	0.366379981847431	3
0.0904294418033702	0.366379981847431	3
0.0904294418033702	0.366379981847431	3
0.0904838986330199	0.366339805232125	3
0.0904294418033702	0.366379981847431	3
0.0904294418033702	0.366379981847431	3
0.0904294418033702	0.366379981847431	89
0.0904838986330199	0.366339805232125	89
0.0904838986330199	0.366339805232125	89
0.0904294418033702	0.366379981847431	89
0.0904294418033702	0.366379981847431	89
0.0904294418033702	0.366379981847431	89
0.0904294418033702	0.366379981847431	89
0.0904838986330199	0.366339805232125	89
0.0904838986330199	0.366339805232125	89
0.0904838986330199	0.366339805232125	89
0.0904294418033702	0.366379981847431	89
0.0904838986330199	0.366339805232125	89
0.0904294418033702	0.366379981847431	89
0.0904294418033702	0.366379981847431	89
0.0904838986330199	0.366339805232125	89
0.0904838986330199	0.366339805232125	89
0.0904838986330199	0.366339805232125	89
0.0904294418033702	0.366379981847431	89
0.0904838986330199	0.366339805232125	89
0.0904838986330199	0.366339805232125	89
0.0904838986330199	0.366339805232125	89
0.0904294418033702	0.366379981847431	89
0.0904838986330199	0.366339805232125	89
0.0904838986330199	0.366339805232125	89
0.0904294418033702	0.366379981847431	89
0.0904294418033702	0.366379981847431	89
0.0904294418033702	0.366379981847431	89
0.0904294418033702	0.366379981847431	89
0.0904838986330199	0.366339805232125	89
0.0904838986330199	0.366339805232125	89
0.0904294418033702	0.366379981847431	89
0.0904294418033702	0.366379981847431	89
0.0904838986330199	0.366339805232125	3
0.0904294418033702	0.366379981847431	3
0.0904294418033702	0.366379981847431	3
0.0904294418033702	0.366379981847431	3
0.0904294418033702	0.366379981847431	3
0.0904294418033702	0.366379981847431	3
0.0904294418033702	0.366379981847431	3
0.0904294418033702	0.366379981847431	3
0.0904294418033702	0.366379981847431	3
0.0904838986330199	0.366339805232125	3
0.0904294418033702	0.366379981847431	3
0.0904838986330199	0.366339805232125	3
0.0904838986330199	0.366339805232125	3
0.0904294418033702	0.366379981847431	3
0.0904838986330199	0.366339805232125	3
0.0904838986330199	0.366339805232125	3
0.0904294418033702	0.366379981847431	3
0.0904838986330199	0.366339805232125	3
0.0904838986330199	0.366339805232125	3
0.0904838986330199	0.366339805232125	3
0.0904294418033702	0.366379981847431	3
0.0904838986330199	0.366339805232125	3
0.0904838986330199	0.366339805232125	3
0.0904838986330199	0.366339805232125	3
0.0904838986330199	0.366339805232125	3
0.0904838986330199	0.366339805232125	3
0.0904294418033702	0.366379981847431	3
0.0904294418033702	0.366379981847431	3
0.0904294418033702	0.366379981847431	3
0.0904838986330199	0.366339805232125	3
0.0904838986330199	0.366339805232125	3
0.0904294418033702	0.366379981847431	3
0.0904294418033702	0.366379981847431	3
0.0904294418033702	0.366379981847431	3
0.0904294418033702	0.366379981847431	3
0.0904838986330199	0.366339805232125	3
0.0904838986330199	0.366339805232125	3
0.0904294418033702	0.366379981847431	3
0.0904838986330199	0.366339805232125	3
0.0904294418033702	0.366379981847431	3
0.0904838986330199	0.366339805232125	3
0.0904838986330199	0.366339805232125	3
0.0904838986330199	0.366339805232125	3
0.0904294418033702	0.366379981847431	3
0.0904294418033702	0.366379981847431	3
0.0904294418033702	0.366379981847431	3
0.0904294418033702	0.366379981847431	3
0.0904294418033702	0.366379981847431	3
0.0904294418033702	0.366379981847431	3
0.0904294418033702	0.366379981847431	3
0.0904294418033702	0.366379981847431	3
0.0904838986330199	0.366339805232125	3
0.0904838986330199	0.366339805232125	3
0.0904838986330199	0.366339805232125	3
0.0904838986330199	0.366339805232125	3
0.0904294418033702	0.366379981847431	3
0.0904838986330199	0.366339805232125	3
0.0904294418033702	0.366379981847431	3
0.0904838986330199	0.366339805232125	3
0.0904838986330199	0.366339805232125	3
0.0904294418033702	0.366379981847431	3
0.0904294418033702	0.366379981847431	3
0.0904838986330199	0.366339805232125	3
0.0904294418033702	0.366379981847431	3
0.0904838986330199	0.366339805232125	3
0.0904294418033702	0.366379981847431	3
0.0904838986330199	0.366339805232125	3
0.0904838986330199	0.366339805232125	3
0.0904294418033702	0.366379981847431	3
0.0904838986330199	0.366339805232125	3
0.0904838986330199	0.366339805232125	3
0.0904294418033702	0.366379981847431	3
0.0904294418033702	0.366379981847431	3
0.0904294418033702	0.366379981847431	3
0.0904294418033702	0.366379981847431	3
0.0904294418033702	0.366379981847431	3
0.0904838986330199	0.366339805232125	3
0.0904294418033702	0.366379981847431	89
0.0904838986330199	0.366339805232125	89
0.0904838986330199	0.366339805232125	89
0.0904838986330199	0.366339805232125	89
0.0904838986330199	0.366339805232125	89
0.0904838986330199	0.366339805232125	89
0.0904294418033702	0.366379981847431	89
0.0904838986330199	0.366339805232125	89
0.0904294418033702	0.366379981847431	89
0.0904838986330199	0.366339805232125	89
0.0904838986330199	0.366339805232125	89
0.0904294418033702	0.366379981847431	89
0.0904294418033702	0.366379981847431	89
0.0904294418033702	0.366379981847431	89
0.0904294418033702	0.366379981847431	89
0.0904294418033702	0.366379981847431	89
0.0904838986330199	0.366339805232125	89
0.0904294418033702	0.366379981847431	89
0.0904294418033702	0.366379981847431	89
0.0904294418033702	0.366379981847431	89
0.0904294418033702	0.366379981847431	89
0.0904294418033702	0.366379981847431	89
0.0904294418033702	0.366379981847431	275
0.0904838986330199	0.366339805232125	89
0.0904294418033702	0.366379981847431	3
0.0904294418033702	0.366379981847431	3
0.0904294418033702	0.366379981847431	3
0.0904838986330199	0.366339805232125	3
0.0904294418033702	0.366379981847431	3
0.0904294418033702	0.366379981847431	3
0.0904294418033702	0.366379981847431	3
0.0904838986330199	0.366339805232125	3
0.0904838986330199	0.366339805232125	3
0.0904294418033702	0.366379981847431	3
0.0904838986330199	0.366339805232125	3
0.0904294418033702	0.366379981847431	3
0.0904838986330199	0.366339805232125	3
0.0904294418033702	0.366379981847431	3
0.0904294418033702	0.366379981847431	3
0.0904294418033702	0.366379981847431	3
0.0904294418033702	0.366379981847431	3
0.0904294418033702	0.366379981847431	3
0.0904294418033702	0.366379981847431	3
0.0904838986330199	0.366339805232125	3
0.0904294418033702	0.366379981847431	3
0.0904294418033702	0.366379981847431	3
0.0904838986330199	0.366339805232125	3
0.0904838986330199	0.366339805232125	3
0.0904838986330199	0.366339805232125	3
0.0904838986330199	0.366339805232125	3
0.0904294418033702	0.366379981847431	89
0.0904294418033702	0.366379981847431	89
0.0904838986330199	0.366339805232125	89
0.0904294418033702	0.366379981847431	89
0.0904294418033702	0.366379981847431	89
0.0608066386416399	1.26985540555962	3
0.0904838986330199	0.366339805232125	3
0.0904838986330199	0.366339805232125	3
0.0904838986330199	0.366339805232125	3
0.0904838986330199	0.366339805232125	3
0.0904838986330199	0.366339805232125	3
0.06009426510475	1.27003850033392	3
0.0904838986330199	0.366339805232125	3
0.0904294418033702	0.366379981847431	3
0.0904838986330199	0.366339805232125	3
0.0904294418033702	0.366379981847431	3
0.0904294418033702	0.366379981847431	3
0.0904294418033702	0.366379981847431	3
0.0904838986330199	0.366339805232125	3
0.0904838986330199	0.366339805232125	3
0.0904838986330199	0.366339805232125	3
0.0904838986330199	0.366339805232125	3
0.0904838986330199	0.366339805232125	3
0.0904838986330199	0.366339805232125	3
0.0904838986330199	0.366339805232125	3
0.0904294418033702	0.366379981847431	3
0.0904294418033702	0.366379981847431	3
0.0904294418033702	0.366379981847431	3
0.0904294418033702	0.366379981847431	3
0.0904838986330199	0.366339805232125	3
0.0904294418033702	0.366379981847431	3
0.0904838986330199	0.366339805232125	3
0.0904294418033702	0.366379981847431	3
0.0904838986330199	0.366339805232125	3
0.0904838986330199	0.366339805232125	3
0.0904838986330199	0.366339805232125	3
0.0904838986330199	0.366339805232125	3
0.0904838986330199	0.366339805232125	3
0.0904294418033702	0.366379981847431	3
0.0904838986330199	0.366339805232125	3
0.0904294418033702	0.366379981847431	3
0.0904294418033702	0.366379981847431	3
0.0904838986330199	0.366339805232125	3
0.0904838986330199	0.366339805232125	3
0.0904838986330199	0.366339805232125	3
0.0904838986330199	0.366339805232125	3
0.0904838986330199	0.366339805232125	3
0.0904838986330199	0.366339805232125	3
0.0904294418033702	0.366379981847431	3
0.0904294418033702	0.366379981847431	3
0.0904838986330199	0.366339805232125	3
0.0904838986330199	0.366339805232125	3
0.0904294418033702	0.366379981847431	3
0.0904838986330199	0.366339805232125	3
0.0904294418033702	0.366379981847431	3
0.0904838986330199	0.366339805232125	3
0.0904294418033702	0.366379981847431	3
0.0904838986330199	0.366339805232125	3
0.0904294418033702	0.366379981847431	3
0.0904838986330199	0.366339805232125	3
0.0904294418033702	0.366379981847431	3
0.0904294418033702	0.366379981847431	3
0.0904294418033702	0.366379981847431	3
0.0904294418033702	0.366379981847431	3
0.0904294418033702	0.366379981847431	3
0.0904838986330199	0.366339805232125	3
0.0904294418033702	0.366379981847431	3
0.0904838986330199	0.366339805232125	3
0.0904838986330199	0.366339805232125	3
0.0904838986330199	0.366339805232125	3
0.0904838986330199	0.366339805232125	3
0.0904294418033702	0.366379981847431	3
0.0904294418033702	0.366379981847431	3
0.0904294418033702	0.366379981847431	3
0.0904294418033702	0.366379981847431	3
0.0904838986330199	0.366339805232125	3
0.0904294418033702	0.366379981847431	3
0.0904838986330199	0.366339805232125	3
0.0904294418033702	0.366379981847431	3
0.0904294418033702	0.366379981847431	3
0.0904838986330199	0.366339805232125	3
0.0904838986330199	0.366339805232125	3
0.0904294418033702	0.366379981847431	3
0.0904294418033702	0.366379981847431	3
0.0904294418033702	0.366379981847431	3
0.0904838986330199	0.366339805232125	3
0.0904838986330199	0.366339805232125	3
0.0904838986330199	0.366339805232125	3
0.0904294418033702	0.366379981847431	3
0.0904294418033702	0.366379981847431	3
0.0904294418033702	0.366379981847431	3
0.0904294418033702	0.366379981847431	3
0.0904838986330199	0.366339805232125	3
0.0904294418033702	0.366379981847431	3
0.0904838986330199	0.366339805232125	3
0.0904294418033702	0.366379981847431	3
0.0904294418033702	0.366379981847431	3
0.0904294418033702	0.366379981847431	3
0.0904838986330199	0.366339805232125	3
0.0904838986330199	0.366339805232125	3
0.0904294418033702	0.366379981847431	3
0.0904294418033702	0.366379981847431	3
0.0904838986330199	0.366339805232125	3
0.0904294418033702	0.366379981847431	3
0.0904294418033702	0.366379981847431	3
0.0904838986330199	0.366339805232125	3
0.0904838986330199	0.366339805232125	3
0.0904838986330199	0.366339805232125	3
0.0904838986330199	0.366339805232125	3
0.0904838986330199	0.366339805232125	3
0.0904838986330199	0.366339805232125	3
0.0904838986330199	0.366339805232125	3
0.0904294418033702	0.366379981847431	3
0.0904838986330199	0.366339805232125	3
0.0904838986330199	0.366339805232125	3
0.0904838986330199	0.366339805232125	89
0.0904294418033702	0.366379981847431	89
0.0904838986330199	0.366339805232125	89
0.0904294418033702	0.366379981847431	89
0.0904294418033702	0.366379981847431	89
0.0904838986330199	0.366339805232125	89
0.0904838986330199	0.366339805232125	89
0.0904838986330199	0.366339805232125	89
0.0904294418033702	0.366379981847431	89
0.0904838986330199	0.366339805232125	89
0.0904838986330199	0.366339805232125	89
0.0904294418033702	0.366379981847431	89
0.0904838986330199	0.366339805232125	89
0.0904838986330199	0.366339805232125	89
0.0904838986330199	0.366339805232125	89
0.0904294418033702	0.366379981847431	89
0.0904838986330199	0.366339805232125	89
0.0904294418033702	0.366379981847431	89
0.0904294418033702	0.366379981847431	89
0.0904294418033702	0.366379981847431	89
0.0904294418033702	0.366379981847431	89
0.0904838986330199	0.366339805232125	89
0.0904294418033702	0.366379981847431	89
0.0904294418033702	0.366379981847431	89
0.0904294418033702	0.366379981847431	89
0.0904294418033702	0.366379981847431	89
0.0904838986330199	0.366339805232125	89
0.0904838986330199	0.366339805232125	89
0.0904294418033702	0.366379981847431	89
0.0904294418033702	0.366379981847431	89
0.0904838986330199	0.366339805232125	89
0.0904294418033702	0.366379981847431	89
0.0904838986330199	0.366339805232125	89
0.0904294418033702	0.366379981847431	89
0.0904838986330199	0.366339805232125	89
0.0904294418033702	0.366379981847431	89
0.0904838986330199	0.366339805232125	89
0.0904838986330199	0.366339805232125	89
0.0904294418033702	0.366379981847431	89
0.0904838986330199	0.366339805232125	89
0.0904838986330199	0.366339805232125	89
0.0904838986330199	0.366339805232125	275
0.0904294418033702	0.366379981847431	89
0.0904294418033702	0.366379981847431	89
0.0904838986330199	0.366339805232125	89
0.0904838986330199	0.366339805232125	89
0.0904294418033702	0.366379981847431	89
0.0904294418033702	0.366379981847431	89
0.0904838986330199	0.366339805232125	89
0.0699248798971	1.92010683368015	154
0.0904838986330199	0.366339805232125	3
0.0904294418033702	0.366379981847431	3
0.0904838986330199	0.366339805232125	3
0.0904294418033702	0.366379981847431	3
0.0904838986330199	0.366339805232125	3
0.0904838986330199	0.366339805232125	3
0.0904838986330199	0.366339805232125	3
0.0904838986330199	0.366339805232125	3
0.0904294418033702	0.366379981847431	3
0.0904838986330199	0.366339805232125	3
0.0612791696730999	1.2693702277358	3
0.0904838986330199	0.366339805232125	3
0.0904294418033702	0.366379981847431	3
0.0904294418033702	0.366379981847431	3
0.0904294418033702	0.366379981847431	3
0.0904838986330199	0.366339805232125	3
0.0904838986330199	0.366339805232125	3
0.0904294418033702	0.366379981847431	3
0.0904838986330199	0.366339805232125	3
0.0904294418033702	0.366379981847431	3
0.0904294418033702	0.366379981847431	3
0.0904294418033702	0.366379981847431	3
0.06009426510475	1.27003850033392	3
0.0904294418033702	0.366379981847431	3
0.0904838986330199	0.366339805232125	3
0.0904294418033702	0.366379981847431	3
0.0904294418033702	0.366379981847431	3
0.0904294418033702	0.366379981847431	3
0.0904294418033702	0.366379981847431	3
0.0904838986330199	0.366339805232125	3
0.0904294418033702	0.366379981847431	3
0.0904294418033702	0.366379981847431	3
0.0904294418033702	0.366379981847431	89
0.0904294418033702	0.366379981847431	89
0.0904294418033702	0.366379981847431	89
0.0904294418033702	0.366379981847431	89
0.0904838986330199	0.366339805232125	89
0.0904838986330199	0.366339805232125	89
0.0904838986330199	0.366339805232125	89
0.0904294418033702	0.366379981847431	89
0.0904294418033702	0.366379981847431	89
0.0904294418033702	0.366379981847431	89
0.0904294418033702	0.366379981847431	89
0.0904294418033702	0.366379981847431	89
0.0904838986330199	0.366339805232125	325
0.0904294418033702	0.366379981847431	89
0.0904838986330199	0.366339805232125	89
0.0904838986330199	0.366339805232125	89
0.0904838986330199	0.366339805232125	89
0.0904294418033702	0.366379981847431	89
0.0904838986330199	0.366339805232125	89
0.0904838986330199	0.366339805232125	89
0.0904838986330199	0.366339805232125	89
0.0904294418033702	0.366379981847431	89
0.0904838986330199	0.366339805232125	89
0.0904294418033702	0.366379981847431	89
0.0904294418033702	0.366379981847431	89
0.0904838986330199	0.366339805232125	275
0.0904294418033702	0.366379981847431	89
0.0904294418033702	0.366379981847431	89
0.0904838986330199	0.366339805232125	89
0.0904294418033702	0.366379981847431	89
0.0904838986330199	0.366339805232125	3
0.0904838986330199	0.366339805232125	3
0.0904294418033702	0.366379981847431	3
0.0904838986330199	0.366339805232125	3
0.0904294418033702	0.366379981847431	3
0.0904294418033702	0.366379981847431	3
0.0904838986330199	0.366339805232125	3
0.0904838986330199	0.366339805232125	3
0.0904294418033702	0.366379981847431	3
0.0904294418033702	0.366379981847431	3
0.0904294418033702	0.366379981847431	3
0.0904838986330199	0.366339805232125	3
0.0904294418033702	0.366379981847431	3
0.0904838986330199	0.366339805232125	3
0.0904838986330199	0.366339805232125	3
0.0904294418033702	0.366379981847431	3
0.0904294418033702	0.366379981847431	3
0.0904294418033702	0.366379981847431	3
0.0904838986330199	0.366339805232125	3
0.0904294418033702	0.366379981847431	3
0.0904294418033702	0.366379981847431	3
0.0904294418033702	0.366379981847431	3
0.0904838986330199	0.366339805232125	3
0.0904294418033702	0.366379981847431	3
0.0904294418033702	0.366379981847431	3
0.0904838986330199	0.366339805232125	3
0.0904294418033702	0.366379981847431	3
0.0904294418033702	0.366379981847431	3
0.0904294418033702	0.366379981847431	3
0.0904838986330199	0.366339805232125	3
0.0904838986330199	0.366339805232125	3
0.0904294418033702	0.366379981847431	3
0.0904838986330199	0.366339805232125	3
0.0904294418033702	0.366379981847431	3
0.0904838986330199	0.366339805232125	3
0.0904838986330199	0.366339805232125	3
0.0904294418033702	0.366379981847431	3
0.0904294418033702	0.366379981847431	3
0.0904838986330199	0.366339805232125	3
0.0904838986330199	0.366339805232125	3
0.0904294418033702	0.366379981847431	3
0.0904294418033702	0.366379981847431	3
0.0904294418033702	0.366379981847431	3
0.0904838986330199	0.366339805232125	3
0.0904838986330199	0.366339805232125	3
0.0904294418033702	0.366379981847431	3
0.0904294418033702	0.366379981847431	3
0.0904838986330199	0.366339805232125	3
0.0904294418033702	0.366379981847431	89
0.0904838986330199	0.366339805232125	3
0.0904838986330199	0.366339805232125	89
0.0904838986330199	0.366339805232125	89
0.0904294418033702	0.366379981847431	89
0.0904294418033702	0.366379981847431	89
0.0904294418033702	0.366379981847431	89
0.0904294418033702	0.366379981847431	89
0.0904294418033702	0.366379981847431	89
0.0904294418033702	0.366379981847431	89
0.0904294418033702	0.366379981847431	89
0.0904838986330199	0.366339805232125	89
0.0904838986330199	0.366339805232125	89
0.0904838986330199	0.366339805232125	89
0.0904294418033702	0.366379981847431	89
0.0904838986330199	0.366339805232125	89
0.0904294418033702	0.366379981847431	89
0.0904838986330199	0.366339805232125	89
0.0904838986330199	0.366339805232125	89
0.0904838986330199	0.366339805232125	89
0.0904838986330199	0.366339805232125	89
0.0904838986330199	0.366339805232125	89
0.0904838986330199	0.366339805232125	89
0.0904294418033702	0.366379981847431	89
0.0904294418033702	0.366379981847431	89
0.0904294418033702	0.366379981847431	89
0.0904838986330199	0.366339805232125	89
0.0904294418033702	0.366379981847431	89
0.0904294418033702	0.366379981847431	89
0.0904838986330199	0.366339805232125	89
0.0904838986330199	0.366339805232125	89
0.0904294418033702	0.366379981847431	89
0.0904294418033702	0.366379981847431	89
0.0904838986330199	0.366339805232125	89
0.0904838986330199	0.366339805232125	89
0.0904294418033702	0.366379981847431	447
0.0904838986330199	0.366339805232125	89
0.0904838986330199	0.366339805232125	89
-0.0330123677462	2.11551114634518	484
0.0904294418033702	0.366379981847431	3
0.0904294418033702	0.366379981847431	120
0.0904838986330199	0.366339805232125	120
0.0904838986330199	0.366339805232125	3
0.0904294418033702	0.366379981847431	3
0.0904294418033702	0.366379981847431	3
0.0904838986330199	0.366339805232125	3
0.0904294418033702	0.366379981847431	3
0.0904294418033702	0.366379981847431	3
0.0904838986330199	0.366339805232125	3
0.0904294418033702	0.366379981847431	3
0.0904294418033702	0.366379981847431	3
0.0904838986330199	0.366339805232125	3
0.0904294418033702	0.366379981847431	3
0.0904294418033702	0.366379981847431	3
0.0904294418033702	0.366379981847431	3
0.0904294418033702	0.366379981847431	3
0.0904838986330199	0.366339805232125	3
0.0904838986330199	0.366339805232125	3
0.0904294418033702	0.366379981847431	3
0.0904294418033702	0.366379981847431	3
0.0904294418033702	0.366379981847431	3
0.0904294418033702	0.366379981847431	3
0.0904838986330199	0.366339805232125	3
0.0904838986330199	0.366339805232125	3
0.0904294418033702	0.366379981847431	3
0.0904294418033702	0.366379981847431	3
0.0904838986330199	0.366339805232125	3
0.0904838986330199	0.366339805232125	3
0.0904838986330199	0.366339805232125	3
0.0904838986330199	0.366339805232125	3
0.0904294418033702	0.366379981847431	3
0.0904294418033702	0.366379981847431	3
0.0904838986330199	0.366339805232125	3
0.0904294418033702	0.366379981847431	3
0.0904294418033702	0.366379981847431	3
0.0904838986330199	0.366339805232125	3
0.0904838986330199	0.366339805232125	3
0.0904294418033702	0.366379981847431	3
0.0904294418033702	0.366379981847431	3
0.0904838986330199	0.366339805232125	3
0.0904294418033702	0.366379981847431	3
0.0904838986330199	0.366339805232125	3
0.0904838986330199	0.366339805232125	3
0.0904838986330199	0.366339805232125	3
0.0904294418033702	0.366379981847431	3
0.0904838986330199	0.366339805232125	3
0.0904294418033702	0.366379981847431	3
0.0904294418033702	0.366379981847431	3
0.0904838986330199	0.366339805232125	3
0.0904294418033702	0.366379981847431	3
0.0904838986330199	0.366339805232125	3
0.0904838986330199	0.366339805232125	3
0.0904838986330199	0.366339805232125	3
0.0904838986330199	0.366339805232125	3
0.0904294418033702	0.366379981847431	3
0.0904838986330199	0.366339805232125	3
0.0904838986330199	0.366339805232125	89
0.0904294418033702	0.366379981847431	89
0.0904294418033702	0.366379981847431	89
0.0904294418033702	0.366379981847431	89
0.0904294418033702	0.366379981847431	89
0.0904838986330199	0.366339805232125	89
0.0904294418033702	0.366379981847431	89
0.0904838986330199	0.366339805232125	89
0.0904294418033702	0.366379981847431	89
0.0904838986330199	0.366339805232125	89
0.0904838986330199	0.366339805232125	89
0.0904294418033702	0.366379981847431	89
0.0904838986330199	0.366339805232125	89
0.0904294418033702	0.366379981847431	89
0.0904838986330199	0.366339805232125	89
0.0904838986330199	0.366339805232125	89
0.0904838986330199	0.366339805232125	89
0.0904294418033702	0.366379981847431	89
0.0904294418033702	0.366379981847431	89
0.0904838986330199	0.366339805232125	89
0.0904838986330199	0.366339805232125	89
0.0904294418033702	0.366379981847431	89
0.0904294418033702	0.366379981847431	89
0.0904294418033702	0.366379981847431	89
0.0904294418033702	0.366379981847431	89
0.0904294418033702	0.366379981847431	89
0.0904838986330199	0.366339805232125	89
0.0904294418033702	0.366379981847431	89
0.0904294418033702	0.366379981847431	275
0.0904838986330199	0.366339805232125	89
0.0904294418033702	0.366379981847431	275
0.0904838986330199	0.366339805232125	275
0.0904838986330199	0.366339805232125	3
0.0904838986330199	0.366339805232125	3
0.0904294418033702	0.366379981847431	3
0.0904294418033702	0.366379981847431	3
0.0904838986330199	0.366339805232125	3
0.0904294418033702	0.366379981847431	3
0.0904294418033702	0.366379981847431	3
0.0904294418033702	0.366379981847431	3
0.0904294418033702	0.366379981847431	3
0.0904294418033702	0.366379981847431	3
0.0904294418033702	0.366379981847431	3
0.0904838986330199	0.366339805232125	3
0.0904838986330199	0.366339805232125	3
0.0904838986330199	0.366339805232125	3
0.0904838986330199	0.366339805232125	3
0.0904838986330199	0.366339805232125	3
0.0904294418033702	0.366379981847431	3
0.0904294418033702	0.366379981847431	3
0.0904838986330199	0.366339805232125	187
0.0904838986330199	0.366339805232125	3
0.0904294418033702	0.366379981847431	3
0.0904838986330199	0.366339805232125	3
0.0904294418033702	0.366379981847431	3
0.0904294418033702	0.366379981847431	3
0.0904294418033702	0.366379981847431	3
0.0904294418033702	0.366379981847431	3
0.0904294418033702	0.366379981847431	3
0.0904838986330199	0.366339805232125	3
0.0904838986330199	0.366339805232125	3
0.0904838986330199	0.366339805232125	3
0.0904838986330199	0.366339805232125	3
0.0904838986330199	0.366339805232125	3
0.0904838986330199	0.366339805232125	3
0.0904838986330199	0.366339805232125	3
0.0904838986330199	0.366339805232125	3
0.0904294418033702	0.366379981847431	73
0.0609019956181598	1.26985288518349	3
0.0904294418033702	0.366379981847431	3
0.0904294418033702	0.366379981847431	3
0.0904294418033702	0.366379981847431	3
0.0904294418033702	0.366379981847431	3
0.0904294418033702	0.366379981847431	3
0.0904294418033702	0.366379981847431	3
0.0904294418033702	0.366379981847431	3
0.06065148921429	1.27007010277034	370
0.0904294418033702	0.366379981847431	89
0.0904294418033702	0.366379981847431	89
0.0904838986330199	0.366339805232125	89
0.0904838986330199	0.366339805232125	89
0.0904294418033702	0.366379981847431	89
0.0904294418033702	0.366379981847431	89
0.0904294418033702	0.366379981847431	89
0.0904838986330199	0.366339805232125	89
0.0904294418033702	0.366379981847431	89
0.0904294418033702	0.366379981847431	89
0.0904294418033702	0.366379981847431	89
0.0904838986330199	0.366339805232125	89
0.0904294418033702	0.366379981847431	89
0.0904294418033702	0.366379981847431	89
0.0904294418033702	0.366379981847431	89
0.0609019956181598	1.26985288518349	325
0.0904294418033702	0.366379981847431	325
0.0904838986330199	0.366339805232125	89
0.0904294418033702	0.366379981847431	89
0.0904838986330199	0.366339805232125	89
0.06065148921429	1.27007010277034	89
0.0904294418033702	0.366379981847431	89
0.0904294418033702	0.366379981847431	89
0.0904838986330199	0.366339805232125	89
0.0904294418033702	0.366379981847431	89
0.0904294418033702	0.366379981847431	89
0.0904294418033702	0.366379981847431	89
0.0904838986330199	0.366339805232125	89
0.0904294418033702	0.366379981847431	89
0.0904838986330199	0.366339805232125	89
0.0904838986330199	0.366339805232125	89
0.0904294418033702	0.366379981847431	89
0.0904838986330199	0.366339805232125	89
0.0904838986330199	0.366339805232125	89
0.0904294418033702	0.366379981847431	89
0.0904294418033702	0.366379981847431	275
0.0904294418033702	0.366379981847431	89
0.0904294418033702	0.366379981847431	89
0.0904838986330199	0.366339805232125	275
0.0904294418033702	0.366379981847431	89
0.0904294418033702	0.366379981847431	3
0.0904838986330199	0.366339805232125	3
0.0904838986330199	0.366339805232125	3
0.0904294418033702	0.366379981847431	3
0.0904294418033702	0.366379981847431	3
0.0904838986330199	0.366339805232125	3
0.0904838986330199	0.366339805232125	3
0.0904294418033702	0.366379981847431	3
0.0904294418033702	0.366379981847431	3
0.0904838986330199	0.366339805232125	3
0.0904838986330199	0.366339805232125	3
0.0904294418033702	0.366379981847431	3
0.0904838986330199	0.366339805232125	3
0.0904838986330199	0.366339805232125	3
0.0904294418033702	0.366379981847431	3
0.0904838986330199	0.366339805232125	3
0.0904294418033702	0.366379981847431	3
0.0904838986330199	0.366339805232125	3
0.0904294418033702	0.366379981847431	3
0.0904294418033702	0.366379981847431	3
0.0904838986330199	0.366339805232125	3
0.0904838986330199	0.366339805232125	3
0.0904294418033702	0.366379981847431	3
0.0904838986330199	0.366339805232125	3
0.0904294418033702	0.366379981847431	3
0.0904838986330199	0.366339805232125	3
0.0904294418033702	0.366379981847431	3
0.0904838986330199	0.366339805232125	3
0.0904294418033702	0.366379981847431	3
0.0904294418033702	0.366379981847431	3
0.0904294418033702	0.366379981847431	3
0.0904294418033702	0.366379981847431	3
0.0904838986330199	0.366339805232125	3
0.0904294418033702	0.366379981847431	3
0.0904294418033702	0.366379981847431	3
0.0904294418033702	0.366379981847431	3
0.0904294418033702	0.366379981847431	3
0.0904838986330199	0.366339805232125	3
0.0904838986330199	0.366339805232125	3
0.0904838986330199	0.366339805232125	3
0.0904294418033702	0.366379981847431	3
0.0904838986330199	0.366339805232125	3
0.0904294418033702	0.366379981847431	3
0.0904838986330199	0.366339805232125	3
0.0904838986330199	0.366339805232125	3
0.0904838986330199	0.366339805232125	3
0.0904294418033702	0.366379981847431	3
0.0904294418033702	0.366379981847431	3
0.0904294418033702	0.366379981847431	3
0.0904294418033702	0.366379981847431	3
0.0904294418033702	0.366379981847431	370
0.0904294418033702	0.366379981847431	3
0.0904838986330199	0.366339805232125	89
0.0904294418033702	0.366379981847431	89
0.0904294418033702	0.366379981847431	89
0.0904838986330199	0.366339805232125	89
0.0904838986330199	0.366339805232125	89
0.0904838986330199	0.366339805232125	89
0.0904838986330199	0.366339805232125	89
0.0904294418033702	0.366379981847431	89
0.0904838986330199	0.366339805232125	89
0.0904294418033702	0.366379981847431	89
0.0904838986330199	0.366339805232125	89
0.0904838986330199	0.366339805232125	89
0.0904838986330199	0.366339805232125	89
0.0904294418033702	0.366379981847431	89
0.0904294418033702	0.366379981847431	89
0.0904294418033702	0.366379981847431	89
0.0904838986330199	0.366339805232125	89
0.06065148921429	1.27007010277034	226
0.0904838986330199	0.366339805232125	89
0.0904838986330199	0.366339805232125	89
0.0904294418033702	0.366379981847431	89
0.0904838986330199	0.366339805232125	89
0.0904294418033702	0.366379981847431	89
0.0904838986330199	0.366339805232125	89
0.0904838986330199	0.366339805232125	89
0.0904294418033702	0.366379981847431	89
0.0904838986330199	0.366339805232125	89
0.0904294418033702	0.366379981847431	89
0.0904294418033702	0.366379981847431	89
0.0904838986330199	0.366339805232125	89
0.06065148921429	1.27007010277034	447
0.0904294418033702	0.366379981847431	89
0.0904838986330199	0.366339805232125	89
0.0904294418033702	0.366379981847431	89
0.0904294418033702	0.366379981847431	89
0.0904838986330199	0.366339805232125	89
0.0904294418033702	0.366379981847431	275
0.0904838986330199	0.366339805232125	89
0.0609019956181598	1.26985288518349	3
0.0904294418033702	0.366379981847431	3
0.0904294418033702	0.366379981847431	3
0.0904294418033702	0.366379981847431	3
0.0904294418033702	0.366379981847431	3
0.0904294418033702	0.366379981847431	3
0.0904838986330199	0.366339805232125	3
0.0904294418033702	0.366379981847431	3
0.0904294418033702	0.366379981847431	3
0.0904838986330199	0.366339805232125	3
0.0904294418033702	0.366379981847431	3
0.0904294418033702	0.366379981847431	3
0.0904294418033702	0.366379981847431	3
0.0904294418033702	0.366379981847431	3
0.0904294418033702	0.366379981847431	3
0.0904294418033702	0.366379981847431	3
0.0904294418033702	0.366379981847431	3
0.0904294418033702	0.366379981847431	3
0.0904294418033702	0.366379981847431	3
0.0904294418033702	0.366379981847431	3
0.0904294418033702	0.366379981847431	3
0.0904294418033702	0.366379981847431	3
0.0904294418033702	0.366379981847431	3
0.0904294418033702	0.366379981847431	3
0.0904294418033702	0.366379981847431	3
0.0904838986330199	0.366339805232125	3
0.0904294418033702	0.366379981847431	3
0.0615023106622399	1.26878837768738	73
0.0605695558319002	1.27005874633258	73
0.06065148921429	1.27007010277034	73
0.0904838986330199	0.366339805232125	3
0.0904294418033702	0.366379981847431	3
0.0904294418033702	0.366379981847431	3
0.0904838986330199	0.366339805232125	3
0.0904294418033702	0.366379981847431	3
0.0904838986330199	0.366339805232125	3
0.0904294418033702	0.366379981847431	3
0.0904838986330199	0.366339805232125	3
0.0609019956181598	1.26985288518349	370
0.0904294418033702	0.366379981847431	3
0.0904294418033702	0.366379981847431	3
0.0904838986330199	0.366339805232125	89
0.0904294418033702	0.366379981847431	89
0.0904294418033702	0.366379981847431	89
0.0904838986330199	0.366339805232125	89
0.0904294418033702	0.366379981847431	89
0.0904838986330199	0.366339805232125	89
0.0904294418033702	0.366379981847431	89
0.0904838986330199	0.366339805232125	89
0.0904294418033702	0.366379981847431	89
0.0904294418033702	0.366379981847431	89
0.0904838986330199	0.366339805232125	89
0.0904838986330199	0.366339805232125	89
0.0904838986330199	0.366339805232125	89
0.0904838986330199	0.366339805232125	89
0.0904838986330199	0.366339805232125	89
0.0904294418033702	0.366379981847431	89
0.0904294418033702	0.366379981847431	89
0.0904838986330199	0.366339805232125	89
0.0904838986330199	0.366339805232125	89
0.0904294418033702	0.366379981847431	89
0.0904294418033702	0.366379981847431	89
0.0904294418033702	0.366379981847431	89
0.0904294418033702	0.366379981847431	89
0.0904294418033702	0.366379981847431	89
0.0904838986330199	0.366339805232125	89
0.0904294418033702	0.366379981847431	89
0.0904294418033702	0.366379981847431	89
0.0904294418033702	0.366379981847431	89
0.0904838986330199	0.366339805232125	275
0.0904294418033702	0.366379981847431	89
0.06065148921429	1.27007010277034	120
0.0904838986330199	0.366339805232125	3
0.0904294418033702	0.366379981847431	3
0.0904294418033702	0.366379981847431	3
0.0904294418033702	0.366379981847431	3
0.0904294418033702	0.366379981847431	3
0.0904294418033702	0.366379981847431	3
0.0904294418033702	0.366379981847431	3
0.0904294418033702	0.366379981847431	187
0.0904838986330199	0.366339805232125	3
0.0904294418033702	0.366379981847431	3
0.0904294418033702	0.366379981847431	3
0.0904838986330199	0.366339805232125	3
0.0904838986330199	0.366339805232125	3
0.0904838986330199	0.366339805232125	3
0.0904294418033702	0.366379981847431	3
0.0904838986330199	0.366339805232125	3
0.0904294418033702	0.366379981847431	3
0.0904838986330199	0.366339805232125	3
0.0904838986330199	0.366339805232125	3
0.0904838986330199	0.366339805232125	3
0.0904838986330199	0.366339805232125	3
0.06065148921429	1.27007010277034	9
0.0904294418033702	0.366379981847431	3
0.0904838986330199	0.366339805232125	3
0.0904838986330199	0.366339805232125	3
0.0904294418033702	0.366379981847431	3
0.0904294418033702	0.366379981847431	3
0.0904294418033702	0.366379981847431	3
0.0904838986330199	0.366339805232125	3
0.0904294418033702	0.366379981847431	3
0.0904294418033702	0.366379981847431	3
0.0904294418033702	0.366379981847431	3
0.0904294418033702	0.366379981847431	3
0.0904838986330199	0.366339805232125	370
0.0904294418033702	0.366379981847431	370
0.0904294418033702	0.366379981847431	89
0.0904294418033702	0.366379981847431	89
0.0904294418033702	0.366379981847431	89
0.0904294418033702	0.366379981847431	89
0.0904294418033702	0.366379981847431	89
0.0904294418033702	0.366379981847431	89
0.0904838986330199	0.366339805232125	89
0.0904294418033702	0.366379981847431	89
0.0904294418033702	0.366379981847431	89
0.0904294418033702	0.366379981847431	89
0.0904294418033702	0.366379981847431	89
0.0904294418033702	0.366379981847431	89
0.0904294418033702	0.366379981847431	89
0.0904838986330199	0.366339805232125	89
0.0904294418033702	0.366379981847431	89
0.0904838986330199	0.366339805232125	89
0.0904294418033702	0.366379981847431	89
0.0904838986330199	0.366339805232125	89
0.0904838986330199	0.366339805232125	89
0.0904294418033702	0.366379981847431	89
0.0904838986330199	0.366339805232125	89
0.0904294418033702	0.366379981847431	89
0.0904838986330199	0.366339805232125	89
0.0904294418033702	0.366379981847431	89
0.0904294418033702	0.366379981847431	89
0.0904838986330199	0.366339805232125	89
0.0904838986330199	0.366339805232125	89
0.0904294418033702	0.366379981847431	89
0.0904294418033702	0.366379981847431	89
0.0904294418033702	0.366379981847431	89
0.0611253550369901	1.26943367833825	89
0.0904294418033702	0.366379981847431	3
0.0904294418033702	0.366379981847431	3
0.0904838986330199	0.366339805232125	3
0.0904838986330199	0.366339805232125	3
0.0904294418033702	0.366379981847431	3
0.0904294418033702	0.366379981847431	3
0.0904838986330199	0.366339805232125	3
0.0904294418033702	0.366379981847431	3
0.0904294418033702	0.366379981847431	3
0.0904294418033702	0.366379981847431	3
0.0904294418033702	0.366379981847431	3
0.0904838986330199	0.366339805232125	3
0.0904294418033702	0.366379981847431	3
0.0904294418033702	0.366379981847431	3
0.0904294418033702	0.366379981847431	3
0.0904838986330199	0.366339805232125	3
0.0904294418033702	0.366379981847431	3
0.0904294418033702	0.366379981847431	3
0.0904838986330199	0.366339805232125	3
0.0904294418033702	0.366379981847431	3
0.0904294418033702	0.366379981847431	3
0.0904838986330199	0.366339805232125	3
0.0904838986330199	0.366339805232125	3
0.0904838986330199	0.366339805232125	3
0.0611253550369901	1.26943367833825	9
0.0904294418033702	0.366379981847431	3
0.0904294418033702	0.366379981847431	73
0.0904294418033702	0.366379981847431	3
0.0904838986330199	0.366339805232125	3
0.0904838986330199	0.366339805232125	3
0.0904294418033702	0.366379981847431	3
0.0904838986330199	0.366339805232125	3
0.0904294418033702	0.366379981847431	3
0.0904294418033702	0.366379981847431	3
0.0904838986330199	0.366339805232125	3
0.0904838986330199	0.366339805232125	89
0.0904294418033702	0.366379981847431	89
0.0904294418033702	0.366379981847431	89
0.0904294418033702	0.366379981847431	89
0.0904838986330199	0.366339805232125	89
0.0904838986330199	0.366339805232125	89
0.0904294418033702	0.366379981847431	89
0.0904294418033702	0.366379981847431	89
0.0904294418033702	0.366379981847431	89
0.0904838986330199	0.366339805232125	89
0.0904294418033702	0.366379981847431	89
0.0904294418033702	0.366379981847431	89
0.0904838986330199	0.366339805232125	89
0.0904838986330199	0.366339805232125	89
0.0904838986330199	0.366339805232125	89
0.0904294418033702	0.366379981847431	89
0.0904294418033702	0.366379981847431	89
0.0609019956181598	1.26985288518349	325
0.0904838986330199	0.366339805232125	89
0.0904838986330199	0.366339805232125	89
0.0904838986330199	0.366339805232125	89
0.0904838986330199	0.366339805232125	89
0.0904838986330199	0.366339805232125	89
0.0904294418033702	0.366379981847431	89
0.0904838986330199	0.366339805232125	89
0.0904838986330199	0.366339805232125	89
0.0904294418033702	0.366379981847431	89
0.0904294418033702	0.366379981847431	89
0.0904294418033702	0.366379981847431	89
0.0904294418033702	0.366379981847431	89
0.0904838986330199	0.366339805232125	89
0.0904294418033702	0.366379981847431	89
0.0904294418033702	0.366379981847431	89
0.0904838986330199	0.366339805232125	275
0.0904294418033702	0.366379981847431	275
0.0904294418033702	0.366379981847431	3
0.0904294418033702	0.366379981847431	120
0.0904838986330199	0.366339805232125	3
0.0904838986330199	0.366339805232125	3
0.0904294418033702	0.366379981847431	3
0.0904294418033702	0.366379981847431	3
0.0904294418033702	0.366379981847431	3
0.0904294418033702	0.366379981847431	3
0.0904838986330199	0.366339805232125	3
0.0904294418033702	0.366379981847431	3
0.0904294418033702	0.366379981847431	3
0.0904838986330199	0.366339805232125	3
0.0904838986330199	0.366339805232125	3
0.0904294418033702	0.366379981847431	187
0.0904294418033702	0.366379981847431	3
0.0904838986330199	0.366339805232125	3
0.0904294418033702	0.366379981847431	3
0.0904838986330199	0.366339805232125	3
0.0904294418033702	0.366379981847431	3
0.0904838986330199	0.366339805232125	3
0.0904838986330199	0.366339805232125	3
0.0904294418033702	0.366379981847431	3
0.0904294418033702	0.366379981847431	3
0.0904838986330199	0.366339805232125	3
0.0904294418033702	0.366379981847431	3
0.0904838986330199	0.366339805232125	3
0.0904294418033702	0.366379981847431	3
0.0904294418033702	0.366379981847431	3
0.0904838986330199	0.366339805232125	73
0.0904294418033702	0.366379981847431	73
0.0904294418033702	0.366379981847431	3
0.0904838986330199	0.366339805232125	3
0.0904838986330199	0.366339805232125	3
0.0904294418033702	0.366379981847431	3
0.0904838986330199	0.366339805232125	3
0.0904838986330199	0.366339805232125	3
0.0904838986330199	0.366339805232125	3
0.0904294418033702	0.366379981847431	3
0.0904294418033702	0.366379981847431	3
0.0904838986330199	0.366339805232125	3
0.0904294418033702	0.366379981847431	3
0.0904294418033702	0.366379981847431	3
0.0904838986330199	0.366339805232125	89
0.0904294418033702	0.366379981847431	89
0.0904838986330199	0.366339805232125	89
0.0904838986330199	0.366339805232125	89
0.0904838986330199	0.366339805232125	89
0.0904838986330199	0.366339805232125	89
0.0904294418033702	0.366379981847431	89
0.0904294418033702	0.366379981847431	89
0.0904294418033702	0.366379981847431	89
0.0904838986330199	0.366339805232125	89
0.0904294418033702	0.366379981847431	89
0.0904838986330199	0.366339805232125	89
0.0904294418033702	0.366379981847431	89
0.0904294418033702	0.366379981847431	89
0.0904838986330199	0.366339805232125	89
0.0904294418033702	0.366379981847431	89
0.0904838986330199	0.366339805232125	89
0.0904838986330199	0.366339805232125	89
0.0904294418033702	0.366379981847431	89
0.0904838986330199	0.366339805232125	89
0.0904294418033702	0.366379981847431	89
0.06041427112834	1.27014049646167	89
0.0904294418033702	0.366379981847431	89
0.0904294418033702	0.366379981847431	89
0.0904294418033702	0.366379981847431	89
0.0904838986330199	0.366339805232125	89
0.0904838986330199	0.366339805232125	89
0.0904294418033702	0.366379981847431	89
0.0904294418033702	0.366379981847431	275
0.0904838986330199	0.366339805232125	89
0.0904294418033702	0.366379981847431	89
0.0904838986330199	0.366339805232125	3
0.0904294418033702	0.366379981847431	3
0.0904294418033702	0.366379981847431	3
0.0904294418033702	0.366379981847431	3
0.0904294418033702	0.366379981847431	3
0.0904294418033702	0.366379981847431	3
0.0904838986330199	0.366339805232125	3
0.0904838986330199	0.366339805232125	3
0.0904838986330199	0.366339805232125	3
0.0904838986330199	0.366339805232125	3
0.0904294418033702	0.366379981847431	3
0.0904294418033702	0.366379981847431	3
0.0904294418033702	0.366379981847431	3
0.0904838986330199	0.366339805232125	3
0.0904838986330199	0.366339805232125	3
0.0904838986330199	0.366339805232125	3
0.0904294418033702	0.366379981847431	3
0.0904294418033702	0.366379981847431	3
0.0904838986330199	0.366339805232125	3
0.0904294418033702	0.366379981847431	3
0.0904294418033702	0.366379981847431	3
0.0904294418033702	0.366379981847431	187
0.0904838986330199	0.366339805232125	3
0.0904294418033702	0.366379981847431	3
0.0904294418033702	0.366379981847431	3
0.0904294418033702	0.366379981847431	3
0.0904294418033702	0.366379981847431	3
0.0904294418033702	0.366379981847431	3
0.0904838986330199	0.366339805232125	3
0.0904838986330199	0.366339805232125	3
0.0904838986330199	0.366339805232125	3
0.0904294418033702	0.366379981847431	3
0.0904294418033702	0.366379981847431	3
0.0904838986330199	0.366339805232125	243
0.0904294418033702	0.366379981847431	3
0.0904838986330199	0.366339805232125	3
0.0904838986330199	0.366339805232125	3
0.0904838986330199	0.366339805232125	3
0.0904838986330199	0.366339805232125	3
0.0904294418033702	0.366379981847431	3
0.0904294418033702	0.366379981847431	3
0.0904838986330199	0.366339805232125	3
0.0904294418033702	0.366379981847431	3
0.0904294418033702	0.366379981847431	3
0.0904294418033702	0.366379981847431	3
0.0904838986330199	0.366339805232125	73
0.0904294418033702	0.366379981847431	3
0.0904294418033702	0.366379981847431	3
0.0904838986330199	0.366339805232125	3
0.0904838986330199	0.366339805232125	3
0.0904838986330199	0.366339805232125	3
0.0904838986330199	0.366339805232125	3
0.0904838986330199	0.366339805232125	3
0.0904294418033702	0.366379981847431	3
0.0904838986330199	0.366339805232125	3
0.0904294418033702	0.366379981847431	3
0.0904294418033702	0.366379981847431	3
0.0904294418033702	0.366379981847431	3
0.0904838986330199	0.366339805232125	3
0.0904838986330199	0.366339805232125	3
0.0904838986330199	0.366339805232125	3
0.0904294418033702	0.366379981847431	3
0.0904294418033702	0.366379981847431	3
0.0904294418033702	0.366379981847431	3
0.0904838986330199	0.366339805232125	370
0.0904294418033702	0.366379981847431	370
0.0904838986330199	0.366339805232125	3
0.0904294418033702	0.366379981847431	3
0.0904294418033702	0.366379981847431	3
0.0904294418033702	0.366379981847431	3
0.0904838986330199	0.366339805232125	89
0.0904294418033702	0.366379981847431	89
0.0904294418033702	0.366379981847431	89
0.0904294418033702	0.366379981847431	89
0.0904838986330199	0.366339805232125	89
0.0904294418033702	0.366379981847431	89
0.0904838986330199	0.366339805232125	89
0.0904838986330199	0.366339805232125	89
0.0904838986330199	0.366339805232125	89
0.0904838986330199	0.366339805232125	325
0.0904294418033702	0.366379981847431	89
0.0904838986330199	0.366339805232125	89
0.0904838986330199	0.366339805232125	89
0.0904294418033702	0.366379981847431	89
0.0904294418033702	0.366379981847431	89
0.0904294418033702	0.366379981847431	89
0.0904294418033702	0.366379981847431	89
0.0904294418033702	0.366379981847431	89
0.0904838986330199	0.366339805232125	89
0.0904838986330199	0.366339805232125	89
0.0904838986330199	0.366339805232125	89
0.0904838986330199	0.366339805232125	89
0.0904294418033702	0.366379981847431	89
0.0904294418033702	0.366379981847431	89
0.0904294418033702	0.366379981847431	89
0.0904294418033702	0.366379981847431	89
0.0904838986330199	0.366339805232125	259
0.0904294418033702	0.366379981847431	447
0.0904838986330199	0.366339805232125	89
0.0904294418033702	0.366379981847431	89
0.0904838986330199	0.366339805232125	89
0.0904294418033702	0.366379981847431	89
0.0904838986330199	0.366339805232125	89
0.0904294418033702	0.366379981847431	89
0.0904294418033702	0.366379981847431	89
0.0904838986330199	0.366339805232125	89
0.0904838986330199	0.366339805232125	89
0.0904838986330199	0.366339805232125	89
0.0904838986330199	0.366339805232125	275
0.0904838986330199	0.366339805232125	89
0.0904838986330199	0.366339805232125	89
0.0904838986330199	0.366339805232125	3
0.0904838986330199	0.366339805232125	3
0.0904838986330199	0.366339805232125	3
0.0904838986330199	0.366339805232125	3
0.0904838986330199	0.366339805232125	3
0.0605695558319002	1.27005874633258	243
0.0904838986330199	0.366339805232125	3
0.0904294418033702	0.366379981847431	3
0.0904294418033702	0.366379981847431	3
0.0904294418033702	0.366379981847431	3
0.0904294418033702	0.366379981847431	3
0.0904838986330199	0.366339805232125	3
0.0904294418033702	0.366379981847431	3
0.0904838986330199	0.366339805232125	3
0.0904294418033702	0.366379981847431	3
0.0904838986330199	0.366339805232125	3
0.0904294418033702	0.366379981847431	3
0.0904294418033702	0.366379981847431	3
0.0904294418033702	0.366379981847431	3
0.0904294418033702	0.366379981847431	3
0.0904294418033702	0.366379981847431	3
0.0904294418033702	0.366379981847431	3
0.0904838986330199	0.366339805232125	3
0.0904838986330199	0.366339805232125	89
0.0904838986330199	0.366339805232125	89
0.0904838986330199	0.366339805232125	89
0.0904838986330199	0.366339805232125	89
0.0904294418033702	0.366379981847431	89
0.0904294418033702	0.366379981847431	89
0.0904838986330199	0.366339805232125	89
0.0904838986330199	0.366339805232125	89
0.0904294418033702	0.366379981847431	89
0.0904838986330199	0.366339805232125	89
0.0904294418033702	0.366379981847431	89
0.0904838986330199	0.366339805232125	89
0.0904294418033702	0.366379981847431	89
0.0904294418033702	0.366379981847431	89
0.0904294418033702	0.366379981847431	89
0.0904838986330199	0.366339805232125	89
0.0904838986330199	0.366339805232125	89
0.0904838986330199	0.366339805232125	89
0.0904838986330199	0.366339805232125	89
0.0904294418033702	0.366379981847431	89
0.0904294418033702	0.366379981847431	89
0.0904838986330199	0.366339805232125	89
0.0904294418033702	0.366379981847431	89
0.0904838986330199	0.366339805232125	89
0.0904838986330199	0.366339805232125	89
0.0904838986330199	0.366339805232125	89
0.0904294418033702	0.366379981847431	89
0.0904838986330199	0.366339805232125	89
0.0904838986330199	0.366339805232125	89
0.0904838986330199	0.366339805232125	89
0.0904294418033702	0.366379981847431	89
0.0904294418033702	0.366379981847431	89
0.0904838986330199	0.366339805232125	89
0.0904838986330199	0.366339805232125	89
0.0904294418033702	0.366379981847431	89
0.0904838986330199	0.366339805232125	89
0.0904838986330199	0.366339805232125	89
0.0904838986330199	0.366339805232125	89
0.0904294418033702	0.366379981847431	275
0.0904838986330199	0.366339805232125	89
0.0904294418033702	0.366379981847431	275
0.0904294418033702	0.366379981847431	89
0.0904838986330199	0.366339805232125	3
0.0904294418033702	0.366379981847431	3
0.0904838986330199	0.366339805232125	187
0.0612791696730999	1.2693702277358	3
0.0609019956181598	1.26985288518349	3
0.0904294418033702	0.366379981847431	3
0.0904294418033702	0.366379981847431	3
0.0904838986330199	0.366339805232125	3
0.0904294418033702	0.366379981847431	3
0.0904294418033702	0.366379981847431	3
0.0904294418033702	0.366379981847431	3
0.0904838986330199	0.366339805232125	3
0.0904838986330199	0.366339805232125	3
0.0904294418033702	0.366379981847431	3
0.0904294418033702	0.366379981847431	3
0.0904838986330199	0.366339805232125	73
0.0615023106622399	1.26878837768738	73
0.0904838986330199	0.366339805232125	3
0.0904838986330199	0.366339805232125	3
0.0904294418033702	0.366379981847431	370
0.0904838986330199	0.366339805232125	89
0.0904294418033702	0.366379981847431	89
0.0904838986330199	0.366339805232125	89
0.0904294418033702	0.366379981847431	89
0.0904294418033702	0.366379981847431	89
0.0904838986330199	0.366339805232125	89
0.0904838986330199	0.366339805232125	89
0.0904294418033702	0.366379981847431	89
0.0904294418033702	0.366379981847431	89
0.0904838986330199	0.366339805232125	89
0.0904294418033702	0.366379981847431	89
0.0904838986330199	0.366339805232125	89
0.0904838986330199	0.366339805232125	89
0.0904294418033702	0.366379981847431	89
0.0904838986330199	0.366339805232125	89
0.0904294418033702	0.366379981847431	89
0.0904294418033702	0.366379981847431	89
0.0904838986330199	0.366339805232125	89
0.0904294418033702	0.366379981847431	89
0.0904838986330199	0.366339805232125	89
0.0904838986330199	0.366339805232125	89
0.0904294418033702	0.366379981847431	89
-0.03309382198991	2.11584397704076	130
0.0904294418033702	0.366379981847431	3
0.0904838986330199	0.366339805232125	3
0.0904838986330199	0.366339805232125	3
0.0904294418033702	0.366379981847431	3
0.0904294418033702	0.366379981847431	3
0.0904838986330199	0.366339805232125	3
0.0904838986330199	0.366339805232125	3
0.0904294418033702	0.366379981847431	3
0.0904838986330199	0.366339805232125	3
0.0904294418033702	0.366379981847431	3
0.0904294418033702	0.366379981847431	3
0.0699248798971	1.92010683368015	34
0.0904838986330199	0.366339805232125	3
0.0904838986330199	0.366339805232125	3
0.0904294418033702	0.366379981847431	89
0.0904838986330199	0.366339805232125	89
0.0904838986330199	0.366339805232125	89
0.0904838986330199	0.366339805232125	89
0.0904294418033702	0.366379981847431	89
0.0904294418033702	0.366379981847431	89
0.0904838986330199	0.366339805232125	89
0.0904294418033702	0.366379981847431	89
0.0904294418033702	0.366379981847431	89
0.0904838986330199	0.366339805232125	89
0.0904838986330199	0.366339805232125	89
0.0904294418033702	0.366379981847431	89
0.0904838986330199	0.366339805232125	89
0.0904838986330199	0.366339805232125	89
0.0904838986330199	0.366339805232125	89
0.0904294418033702	0.366379981847431	89
0.0609019956181598	1.26985288518349	447
0.0904838986330199	0.366339805232125	89
0.0904838986330199	0.366339805232125	89
-0.0330918685136199	2.11588456803398	643
0.0615023106622399	1.26878837768738	130
0.0904838986330199	0.366339805232125	120
0.0904838986330199	0.366339805232125	120
0.0904838986330199	0.366339805232125	3
0.0611253550369901	1.26943367833825	315
0.0608066386416399	1.26985540555962	187
0.0904294418033702	0.366379981847431	3
0.0904838986330199	0.366339805232125	3
0.0904294418033702	0.366379981847431	3
0.0904294418033702	0.366379981847431	3
0.06165575714975	1.26872549798424	3
0.0904838986330199	0.366339805232125	3
0.0904294418033702	0.366379981847431	3
0.0904294418033702	0.366379981847431	3
0.0904294418033702	0.366379981847431	243
0.0904294418033702	0.366379981847431	3
0.0904838986330199	0.366339805232125	3
0.0904294418033702	0.366379981847431	3
0.0904294418033702	0.366379981847431	3
0.0904294418033702	0.366379981847431	3
0.0904294418033702	0.366379981847431	3
0.0904838986330199	0.366339805232125	3
0.0904294418033702	0.366379981847431	3
0.0608066386416399	1.26985540555962	34
0.0609019956181598	1.26985288518349	34
0.0904294418033702	0.366379981847431	73
0.0904294418033702	0.366379981847431	3
0.0904294418033702	0.366379981847431	3
0.0904294418033702	0.366379981847431	3
0.0904294418033702	0.366379981847431	3
0.0904838986330199	0.366339805232125	3
0.0904838986330199	0.366339805232125	221
0.0904838986330199	0.366339805232125	3
0.0904294418033702	0.366379981847431	370
0.0904838986330199	0.366339805232125	3
0.0904294418033702	0.366379981847431	3
0.0904294418033702	0.366379981847431	89
0.0904294418033702	0.366379981847431	89
0.0904838986330199	0.366339805232125	89
0.0904294418033702	0.366379981847431	89
0.0904838986330199	0.366339805232125	89
0.0904838986330199	0.366339805232125	89
0.0904294418033702	0.366379981847431	89
0.0904838986330199	0.366339805232125	89
0.0904838986330199	0.366339805232125	89
0.0904294418033702	0.366379981847431	89
0.0904838986330199	0.366339805232125	89
0.0904838986330199	0.366339805232125	89
0.0904294418033702	0.366379981847431	89
0.0904294418033702	0.366379981847431	89
0.0904838986330199	0.366339805232125	89
0.0904838986330199	0.366339805232125	89
0.0904294418033702	0.366379981847431	89
0.0904838986330199	0.366339805232125	89
0.0904294418033702	0.366379981847431	89
0.0904838986330199	0.366339805232125	89
0.0904838986330199	0.366339805232125	8
0.0904838986330199	0.366339805232125	89
0.0904838986330199	0.366339805232125	259
0.0904294418033702	0.366379981847431	89
0.0904294418033702	0.366379981847431	447
0.0904838986330199	0.366339805232125	89
0.0904838986330199	0.366339805232125	89
0.0904294418033702	0.366379981847431	89
0.0904294418033702	0.366379981847431	89
0.0904294418033702	0.366379981847431	89
0.0904838986330199	0.366339805232125	89
0.0904838986330199	0.366339805232125	89
0.0904838986330199	0.366339805232125	89
0.0904838986330199	0.366339805232125	89
0.0904294418033702	0.366379981847431	3
0.0904838986330199	0.366339805232125	3
0.0904294418033702	0.366379981847431	3
0.0904838986330199	0.366339805232125	3
0.0904838986330199	0.366339805232125	3
0.0904838986330199	0.366339805232125	3
0.0904294418033702	0.366379981847431	3
0.0904294418033702	0.366379981847431	395
0.0904294418033702	0.366379981847431	3
0.0904294418033702	0.366379981847431	3
0.0904838986330199	0.366339805232125	3
0.0904838986330199	0.366339805232125	3
0.0904838986330199	0.366339805232125	221
0.0904294418033702	0.366379981847431	3
0.0904294418033702	0.366379981847431	3
0.0904838986330199	0.366339805232125	3
0.0904838986330199	0.366339805232125	89
0.0904294418033702	0.366379981847431	89
0.0904294418033702	0.366379981847431	89
0.0904294418033702	0.366379981847431	89
0.0904838986330199	0.366339805232125	89
0.0904838986330199	0.366339805232125	89
0.0904838986330199	0.366339805232125	89
0.0904838986330199	0.366339805232125	89
0.0904294418033702	0.366379981847431	89
0.0904838986330199	0.366339805232125	89
0.0904294418033702	0.366379981847431	89
0.0904838986330199	0.366339805232125	89
0.0904294418033702	0.366379981847431	89
0.0904838986330199	0.366339805232125	89
0.0904294418033702	0.366379981847431	89
0.0904294418033702	0.366379981847431	89
0.0904838986330199	0.366339805232125	89
0.0904294418033702	0.366379981847431	89
0.0904294418033702	0.366379981847431	89
0.0904294418033702	0.366379981847431	89
0.0904294418033702	0.366379981847431	89
0.0904838986330199	0.366339805232125	8
0.06065148921429	1.27007010277034	259
0.0699787242086898	1.918993788212	259
0.0904838986330199	0.366339805232125	447
0.0904294418033702	0.366379981847431	89
0.0904838986330199	0.366339805232125	89
0.0904294418033702	0.366379981847431	275
0.0904838986330199	0.366339805232125	275
0.0904838986330199	0.366339805232125	89
0.0699786146057102	1.9201720707914	3
0.0904838986330199	0.366339805232125	3
0.0904838986330199	0.366339805232125	3
0.06041427112834	1.27014049646167	73
0.0608066386416399	1.26985540555962	370
0.0904294418033702	0.366379981847431	89
0.0904294418033702	0.366379981847431	89
0.0904838986330199	0.366339805232125	89
0.0904838986330199	0.366339805232125	89
0.0904294418033702	0.366379981847431	89
0.0904294418033702	0.366379981847431	89
0.0904294418033702	0.366379981847431	226
0.0904294418033702	0.366379981847431	89
0.0904294418033702	0.366379981847431	89
-0.03309382198991	2.11584397704076	259
0.0904294418033702	0.366379981847431	89
0.0904294418033702	0.366379981847431	89
0.0608066386416399	1.26985540555962	275
0.0904294418033702	0.366379981847431	3
0.0904838986330199	0.366339805232125	3
0.0904838986330199	0.366339805232125	3
0.0904838986330199	0.366339805232125	3
0.0904294418033702	0.366379981847431	3
0.0904838986330199	0.366339805232125	89
0.0904294418033702	0.366379981847431	89
0.0609019956181598	1.26985288518349	370
0.0904838986330199	0.366339805232125	226
0.0609019956181598	1.26985288518349	89
0.0601766780147899	1.27004899303449	259
-0.0330918685136199	2.11588456803398	130
0.0611253550369901	1.26943367833825	315
0.0612791696730999	1.2693702277358	395
0.0904838986330199	0.366339805232125	3
0.0904294418033702	0.366379981847431	3
0.0700597820862798	1.91940981612485	416
0.0904294418033702	0.366379981847431	221
0.0904294418033702	0.366379981847431	89
0.0904838986330199	0.366339805232125	89
0.0904294418033702	0.366379981847431	259
0.0609019956181598	1.26985288518349	389
0.06984444655766	1.91909619733144	315
0.0904294418033702	0.366379981847431	3
0.0904294418033702	0.366379981847431	89
0.06165575714975	1.26872549798424	701
0.0612791696730999	1.2693702277358	259
0.0699248798971	1.92010683368015	130
0.0904294418033702	0.366379981847431	180
0.0904838986330199	0.366339805232125	3
0.0904838986330199	0.366339805232125	3
0.0904294418033702	0.366379981847431	3
0.0904838986330199	0.366339805232125	3
0.0904294418033702	0.366379981847431	73
0.0904838986330199	0.366339805232125	221
0.0609019956181598	1.26985288518349	221
0.0603320982528199	1.27012956245085	221
0.0904294418033702	0.366379981847431	370
0.0904294418033702	0.366379981847431	89
0.0904838986330199	0.366339805232125	89
0.0904838986330199	0.366339805232125	89
0.0904294418033702	0.366379981847431	89
0.0904838986330199	0.366339805232125	226
0.0904294418033702	0.366379981847431	8
-0.0331116511251	2.11627427707283	639
0.0608066386416399	1.26985540555962	315
0.0904838986330199	0.366339805232125	3
0.0904294418033702	0.366379981847431	3
0.0904294418033702	0.366379981847431	3
0.0904294418033702	0.366379981847431	3
0.0904838986330199	0.366339805232125	196
0.06065148921429	1.27007010277034	370
0.0904838986330199	0.366339805232125	370
0.0904294418033702	0.366379981847431	370
0.0904838986330199	0.366339805232125	226
0.0904838986330199	0.366339805232125	325
0.0904294418033702	0.366379981847431	3
0.0904294418033702	0.366379981847431	3
0.0904294418033702	0.366379981847431	3
0.0904294418033702	0.366379981847431	3
0.0904838986330199	0.366339805232125	3
0.06041427112834	1.27014049646167	732
0.0904294418033702	0.366379981847431	640
0.06065148921429	1.27007010277034	196
0.06041427112834	1.27014049646167	196
0.0904838986330199	0.366339805232125	89
0.0904294418033702	0.366379981847431	226
0.0904838986330199	0.366339805232125	259
0.0699786146057102	1.9201720707914	315
0.07008660896894	1.91867167650292	395
0.0904838986330199	0.366339805232125	3
0.0904294418033702	0.366379981847431	226
0.0904838986330199	0.366339805232125	89
0.0904838986330199	0.366339805232125	89
0.06065148921429	1.27007010277034	226
0.0904838986330199	0.366339805232125	226
0.0611253550369901	1.26943367833825	259
0.0612791696730999	1.2693702277358	275
0.0611253550369901	1.26943367833825	180
0.0904294418033702	0.366379981847431	4
0.0904294418033702	0.366379981847431	3
0.0904294418033702	0.366379981847431	3
0.0904294418033702	0.366379981847431	3
0.0904294418033702	0.366379981847431	221
0.0904838986330199	0.366339805232125	370
0.0904294418033702	0.366379981847431	89
0.0609019956181598	1.26985288518349	325
0.0601766780147899	1.27004899303449	8
0.0611253550369901	1.26943367833825	8
0.0698711514481301	1.91931929782187	359
0.0904294418033702	0.366379981847431	3
0.0904838986330199	0.366339805232125	3
0.0904838986330199	0.366339805232125	3
0.0611253550369901	1.26943367833825	34
0.0698981255578999	1.91988357530134	732
0.0609019956181598	1.26985288518349	732
0.0904838986330199	0.366339805232125	89
0.0904294418033702	0.366379981847431	226
0.0904838986330199	0.366339805232125	226
0.0609019956181598	1.26985288518349	332
0.0605695558319002	1.27005874633258	389
0.0609019956181598	1.26985288518349	49
0.0904838986330199	0.366339805232125	3
0.0904294418033702	0.366379981847431	3
0.0904294418033702	0.366379981847431	3
0.0904294418033702	0.366379981847431	226
0.0904838986330199	0.366339805232125	226
0.0904838986330199	0.366339805232125	89
0.06165575714975	1.26872549798424	244
0.0904294418033702	0.366379981847431	8
0.06065148921429	1.27007010277034	49
0.0904838986330199	0.366339805232125	3
0.0904838986330199	0.366339805232125	3
0.0904294418033702	0.366379981847431	3
0.0609019956181598	1.26985288518349	296
0.0904838986330199	0.366339805232125	226
0.0904838986330199	0.366339805232125	226
0.0904838986330199	0.366339805232125	226
0.0904838986330199	0.366339805232125	226
0.0904294418033702	0.366379981847431	89
0.0904838986330199	0.366339805232125	89
0.0904294418033702	0.366379981847431	89
0.06009426510475	1.27003850033392	701
0.0904838986330199	0.366339805232125	307
0.0904838986330199	0.366339805232125	275
0.0904294418033702	0.366379981847431	49
0.0904838986330199	0.366339805232125	4
-0.0330530965986102	2.11678859346384	209
0.0904294418033702	0.366379981847431	395
0.0904294418033702	0.366379981847431	3
0.0904294418033702	0.366379981847431	3
0.0904294418033702	0.366379981847431	3
0.0904294418033702	0.366379981847431	3
0.0904294418033702	0.366379981847431	196
0.0904294418033702	0.366379981847431	89
0.0904838986330199	0.366339805232125	89
0.0904294418033702	0.366379981847431	89
0.0904838986330199	0.366339805232125	226
0.0904294418033702	0.366379981847431	89
0.0904294418033702	0.366379981847431	89
0.0609019956181598	1.26985288518349	325
0.0904838986330199	0.366339805232125	8
0.0904838986330199	0.366339805232125	8
0.0904294418033702	0.366379981847431	332
0.0904294418033702	0.366379981847431	307
0.0904294418033702	0.366379981847431	307
0.0904838986330199	0.366339805232125	307
0.0904294418033702	0.366379981847431	275
0.0608066386416399	1.26985540555962	49
0.0603320982528199	1.27012956245085	49
0.0904294418033702	0.366379981847431	49
0.0904294418033702	0.366379981847431	49
0.0609019956181598	1.26985288518349	49
0.0904294418033702	0.366379981847431	315
0.0904838986330199	0.366339805232125	4
0.0904838986330199	0.366339805232125	4
0.0904294418033702	0.366379981847431	4
0.0904838986330199	0.366339805232125	4
0.0904294418033702	0.366379981847431	3
0.0904294418033702	0.366379981847431	3
0.0904838986330199	0.366339805232125	3
0.0608066386416399	1.26985540555962	640
0.0612791696730999	1.2693702277358	640
0.0904838986330199	0.366339805232125	370
0.0904294418033702	0.366379981847431	226
0.0904294418033702	0.366379981847431	89
0.0904838986330199	0.366339805232125	226
0.0904294418033702	0.366379981847431	89
0.0904294418033702	0.366379981847431	89
0.0904294418033702	0.366379981847431	89
0.0904838986330199	0.366339805232125	89
0.0904838986330199	0.366339805232125	226
0.0904294418033702	0.366379981847431	325
0.0904294418033702	0.366379981847431	325
0.0904838986330199	0.366339805232125	325
0.0904294418033702	0.366379981847431	332
0.06065148921429	1.27007010277034	259
0.0615023106622399	1.26878837768738	259
0.0904838986330199	0.366339805232125	307
0.0904294418033702	0.366379981847431	307
0.0904838986330199	0.366339805232125	307
0.0904838986330199	0.366339805232125	275
0.0904294418033702	0.366379981847431	275
0.06065148921429	1.27007010277034	275
0.0904294418033702	0.366379981847431	275
0.0699247871415198	1.91938461027322	49
0.0904294418033702	0.366379981847431	4
0.0904294418033702	0.366379981847431	4
0.0904838986330199	0.366339805232125	4
0.0904294418033702	0.366379981847431	4
0.0904838986330199	0.366339805232125	3
0.0904294418033702	0.366379981847431	3
0.0904294418033702	0.366379981847431	3
0.06065148921429	1.27007010277034	226
0.06165575714975	1.26872549798424	221
0.0605695558319002	1.27005874633258	221
0.0904294418033702	0.366379981847431	221
0.0904838986330199	0.366339805232125	89
0.0904294418033702	0.366379981847431	226
0.0904294418033702	0.366379981847431	226
0.0904294418033702	0.366379981847431	89
0.0904838986330199	0.366339805232125	226
0.0904294418033702	0.366379981847431	89
0.0904294418033702	0.366379981847431	226
0.0904838986330199	0.366339805232125	89
0.0904294418033702	0.366379981847431	226
0.0904838986330199	0.366339805232125	226
0.0904294418033702	0.366379981847431	8
0.0904294418033702	0.366379981847431	332
0.0904294418033702	0.366379981847431	332
0.0904294418033702	0.366379981847431	332
0.0904838986330199	0.366339805232125	332
0.0904838986330199	0.366339805232125	307
0.0904838986330199	0.366339805232125	275
0.0904294418033702	0.366379981847431	49
0.0904838986330199	0.366339805232125	3
0.0904838986330199	0.366339805232125	3
0.0904838986330199	0.366339805232125	3
0.0904294418033702	0.366379981847431	226
0.0904294418033702	0.366379981847431	89
0.0904838986330199	0.366339805232125	226
0.0904294418033702	0.366379981847431	89
0.0904294418033702	0.366379981847431	89
0.0904294418033702	0.366379981847431	89
0.0904838986330199	0.366339805232125	89
0.0904294418033702	0.366379981847431	332
0.0904838986330199	0.366339805232125	332
0.06065148921429	1.27007010277034	49
0.0904838986330199	0.366339805232125	3
0.0904294418033702	0.366379981847431	3
0.0904294418033702	0.366379981847431	3
0.0904838986330199	0.366339805232125	3
0.0904838986330199	0.366339805232125	3
0.0904294418033702	0.366379981847431	3
0.06065148921429	1.27007010277034	221
0.0904838986330199	0.366339805232125	89
0.0904838986330199	0.366339805232125	226
0.0904838986330199	0.366339805232125	89
0.0904838986330199	0.366339805232125	89
0.0904838986330199	0.366339805232125	89
0.0904838986330199	0.366339805232125	332
0.0904294418033702	0.366379981847431	332
0.06165575714975	1.26872549798424	332
0.0608066386416399	1.26985540555962	259
0.06065148921429	1.27007010277034	275
0.0904294418033702	0.366379981847431	275
0.0608066386416399	1.26985540555962	49
0.0699786146057102	1.9201720707914	315
0.0904294418033702	0.366379981847431	3
0.0904838986330199	0.366339805232125	3
0.0904838986330199	0.366339805232125	3
0.0904294418033702	0.366379981847431	3
0.0904294418033702	0.366379981847431	3
0.0904838986330199	0.366339805232125	221
0.0904294418033702	0.366379981847431	89
0.0904838986330199	0.366339805232125	226
0.0904294418033702	0.366379981847431	226
0.0904838986330199	0.366339805232125	89
0.0904838986330199	0.366339805232125	226
0.0904838986330199	0.366339805232125	332
0.0611253550369901	1.26943367833825	307
0.0609019956181598	1.26985288518349	359
0.0904294418033702	0.366379981847431	3
0.0904838986330199	0.366339805232125	3
0.06065148921429	1.27007010277034	395
0.0603320982528199	1.27012956245085	3
0.0904294418033702	0.366379981847431	3
0.0904294418033702	0.366379981847431	3
0.0904294418033702	0.366379981847431	3
0.0611253550369901	1.26943367833825	9
0.0904294418033702	0.366379981847431	3
0.0904838986330199	0.366339805232125	89
0.0904294418033702	0.366379981847431	89
0.0904294418033702	0.366379981847431	89
0.0904294418033702	0.366379981847431	89
0.0904294418033702	0.366379981847431	89
0.0904294418033702	0.366379981847431	89
0.0904294418033702	0.366379981847431	89
0.0904838986330199	0.366339805232125	89
0.0904294418033702	0.366379981847431	89
0.0904294418033702	0.366379981847431	226
0.0904294418033702	0.366379981847431	332
0.0904294418033702	0.366379981847431	332
0.0904838986330199	0.366339805232125	259
0.0904294418033702	0.366379981847431	389
0.0904294418033702	0.366379981847431	4
0.0904294418033702	0.366379981847431	4
0.0904294418033702	0.366379981847431	4
0.0904294418033702	0.366379981847431	3
0.0904294418033702	0.366379981847431	3
0.0904838986330199	0.366339805232125	3
0.0904294418033702	0.366379981847431	3
0.0611253550369901	1.26943367833825	640
0.0904838986330199	0.366339805232125	226
0.0608066386416399	1.26985540555962	73
0.0904294418033702	0.366379981847431	221
0.0609019956181598	1.26985288518349	196
0.0904838986330199	0.366339805232125	89
0.0904294418033702	0.366379981847431	89
0.0904838986330199	0.366339805232125	89
0.0904294418033702	0.366379981847431	89
0.0904838986330199	0.366339805232125	226
0.0904294418033702	0.366379981847431	226
0.0904838986330199	0.366339805232125	89
0.0904294418033702	0.366379981847431	89
0.0904838986330199	0.366339805232125	332
0.0904294418033702	0.366379981847431	332
0.0904838986330199	0.366339805232125	332
0.0904838986330199	0.366339805232125	332
0.0904294418033702	0.366379981847431	332
0.0904294418033702	0.366379981847431	307
0.0904838986330199	0.366339805232125	275
0.06041427112834	1.27014049646167	275
0.0609019956181598	1.26985288518349	130
0.0700055950218399	1.92003282727069	49
0.0612791696730999	1.2693702277358	4
0.0904838986330199	0.366339805232125	4
0.0904838986330199	0.366339805232125	4
0.0904294418033702	0.366379981847431	4
0.0904294418033702	0.366379981847431	3
0.0904838986330199	0.366339805232125	3
0.0904838986330199	0.366339805232125	226
0.0904838986330199	0.366339805232125	226
0.0904294418033702	0.366379981847431	370
0.0904838986330199	0.366339805232125	226
0.0904294418033702	0.366379981847431	89
0.0904838986330199	0.366339805232125	226
0.0904838986330199	0.366339805232125	226
0.0904838986330199	0.366339805232125	226
0.0904294418033702	0.366379981847431	89
0.0904838986330199	0.366339805232125	89
0.0904838986330199	0.366339805232125	89
0.0904294418033702	0.366379981847431	89
0.0904294418033702	0.366379981847431	332
0.0904838986330199	0.366339805232125	332
0.0904294418033702	0.366379981847431	8
0.0904838986330199	0.366339805232125	307
0.0904294418033702	0.366379981847431	307
0.0904838986330199	0.366339805232125	307
0.0904294418033702	0.366379981847431	307
0.0904294418033702	0.366379981847431	4
0.0904838986330199	0.366339805232125	4
0.0904294418033702	0.366379981847431	4
0.0608066386416399	1.26985540555962	180
0.0904294418033702	0.366379981847431	4
0.0904838986330199	0.366339805232125	4
-0.0330530965986102	2.11678859346384	522
0.0904294418033702	0.366379981847431	3
0.0904294418033702	0.366379981847431	3
0.0904838986330199	0.366339805232125	3
0.0904294418033702	0.366379981847431	3
0.06041427112834	1.27014049646167	226
0.0904294418033702	0.366379981847431	89
0.0904294418033702	0.366379981847431	89
0.0904294418033702	0.366379981847431	89
0.0904838986330199	0.366339805232125	89
0.0904294418033702	0.366379981847431	501
0.0904294418033702	0.366379981847431	332
0.0904294418033702	0.366379981847431	332
0.0904294418033702	0.366379981847431	8
0.0904294418033702	0.366379981847431	307
0.0904838986330199	0.366339805232125	307
0.0904294418033702	0.366379981847431	307
0.0904294418033702	0.366379981847431	307
0.0904294418033702	0.366379981847431	623
0.0904294418033702	0.366379981847431	4
0.0904294418033702	0.366379981847431	4
0.0904838986330199	0.366339805232125	4
0.0904294418033702	0.366379981847431	4
0.0904294418033702	0.366379981847431	4
0.0904838986330199	0.366339805232125	4
0.0904294418033702	0.366379981847431	4
0.0904838986330199	0.366339805232125	3
0.0904838986330199	0.366339805232125	3
0.0904294418033702	0.366379981847431	3
0.0904294418033702	0.366379981847431	3
0.0904294418033702	0.366379981847431	3
0.0608066386416399	1.26985540555962	3
0.0904294418033702	0.366379981847431	3
0.0904294418033702	0.366379981847431	226
0.0904294418033702	0.366379981847431	89
0.0904838986330199	0.366339805232125	89
0.0904294418033702	0.366379981847431	89
0.0904838986330199	0.366339805232125	89
0.0904294418033702	0.366379981847431	89
0.0904838986330199	0.366339805232125	89
0.0904838986330199	0.366339805232125	226
0.0904838986330199	0.366339805232125	332
0.0904294418033702	0.366379981847431	332
0.0904294418033702	0.366379981847431	332
0.0904838986330199	0.366339805232125	332
0.0904294418033702	0.366379981847431	332
0.0609019956181598	1.26985288518349	259
0.0904294418033702	0.366379981847431	307
0.0904294418033702	0.366379981847431	307
0.0904294418033702	0.366379981847431	307
0.0904838986330199	0.366339805232125	130
0.06041427112834	1.27014049646167	49
0.0904838986330199	0.366339805232125	4
0.0608066386416399	1.26985540555962	49
0.0904838986330199	0.366339805232125	4
0.0904294418033702	0.366379981847431	4
0.0904294418033702	0.366379981847431	4
0.0904838986330199	0.366339805232125	4
0.0904294418033702	0.366379981847431	4
0.0904294418033702	0.366379981847431	4
0.0904294418033702	0.366379981847431	3
0.0904294418033702	0.366379981847431	226
0.0904294418033702	0.366379981847431	221
0.0904294418033702	0.366379981847431	226
0.0612791696730999	1.2693702277358	196
0.0904294418033702	0.366379981847431	89
0.0904838986330199	0.366339805232125	226
0.06041427112834	1.27014049646167	226
0.0904838986330199	0.366339805232125	226
0.0904838986330199	0.366339805232125	89
0.0904294418033702	0.366379981847431	332
0.0904838986330199	0.366339805232125	332
0.0904838986330199	0.366339805232125	332
0.0904294418033702	0.366379981847431	307
0.0904838986330199	0.366339805232125	307
0.0904838986330199	0.366339805232125	307
0.0904838986330199	0.366339805232125	307
0.0904294418033702	0.366379981847431	307
0.0904838986330199	0.366339805232125	307
0.0904294418033702	0.366379981847431	307
0.0904294418033702	0.366379981847431	275
0.06989793163463	1.91941103141641	130
0.06065148921429	1.27007010277034	49
0.0904294418033702	0.366379981847431	623
0.0904838986330199	0.366339805232125	4
0.0904838986330199	0.366339805232125	4
0.0904838986330199	0.366339805232125	4
0.0904294418033702	0.366379981847431	4
0.0904294418033702	0.366379981847431	4
0.0904294418033702	0.366379981847431	4
0.0904294418033702	0.366379981847431	4
0.0904294418033702	0.366379981847431	4
0.0904838986330199	0.366339805232125	4
0.0904838986330199	0.366339805232125	4
0.0904294418033702	0.366379981847431	4
0.0904294418033702	0.366379981847431	3
0.0904294418033702	0.366379981847431	3
0.0904294418033702	0.366379981847431	3
0.0904838986330199	0.366339805232125	226
0.0904294418033702	0.366379981847431	226
0.0904838986330199	0.366339805232125	226
0.0904294418033702	0.366379981847431	89
0.0904838986330199	0.366339805232125	226
0.0904294418033702	0.366379981847431	89
0.0904294418033702	0.366379981847431	89
0.0904294418033702	0.366379981847431	89
0.0904294418033702	0.366379981847431	226
0.0904294418033702	0.366379981847431	226
0.0904294418033702	0.366379981847431	226
0.0904838986330199	0.366339805232125	226
0.0904294418033702	0.366379981847431	332
0.0904294418033702	0.366379981847431	332
0.0904838986330199	0.366339805232125	332
0.0904294418033702	0.366379981847431	332
0.0904838986330199	0.366339805232125	332
0.0904294418033702	0.366379981847431	332
0.0603320982528199	1.27012956245085	259
0.0904294418033702	0.366379981847431	307
0.0904294418033702	0.366379981847431	307
0.0904294418033702	0.366379981847431	307
0.0904838986330199	0.366339805232125	307
0.0904294418033702	0.366379981847431	307
0.0904294418033702	0.366379981847431	307
0.0605695558319002	1.27005874633258	4
0.0904294418033702	0.366379981847431	4
0.0904294418033702	0.366379981847431	4
0.0611253550369901	1.26943367833825	49
0.0904294418033702	0.366379981847431	4
0.0609019956181598	1.26985288518349	180
0.06065148921429	1.27007010277034	180
0.0904294418033702	0.366379981847431	4
0.0904838986330199	0.366339805232125	4
0.0904294418033702	0.366379981847431	4
0.0904294418033702	0.366379981847431	4
0.0904838986330199	0.366339805232125	4
0.0904294418033702	0.366379981847431	4
0.0904294418033702	0.366379981847431	3
0.0904294418033702	0.366379981847431	3
0.0904294418033702	0.366379981847431	3
0.0904294418033702	0.366379981847431	3
0.0904838986330199	0.366339805232125	226
0.0904838986330199	0.366339805232125	226
0.0904838986330199	0.366339805232125	226
0.0904294418033702	0.366379981847431	226
0.0904838986330199	0.366339805232125	226
0.0904838986330199	0.366339805232125	89
0.0904838986330199	0.366339805232125	89
0.0904838986330199	0.366339805232125	89
0.0904838986330199	0.366339805232125	226
0.0904838986330199	0.366339805232125	332
0.0904294418033702	0.366379981847431	332
0.0904294418033702	0.366379981847431	332
0.0904838986330199	0.366339805232125	8
0.0605695558319002	1.27005874633258	334
0.0904294418033702	0.366379981847431	307
0.0904838986330199	0.366339805232125	307
0.0904294418033702	0.366379981847431	275
0.0904838986330199	0.366339805232125	275
0.0608066386416399	1.26985540555962	240
0.0904294418033702	0.366379981847431	623
0.0904294418033702	0.366379981847431	4
0.0904294418033702	0.366379981847431	4
0.0904294418033702	0.366379981847431	4
0.0904294418033702	0.366379981847431	4
0.0904294418033702	0.366379981847431	4
0.0904838986330199	0.366339805232125	4
0.0904838986330199	0.366339805232125	3
0.0904838986330199	0.366339805232125	3
0.0904838986330199	0.366339805232125	3
0.0904294418033702	0.366379981847431	226
0.0904838986330199	0.366339805232125	221
0.0904838986330199	0.366339805232125	226
0.0904838986330199	0.366339805232125	226
0.0904838986330199	0.366339805232125	226
0.0904294418033702	0.366379981847431	89
0.0904838986330199	0.366339805232125	89
0.0904838986330199	0.366339805232125	89
0.0904294418033702	0.366379981847431	89
0.0904838986330199	0.366339805232125	89
0.0904838986330199	0.366339805232125	332
0.0904838986330199	0.366339805232125	332
0.0904294418033702	0.366379981847431	332
0.0904838986330199	0.366339805232125	307
0.0904294418033702	0.366379981847431	307
0.0904838986330199	0.366339805232125	307
0.0904294418033702	0.366379981847431	307
0.0904838986330199	0.366339805232125	307
0.0904838986330199	0.366339805232125	275
0.0904294418033702	0.366379981847431	275
0.06065148921429	1.27007010277034	562
0.0609019956181598	1.26985288518349	130
0.0904838986330199	0.366339805232125	4
0.0904294418033702	0.366379981847431	4
0.0904838986330199	0.366339805232125	4
0.0904294418033702	0.366379981847431	4
0.0904294418033702	0.366379981847431	4
0.0904294418033702	0.366379981847431	4
0.0904294418033702	0.366379981847431	4
0.0904838986330199	0.366339805232125	4
0.0904294418033702	0.366379981847431	4
0.0904838986330199	0.366339805232125	395
0.0904838986330199	0.366339805232125	3
0.0904838986330199	0.366339805232125	226
0.0904294418033702	0.366379981847431	89
0.0904838986330199	0.366339805232125	226
0.0904838986330199	0.366339805232125	226
0.0904838986330199	0.366339805232125	89
0.0904838986330199	0.366339805232125	89
0.0904838986330199	0.366339805232125	89
0.0904294418033702	0.366379981847431	226
0.0904294418033702	0.366379981847431	89
0.0904838986330199	0.366339805232125	89
0.0904294418033702	0.366379981847431	89
0.0904294418033702	0.366379981847431	226
0.0904294418033702	0.366379981847431	226
0.0904294418033702	0.366379981847431	332
0.0904838986330199	0.366339805232125	332
0.0904838986330199	0.366339805232125	332
0.0904838986330199	0.366339805232125	332
0.06065148921429	1.27007010277034	259
0.0904294418033702	0.366379981847431	307
0.0904294418033702	0.366379981847431	307
0.0904294418033702	0.366379981847431	307
0.0904838986330199	0.366339805232125	307
0.0904838986330199	0.366339805232125	275
0.06165575714975	1.26872549798424	4
0.0904294418033702	0.366379981847431	4
0.0904294418033702	0.366379981847431	4
0.0904294418033702	0.366379981847431	4
0.0904294418033702	0.366379981847431	4
0.0904838986330199	0.366339805232125	49
0.0904294418033702	0.366379981847431	49
0.0904838986330199	0.366339805232125	49
0.0904294418033702	0.366379981847431	49
0.0904838986330199	0.366339805232125	4
0.0904838986330199	0.366339805232125	4
0.0904838986330199	0.366339805232125	4
0.0904294418033702	0.366379981847431	4
0.0904294418033702	0.366379981847431	4
0.0904838986330199	0.366339805232125	4
0.0904294418033702	0.366379981847431	3
0.0904838986330199	0.366339805232125	3
0.0904294418033702	0.366379981847431	3
0.06065148921429	1.27007010277034	732
0.0904838986330199	0.366339805232125	226
0.0904838986330199	0.366339805232125	226
0.0904838986330199	0.366339805232125	226
0.0904294418033702	0.366379981847431	226
0.0904294418033702	0.366379981847431	226
0.0904294418033702	0.366379981847431	89
0.0904294418033702	0.366379981847431	89
0.0904294418033702	0.366379981847431	89
0.0904838986330199	0.366339805232125	89
0.0904294418033702	0.366379981847431	226
0.0904838986330199	0.366339805232125	89
0.0904294418033702	0.366379981847431	89
0.0904294418033702	0.366379981847431	89
0.0904838986330199	0.366339805232125	89
0.0904294418033702	0.366379981847431	89
0.0904838986330199	0.366339805232125	226
0.0904294418033702	0.366379981847431	501
0.0904838986330199	0.366339805232125	332
0.0904294418033702	0.366379981847431	332
0.0904838986330199	0.366339805232125	332
0.0904838986330199	0.366339805232125	259
0.0904294418033702	0.366379981847431	307
0.0904838986330199	0.366339805232125	307
0.0904294418033702	0.366379981847431	307
0.0904294418033702	0.366379981847431	307
0.0904294418033702	0.366379981847431	307
0.0904294418033702	0.366379981847431	307
0.0904294418033702	0.366379981847431	275
0.0904838986330199	0.366339805232125	623
0.0904838986330199	0.366339805232125	4
0.0904294418033702	0.366379981847431	4
0.0904838986330199	0.366339805232125	4
0.0904838986330199	0.366339805232125	4
0.0904838986330199	0.366339805232125	4
0.0904838986330199	0.366339805232125	4
0.0904838986330199	0.366339805232125	4
0.0904838986330199	0.366339805232125	4
0.0904294418033702	0.366379981847431	49
0.0612791696730999	1.2693702277358	49
0.0904838986330199	0.366339805232125	4
0.0904294418033702	0.366379981847431	4
0.0904294418033702	0.366379981847431	4
0.0609019956181598	1.26985288518349	180
0.0904838986330199	0.366339805232125	4
0.0904294418033702	0.366379981847431	4
0.0904294418033702	0.366379981847431	4
0.0904838986330199	0.366339805232125	4
0.0904294418033702	0.366379981847431	4
0.0904838986330199	0.366339805232125	4
0.0904294418033702	0.366379981847431	4
0.0904294418033702	0.366379981847431	3
0.0904294418033702	0.366379981847431	3
0.0904294418033702	0.366379981847431	3
0.0608066386416399	1.26985540555962	192
0.0904838986330199	0.366339805232125	226
0.0904838986330199	0.366339805232125	226
0.0904294418033702	0.366379981847431	226
0.0609019956181598	1.26985288518349	89
0.0904294418033702	0.366379981847431	89
0.0904294418033702	0.366379981847431	89
0.0904294418033702	0.366379981847431	89
0.0904294418033702	0.366379981847431	89
0.0904294418033702	0.366379981847431	89
0.0904294418033702	0.366379981847431	89
0.0904838986330199	0.366339805232125	89
0.0904294418033702	0.366379981847431	89
0.0904838986330199	0.366339805232125	89
0.0904838986330199	0.366339805232125	89
0.0904294418033702	0.366379981847431	89
0.0904838986330199	0.366339805232125	89
0.0904294418033702	0.366379981847431	89
0.0904294418033702	0.366379981847431	89
0.0904294418033702	0.366379981847431	501
0.0904294418033702	0.366379981847431	332
0.0904294418033702	0.366379981847431	332
0.0904838986330199	0.366339805232125	332
0.0904294418033702	0.366379981847431	332
0.0904838986330199	0.366339805232125	8
0.0904294418033702	0.366379981847431	307
0.0904838986330199	0.366339805232125	307
0.0904294418033702	0.366379981847431	307
0.0904838986330199	0.366339805232125	307
0.0904838986330199	0.366339805232125	307
0.0904294418033702	0.366379981847431	307
0.0904838986330199	0.366339805232125	623
0.0904838986330199	0.366339805232125	4
0.0904294418033702	0.366379981847431	4
0.0904838986330199	0.366339805232125	4
0.0904294418033702	0.366379981847431	4
0.0904838986330199	0.366339805232125	4
0.0904294418033702	0.366379981847431	49
0.0904294418033702	0.366379981847431	4
0.0904838986330199	0.366339805232125	4
0.0904838986330199	0.366339805232125	4
0.0904838986330199	0.366339805232125	4
0.0904294418033702	0.366379981847431	4
0.0904838986330199	0.366339805232125	4
0.0904838986330199	0.366339805232125	3
0.0904294418033702	0.366379981847431	3
0.0904294418033702	0.366379981847431	3
0.0904838986330199	0.366339805232125	3
0.0609019956181598	1.26985288518349	3
0.0904294418033702	0.366379981847431	221
0.0904294418033702	0.366379981847431	226
0.0904294418033702	0.366379981847431	370
0.0904838986330199	0.366339805232125	370
0.0904838986330199	0.366339805232125	89
0.0904838986330199	0.366339805232125	89
0.0904294418033702	0.366379981847431	89
0.0904294418033702	0.366379981847431	89
0.0904294418033702	0.366379981847431	89
0.0904294418033702	0.366379981847431	89
0.0904294418033702	0.366379981847431	89
0.0904294418033702	0.366379981847431	226
0.0904294418033702	0.366379981847431	226
0.0904294418033702	0.366379981847431	89
0.0904294418033702	0.366379981847431	501
0.0904294418033702	0.366379981847431	332
0.0904294418033702	0.366379981847431	332
0.0904838986330199	0.366339805232125	8
0.0904838986330199	0.366339805232125	332
0.0608066386416399	1.26985540555962	8
0.0904838986330199	0.366339805232125	307
0.0904838986330199	0.366339805232125	307
0.0904294418033702	0.366379981847431	275
0.0904838986330199	0.366339805232125	275
0.0904838986330199	0.366339805232125	275
0.0904838986330199	0.366339805232125	623
0.0904294418033702	0.366379981847431	4
0.0904294418033702	0.366379981847431	4
0.0612791696730999	1.2693702277358	49
-0.03309759664534	2.11541208849321	315
0.0904294418033702	0.366379981847431	4
0.0904838986330199	0.366339805232125	4
0.0904838986330199	0.366339805232125	4
0.0904294418033702	0.366379981847431	3
0.0904294418033702	0.366379981847431	3
0.0904294418033702	0.366379981847431	3
0.0904838986330199	0.366339805232125	3
0.0904838986330199	0.366339805232125	3
0.0611253550369901	1.26943367833825	192
0.0904838986330199	0.366339805232125	226
0.0904294418033702	0.366379981847431	226
0.0904838986330199	0.366339805232125	226
0.0904838986330199	0.366339805232125	221
0.0608066386416399	1.26985540555962	221
0.0904294418033702	0.366379981847431	226
0.0904838986330199	0.366339805232125	370
0.0904838986330199	0.366339805232125	370
0.0904294418033702	0.366379981847431	89
0.0904838986330199	0.366339805232125	89
0.0904838986330199	0.366339805232125	89
0.0904294418033702	0.366379981847431	89
0.0904838986330199	0.366339805232125	89
0.0904294418033702	0.366379981847431	89
0.0904294418033702	0.366379981847431	89
0.0904294418033702	0.366379981847431	89
0.0904838986330199	0.366339805232125	89
0.0904838986330199	0.366339805232125	89
0.0904838986330199	0.366339805232125	89
0.0904294418033702	0.366379981847431	89
0.0904294418033702	0.366379981847431	89
0.0904838986330199	0.366339805232125	89
0.0904294418033702	0.366379981847431	89
0.0904294418033702	0.366379981847431	89
0.0612791696730999	1.2693702277358	325
0.0904294418033702	0.366379981847431	501
0.0904294418033702	0.366379981847431	332
0.0904294418033702	0.366379981847431	332
0.0904838986330199	0.366339805232125	332
0.0904294418033702	0.366379981847431	332
0.0904294418033702	0.366379981847431	332
0.0904838986330199	0.366339805232125	332
0.0904838986330199	0.366339805232125	332
0.0904294418033702	0.366379981847431	307
0.0904838986330199	0.366339805232125	623
0.0904838986330199	0.366339805232125	4
0.0904294418033702	0.366379981847431	4
0.06041427112834	1.27014049646167	4
0.0615023106622399	1.26878837768738	4
0.0904294418033702	0.366379981847431	4
0.0904294418033702	0.366379981847431	49
0.0904838986330199	0.366339805232125	4
0.0904294418033702	0.366379981847431	4
0.0904838986330199	0.366339805232125	4
0.0699517179921201	1.91924558070435	522
0.0904294418033702	0.366379981847431	3
0.0904838986330199	0.366339805232125	3
0.0904294418033702	0.366379981847431	3
0.0904838986330199	0.366339805232125	3
0.0608066386416399	1.26985540555962	615
0.0904294418033702	0.366379981847431	221
0.0904294418033702	0.366379981847431	226
0.0904838986330199	0.366339805232125	226
0.0904838986330199	0.366339805232125	89
0.0904294418033702	0.366379981847431	89
0.0904294418033702	0.366379981847431	89
0.0904838986330199	0.366339805232125	89
0.0904294418033702	0.366379981847431	89
0.0904838986330199	0.366339805232125	226
0.0904294418033702	0.366379981847431	89
0.0904294418033702	0.366379981847431	89
0.0904838986330199	0.366339805232125	89
0.0615023106622399	1.26878837768738	556
0.0904294418033702	0.366379981847431	501
0.0605695558319002	1.27005874633258	325
0.0904294418033702	0.366379981847431	332
0.0904294418033702	0.366379981847431	332
0.0904294418033702	0.366379981847431	332
0.0904838986330199	0.366339805232125	332
0.06041427112834	1.27014049646167	8
0.0904294418033702	0.366379981847431	307
0.0904294418033702	0.366379981847431	307
0.0904294418033702	0.366379981847431	307
0.0904838986330199	0.366339805232125	307
0.0904294418033702	0.366379981847431	275
0.0904294418033702	0.366379981847431	275
0.0904294418033702	0.366379981847431	4
0.0904838986330199	0.366339805232125	4
0.0904838986330199	0.366339805232125	4
0.0904838986330199	0.366339805232125	4
0.0904294418033702	0.366379981847431	4
0.06065148921429	1.27007010277034	49
0.0904838986330199	0.366339805232125	4
0.0904838986330199	0.366339805232125	4
0.0904838986330199	0.366339805232125	4
0.0904838986330199	0.366339805232125	4
0.0904294418033702	0.366379981847431	4
0.0904838986330199	0.366339805232125	4
0.0904294418033702	0.366379981847431	4
0.0904294418033702	0.366379981847431	4
0.0904838986330199	0.366339805232125	395
0.0904838986330199	0.366339805232125	3
0.0904294418033702	0.366379981847431	3
0.0904294418033702	0.366379981847431	3
0.0904294418033702	0.366379981847431	3
0.0904838986330199	0.366339805232125	3
0.06165575714975	1.26872549798424	192
0.0904838986330199	0.366339805232125	226
0.0904294418033702	0.366379981847431	221
0.0904838986330199	0.366339805232125	226
0.0904838986330199	0.366339805232125	89
0.0904838986330199	0.366339805232125	89
0.0904838986330199	0.366339805232125	89
0.0904294418033702	0.366379981847431	89
0.0904294418033702	0.366379981847431	89
0.0904838986330199	0.366339805232125	89
0.0904838986330199	0.366339805232125	89
0.0904294418033702	0.366379981847431	89
0.0904294418033702	0.366379981847431	89
0.0904294418033702	0.366379981847431	89
0.0904838986330199	0.366339805232125	89
0.0904294418033702	0.366379981847431	89
0.0904838986330199	0.366339805232125	332
0.0904294418033702	0.366379981847431	332
0.0904294418033702	0.366379981847431	332
0.0904294418033702	0.366379981847431	307
0.0904838986330199	0.366339805232125	307
0.0904838986330199	0.366339805232125	275
0.0904294418033702	0.366379981847431	307
0.0904838986330199	0.366339805232125	275
0.0904838986330199	0.366339805232125	275
0.0904838986330199	0.366339805232125	4
0.0904294418033702	0.366379981847431	4
0.0605695558319002	1.27005874633258	49
0.0904294418033702	0.366379981847431	4
0.0904294418033702	0.366379981847431	4
0.0904294418033702	0.366379981847431	4
0.0904838986330199	0.366339805232125	4
0.0904294418033702	0.366379981847431	4
0.0904294418033702	0.366379981847431	4
0.06065148921429	1.27007010277034	395
0.0904838986330199	0.366339805232125	3
0.0904838986330199	0.366339805232125	3
0.0904294418033702	0.366379981847431	3
0.0904294418033702	0.366379981847431	3
0.0904838986330199	0.366339805232125	226
0.0904838986330199	0.366339805232125	73
0.0904294418033702	0.366379981847431	226
0.0904294418033702	0.366379981847431	226
0.0904294418033702	0.366379981847431	226
0.0904294418033702	0.366379981847431	370
0.0904294418033702	0.366379981847431	370
0.0904838986330199	0.366339805232125	89
0.0904838986330199	0.366339805232125	89
0.0904294418033702	0.366379981847431	89
0.0904294418033702	0.366379981847431	89
0.0904294418033702	0.366379981847431	89
0.0904838986330199	0.366339805232125	89
0.0904294418033702	0.366379981847431	89
0.0904838986330199	0.366339805232125	89
0.0904294418033702	0.366379981847431	226
0.0904838986330199	0.366339805232125	226
0.0904294418033702	0.366379981847431	501
0.0904838986330199	0.366339805232125	332
0.0904838986330199	0.366339805232125	332
0.0904838986330199	0.366339805232125	332
0.0904838986330199	0.366339805232125	332
0.0904838986330199	0.366339805232125	332
0.0904294418033702	0.366379981847431	332
0.0904838986330199	0.366339805232125	332
0.0904838986330199	0.366339805232125	332
0.0904294418033702	0.366379981847431	332
0.0904294418033702	0.366379981847431	307
0.0904838986330199	0.366339805232125	307
0.0904838986330199	0.366339805232125	275
0.0904294418033702	0.366379981847431	307
0.0904294418033702	0.366379981847431	275
0.0904838986330199	0.366339805232125	4
0.0904838986330199	0.366339805232125	4
0.0904838986330199	0.366339805232125	49
0.0904838986330199	0.366339805232125	4
0.0904294418033702	0.366379981847431	4
0.0904838986330199	0.366339805232125	4
0.0904838986330199	0.366339805232125	4
0.0904838986330199	0.366339805232125	3
0.0904294418033702	0.366379981847431	3
0.0904294418033702	0.366379981847431	3
0.0904838986330199	0.366339805232125	3
0.0904838986330199	0.366339805232125	3
0.0904838986330199	0.366339805232125	226
0.0609019956181598	1.26985288518349	226
0.0904294418033702	0.366379981847431	221
0.0612791696730999	1.2693702277358	370
0.0904838986330199	0.366339805232125	89
0.0904838986330199	0.366339805232125	89
0.0904294418033702	0.366379981847431	89
0.0904294418033702	0.366379981847431	226
0.0904838986330199	0.366339805232125	226
0.0904838986330199	0.366339805232125	332
0.0904294418033702	0.366379981847431	332
0.0904838986330199	0.366339805232125	332
0.0904294418033702	0.366379981847431	332
0.0904294418033702	0.366379981847431	332
0.0904294418033702	0.366379981847431	332
0.0904294418033702	0.366379981847431	307
0.0904294418033702	0.366379981847431	307
0.0904838986330199	0.366339805232125	4
0.0904294418033702	0.366379981847431	4
0.0904838986330199	0.366339805232125	49
0.0904838986330199	0.366339805232125	4
0.0904294418033702	0.366379981847431	4
0.0904294418033702	0.366379981847431	4
0.0904294418033702	0.366379981847431	4
0.0904294418033702	0.366379981847431	4
0.0904838986330199	0.366339805232125	395
0.0904294418033702	0.366379981847431	395
0.0904838986330199	0.366339805232125	3
0.0904838986330199	0.366339805232125	3
0.0904294418033702	0.366379981847431	3
0.0904838986330199	0.366339805232125	3
0.0904294418033702	0.366379981847431	3
0.0904838986330199	0.366339805232125	3
0.0904294418033702	0.366379981847431	3
0.0904294418033702	0.366379981847431	226
0.0605695558319002	1.27005874633258	196
0.0904838986330199	0.366339805232125	89
0.0904294418033702	0.366379981847431	89
0.0904294418033702	0.366379981847431	89
0.0904294418033702	0.366379981847431	89
0.0904294418033702	0.366379981847431	89
0.0904294418033702	0.366379981847431	89
0.0904294418033702	0.366379981847431	89
0.0904294418033702	0.366379981847431	332
0.0904838986330199	0.366339805232125	332
0.0904294418033702	0.366379981847431	332
0.0904838986330199	0.366339805232125	332
0.0904838986330199	0.366339805232125	332
0.0904838986330199	0.366339805232125	8
0.0904294418033702	0.366379981847431	307
0.0904294418033702	0.366379981847431	275
0.0904294418033702	0.366379981847431	4
0.0605695558319002	1.27005874633258	49
0.0904294418033702	0.366379981847431	4
0.0904294418033702	0.366379981847431	4
0.0904294418033702	0.366379981847431	4
0.0904294418033702	0.366379981847431	3
0.0904294418033702	0.366379981847431	3
0.0904294418033702	0.366379981847431	3
0.0904838986330199	0.366339805232125	3
0.0904294418033702	0.366379981847431	3
0.0904294418033702	0.366379981847431	221
0.0904294418033702	0.366379981847431	221
0.0904838986330199	0.366339805232125	226
0.0904294418033702	0.366379981847431	89
0.0904294418033702	0.366379981847431	89
0.0904294418033702	0.366379981847431	89
0.0904838986330199	0.366339805232125	89
0.0904838986330199	0.366339805232125	89
0.0904838986330199	0.366339805232125	89
0.0904294418033702	0.366379981847431	332
0.0904838986330199	0.366339805232125	307
0.0904294418033702	0.366379981847431	307
0.0904294418033702	0.366379981847431	307
0.0904838986330199	0.366339805232125	307
0.0615023106622399	1.26878837768738	49
0.06165575714975	1.26872549798424	4
0.06065148921429	1.27007010277034	4
0.0612791696730999	1.2693702277358	49
0.0904838986330199	0.366339805232125	4
0.0904838986330199	0.366339805232125	3
0.0904294418033702	0.366379981847431	3
0.0904294418033702	0.366379981847431	3
0.0904294418033702	0.366379981847431	3
0.0904838986330199	0.366339805232125	3
0.06065148921429	1.27007010277034	34
0.0904838986330199	0.366339805232125	226
0.0904838986330199	0.366339805232125	89
0.0904294418033702	0.366379981847431	89
0.0904838986330199	0.366339805232125	89
0.0904838986330199	0.366339805232125	89
0.0904838986330199	0.366339805232125	89
0.0904838986330199	0.366339805232125	89
0.0904294418033702	0.366379981847431	89
0.0904294418033702	0.366379981847431	89
0.0904294418033702	0.366379981847431	89
0.0904838986330199	0.366339805232125	89
0.0904294418033702	0.366379981847431	332
0.0904838986330199	0.366339805232125	332
0.0904294418033702	0.366379981847431	8
0.06984444655766	1.91909619733144	334
0.0904838986330199	0.366339805232125	307
0.0904294418033702	0.366379981847431	307
0.0904838986330199	0.366339805232125	307
0.0904294418033702	0.366379981847431	275
0.0904294418033702	0.366379981847431	4
0.0609019956181598	1.26985288518349	4
0.0904294418033702	0.366379981847431	4
0.0904838986330199	0.366339805232125	4
0.06065148921429	1.27007010277034	49
0.0904294418033702	0.366379981847431	4
0.0904838986330199	0.366339805232125	4
0.0615023106622399	1.26878837768738	4
0.0904294418033702	0.366379981847431	3
0.0904838986330199	0.366339805232125	3
0.0904294418033702	0.366379981847431	3
0.0904838986330199	0.366339805232125	3
0.0904838986330199	0.366339805232125	3
0.0904838986330199	0.366339805232125	226
0.0904294418033702	0.366379981847431	226
0.0904294418033702	0.366379981847431	221
0.0904838986330199	0.366339805232125	226
0.0904838986330199	0.366339805232125	89
0.0904838986330199	0.366339805232125	89
0.0904294418033702	0.366379981847431	89
0.0904294418033702	0.366379981847431	89
0.0904294418033702	0.366379981847431	89
0.0904838986330199	0.366339805232125	89
0.0904294418033702	0.366379981847431	89
0.0904294418033702	0.366379981847431	89
0.0904294418033702	0.366379981847431	89
0.0904294418033702	0.366379981847431	89
0.0904838986330199	0.366339805232125	89
0.0904294418033702	0.366379981847431	89
0.0904294418033702	0.366379981847431	89
0.0904294418033702	0.366379981847431	89
0.0904838986330199	0.366339805232125	89
0.0904294418033702	0.366379981847431	89
0.0904294418033702	0.366379981847431	226
0.0904838986330199	0.366339805232125	332
0.0904294418033702	0.366379981847431	332
0.0904838986330199	0.366339805232125	332
0.0904294418033702	0.366379981847431	332
0.0904838986330199	0.366339805232125	332
0.0904838986330199	0.366339805232125	332
0.0904838986330199	0.366339805232125	332
0.0904294418033702	0.366379981847431	332
0.0904294418033702	0.366379981847431	332
0.0904294418033702	0.366379981847431	332
0.0904294418033702	0.366379981847431	8
0.0904838986330199	0.366339805232125	307
0.0904294418033702	0.366379981847431	307
0.0904294418033702	0.366379981847431	275
0.0904294418033702	0.366379981847431	275
0.0603320982528199	1.27012956245085	49
0.0904838986330199	0.366339805232125	4
0.0904838986330199	0.366339805232125	4
0.0904294418033702	0.366379981847431	4
0.0904838986330199	0.366339805232125	4
0.0904294418033702	0.366379981847431	4
0.0904294418033702	0.366379981847431	4
0.0904838986330199	0.366339805232125	4
0.0904294418033702	0.366379981847431	4
0.0904838986330199	0.366339805232125	4
0.0904294418033702	0.366379981847431	4
0.0904838986330199	0.366339805232125	4
0.0904294418033702	0.366379981847431	395
0.0904838986330199	0.366339805232125	3
0.0904838986330199	0.366339805232125	3
0.0904838986330199	0.366339805232125	3
0.0904294418033702	0.366379981847431	226
0.0904838986330199	0.366339805232125	226
0.0904838986330199	0.366339805232125	226
0.0904294418033702	0.366379981847431	226
0.0904294418033702	0.366379981847431	370
0.0904838986330199	0.366339805232125	89
0.0904294418033702	0.366379981847431	89
0.0904294418033702	0.366379981847431	89
0.0904294418033702	0.366379981847431	89
0.0904838986330199	0.366339805232125	89
0.0904838986330199	0.366339805232125	89
0.0904294418033702	0.366379981847431	89
0.0904294418033702	0.366379981847431	89
0.0904838986330199	0.366339805232125	89
0.0904294418033702	0.366379981847431	89
0.0904294418033702	0.366379981847431	226
0.0904294418033702	0.366379981847431	332
0.0904294418033702	0.366379981847431	332
0.0904838986330199	0.366339805232125	332
0.0904294418033702	0.366379981847431	332
0.0904294418033702	0.366379981847431	332
0.0904838986330199	0.366339805232125	332
0.0904838986330199	0.366339805232125	259
0.0904294418033702	0.366379981847431	307
0.0904294418033702	0.366379981847431	307
0.0904294418033702	0.366379981847431	307
0.0904294418033702	0.366379981847431	275
0.0904294418033702	0.366379981847431	275
0.0904838986330199	0.366339805232125	307
0.0904838986330199	0.366339805232125	4
0.0904294418033702	0.366379981847431	4
0.0603320982528199	1.27012956245085	4
0.0904294418033702	0.366379981847431	4
0.0904838986330199	0.366339805232125	4
0.0904838986330199	0.366339805232125	4
0.0904838986330199	0.366339805232125	4
0.0904294418033702	0.366379981847431	3
0.0904294418033702	0.366379981847431	226
0.0904294418033702	0.366379981847431	226
0.0904294418033702	0.366379981847431	226
0.0904838986330199	0.366339805232125	226
0.0904838986330199	0.366339805232125	89
0.0904294418033702	0.366379981847431	89
0.0904294418033702	0.366379981847431	89
0.0904294418033702	0.366379981847431	89
0.0904838986330199	0.366339805232125	89
0.0904838986330199	0.366339805232125	332
0.0904294418033702	0.366379981847431	332
0.0904294418033702	0.366379981847431	332
0.0904294418033702	0.366379981847431	332
0.0904838986330199	0.366339805232125	332
0.0904294418033702	0.366379981847431	332
0.0904294418033702	0.366379981847431	8
0.0904838986330199	0.366339805232125	259
0.0904294418033702	0.366379981847431	275
0.0904294418033702	0.366379981847431	307
0.0904294418033702	0.366379981847431	307
0.0612791696730999	1.2693702277358	4
0.0904294418033702	0.366379981847431	4
0.0904838986330199	0.366339805232125	3
0.0904838986330199	0.366339805232125	3
0.0904294418033702	0.366379981847431	80
0.0904838986330199	0.366339805232125	3
0.0904294418033702	0.366379981847431	3
-0.0330918685136199	2.11588456803398	3
0.0904294418033702	0.366379981847431	3
0.0904294418033702	0.366379981847431	226
0.0904838986330199	0.366339805232125	196
0.0603320982528199	1.27012956245085	196
0.0904838986330199	0.366339805232125	89
0.0904838986330199	0.366339805232125	89
0.0904294418033702	0.366379981847431	89
0.0904838986330199	0.366339805232125	89
0.0904294418033702	0.366379981847431	89
0.0904294418033702	0.366379981847431	89
0.0904294418033702	0.366379981847431	89
0.0904294418033702	0.366379981847431	89
0.0904294418033702	0.366379981847431	226
0.0904294418033702	0.366379981847431	332
0.0700055950218399	1.92003282727069	334
0.0904294418033702	0.366379981847431	307
0.0904838986330199	0.366339805232125	307
0.0700595035102301	1.91892360269037	49
0.0904294418033702	0.366379981847431	4
0.0904294418033702	0.366379981847431	4
0.0904838986330199	0.366339805232125	3
0.0904294418033702	0.366379981847431	3
0.0904294418033702	0.366379981847431	3
0.0904838986330199	0.366339805232125	89
0.0904294418033702	0.366379981847431	89
0.0904838986330199	0.366339805232125	89
0.0904294418033702	0.366379981847431	89
0.0904838986330199	0.366339805232125	89
0.0904294418033702	0.366379981847431	89
0.0904838986330199	0.366339805232125	332
0.0904838986330199	0.366339805232125	332
0.0904294418033702	0.366379981847431	332
0.0904294418033702	0.366379981847431	307
0.0904294418033702	0.366379981847431	307
0.0611253550369901	1.26943367833825	4
0.0904294418033702	0.366379981847431	80
0.0904294418033702	0.366379981847431	3
0.0904838986330199	0.366339805232125	3
0.0904294418033702	0.366379981847431	3
0.0904294418033702	0.366379981847431	3
0.0904838986330199	0.366339805232125	89
0.0904294418033702	0.366379981847431	89
0.06065148921429	1.27007010277034	332
0.0609019956181598	1.26985288518349	332
0.0904294418033702	0.366379981847431	307
0.0609019956181598	1.26985288518349	186
0.0700324734930602	1.91906279800953	574
0.0612791696730999	1.2693702277358	4
0.0611253550369901	1.26943367833825	4
0.0612791696730999	1.2693702277358	4
0.0904294418033702	0.366379981847431	4
0.0904838986330199	0.366339805232125	4
0.0904838986330199	0.366339805232125	4
0.0904838986330199	0.366339805232125	4
0.0904838986330199	0.366339805232125	4
0.0904294418033702	0.366379981847431	3
0.0904838986330199	0.366339805232125	3
0.0904294418033702	0.366379981847431	80
0.0904838986330199	0.366339805232125	3
0.0904838986330199	0.366339805232125	3
0.0904838986330199	0.366339805232125	3
0.0904294418033702	0.366379981847431	3
0.0904838986330199	0.366339805232125	3
0.0904838986330199	0.366339805232125	3
0.0904294418033702	0.366379981847431	3
0.0904838986330199	0.366339805232125	3
0.0904294418033702	0.366379981847431	3
0.0904294418033702	0.366379981847431	226
0.0904838986330199	0.366339805232125	226
0.0904838986330199	0.366339805232125	226
0.0904294418033702	0.366379981847431	226
0.0904294418033702	0.366379981847431	226
0.0904294418033702	0.366379981847431	226
0.0904294418033702	0.366379981847431	226
0.0904294418033702	0.366379981847431	89
0.0904838986330199	0.366339805232125	89
0.0904294418033702	0.366379981847431	89
0.0904838986330199	0.366339805232125	89
0.0904294418033702	0.366379981847431	89
0.0904294418033702	0.366379981847431	89
0.0904294418033702	0.366379981847431	89
0.0904294418033702	0.366379981847431	89
0.0904294418033702	0.366379981847431	89
0.0904294418033702	0.366379981847431	89
0.0904838986330199	0.366339805232125	89
0.0904294418033702	0.366379981847431	89
0.0904294418033702	0.366379981847431	89
0.0904294418033702	0.366379981847431	89
0.0904294418033702	0.366379981847431	89
0.0609019956181598	1.26985288518349	226
0.0904838986330199	0.366339805232125	226
0.0904838986330199	0.366339805232125	332
0.0904838986330199	0.366339805232125	332
0.0904838986330199	0.366339805232125	332
0.0904838986330199	0.366339805232125	332
0.0904838986330199	0.366339805232125	332
0.0904838986330199	0.366339805232125	8
0.0904294418033702	0.366379981847431	8
0.0904294418033702	0.366379981847431	307
0.0904294418033702	0.366379981847431	275
0.0904294418033702	0.366379981847431	307
0.0904838986330199	0.366339805232125	275
0.0904294418033702	0.366379981847431	275
0.0904838986330199	0.366339805232125	186
0.0904294418033702	0.366379981847431	186
0.0904838986330199	0.366339805232125	186
0.0904294418033702	0.366379981847431	574
0.0904838986330199	0.366339805232125	574
0.0904294418033702	0.366379981847431	574
0.0904838986330199	0.366339805232125	4
0.0904838986330199	0.366339805232125	4
0.0904838986330199	0.366339805232125	4
0.0904294418033702	0.366379981847431	4
0.0904838986330199	0.366339805232125	295
0.0904294418033702	0.366379981847431	4
0.0904294418033702	0.366379981847431	4
0.0904294418033702	0.366379981847431	4
0.0904838986330199	0.366339805232125	4
0.0904838986330199	0.366339805232125	4
0.0904294418033702	0.366379981847431	4
0.0904294418033702	0.366379981847431	4
0.0904294418033702	0.366379981847431	4
0.0904838986330199	0.366339805232125	4
0.0904294418033702	0.366379981847431	4
0.0904294418033702	0.366379981847431	4
0.0904838986330199	0.366339805232125	4
0.0904294418033702	0.366379981847431	4
0.0904294418033702	0.366379981847431	4
0.0904294418033702	0.366379981847431	4
0.0904838986330199	0.366339805232125	4
0.0904838986330199	0.366339805232125	4
0.0904294418033702	0.366379981847431	180
0.0904294418033702	0.366379981847431	395
0.0904838986330199	0.366339805232125	3
0.0904294418033702	0.366379981847431	3
0.0904838986330199	0.366339805232125	3
0.0904294418033702	0.366379981847431	3
0.0904838986330199	0.366339805232125	3
0.0904838986330199	0.366339805232125	3
0.0904838986330199	0.366339805232125	3
0.0904294418033702	0.366379981847431	3
0.0904294418033702	0.366379981847431	192
0.0904294418033702	0.366379981847431	226
0.0904838986330199	0.366339805232125	226
0.0904838986330199	0.366339805232125	226
0.0904838986330199	0.366339805232125	226
0.0904294418033702	0.366379981847431	226
0.0904838986330199	0.366339805232125	226
0.0904294418033702	0.366379981847431	226
0.0904294418033702	0.366379981847431	226
0.0904838986330199	0.366339805232125	226
0.0904838986330199	0.366339805232125	226
0.0904838986330199	0.366339805232125	226
0.0904838986330199	0.366339805232125	226
0.0904838986330199	0.366339805232125	226
0.0904838986330199	0.366339805232125	226
0.0904294418033702	0.366379981847431	226
0.0904294418033702	0.366379981847431	226
0.0904294418033702	0.366379981847431	226
0.0904294418033702	0.366379981847431	226
0.0904838986330199	0.366339805232125	226
0.0904294418033702	0.366379981847431	226
0.0904294418033702	0.366379981847431	226
0.0904838986330199	0.366339805232125	226
0.0904838986330199	0.366339805232125	226
0.0904294418033702	0.366379981847431	89
0.0904294418033702	0.366379981847431	89
0.0904294418033702	0.366379981847431	89
0.0904838986330199	0.366339805232125	89
0.0904838986330199	0.366339805232125	89
0.0904294418033702	0.366379981847431	89
0.0904838986330199	0.366339805232125	89
0.0904838986330199	0.366339805232125	89
0.0904838986330199	0.366339805232125	89
0.0904294418033702	0.366379981847431	89
0.0904294418033702	0.366379981847431	89
0.0904838986330199	0.366339805232125	89
0.0904838986330199	0.366339805232125	226
0.0904838986330199	0.366339805232125	226
0.0904838986330199	0.366339805232125	226
0.0904838986330199	0.366339805232125	226
0.0904838986330199	0.366339805232125	226
0.0904294418033702	0.366379981847431	226
0.0904838986330199	0.366339805232125	226
0.0904838986330199	0.366339805232125	226
0.0904294418033702	0.366379981847431	332
0.0904294418033702	0.366379981847431	332
0.0904294418033702	0.366379981847431	332
0.0904838986330199	0.366339805232125	332
0.0904838986330199	0.366339805232125	332
0.0904294418033702	0.366379981847431	332
0.0904838986330199	0.366339805232125	332
0.0904294418033702	0.366379981847431	332
0.0904294418033702	0.366379981847431	332
0.0904838986330199	0.366339805232125	332
0.0904294418033702	0.366379981847431	332
0.0904294418033702	0.366379981847431	332
0.0904838986330199	0.366339805232125	332
0.0904838986330199	0.366339805232125	332
0.0904294418033702	0.366379981847431	8
0.0904838986330199	0.366339805232125	8
0.0904294418033702	0.366379981847431	8
0.0904294418033702	0.366379981847431	8
0.0904294418033702	0.366379981847431	8
0.0904294418033702	0.366379981847431	8
0.0904838986330199	0.366339805232125	8
0.0904838986330199	0.366339805232125	8
0.0904838986330199	0.366339805232125	307
0.0904838986330199	0.366339805232125	307
0.0904294418033702	0.366379981847431	307
0.0904838986330199	0.366339805232125	275
0.0904838986330199	0.366339805232125	307
0.0904294418033702	0.366379981847431	307
0.0904294418033702	0.366379981847431	307
0.0904294418033702	0.366379981847431	307
0.0904294418033702	0.366379981847431	275
0.0904294418033702	0.366379981847431	275
0.0904294418033702	0.366379981847431	275
0.0904838986330199	0.366339805232125	275
0.0618786801123599	1.26779464508419	4
0.06065148921429	1.27007010277034	295
0.0615023106622399	1.26878837768738	4
0.0608066386416399	1.26985540555962	180
0.0904294418033702	0.366379981847431	3
0.0904294418033702	0.366379981847431	80
0.0904294418033702	0.366379981847431	3
0.0904838986330199	0.366339805232125	3
0.0904294418033702	0.366379981847431	3
0.0904294418033702	0.366379981847431	3
0.0904294418033702	0.366379981847431	3
0.0904294418033702	0.366379981847431	3
0.0904294418033702	0.366379981847431	3
0.0904294418033702	0.366379981847431	192
0.0904838986330199	0.366339805232125	192
0.0904294418033702	0.366379981847431	192
0.0904294418033702	0.366379981847431	226
0.0904838986330199	0.366339805232125	226
0.0904838986330199	0.366339805232125	226
0.0904838986330199	0.366339805232125	226
0.0904294418033702	0.366379981847431	89
0.0904838986330199	0.366339805232125	89
0.0904838986330199	0.366339805232125	89
0.0904294418033702	0.366379981847431	89
0.0904838986330199	0.366339805232125	89
0.0904294418033702	0.366379981847431	89
0.0904838986330199	0.366339805232125	89
0.0904294418033702	0.366379981847431	89
0.0904294418033702	0.366379981847431	89
0.0904294418033702	0.366379981847431	89
0.0904294418033702	0.366379981847431	89
0.0904838986330199	0.366339805232125	332
0.0904838986330199	0.366339805232125	332
0.0904838986330199	0.366339805232125	332
0.0904294418033702	0.366379981847431	332
0.0601766780147899	1.27004899303449	8
0.0904294418033702	0.366379981847431	307
0.0608066386416399	1.26985540555962	8
0.0904838986330199	0.366339805232125	307
0.0904294418033702	0.366379981847431	275
0.0904838986330199	0.366339805232125	275
0.0904838986330199	0.366339805232125	3
0.0904294418033702	0.366379981847431	3
0.0904838986330199	0.366339805232125	3
0.0904838986330199	0.366339805232125	3
0.0612791696730999	1.2693702277358	61
0.0609019956181598	1.26985288518349	226
0.06165575714975	1.26872549798424	226
0.0904838986330199	0.366339805232125	226
0.0904294418033702	0.366379981847431	89
0.06065148921429	1.27007010277034	226
0.06065148921429	1.27007010277034	61
0.0904294418033702	0.366379981847431	89
0.0904294418033702	0.366379981847431	89
0.0904294418033702	0.366379981847431	89
0.0904294418033702	0.366379981847431	226
0.0904294418033702	0.366379981847431	89
0.0904838986330199	0.366339805232125	8
-0.0330587341767199	2.11631541974353	494
0.0904294418033702	0.366379981847431	3
0.0904294418033702	0.366379981847431	3
0.0904838986330199	0.366339805232125	3
0.0609019956181598	1.26985288518349	55
0.0611253550369901	1.26943367833825	61
0.0904838986330199	0.366339805232125	89
0.0904294418033702	0.366379981847431	89
0.0904294418033702	0.366379981847431	89
0.0605695558319002	1.27005874633258	8
0.0904838986330199	0.366339805232125	8
0.0615023106622399	1.26878837768738	8
0.0698711514481301	1.91931929782187	494
-0.0330587341767199	2.11631541974353	721
0.0904294418033702	0.366379981847431	3
0.0904838986330199	0.366339805232125	3
0.0904838986330199	0.366339805232125	3
0.0904838986330199	0.366339805232125	3
0.0904838986330199	0.366339805232125	3
0.0904294418033702	0.366379981847431	55
0.0904838986330199	0.366339805232125	89
0.0699517095717401	1.92019859027147	230
0.06009426510475	1.27003850033392	8
0.0904294418033702	0.366379981847431	8
0.0904294418033702	0.366379981847431	3
0.0904294418033702	0.366379981847431	3
0.0904294418033702	0.366379981847431	3
0.06009426510475	1.27003850033392	226
0.0904838986330199	0.366339805232125	89
0.0904294418033702	0.366379981847431	226
0.0904294418033702	0.366379981847431	89
0.0904294418033702	0.366379981847431	89
0.0605695558319002	1.27005874633258	230
0.0608066386416399	1.26985540555962	8
0.06065148921429	1.27007010277034	8
0.0904294418033702	0.366379981847431	280
0.06065148921429	1.27007010277034	8
0.0699517179921201	1.91924558070435	494
0.0904838986330199	0.366339805232125	3
0.0904294418033702	0.366379981847431	3
0.0904294418033702	0.366379981847431	3
0.0904838986330199	0.366339805232125	3
0.0904294418033702	0.366379981847431	3
0.0904838986330199	0.366339805232125	3
0.0904294418033702	0.366379981847431	55
0.0904838986330199	0.366339805232125	151
0.0904838986330199	0.366339805232125	134
0.06065148921429	1.27007010277034	295
0.0904294418033702	0.366379981847431	3
0.0904838986330199	0.366339805232125	3
0.0904294418033702	0.366379981847431	3
0.0605695558319002	1.27005874633258	61
0.0904838986330199	0.366339805232125	89
0.0904294418033702	0.366379981847431	89
0.0904838986330199	0.366339805232125	89
0.0904838986330199	0.366339805232125	226
0.0904838986330199	0.366339805232125	151
0.0904294418033702	0.366379981847431	457
0.0904294418033702	0.366379981847431	3
0.0904294418033702	0.366379981847431	3
0.0904294418033702	0.366379981847431	3
0.0615023106622399	1.26878837768738	55
0.06041427112834	1.27014049646167	55
0.0904294418033702	0.366379981847431	226
0.0904838986330199	0.366339805232125	89
0.0904838986330199	0.366339805232125	89
0.0904294418033702	0.366379981847431	89
0.0904294418033702	0.366379981847431	89
0.0904838986330199	0.366339805232125	89
0.0904294418033702	0.366379981847431	89
0.0904838986330199	0.366339805232125	89
0.0904838986330199	0.366339805232125	151
0.0612791696730999	1.2693702277358	404
0.0700324734930602	1.91906279800953	404
0.0611253550369901	1.26943367833825	295
0.0904294418033702	0.366379981847431	457
0.0615023106622399	1.26878837768738	180
0.0904838986330199	0.366339805232125	3
0.0904294418033702	0.366379981847431	3
0.0904294418033702	0.366379981847431	3
0.0904294418033702	0.366379981847431	3
0.0904294418033702	0.366379981847431	3
0.0904838986330199	0.366339805232125	226
0.0904294418033702	0.366379981847431	89
0.0904294418033702	0.366379981847431	226
0.0904838986330199	0.366339805232125	89
0.0904838986330199	0.366339805232125	89
0.0904838986330199	0.366339805232125	226
0.0609019956181598	1.26985288518349	226
0.0904838986330199	0.366339805232125	151
0.0904294418033702	0.366379981847431	151
0.0608066386416399	1.26985540555962	8
0.0904838986330199	0.366339805232125	307
0.0612791696730999	1.2693702277358	404
0.0904838986330199	0.366339805232125	404
0.0611253550369901	1.26943367833825	295
0.0904838986330199	0.366339805232125	38
0.0904294418033702	0.366379981847431	457
0.0904294418033702	0.366379981847431	162
0.0904294418033702	0.366379981847431	3
0.0904294418033702	0.366379981847431	3
0.0904838986330199	0.366339805232125	3
0.0904838986330199	0.366339805232125	89
0.0904294418033702	0.366379981847431	226
0.0904294418033702	0.366379981847431	89
0.0904838986330199	0.366339805232125	89
0.0904294418033702	0.366379981847431	89
0.0904294418033702	0.366379981847431	89
0.0904294418033702	0.366379981847431	89
0.0904294418033702	0.366379981847431	89
0.0904294418033702	0.366379981847431	89
0.0904294418033702	0.366379981847431	151
0.0904838986330199	0.366339805232125	151
0.0904294418033702	0.366379981847431	151
0.0904294418033702	0.366379981847431	307
0.0904838986330199	0.366339805232125	307
0.0904294418033702	0.366379981847431	307
0.0904294418033702	0.366379981847431	307
0.0904294418033702	0.366379981847431	307
0.0700055950218399	1.92003282727069	494
0.06041427112834	1.27014049646167	731
0.0904294418033702	0.366379981847431	404
0.0904294418033702	0.366379981847431	404
0.0904294418033702	0.366379981847431	404
0.0904294418033702	0.366379981847431	3
0.0904294418033702	0.366379981847431	3
0.0904838986330199	0.366339805232125	3
0.0904838986330199	0.366339805232125	3
0.0904838986330199	0.366339805232125	3
0.0904838986330199	0.366339805232125	55
0.0904294418033702	0.366379981847431	55
0.0904294418033702	0.366379981847431	55
0.0904838986330199	0.366339805232125	89
0.0904838986330199	0.366339805232125	89
0.0904838986330199	0.366339805232125	89
0.0904294418033702	0.366379981847431	89
0.0904838986330199	0.366339805232125	226
0.0904294418033702	0.366379981847431	89
0.0904294418033702	0.366379981847431	89
0.0904294418033702	0.366379981847431	89
0.0904294418033702	0.366379981847431	89
0.0904838986330199	0.366339805232125	89
0.0615023106622399	1.26878837768738	8
0.0904838986330199	0.366339805232125	151
0.0904294418033702	0.366379981847431	151
0.0904838986330199	0.366339805232125	151
0.0904838986330199	0.366339805232125	151
0.0904294418033702	0.366379981847431	307
0.0904294418033702	0.366379981847431	307
0.0904294418033702	0.366379981847431	307
0.0904838986330199	0.366339805232125	731
0.0904838986330199	0.366339805232125	404
0.0904838986330199	0.366339805232125	404
0.0904294418033702	0.366379981847431	404
0.0904294418033702	0.366379981847431	404
0.0904294418033702	0.366379981847431	457
0.0904294418033702	0.366379981847431	457
0.0904838986330199	0.366339805232125	457
0.0904838986330199	0.366339805232125	457
0.0904294418033702	0.366379981847431	457
0.0904838986330199	0.366339805232125	457
0.0904838986330199	0.366339805232125	3
0.0904294418033702	0.366379981847431	55
0.0904838986330199	0.366339805232125	55
0.0904294418033702	0.366379981847431	364
0.0904294418033702	0.366379981847431	55
0.0904838986330199	0.366339805232125	55
0.0904838986330199	0.366339805232125	89
0.0904838986330199	0.366339805232125	89
0.0904838986330199	0.366339805232125	89
0.0904838986330199	0.366339805232125	89
0.0904294418033702	0.366379981847431	89
0.0904838986330199	0.366339805232125	89
0.0904294418033702	0.366379981847431	89
0.0904838986330199	0.366339805232125	226
0.0904294418033702	0.366379981847431	89
0.0904294418033702	0.366379981847431	226
0.0904294418033702	0.366379981847431	8
0.0904294418033702	0.366379981847431	151
0.0904294418033702	0.366379981847431	151
0.0904838986330199	0.366339805232125	151
0.0904294418033702	0.366379981847431	151
0.0904294418033702	0.366379981847431	8
0.0904294418033702	0.366379981847431	307
0.0904294418033702	0.366379981847431	307
0.0904294418033702	0.366379981847431	307
0.0904294418033702	0.366379981847431	307
0.0904838986330199	0.366339805232125	307
0.0904838986330199	0.366339805232125	307
0.0904838986330199	0.366339805232125	307
0.0611253550369901	1.26943367833825	134
0.0904294418033702	0.366379981847431	134
0.0904838986330199	0.366339805232125	134
0.0904838986330199	0.366339805232125	731
0.0904838986330199	0.366339805232125	731
0.0904294418033702	0.366379981847431	404
0.0904294418033702	0.366379981847431	404
0.0904838986330199	0.366339805232125	404
0.0904838986330199	0.366339805232125	404
0.0904294418033702	0.366379981847431	404
0.0904838986330199	0.366339805232125	152
0.0603320982528199	1.27012956245085	152
0.0904294418033702	0.366379981847431	457
0.0904838986330199	0.366339805232125	457
0.0904294418033702	0.366379981847431	457
0.06065148921429	1.27007010277034	457
0.0904294418033702	0.366379981847431	3
0.0904294418033702	0.366379981847431	3
0.0904294418033702	0.366379981847431	3
0.0904838986330199	0.366339805232125	3
0.0904838986330199	0.366339805232125	55
0.0904838986330199	0.366339805232125	55
0.0904294418033702	0.366379981847431	364
0.0605695558319002	1.27005874633258	364
0.0904838986330199	0.366339805232125	55
0.0904838986330199	0.366339805232125	55
0.0904294418033702	0.366379981847431	55
0.0904838986330199	0.366339805232125	226
0.0904294418033702	0.366379981847431	226
0.0904294418033702	0.366379981847431	489
0.0904294418033702	0.366379981847431	489
0.0904838986330199	0.366339805232125	89
0.0904838986330199	0.366339805232125	89
0.0904838986330199	0.366339805232125	226
0.0904838986330199	0.366339805232125	89
0.0904294418033702	0.366379981847431	89
0.0904838986330199	0.366339805232125	89
0.0904294418033702	0.366379981847431	89
0.0904294418033702	0.366379981847431	89
0.0904294418033702	0.366379981847431	226
0.0904294418033702	0.366379981847431	226
0.0904294418033702	0.366379981847431	151
0.0904838986330199	0.366339805232125	151
0.0904294418033702	0.366379981847431	151
0.0904838986330199	0.366339805232125	151
0.0904838986330199	0.366339805232125	151
0.0904838986330199	0.366339805232125	151
-0.0330550199134398	2.11674789280476	280
0.0601766780147899	1.27004899303449	124
0.0904838986330199	0.366339805232125	404
0.0904838986330199	0.366339805232125	404
0.0904838986330199	0.366339805232125	404
0.0904294418033702	0.366379981847431	404
0.0904294418033702	0.366379981847431	38
0.0904838986330199	0.366339805232125	38
0.0605695558319002	1.27005874633258	180
0.0904294418033702	0.366379981847431	152
0.0904838986330199	0.366339805232125	457
0.0904838986330199	0.366339805232125	457
0.0904838986330199	0.366339805232125	457
0.0904294418033702	0.366379981847431	457
0.0904838986330199	0.366339805232125	3
0.0904294418033702	0.366379981847431	3
0.0904294418033702	0.366379981847431	3
0.0904294418033702	0.366379981847431	3
0.0904294418033702	0.366379981847431	3
0.0904294418033702	0.366379981847431	3
0.0904294418033702	0.366379981847431	3
0.0904294418033702	0.366379981847431	3
0.0904294418033702	0.366379981847431	55
0.0904838986330199	0.366339805232125	55
0.0904838986330199	0.366339805232125	55
0.0904294418033702	0.366379981847431	55
0.0904838986330199	0.366339805232125	55
0.0904838986330199	0.366339805232125	89
0.0904838986330199	0.366339805232125	89
0.0904838986330199	0.366339805232125	89
0.0904294418033702	0.366379981847431	89
0.0904838986330199	0.366339805232125	89
0.0904294418033702	0.366379981847431	89
0.0904838986330199	0.366339805232125	89
0.0904294418033702	0.366379981847431	226
0.0904294418033702	0.366379981847431	89
0.0904838986330199	0.366339805232125	226
0.0904838986330199	0.366339805232125	151
0.0904838986330199	0.366339805232125	151
0.0904838986330199	0.366339805232125	151
0.0904838986330199	0.366339805232125	151
0.0904294418033702	0.366379981847431	151
0.0608066386416399	1.26985540555962	280
0.0904294418033702	0.366379981847431	8
0.0904838986330199	0.366339805232125	8
0.0904838986330199	0.366339805232125	307
0.0904838986330199	0.366339805232125	307
0.0904294418033702	0.366379981847431	307
0.0904294418033702	0.366379981847431	307
0.0904294418033702	0.366379981847431	307
0.0904838986330199	0.366339805232125	307
0.0904838986330199	0.366339805232125	307
0.0904294418033702	0.366379981847431	134
0.0904294418033702	0.366379981847431	134
0.0904838986330199	0.366339805232125	731
0.0904838986330199	0.366339805232125	404
0.0904838986330199	0.366339805232125	404
0.0904294418033702	0.366379981847431	404
0.0904294418033702	0.366379981847431	457
0.0904838986330199	0.366339805232125	457
0.0904294418033702	0.366379981847431	457
0.0904294418033702	0.366379981847431	457
0.0904838986330199	0.366339805232125	457
0.0904294418033702	0.366379981847431	457
0.0904294418033702	0.366379981847431	3
0.0904294418033702	0.366379981847431	3
0.0904294418033702	0.366379981847431	55
0.0904838986330199	0.366339805232125	55
0.0904838986330199	0.366339805232125	364
0.06065148921429	1.27007010277034	55
0.0904294418033702	0.366379981847431	489
0.0904294418033702	0.366379981847431	89
0.0904838986330199	0.366339805232125	89
0.0904294418033702	0.366379981847431	89
0.0904838986330199	0.366339805232125	89
0.0904294418033702	0.366379981847431	89
0.0904838986330199	0.366339805232125	89
0.0904294418033702	0.366379981847431	89
0.0904294418033702	0.366379981847431	89
0.0904838986330199	0.366339805232125	89
0.0904294418033702	0.366379981847431	89
0.0904838986330199	0.366339805232125	226
0.0904294418033702	0.366379981847431	226
0.0904838986330199	0.366339805232125	151
0.0904294418033702	0.366379981847431	151
0.0904838986330199	0.366339805232125	151
0.0904294418033702	0.366379981847431	151
0.0904294418033702	0.366379981847431	151
0.0904838986330199	0.366339805232125	151
0.0904838986330199	0.366339805232125	8
0.0904838986330199	0.366339805232125	307
0.0904294418033702	0.366379981847431	307
0.0904294418033702	0.366379981847431	731
0.0904294418033702	0.366379981847431	404
0.0904838986330199	0.366339805232125	404
0.0904294418033702	0.366379981847431	404
0.0904294418033702	0.366379981847431	152
0.0904294418033702	0.366379981847431	152
0.0904838986330199	0.366339805232125	457
0.0904838986330199	0.366339805232125	457
0.0904838986330199	0.366339805232125	457
0.06065148921429	1.27007010277034	162
0.0904838986330199	0.366339805232125	3
0.0904294418033702	0.366379981847431	3
0.0904294418033702	0.366379981847431	3
0.0904294418033702	0.366379981847431	3
0.0904838986330199	0.366339805232125	3
0.0904294418033702	0.366379981847431	3
0.0904838986330199	0.366339805232125	61
0.06041427112834	1.27014049646167	61
0.0904294418033702	0.366379981847431	55
0.0904294418033702	0.366379981847431	55
0.0904838986330199	0.366339805232125	55
0.0904294418033702	0.366379981847431	55
0.0904294418033702	0.366379981847431	55
0.0904294418033702	0.366379981847431	55
0.0904294418033702	0.366379981847431	55
0.0904294418033702	0.366379981847431	55
0.0904838986330199	0.366339805232125	89
0.0904294418033702	0.366379981847431	489
0.0904838986330199	0.366339805232125	89
0.0904294418033702	0.366379981847431	89
0.0904838986330199	0.366339805232125	89
0.0904294418033702	0.366379981847431	89
0.0904294418033702	0.366379981847431	89
0.0904294418033702	0.366379981847431	89
0.0904838986330199	0.366339805232125	89
0.0904838986330199	0.366339805232125	89
0.0904294418033702	0.366379981847431	89
0.0904838986330199	0.366339805232125	89
0.0904838986330199	0.366339805232125	89
0.0904294418033702	0.366379981847431	89
0.0904294418033702	0.366379981847431	89
0.0904294418033702	0.366379981847431	226
0.0904294418033702	0.366379981847431	8
0.0904294418033702	0.366379981847431	151
0.0904294418033702	0.366379981847431	151
0.0904838986330199	0.366339805232125	151
0.0904294418033702	0.366379981847431	151
0.0904294418033702	0.366379981847431	151
0.0904294418033702	0.366379981847431	151
0.0904294418033702	0.366379981847431	151
0.0904838986330199	0.366339805232125	151
0.0904838986330199	0.366339805232125	151
0.0904838986330199	0.366339805232125	151
0.0605695558319002	1.27005874633258	8
0.0904838986330199	0.366339805232125	307
0.0904838986330199	0.366339805232125	307
0.0904294418033702	0.366379981847431	307
0.0904838986330199	0.366339805232125	307
0.0904838986330199	0.366339805232125	307
0.0904838986330199	0.366339805232125	307
0.0904838986330199	0.366339805232125	307
0.0904838986330199	0.366339805232125	307
0.0904838986330199	0.366339805232125	134
0.0620317592805502	1.26773231722031	402
0.0612791696730999	1.2693702277358	641
0.0612791696730999	1.2693702277358	124
0.0904838986330199	0.366339805232125	404
0.06165575714975	1.26872549798424	38
0.0904838986330199	0.366339805232125	457
0.0904838986330199	0.366339805232125	457
0.0609019956181598	1.26985288518349	457
0.0904838986330199	0.366339805232125	457
0.0904838986330199	0.366339805232125	457
0.0904838986330199	0.366339805232125	3
0.0904294418033702	0.366379981847431	3
0.0904838986330199	0.366339805232125	3
0.0904294418033702	0.366379981847431	3
0.0904838986330199	0.366339805232125	55
0.0904838986330199	0.366339805232125	55
0.0904838986330199	0.366339805232125	55
0.0904294418033702	0.366379981847431	89
0.0904838986330199	0.366339805232125	89
0.0904294418033702	0.366379981847431	489
0.0904294418033702	0.366379981847431	89
0.0904838986330199	0.366339805232125	89
0.0904294418033702	0.366379981847431	89
0.0904294418033702	0.366379981847431	89
0.0904294418033702	0.366379981847431	89
0.0904294418033702	0.366379981847431	151
0.0904294418033702	0.366379981847431	151
0.0904838986330199	0.366339805232125	151
0.0904294418033702	0.366379981847431	151
0.0904838986330199	0.366339805232125	151
0.0699786146057102	1.9201720707914	280
0.0904838986330199	0.366339805232125	307
0.0904294418033702	0.366379981847431	307
0.0904838986330199	0.366339805232125	307
0.0904838986330199	0.366339805232125	307
0.0904294418033702	0.366379981847431	307
0.0904294418033702	0.366379981847431	307
0.0904294418033702	0.366379981847431	307
0.0904294418033702	0.366379981847431	307
0.0904838986330199	0.366339805232125	731
0.0904294418033702	0.366379981847431	731
0.0904294418033702	0.366379981847431	731
0.0904294418033702	0.366379981847431	404
0.0904838986330199	0.366339805232125	404
0.0904294418033702	0.366379981847431	404
0.0904294418033702	0.366379981847431	404
0.0904294418033702	0.366379981847431	404
0.0904294418033702	0.366379981847431	404
0.0904838986330199	0.366339805232125	38
0.0904294418033702	0.366379981847431	38
0.0904838986330199	0.366339805232125	152
0.0904838986330199	0.366339805232125	152
0.0904838986330199	0.366339805232125	152
0.0904294418033702	0.366379981847431	152
0.0904838986330199	0.366339805232125	457
0.0904838986330199	0.366339805232125	152
0.0904838986330199	0.366339805232125	457
0.0904838986330199	0.366339805232125	457
0.0904838986330199	0.366339805232125	457
0.0700326508418501	1.91978070509961	13
0.0904838986330199	0.366339805232125	80
0.0904838986330199	0.366339805232125	3
0.0904838986330199	0.366339805232125	3
0.0904294418033702	0.366379981847431	3
0.0904838986330199	0.366339805232125	3
0.0904294418033702	0.366379981847431	61
0.0904294418033702	0.366379981847431	55
0.0904838986330199	0.366339805232125	55
0.0904294418033702	0.366379981847431	55
0.0904294418033702	0.366379981847431	55
0.0904838986330199	0.366339805232125	89
0.0904294418033702	0.366379981847431	489
0.0904838986330199	0.366339805232125	89
0.0904294418033702	0.366379981847431	489
0.0904838986330199	0.366339805232125	89
0.0904838986330199	0.366339805232125	89
0.0904838986330199	0.366339805232125	89
0.0904838986330199	0.366339805232125	89
0.0904294418033702	0.366379981847431	89
0.0904294418033702	0.366379981847431	89
0.0904838986330199	0.366339805232125	89
0.0904294418033702	0.366379981847431	89
0.0904838986330199	0.366339805232125	89
0.0603320982528199	1.27012956245085	8
0.0904838986330199	0.366339805232125	151
0.0904838986330199	0.366339805232125	151
0.0904838986330199	0.366339805232125	151
0.0904838986330199	0.366339805232125	151
0.0904838986330199	0.366339805232125	151
0.0904838986330199	0.366339805232125	151
0.0904294418033702	0.366379981847431	8
0.0904294418033702	0.366379981847431	307
0.0904838986330199	0.366339805232125	307
0.0904838986330199	0.366339805232125	307
0.0904294418033702	0.366379981847431	134
0.0904294418033702	0.366379981847431	404
0.0904294418033702	0.366379981847431	404
0.0904294418033702	0.366379981847431	152
0.0904838986330199	0.366339805232125	457
0.0904294418033702	0.366379981847431	457
0.0904294418033702	0.366379981847431	80
0.0904294418033702	0.366379981847431	80
0.0904838986330199	0.366339805232125	3
0.0904294418033702	0.366379981847431	3
0.0904294418033702	0.366379981847431	3
0.0904294418033702	0.366379981847431	3
0.0904838986330199	0.366339805232125	3
0.0904294418033702	0.366379981847431	3
0.0904294418033702	0.366379981847431	55
0.0904294418033702	0.366379981847431	55
0.0904838986330199	0.366339805232125	89
0.0904294418033702	0.366379981847431	489
0.0904838986330199	0.366339805232125	89
0.0904838986330199	0.366339805232125	89
0.0904294418033702	0.366379981847431	89
0.0904838986330199	0.366339805232125	89
0.0904838986330199	0.366339805232125	226
0.0904294418033702	0.366379981847431	226
0.0904294418033702	0.366379981847431	8
0.0904838986330199	0.366339805232125	151
0.0904294418033702	0.366379981847431	151
0.0904838986330199	0.366339805232125	151
0.0904294418033702	0.366379981847431	151
0.0904294418033702	0.366379981847431	151
-0.03305947916453	2.11672555240098	439
0.0904838986330199	0.366339805232125	307
0.0904294418033702	0.366379981847431	307
0.0612791696730999	1.2693702277358	731
0.0904838986330199	0.366339805232125	404
0.0904838986330199	0.366339805232125	404
0.0904294418033702	0.366379981847431	152
0.0904838986330199	0.366339805232125	457
0.0904838986330199	0.366339805232125	80
0.0904294418033702	0.366379981847431	3
-0.0330840857593002	2.11457976979071	17
0.0605695558319002	1.27005874633258	55
0.0904838986330199	0.366339805232125	55
0.0609019956181598	1.26985288518349	55
0.0904294418033702	0.366379981847431	55
0.0904294418033702	0.366379981847431	489
0.0904294418033702	0.366379981847431	489
0.0904838986330199	0.366339805232125	89
0.0904838986330199	0.366339805232125	89
0.0904838986330199	0.366339805232125	89
0.0904294418033702	0.366379981847431	89
0.0904838986330199	0.366339805232125	226
0.0612791696730999	1.2693702277358	8
0.0904294418033702	0.366379981847431	151
0.0904838986330199	0.366339805232125	151
0.0904838986330199	0.366339805232125	151
0.0904838986330199	0.366339805232125	151
0.0904294418033702	0.366379981847431	151
0.0904838986330199	0.366339805232125	151
0.0904838986330199	0.366339805232125	151
0.0904294418033702	0.366379981847431	151
0.0904294418033702	0.366379981847431	307
0.0904294418033702	0.366379981847431	731
0.0904294418033702	0.366379981847431	152
0.0904294418033702	0.366379981847431	152
0.0904294418033702	0.366379981847431	152
0.0904294418033702	0.366379981847431	152
0.0609019956181598	1.26985288518349	152
0.0904294418033702	0.366379981847431	152
0.0904838986330199	0.366339805232125	457
0.0904294418033702	0.366379981847431	80
0.0904838986330199	0.366339805232125	80
0.0904294418033702	0.366379981847431	3
0.0904838986330199	0.366339805232125	3
0.0904294418033702	0.366379981847431	3
0.06165575714975	1.26872549798424	55
0.0904838986330199	0.366339805232125	89
0.0904838986330199	0.366339805232125	89
0.0904294418033702	0.366379981847431	89
0.0904838986330199	0.366339805232125	89
0.0904294418033702	0.366379981847431	89
0.0904838986330199	0.366339805232125	89
0.0904838986330199	0.366339805232125	89
0.0904294418033702	0.366379981847431	89
0.0904838986330199	0.366339805232125	89
0.0904838986330199	0.366339805232125	89
0.0904294418033702	0.366379981847431	89
0.0904838986330199	0.366339805232125	226
0.0904294418033702	0.366379981847431	226
0.0904294418033702	0.366379981847431	151
0.0904294418033702	0.366379981847431	151
0.0904294418033702	0.366379981847431	151
0.0904838986330199	0.366339805232125	151
0.0904838986330199	0.366339805232125	151
0.0904294418033702	0.366379981847431	151
0.06065148921429	1.27007010277034	439
0.0904294418033702	0.366379981847431	307
0.0904838986330199	0.366339805232125	307
0.0904294418033702	0.366379981847431	307
0.0904838986330199	0.366339805232125	307
0.0904294418033702	0.366379981847431	152
0.0904294418033702	0.366379981847431	152
0.0904294418033702	0.366379981847431	3
0.0904294418033702	0.366379981847431	3
0.0904294418033702	0.366379981847431	3
0.0904294418033702	0.366379981847431	3
0.0904838986330199	0.366339805232125	364
0.0904838986330199	0.366339805232125	89
0.0904838986330199	0.366339805232125	89
0.0904838986330199	0.366339805232125	89
0.0904838986330199	0.366339805232125	489
0.0904838986330199	0.366339805232125	489
0.0904294418033702	0.366379981847431	89
0.0904294418033702	0.366379981847431	89
0.0904294418033702	0.366379981847431	89
0.0904838986330199	0.366339805232125	89
0.0904294418033702	0.366379981847431	89
0.0904294418033702	0.366379981847431	89
0.0904838986330199	0.366339805232125	226
0.0904838986330199	0.366339805232125	226
0.0904838986330199	0.366339805232125	226
0.0904294418033702	0.366379981847431	151
0.0904838986330199	0.366339805232125	151
0.0904838986330199	0.366339805232125	151
0.0904838986330199	0.366339805232125	151
0.0904294418033702	0.366379981847431	307
0.0904838986330199	0.366339805232125	307
0.0904294418033702	0.366379981847431	307
0.0904838986330199	0.366339805232125	307
0.06009426510475	1.27003850033392	404
0.0609019956181598	1.26985288518349	404
0.0601766780147899	1.27004899303449	152
0.06065148921429	1.27007010277034	13
0.0904294418033702	0.366379981847431	80
0.0904838986330199	0.366339805232125	80
0.0904294418033702	0.366379981847431	3
0.0904294418033702	0.366379981847431	61
0.0904294418033702	0.366379981847431	89
0.0904294418033702	0.366379981847431	89
0.0904294418033702	0.366379981847431	89
0.0904838986330199	0.366339805232125	89
0.0904294418033702	0.366379981847431	89
0.0904838986330199	0.366339805232125	89
0.0904838986330199	0.366339805232125	89
0.0904294418033702	0.366379981847431	89
0.0904294418033702	0.366379981847431	89
0.0904838986330199	0.366339805232125	89
0.0904838986330199	0.366339805232125	89
0.0904838986330199	0.366339805232125	89
0.0904294418033702	0.366379981847431	89
0.0904294418033702	0.366379981847431	89
0.0904294418033702	0.366379981847431	89
0.0904294418033702	0.366379981847431	89
0.0904838986330199	0.366339805232125	89
0.0904838986330199	0.366339805232125	89
0.0904294418033702	0.366379981847431	226
0.0904838986330199	0.366339805232125	151
0.0904294418033702	0.366379981847431	151
0.0904294418033702	0.366379981847431	307
0.0904294418033702	0.366379981847431	307
0.0904294418033702	0.366379981847431	307
0.0904294418033702	0.366379981847431	307
0.0904838986330199	0.366339805232125	307
0.06041427112834	1.27014049646167	134
0.0904838986330199	0.366339805232125	134
0.0699786146057102	1.9201720707914	163
0.0904838986330199	0.366339805232125	404
0.06041427112834	1.27014049646167	731
0.0612791696730999	1.2693702277358	731
0.06165575714975	1.26872549798424	152
0.0904294418033702	0.366379981847431	80
0.0904838986330199	0.366339805232125	3
0.0904294418033702	0.366379981847431	3
0.0904294418033702	0.366379981847431	3
0.0605695558319002	1.27005874633258	89
0.0904838986330199	0.366339805232125	89
0.0904838986330199	0.366339805232125	89
0.0904294418033702	0.366379981847431	89
0.0904838986330199	0.366339805232125	89
0.0904294418033702	0.366379981847431	89
0.0904838986330199	0.366339805232125	151
0.0904838986330199	0.366339805232125	151
0.0904294418033702	0.366379981847431	151
0.0904294418033702	0.366379981847431	151
0.0904294418033702	0.366379981847431	151
0.0904294418033702	0.366379981847431	151
0.0904838986330199	0.366339805232125	307
0.0904838986330199	0.366339805232125	307
0.0609019956181598	1.26985288518349	307
0.0904294418033702	0.366379981847431	307
0.0904294418033702	0.366379981847431	307
0.0904294418033702	0.366379981847431	134
0.0608066386416399	1.26985540555962	731
0.06065148921429	1.27007010277034	731
0.0603320982528199	1.27012956245085	38
0.0605695558319002	1.27005874633258	152
0.0904294418033702	0.366379981847431	80
0.0904838986330199	0.366339805232125	3
0.0904294418033702	0.366379981847431	3
0.0904294418033702	0.366379981847431	3
0.0904294418033702	0.366379981847431	3
0.0904294418033702	0.366379981847431	364
0.0904294418033702	0.366379981847431	364
0.0904294418033702	0.366379981847431	364
0.0904838986330199	0.366339805232125	364
0.0904294418033702	0.366379981847431	89
0.0904838986330199	0.366339805232125	89
0.0904838986330199	0.366339805232125	89
0.0904294418033702	0.366379981847431	89
0.0904294418033702	0.366379981847431	89
0.0904838986330199	0.366339805232125	89
0.0904294418033702	0.366379981847431	89
0.0904838986330199	0.366339805232125	89
0.0904838986330199	0.366339805232125	151
0.0904294418033702	0.366379981847431	151
0.0904294418033702	0.366379981847431	151
0.0904294418033702	0.366379981847431	151
0.0904294418033702	0.366379981847431	151
0.0904838986330199	0.366339805232125	134
0.0904838986330199	0.366339805232125	404
0.0612791696730999	1.2693702277358	38
0.0904294418033702	0.366379981847431	152
0.0904294418033702	0.366379981847431	80
0.0904294418033702	0.366379981847431	80
0.0904838986330199	0.366339805232125	3
0.0904294418033702	0.366379981847431	3
0.0904294418033702	0.366379981847431	3
0.0904838986330199	0.366339805232125	3
0.0904294418033702	0.366379981847431	3
0.0904294418033702	0.366379981847431	3
0.0904294418033702	0.366379981847431	364
0.0904838986330199	0.366339805232125	55
0.0904838986330199	0.366339805232125	89
0.0904294418033702	0.366379981847431	489
0.0904838986330199	0.366339805232125	89
0.0904294418033702	0.366379981847431	489
0.0904838986330199	0.366339805232125	489
0.0904294418033702	0.366379981847431	89
0.0904294418033702	0.366379981847431	89
0.0904838986330199	0.366339805232125	89
0.0904838986330199	0.366339805232125	89
0.0904294418033702	0.366379981847431	226
0.0904838986330199	0.366339805232125	151
0.0904838986330199	0.366339805232125	151
0.0904294418033702	0.366379981847431	151
0.0904294418033702	0.366379981847431	151
0.0904294418033702	0.366379981847431	151
0.0904294418033702	0.366379981847431	151
0.0904838986330199	0.366339805232125	8
0.0904294418033702	0.366379981847431	307
0.0904838986330199	0.366339805232125	307
0.0904294418033702	0.366379981847431	307
0.0904838986330199	0.366339805232125	134
0.06041427112834	1.27014049646167	134
0.0609019956181598	1.26985288518349	731
0.0611253550369901	1.26943367833825	295
0.0611253550369901	1.26943367833825	152
0.0904294418033702	0.366379981847431	152
0.0608066386416399	1.26985540555962	162
0.0904838986330199	0.366339805232125	80
0.0904838986330199	0.366339805232125	80
0.0904294418033702	0.366379981847431	3
0.0904294418033702	0.366379981847431	3
0.0904294418033702	0.366379981847431	3
0.0608066386416399	1.26985540555962	55
0.0904294418033702	0.366379981847431	489
0.0904838986330199	0.366339805232125	89
0.0904838986330199	0.366339805232125	89
0.0904838986330199	0.366339805232125	89
0.0904294418033702	0.366379981847431	89
0.0904294418033702	0.366379981847431	89
0.0904838986330199	0.366339805232125	89
0.0904294418033702	0.366379981847431	89
0.0904294418033702	0.366379981847431	151
0.0904294418033702	0.366379981847431	151
0.0904294418033702	0.366379981847431	151
0.0904838986330199	0.366339805232125	151
0.0904838986330199	0.366339805232125	151
0.0904838986330199	0.366339805232125	151
0.0904838986330199	0.366339805232125	307
0.0904294418033702	0.366379981847431	307
0.0904838986330199	0.366339805232125	134
0.0620317592805502	1.26773231722031	134
0.0904294418033702	0.366379981847431	134
0.06065148921429	1.27007010277034	38
0.0904294418033702	0.366379981847431	457
0.0904294418033702	0.366379981847431	457
0.0904294418033702	0.366379981847431	3
0.06065148921429	1.27007010277034	529
0.0904838986330199	0.366339805232125	364
0.0904294418033702	0.366379981847431	364
0.0615023106622399	1.26878837768738	55
0.06065148921429	1.27007010277034	55
0.0904838986330199	0.366339805232125	55
0.0609019956181598	1.26985288518349	61
0.0904838986330199	0.366339805232125	89
0.0904838986330199	0.366339805232125	89
0.0904838986330199	0.366339805232125	89
0.0904838986330199	0.366339805232125	89
0.0904294418033702	0.366379981847431	489
0.0904294418033702	0.366379981847431	489
0.0904838986330199	0.366339805232125	89
0.0904838986330199	0.366339805232125	89
0.0904838986330199	0.366339805232125	89
0.0904294418033702	0.366379981847431	89
0.0904294418033702	0.366379981847431	89
0.0904838986330199	0.366339805232125	226
0.0904838986330199	0.366339805232125	151
0.0904838986330199	0.366339805232125	151
0.0904838986330199	0.366339805232125	151
0.0904294418033702	0.366379981847431	151
0.0605695558319002	1.27005874633258	439
0.0904294418033702	0.366379981847431	307
0.0904838986330199	0.366339805232125	134
0.0904294418033702	0.366379981847431	403
0.0904294418033702	0.366379981847431	403
0.0605695558319002	1.27005874633258	404
0.0904294418033702	0.366379981847431	404
0.0904838986330199	0.366339805232125	152
0.0904838986330199	0.366339805232125	152
0.0611253550369901	1.26943367833825	152
0.0904294418033702	0.366379981847431	457
0.0904294418033702	0.366379981847431	457
0.0904294418033702	0.366379981847431	457
0.0904294418033702	0.366379981847431	457
0.0904838986330199	0.366339805232125	152
0.0609019956181598	1.26985288518349	162
0.0904838986330199	0.366339805232125	3
0.0904294418033702	0.366379981847431	3
0.0904838986330199	0.366339805232125	3
0.0904294418033702	0.366379981847431	3
0.0904294418033702	0.366379981847431	3
0.0904838986330199	0.366339805232125	529
0.0904838986330199	0.366339805232125	364
0.0904294418033702	0.366379981847431	364
0.0904294418033702	0.366379981847431	364
0.0904838986330199	0.366339805232125	364
0.0904838986330199	0.366339805232125	89
0.0904838986330199	0.366339805232125	89
0.0904294418033702	0.366379981847431	89
0.0904294418033702	0.366379981847431	89
0.0904838986330199	0.366339805232125	89
0.0904294418033702	0.366379981847431	89
0.0904294418033702	0.366379981847431	89
0.0904294418033702	0.366379981847431	89
0.0904838986330199	0.366339805232125	89
0.0904838986330199	0.366339805232125	151
0.0904838986330199	0.366339805232125	151
0.0904294418033702	0.366379981847431	151
0.0904294418033702	0.366379981847431	151
0.0904838986330199	0.366339805232125	151
0.0904294418033702	0.366379981847431	151
0.0904294418033702	0.366379981847431	151
0.0904838986330199	0.366339805232125	151
0.0904838986330199	0.366339805232125	151
0.0904838986330199	0.366339805232125	307
0.0904294418033702	0.366379981847431	307
0.0904294418033702	0.366379981847431	307
0.0904838986330199	0.366339805232125	134
0.0904838986330199	0.366339805232125	134
0.0904294418033702	0.366379981847431	134
0.0904294418033702	0.366379981847431	403
0.0904294418033702	0.366379981847431	403
0.0904838986330199	0.366339805232125	404
0.0904838986330199	0.366339805232125	404
0.0904294418033702	0.366379981847431	404
0.0904838986330199	0.366339805232125	152
0.0904294418033702	0.366379981847431	152
0.0904838986330199	0.366339805232125	152
0.06041427112834	1.27014049646167	152
0.0904294418033702	0.366379981847431	152
0.0904838986330199	0.366339805232125	457
0.0904294418033702	0.366379981847431	457
0.0904294418033702	0.366379981847431	152
0.0904838986330199	0.366339805232125	152
0.0904838986330199	0.366339805232125	80
0.0904294418033702	0.366379981847431	80
0.0904838986330199	0.366339805232125	3
0.0608066386416399	1.26985540555962	61
0.0904294418033702	0.366379981847431	529
0.0612791696730999	1.2693702277358	55
0.0904838986330199	0.366339805232125	364
0.0608066386416399	1.26985540555962	55
0.0904294418033702	0.366379981847431	364
0.0904838986330199	0.366339805232125	364
0.0904294418033702	0.366379981847431	89
0.0904294418033702	0.366379981847431	89
0.0904294418033702	0.366379981847431	89
0.0904294418033702	0.366379981847431	89
0.0904294418033702	0.366379981847431	489
0.0904294418033702	0.366379981847431	489
0.0904838986330199	0.366339805232125	89
0.0904294418033702	0.366379981847431	89
0.0904838986330199	0.366339805232125	89
0.0904294418033702	0.366379981847431	89
0.0904838986330199	0.366339805232125	89
0.0904838986330199	0.366339805232125	89
0.0904294418033702	0.366379981847431	151
0.0904294418033702	0.366379981847431	151
0.0904294418033702	0.366379981847431	151
0.0904294418033702	0.366379981847431	151
0.0904294418033702	0.366379981847431	151
0.0904838986330199	0.366339805232125	151
0.0904294418033702	0.366379981847431	307
0.0904294418033702	0.366379981847431	307
0.0904294418033702	0.366379981847431	307
0.0904838986330199	0.366339805232125	307
0.0904294418033702	0.366379981847431	134
0.0904838986330199	0.366339805232125	403
0.0904294418033702	0.366379981847431	403
0.0611253550369901	1.26943367833825	38
0.0904838986330199	0.366339805232125	38
0.0904294418033702	0.366379981847431	152
0.0904294418033702	0.366379981847431	152
0.0904294418033702	0.366379981847431	457
0.0904294418033702	0.366379981847431	152
0.0904294418033702	0.366379981847431	180
0.0904838986330199	0.366339805232125	162
0.0904838986330199	0.366339805232125	80
0.0904838986330199	0.366339805232125	80
0.0612791696730999	1.2693702277358	364
0.0904838986330199	0.366339805232125	89
0.0904838986330199	0.366339805232125	89
0.0904294418033702	0.366379981847431	89
0.0904294418033702	0.366379981847431	89
0.0904294418033702	0.366379981847431	89
0.0904294418033702	0.366379981847431	489
0.0904294418033702	0.366379981847431	89
0.0904838986330199	0.366339805232125	89
0.0904294418033702	0.366379981847431	89
0.0904838986330199	0.366339805232125	89
0.0904838986330199	0.366339805232125	89
0.0904838986330199	0.366339805232125	89
0.0904294418033702	0.366379981847431	226
0.0904294418033702	0.366379981847431	151
0.0904294418033702	0.366379981847431	151
0.0904838986330199	0.366339805232125	151
0.0904294418033702	0.366379981847431	151
0.0904294418033702	0.366379981847431	151
0.0609019956181598	1.26985288518349	151
0.0904294418033702	0.366379981847431	439
0.0904294418033702	0.366379981847431	307
0.0904838986330199	0.366339805232125	307
0.0904294418033702	0.366379981847431	307
0.0904294418033702	0.366379981847431	307
0.0904838986330199	0.366339805232125	307
0.0904294418033702	0.366379981847431	161
0.0904294418033702	0.366379981847431	403
0.0904294418033702	0.366379981847431	404
0.0904838986330199	0.366339805232125	404
0.0904838986330199	0.366339805232125	457
0.0904294418033702	0.366379981847431	457
0.0904294418033702	0.366379981847431	457
0.0904294418033702	0.366379981847431	457
0.0904294418033702	0.366379981847431	457
0.0904838986330199	0.366339805232125	152
0.0904294418033702	0.366379981847431	80
0.0904294418033702	0.366379981847431	80
0.0904838986330199	0.366339805232125	80
0.0904294418033702	0.366379981847431	3
0.0699517179921201	1.91924558070435	17
0.0605695558319002	1.27005874633258	61
0.0609019956181598	1.26985288518349	61
0.0904838986330199	0.366339805232125	529
0.0904838986330199	0.366339805232125	529
0.0904294418033702	0.366379981847431	364
0.0904838986330199	0.366339805232125	55
0.0904294418033702	0.366379981847431	89
0.0904294418033702	0.366379981847431	489
0.0904294418033702	0.366379981847431	89
0.0904294418033702	0.366379981847431	89
0.0904294418033702	0.366379981847431	226
0.0904294418033702	0.366379981847431	226
0.0609019956181598	1.26985288518349	552
0.0904294418033702	0.366379981847431	151
0.0904294418033702	0.366379981847431	151
0.0904294418033702	0.366379981847431	151
0.0904838986330199	0.366339805232125	151
0.0904838986330199	0.366339805232125	151
0.0904294418033702	0.366379981847431	151
0.0904294418033702	0.366379981847431	151
0.0904838986330199	0.366339805232125	151
0.0608066386416399	1.26985540555962	27
0.0904838986330199	0.366339805232125	307
0.0904294418033702	0.366379981847431	307
0.0904294418033702	0.366379981847431	307
0.0904294418033702	0.366379981847431	307
0.0904838986330199	0.366339805232125	307
0.0904294418033702	0.366379981847431	307
0.0904838986330199	0.366339805232125	307
0.0904838986330199	0.366339805232125	134
0.0904294418033702	0.366379981847431	134
0.0904294418033702	0.366379981847431	404
0.0611253550369901	1.26943367833825	38
0.0904294418033702	0.366379981847431	152
0.0904838986330199	0.366339805232125	152
0.0904838986330199	0.366339805232125	457
0.0904838986330199	0.366339805232125	152
0.0904838986330199	0.366339805232125	152
0.0904838986330199	0.366339805232125	80
0.0904294418033702	0.366379981847431	80
0.0904838986330199	0.366339805232125	80
0.0904838986330199	0.366339805232125	80
0.0904294418033702	0.366379981847431	80
0.0904838986330199	0.366339805232125	80
0.0904294418033702	0.366379981847431	3
0.0904294418033702	0.366379981847431	529
0.0612791696730999	1.2693702277358	61
0.0904294418033702	0.366379981847431	89
0.0904294418033702	0.366379981847431	89
0.0904838986330199	0.366339805232125	89
0.0904294418033702	0.366379981847431	89
0.0904838986330199	0.366339805232125	89
0.0904294418033702	0.366379981847431	489
0.0904294418033702	0.366379981847431	489
0.0904838986330199	0.366339805232125	89
0.0904294418033702	0.366379981847431	89
0.0904294418033702	0.366379981847431	89
0.0904294418033702	0.366379981847431	89
0.0904838986330199	0.366339805232125	89
0.0904294418033702	0.366379981847431	151
0.0904294418033702	0.366379981847431	151
0.0904838986330199	0.366339805232125	151
0.0904838986330199	0.366339805232125	151
0.0904294418033702	0.366379981847431	151
0.0904294418033702	0.366379981847431	307
0.0904294418033702	0.366379981847431	307
0.0904294418033702	0.366379981847431	307
0.0904838986330199	0.366339805232125	307
0.0904838986330199	0.366339805232125	307
0.0904838986330199	0.366339805232125	307
0.0904838986330199	0.366339805232125	134
0.0904838986330199	0.366339805232125	404
0.0608066386416399	1.26985540555962	295
0.0904294418033702	0.366379981847431	152
0.06041427112834	1.27014049646167	162
0.0904294418033702	0.366379981847431	80
0.0904294418033702	0.366379981847431	80
0.0904838986330199	0.366339805232125	80
0.0904294418033702	0.366379981847431	89
0.0904294418033702	0.366379981847431	89
0.0904294418033702	0.366379981847431	89
0.0904294418033702	0.366379981847431	89
0.0904294418033702	0.366379981847431	89
0.0904838986330199	0.366339805232125	89
0.0904294418033702	0.366379981847431	89
0.0904294418033702	0.366379981847431	89
0.0904838986330199	0.366339805232125	89
0.0904294418033702	0.366379981847431	89
0.0904294418033702	0.366379981847431	89
0.0904294418033702	0.366379981847431	89
0.0904294418033702	0.366379981847431	89
0.0904838986330199	0.366339805232125	151
0.0904294418033702	0.366379981847431	151
0.0904838986330199	0.366339805232125	151
0.0904294418033702	0.366379981847431	151
0.0904838986330199	0.366339805232125	307
0.0904838986330199	0.366339805232125	307
0.0904294418033702	0.366379981847431	307
0.0609019956181598	1.26985288518349	134
0.07008660896894	1.91867167650292	124
0.0904294418033702	0.366379981847431	403
0.0904838986330199	0.366339805232125	403
0.0904838986330199	0.366339805232125	152
0.0904294418033702	0.366379981847431	152
0.0904294418033702	0.366379981847431	80
0.0904838986330199	0.366339805232125	80
0.0904838986330199	0.366339805232125	80
0.0904294418033702	0.366379981847431	80
0.0904294418033702	0.366379981847431	80
0.0904294418033702	0.366379981847431	80
0.0904294418033702	0.366379981847431	3
0.0699517095717401	1.92019859027147	61
0.06065148921429	1.27007010277034	529
0.0904294418033702	0.366379981847431	89
0.0904294418033702	0.366379981847431	89
0.0904294418033702	0.366379981847431	89
0.0904838986330199	0.366339805232125	89
0.0904294418033702	0.366379981847431	89
0.0904838986330199	0.366339805232125	89
0.0904294418033702	0.366379981847431	89
0.0904294418033702	0.366379981847431	89
0.0904294418033702	0.366379981847431	226
0.0904294418033702	0.366379981847431	226
0.0605695558319002	1.27005874633258	226
0.0904294418033702	0.366379981847431	151
0.0904838986330199	0.366339805232125	307
0.0904294418033702	0.366379981847431	307
0.0904838986330199	0.366339805232125	307
0.0904294418033702	0.366379981847431	307
0.0904838986330199	0.366339805232125	134
0.0904294418033702	0.366379981847431	134
0.0620317592805502	1.26773231722031	494
0.0612791696730999	1.2693702277358	161
0.0904838986330199	0.366339805232125	161
0.0904294418033702	0.366379981847431	403
0.0904838986330199	0.366339805232125	38
0.0904294418033702	0.366379981847431	38
0.0904838986330199	0.366339805232125	38
0.0904294418033702	0.366379981847431	457
0.0904294418033702	0.366379981847431	457
0.0904294418033702	0.366379981847431	457
0.0904838986330199	0.366339805232125	457
0.0904838986330199	0.366339805232125	3
0.0904838986330199	0.366339805232125	80
0.0904294418033702	0.366379981847431	529
0.0603320982528199	1.27012956245085	55
0.0904838986330199	0.366339805232125	364
0.0904838986330199	0.366339805232125	89
0.0904294418033702	0.366379981847431	89
0.0904294418033702	0.366379981847431	89
0.0904838986330199	0.366339805232125	89
0.0904838986330199	0.366339805232125	489
0.0904838986330199	0.366339805232125	89
0.0904294418033702	0.366379981847431	89
0.0904294418033702	0.366379981847431	226
0.06165575714975	1.26872549798424	582
0.0904294418033702	0.366379981847431	151
0.0904838986330199	0.366339805232125	151
0.0611253550369901	1.26943367833825	8
0.0904838986330199	0.366339805232125	307
0.0904294418033702	0.366379981847431	307
0.0904294418033702	0.366379981847431	134
0.0904838986330199	0.366339805232125	134
0.0904294418033702	0.366379981847431	161
0.0904838986330199	0.366339805232125	161
0.0904294418033702	0.366379981847431	403
0.0904294418033702	0.366379981847431	403
0.0904294418033702	0.366379981847431	403
0.0904294418033702	0.366379981847431	404
0.0904838986330199	0.366339805232125	404
0.0904838986330199	0.366339805232125	404
0.0904838986330199	0.366339805232125	404
0.0904838986330199	0.366339805232125	404
0.0904294418033702	0.366379981847431	38
0.0904294418033702	0.366379981847431	152
0.0904294418033702	0.366379981847431	152
0.0904294418033702	0.366379981847431	152
0.0904294418033702	0.366379981847431	152
0.0904294418033702	0.366379981847431	457
0.0904838986330199	0.366339805232125	457
0.0904294418033702	0.366379981847431	457
0.0904838986330199	0.366339805232125	457
0.0904294418033702	0.366379981847431	457
0.0904294418033702	0.366379981847431	457
0.0904838986330199	0.366339805232125	457
0.0904838986330199	0.366339805232125	457
0.0904294418033702	0.366379981847431	152
0.0904838986330199	0.366339805232125	80
0.0904838986330199	0.366339805232125	80
0.0904294418033702	0.366379981847431	3
0.0904838986330199	0.366339805232125	80
0.0904294418033702	0.366379981847431	529
0.0904294418033702	0.366379981847431	364
0.0904294418033702	0.366379981847431	364
0.0904838986330199	0.366339805232125	364
0.0904838986330199	0.366339805232125	89
0.0904838986330199	0.366339805232125	89
0.0904838986330199	0.366339805232125	89
0.0904294418033702	0.366379981847431	89
0.0904294418033702	0.366379981847431	89
0.0904294418033702	0.366379981847431	89
0.0904838986330199	0.366339805232125	89
0.0904294418033702	0.366379981847431	226
0.0904838986330199	0.366339805232125	151
0.0904294418033702	0.366379981847431	151
0.0904294418033702	0.366379981847431	151
0.0904838986330199	0.366339805232125	151
0.0904838986330199	0.366339805232125	8
0.0904838986330199	0.366339805232125	8
0.0612791696730999	1.2693702277358	27
0.0904294418033702	0.366379981847431	307
0.0904838986330199	0.366339805232125	307
0.0904838986330199	0.366339805232125	307
0.0904294418033702	0.366379981847431	307
0.0904294418033702	0.366379981847431	134
0.0904294418033702	0.366379981847431	403
0.0904838986330199	0.366339805232125	404
0.0904838986330199	0.366339805232125	404
0.0904294418033702	0.366379981847431	38
0.0904838986330199	0.366339805232125	38
0.0904838986330199	0.366339805232125	152
0.0904294418033702	0.366379981847431	152
0.0904838986330199	0.366339805232125	457
0.0904294418033702	0.366379981847431	457
0.0904294418033702	0.366379981847431	457
0.0904294418033702	0.366379981847431	457
0.0904838986330199	0.366339805232125	457
0.0904294418033702	0.366379981847431	80
0.0904294418033702	0.366379981847431	3
0.0904838986330199	0.366339805232125	80
0.0904294418033702	0.366379981847431	80
0.0904838986330199	0.366339805232125	3
0.0904294418033702	0.366379981847431	529
0.0605695558319002	1.27005874633258	364
0.0904838986330199	0.366339805232125	364
0.0904838986330199	0.366339805232125	364
0.0904294418033702	0.366379981847431	89
0.0904838986330199	0.366339805232125	89
0.0904838986330199	0.366339805232125	89
0.0904838986330199	0.366339805232125	89
0.0904838986330199	0.366339805232125	89
0.0904838986330199	0.366339805232125	89
0.0904294418033702	0.366379981847431	89
0.0904294418033702	0.366379981847431	89
0.0904294418033702	0.366379981847431	89
0.0904838986330199	0.366339805232125	89
0.0904294418033702	0.366379981847431	489
0.0904838986330199	0.366339805232125	89
0.0904294418033702	0.366379981847431	89
0.0904838986330199	0.366339805232125	552
0.0904294418033702	0.366379981847431	151
0.0904294418033702	0.366379981847431	151
0.0904294418033702	0.366379981847431	151
0.0904294418033702	0.366379981847431	151
0.0904294418033702	0.366379981847431	8
0.0904294418033702	0.366379981847431	8
0.0904294418033702	0.366379981847431	307
0.0904838986330199	0.366339805232125	307
0.0904838986330199	0.366339805232125	307
0.0904294418033702	0.366379981847431	134
0.0904294418033702	0.366379981847431	161
0.0904294418033702	0.366379981847431	403
0.0904294418033702	0.366379981847431	403
0.0904838986330199	0.366339805232125	403
0.0904838986330199	0.366339805232125	404
0.0904294418033702	0.366379981847431	404
0.0904294418033702	0.366379981847431	404
0.0904838986330199	0.366339805232125	404
0.0904838986330199	0.366339805232125	457
0.0904838986330199	0.366339805232125	457
0.0904294418033702	0.366379981847431	457
0.0904838986330199	0.366339805232125	457
0.0904294418033702	0.366379981847431	457
0.0904294418033702	0.366379981847431	80
0.0904294418033702	0.366379981847431	80
0.0904294418033702	0.366379981847431	529
0.06041427112834	1.27014049646167	55
0.0904294418033702	0.366379981847431	364
0.0904838986330199	0.366339805232125	364
0.06041427112834	1.27014049646167	364
0.0904838986330199	0.366339805232125	364
0.0904838986330199	0.366339805232125	89
0.0904838986330199	0.366339805232125	89
0.0904838986330199	0.366339805232125	89
0.0904294418033702	0.366379981847431	89
0.0904294418033702	0.366379981847431	89
0.0904294418033702	0.366379981847431	489
0.0904838986330199	0.366339805232125	89
0.0904294418033702	0.366379981847431	89
0.0904838986330199	0.366339805232125	89
0.0904294418033702	0.366379981847431	226
0.0609019956181598	1.26985288518349	230
0.0904294418033702	0.366379981847431	552
0.0904294418033702	0.366379981847431	552
0.0904294418033702	0.366379981847431	151
0.0904838986330199	0.366339805232125	151
0.0904294418033702	0.366379981847431	151
0.0904838986330199	0.366339805232125	8
0.0608066386416399	1.26985540555962	27
0.0904294418033702	0.366379981847431	307
0.0904294418033702	0.366379981847431	307
0.0904838986330199	0.366339805232125	307
0.0904294418033702	0.366379981847431	307
0.0904294418033702	0.366379981847431	134
0.0904838986330199	0.366339805232125	124
0.0904838986330199	0.366339805232125	161
0.0904294418033702	0.366379981847431	403
0.0904294418033702	0.366379981847431	403
0.0904838986330199	0.366339805232125	403
0.0904294418033702	0.366379981847431	403
0.0904838986330199	0.366339805232125	403
0.0904838986330199	0.366339805232125	404
0.0904838986330199	0.366339805232125	404
0.0904838986330199	0.366339805232125	404
0.0904294418033702	0.366379981847431	404
0.0904838986330199	0.366339805232125	404
0.0904838986330199	0.366339805232125	38
0.0904294418033702	0.366379981847431	38
0.0904294418033702	0.366379981847431	152
0.0904838986330199	0.366339805232125	152
0.0904294418033702	0.366379981847431	152
0.0904838986330199	0.366339805232125	152
0.0904294418033702	0.366379981847431	457
0.0904294418033702	0.366379981847431	457
0.0904838986330199	0.366339805232125	152
0.0612791696730999	1.2693702277358	162
0.0904294418033702	0.366379981847431	80
0.0904838986330199	0.366339805232125	529
0.0904838986330199	0.366339805232125	529
0.0904294418033702	0.366379981847431	529
0.0904838986330199	0.366339805232125	364
0.0904294418033702	0.366379981847431	55
0.0904838986330199	0.366339805232125	364
0.0904294418033702	0.366379981847431	364
0.0904294418033702	0.366379981847431	364
0.0904294418033702	0.366379981847431	364
0.0904294418033702	0.366379981847431	364
0.0904294418033702	0.366379981847431	89
0.0904294418033702	0.366379981847431	89
0.0605695558319002	1.27005874633258	89
0.0904838986330199	0.366339805232125	89
0.0904294418033702	0.366379981847431	89
0.0904294418033702	0.366379981847431	89
0.0904838986330199	0.366339805232125	89
0.0904838986330199	0.366339805232125	89
0.0904294418033702	0.366379981847431	489
0.0904294418033702	0.366379981847431	489
0.0904838986330199	0.366339805232125	89
0.0904294418033702	0.366379981847431	89
0.0904838986330199	0.366339805232125	89
0.0904838986330199	0.366339805232125	89
0.0904294418033702	0.366379981847431	89
0.0904838986330199	0.366339805232125	89
0.0904838986330199	0.366339805232125	226
0.0904838986330199	0.366339805232125	226
0.0904838986330199	0.366339805232125	552
0.0904294418033702	0.366379981847431	151
0.0904294418033702	0.366379981847431	151
0.0904838986330199	0.366339805232125	151
0.0904294418033702	0.366379981847431	151
0.0904294418033702	0.366379981847431	151
0.0904838986330199	0.366339805232125	151
0.0904294418033702	0.366379981847431	151
0.0904294418033702	0.366379981847431	151
0.0605695558319002	1.27005874633258	486
0.0904294418033702	0.366379981847431	307
0.0904294418033702	0.366379981847431	307
0.0904838986330199	0.366339805232125	307
0.0904294418033702	0.366379981847431	307
0.0904838986330199	0.366339805232125	307
0.0904838986330199	0.366339805232125	307
0.0904838986330199	0.366339805232125	307
0.0904838986330199	0.366339805232125	307
0.0904294418033702	0.366379981847431	307
0.0904838986330199	0.366339805232125	133
0.0700595035102301	1.91892360269037	124
0.0904294418033702	0.366379981847431	161
0.0904838986330199	0.366339805232125	161
0.0904838986330199	0.366339805232125	403
0.0904294418033702	0.366379981847431	403
0.0904838986330199	0.366339805232125	403
0.0904294418033702	0.366379981847431	403
0.0904294418033702	0.366379981847431	403
0.0904294418033702	0.366379981847431	404
0.0904294418033702	0.366379981847431	404
0.0605695558319002	1.27005874633258	38
0.0904838986330199	0.366339805232125	152
0.0904838986330199	0.366339805232125	152
0.0904294418033702	0.366379981847431	152
0.0904294418033702	0.366379981847431	152
0.0904838986330199	0.366339805232125	457
0.0904838986330199	0.366339805232125	457
0.0904294418033702	0.366379981847431	457
0.0904294418033702	0.366379981847431	457
0.0904838986330199	0.366339805232125	152
0.0904294418033702	0.366379981847431	152
0.0904294418033702	0.366379981847431	80
0.0904838986330199	0.366339805232125	80
0.0904294418033702	0.366379981847431	80
0.0611253550369901	1.26943367833825	77
0.0904838986330199	0.366339805232125	3
0.0904294418033702	0.366379981847431	3
0.0904294418033702	0.366379981847431	529
0.0904838986330199	0.366339805232125	529
0.0904294418033702	0.366379981847431	529
0.0904294418033702	0.366379981847431	529
0.0904294418033702	0.366379981847431	364
0.0904838986330199	0.366339805232125	364
0.0904294418033702	0.366379981847431	364
0.0904838986330199	0.366339805232125	364
0.0904294418033702	0.366379981847431	89
0.0904838986330199	0.366339805232125	89
0.0904838986330199	0.366339805232125	89
0.0904294418033702	0.366379981847431	489
0.0904838986330199	0.366339805232125	89
0.0904294418033702	0.366379981847431	89
0.0904294418033702	0.366379981847431	89
0.0904294418033702	0.366379981847431	89
0.0904838986330199	0.366339805232125	89
0.0904838986330199	0.366339805232125	89
0.0904294418033702	0.366379981847431	89
0.0904838986330199	0.366339805232125	89
0.0904294418033702	0.366379981847431	226
0.0904294418033702	0.366379981847431	226
0.0904294418033702	0.366379981847431	226
0.0904838986330199	0.366339805232125	151
0.0904294418033702	0.366379981847431	151
0.0904294418033702	0.366379981847431	151
0.0904294418033702	0.366379981847431	151
0.0904294418033702	0.366379981847431	151
0.0904294418033702	0.366379981847431	151
0.0904294418033702	0.366379981847431	8
0.0904838986330199	0.366339805232125	307
0.0904294418033702	0.366379981847431	307
0.0904294418033702	0.366379981847431	307
0.0904294418033702	0.366379981847431	307
0.0904294418033702	0.366379981847431	134
0.0904294418033702	0.366379981847431	404
0.0904294418033702	0.366379981847431	404
0.0904838986330199	0.366339805232125	404
0.0904294418033702	0.366379981847431	404
0.0904838986330199	0.366339805232125	38
0.0904294418033702	0.366379981847431	152
0.0904838986330199	0.366339805232125	152
0.0904294418033702	0.366379981847431	152
0.0904838986330199	0.366339805232125	152
0.0904838986330199	0.366339805232125	152
0.0904838986330199	0.366339805232125	457
0.0904294418033702	0.366379981847431	457
0.0904294418033702	0.366379981847431	457
0.0904294418033702	0.366379981847431	457
0.0904294418033702	0.366379981847431	457
0.0904294418033702	0.366379981847431	457
0.0904838986330199	0.366339805232125	152
0.06065148921429	1.27007010277034	162
0.0612791696730999	1.2693702277358	162
0.0904294418033702	0.366379981847431	3
0.0904294418033702	0.366379981847431	3
0.0904294418033702	0.366379981847431	80
0.0904294418033702	0.366379981847431	80
0.0904294418033702	0.366379981847431	3
0.0605695558319002	1.27005874633258	55
0.0904838986330199	0.366339805232125	364
0.0904838986330199	0.366339805232125	364
0.0904294418033702	0.366379981847431	364
0.0904294418033702	0.366379981847431	364
0.0904294418033702	0.366379981847431	61
0.0904294418033702	0.366379981847431	89
0.0904838986330199	0.366339805232125	89
0.0904294418033702	0.366379981847431	89
0.0904294418033702	0.366379981847431	89
0.0904294418033702	0.366379981847431	89
0.0904838986330199	0.366339805232125	89
0.0904294418033702	0.366379981847431	89
0.0904294418033702	0.366379981847431	89
0.0904838986330199	0.366339805232125	89
0.0904294418033702	0.366379981847431	89
0.0904294418033702	0.366379981847431	89
0.0904838986330199	0.366339805232125	89
0.0904294418033702	0.366379981847431	151
0.0904838986330199	0.366339805232125	151
0.0904294418033702	0.366379981847431	151
0.0904838986330199	0.366339805232125	151
0.0904294418033702	0.366379981847431	151
0.0904838986330199	0.366339805232125	8
0.0904294418033702	0.366379981847431	307
0.0904838986330199	0.366339805232125	307
0.0904838986330199	0.366339805232125	307
0.0904294418033702	0.366379981847431	307
0.0904838986330199	0.366339805232125	307
0.0904838986330199	0.366339805232125	134
0.0904838986330199	0.366339805232125	134
0.0904838986330199	0.366339805232125	161
0.0904294418033702	0.366379981847431	161
0.0904294418033702	0.366379981847431	403
0.0904838986330199	0.366339805232125	403
0.0904294418033702	0.366379981847431	403
0.0904294418033702	0.366379981847431	403
0.0904838986330199	0.366339805232125	403
0.0904294418033702	0.366379981847431	404
0.0904838986330199	0.366339805232125	404
0.0608066386416399	1.26985540555962	38
0.0904838986330199	0.366339805232125	152
0.0904294418033702	0.366379981847431	152
0.0904838986330199	0.366339805232125	152
0.0904838986330199	0.366339805232125	457
0.0904294418033702	0.366379981847431	457
0.0904838986330199	0.366339805232125	457
0.0904838986330199	0.366339805232125	457
0.0904294418033702	0.366379981847431	457
0.0904838986330199	0.366339805232125	457
0.0904838986330199	0.366339805232125	457
0.0904294418033702	0.366379981847431	457
0.0904294418033702	0.366379981847431	457
0.0904838986330199	0.366339805232125	457
0.0904838986330199	0.366339805232125	152
0.0904294418033702	0.366379981847431	152
0.0904838986330199	0.366339805232125	3
0.0904294418033702	0.366379981847431	80
0.0904294418033702	0.366379981847431	80
0.0904838986330199	0.366339805232125	80
0.0904294418033702	0.366379981847431	3
0.0904838986330199	0.366339805232125	529
0.0603320982528199	1.27012956245085	61
0.0904294418033702	0.366379981847431	89
0.0904294418033702	0.366379981847431	89
0.0904294418033702	0.366379981847431	89
0.0904838986330199	0.366339805232125	89
0.0904838986330199	0.366339805232125	89
0.0904838986330199	0.366339805232125	89
0.0904838986330199	0.366339805232125	89
0.0904838986330199	0.366339805232125	89
0.0904294418033702	0.366379981847431	89
0.0904294418033702	0.366379981847431	89
0.0904838986330199	0.366339805232125	89
0.0904838986330199	0.366339805232125	226
0.0904838986330199	0.366339805232125	226
0.0904838986330199	0.366339805232125	552
0.0904294418033702	0.366379981847431	151
0.0904294418033702	0.366379981847431	151
0.0904294418033702	0.366379981847431	151
0.0904294418033702	0.366379981847431	151
0.0904838986330199	0.366339805232125	151
0.0904838986330199	0.366339805232125	151
0.0904838986330199	0.366339805232125	151
0.0904838986330199	0.366339805232125	151
0.0904294418033702	0.366379981847431	151
0.0904294418033702	0.366379981847431	151
0.0904294418033702	0.366379981847431	151
0.0612791696730999	1.2693702277358	27
0.0904838986330199	0.366339805232125	8
0.0904294418033702	0.366379981847431	307
0.0904294418033702	0.366379981847431	307
0.0904294418033702	0.366379981847431	307
0.0904838986330199	0.366339805232125	307
0.0904294418033702	0.366379981847431	134
0.0904294418033702	0.366379981847431	134
0.0904294418033702	0.366379981847431	161
0.0904294418033702	0.366379981847431	161
0.0904294418033702	0.366379981847431	403
0.0904294418033702	0.366379981847431	403
0.0904838986330199	0.366339805232125	404
0.0904294418033702	0.366379981847431	38
0.0904838986330199	0.366339805232125	152
0.0611253550369901	1.26943367833825	152
0.0904838986330199	0.366339805232125	457
0.0904838986330199	0.366339805232125	457
0.0904294418033702	0.366379981847431	457
0.0904838986330199	0.366339805232125	457
0.0904838986330199	0.366339805232125	457
0.0904294418033702	0.366379981847431	3
0.0904294418033702	0.366379981847431	80
0.0904294418033702	0.366379981847431	80
0.0904294418033702	0.366379981847431	80
0.0904838986330199	0.366339805232125	80
0.0904294418033702	0.366379981847431	80
0.06065148921429	1.27007010277034	17
0.0904294418033702	0.366379981847431	529
0.0904294418033702	0.366379981847431	364
0.0904294418033702	0.366379981847431	364
0.0904294418033702	0.366379981847431	364
0.0904294418033702	0.366379981847431	89
0.0904838986330199	0.366339805232125	89
0.0904294418033702	0.366379981847431	89
0.0904838986330199	0.366339805232125	89
0.0904294418033702	0.366379981847431	89
0.0904294418033702	0.366379981847431	89
0.0904294418033702	0.366379981847431	89
0.0904294418033702	0.366379981847431	89
0.0904294418033702	0.366379981847431	89
0.0904838986330199	0.366339805232125	89
0.0904294418033702	0.366379981847431	89
0.0904838986330199	0.366339805232125	226
0.0904838986330199	0.366339805232125	226
0.0904294418033702	0.366379981847431	552
0.0904294418033702	0.366379981847431	151
0.0904294418033702	0.366379981847431	151
0.0904294418033702	0.366379981847431	151
0.0904838986330199	0.366339805232125	151
0.0904294418033702	0.366379981847431	151
0.0904294418033702	0.366379981847431	151
-0.0330587341767199	2.11631541974353	8
0.0904294418033702	0.366379981847431	307
0.0904838986330199	0.366339805232125	307
0.0904838986330199	0.366339805232125	307
0.0904838986330199	0.366339805232125	307
0.0904838986330199	0.366339805232125	403
0.0904294418033702	0.366379981847431	403
0.06041427112834	1.27014049646167	731
0.0904294418033702	0.366379981847431	404
0.0904294418033702	0.366379981847431	404
0.0904294418033702	0.366379981847431	152
0.0904294418033702	0.366379981847431	152
0.0904838986330199	0.366339805232125	457
0.0904838986330199	0.366339805232125	457
0.0904294418033702	0.366379981847431	457
0.0904294418033702	0.366379981847431	457
0.0904838986330199	0.366339805232125	80
0.0904294418033702	0.366379981847431	80
0.0904838986330199	0.366339805232125	529
0.0904294418033702	0.366379981847431	529
0.0904294418033702	0.366379981847431	364
0.0904838986330199	0.366339805232125	364
0.0605695558319002	1.27005874633258	55
0.0904294418033702	0.366379981847431	89
0.0904838986330199	0.366339805232125	89
0.0904838986330199	0.366339805232125	89
0.0904294418033702	0.366379981847431	89
0.0904294418033702	0.366379981847431	89
0.0904838986330199	0.366339805232125	89
0.0904838986330199	0.366339805232125	89
0.0904838986330199	0.366339805232125	89
0.0904838986330199	0.366339805232125	489
0.0904838986330199	0.366339805232125	89
0.0904294418033702	0.366379981847431	89
0.0904294418033702	0.366379981847431	89
0.0904294418033702	0.366379981847431	89
0.0904294418033702	0.366379981847431	226
0.0904294418033702	0.366379981847431	151
0.0904838986330199	0.366339805232125	151
0.0904294418033702	0.366379981847431	151
0.0904294418033702	0.366379981847431	8
0.0904294418033702	0.366379981847431	307
0.0904294418033702	0.366379981847431	307
0.0904838986330199	0.366339805232125	307
0.0904294418033702	0.366379981847431	307
0.0904294418033702	0.366379981847431	403
0.0904294418033702	0.366379981847431	403
0.0904294418033702	0.366379981847431	403
0.0904838986330199	0.366339805232125	404
0.0904294418033702	0.366379981847431	404
0.0904294418033702	0.366379981847431	404
0.0904294418033702	0.366379981847431	404
0.06065148921429	1.27007010277034	180
0.0904294418033702	0.366379981847431	152
0.0904294418033702	0.366379981847431	457
0.0904294418033702	0.366379981847431	457
0.0904294418033702	0.366379981847431	3
0.0904294418033702	0.366379981847431	3
0.0904294418033702	0.366379981847431	80
0.0904294418033702	0.366379981847431	80
0.0904838986330199	0.366339805232125	3
0.0904294418033702	0.366379981847431	3
0.0904294418033702	0.366379981847431	3
0.0904294418033702	0.366379981847431	3
0.0608066386416399	1.26985540555962	61
0.0904294418033702	0.366379981847431	529
0.0904294418033702	0.366379981847431	364
0.0904294418033702	0.366379981847431	89
0.0904294418033702	0.366379981847431	89
0.0904294418033702	0.366379981847431	89
0.0904294418033702	0.366379981847431	89
0.0904294418033702	0.366379981847431	89
0.0904294418033702	0.366379981847431	489
0.0904838986330199	0.366339805232125	489
0.0904294418033702	0.366379981847431	89
0.0904294418033702	0.366379981847431	89
0.0904838986330199	0.366339805232125	89
0.0904294418033702	0.366379981847431	89
0.0904294418033702	0.366379981847431	89
0.0904294418033702	0.366379981847431	489
0.0904838986330199	0.366339805232125	89
0.0904838986330199	0.366339805232125	226
0.0904294418033702	0.366379981847431	552
0.0904838986330199	0.366339805232125	151
0.0904294418033702	0.366379981847431	151
0.0904838986330199	0.366339805232125	151
0.0904838986330199	0.366339805232125	151
0.0904838986330199	0.366339805232125	307
0.0904838986330199	0.366339805232125	307
0.0904838986330199	0.366339805232125	307
0.0904838986330199	0.366339805232125	307
0.0904294418033702	0.366379981847431	307
0.0904294418033702	0.366379981847431	134
0.0904294418033702	0.366379981847431	161
0.0615023106622399	1.26878837768738	161
0.0904838986330199	0.366339805232125	403
0.0904838986330199	0.366339805232125	404
0.0904294418033702	0.366379981847431	404
0.0904838986330199	0.366339805232125	152
0.0904294418033702	0.366379981847431	457
0.0904838986330199	0.366339805232125	457
0.0904294418033702	0.366379981847431	457
0.0904294418033702	0.366379981847431	457
0.0904838986330199	0.366339805232125	457
0.0904294418033702	0.366379981847431	80
0.0904838986330199	0.366339805232125	80
0.0904838986330199	0.366339805232125	55
0.0601766780147899	1.27004899303449	364
0.0904294418033702	0.366379981847431	364
0.0904294418033702	0.366379981847431	55
0.0904838986330199	0.366339805232125	89
0.0904838986330199	0.366339805232125	89
0.0904838986330199	0.366339805232125	89
0.0904838986330199	0.366339805232125	89
0.0904838986330199	0.366339805232125	89
0.0904838986330199	0.366339805232125	489
0.0904838986330199	0.366339805232125	89
0.0904294418033702	0.366379981847431	89
0.0904838986330199	0.366339805232125	89
0.0904294418033702	0.366379981847431	89
0.0904838986330199	0.366339805232125	489
0.0904294418033702	0.366379981847431	489
0.0904294418033702	0.366379981847431	489
0.0904838986330199	0.366339805232125	151
0.0904838986330199	0.366339805232125	151
0.0904294418033702	0.366379981847431	151
0.0904294418033702	0.366379981847431	151
0.0904294418033702	0.366379981847431	151
0.0904294418033702	0.366379981847431	151
0.0904294418033702	0.366379981847431	8
0.0598560555887802	1.26960079780006	8
0.0601766780147899	1.27004899303449	8
0.0904838986330199	0.366339805232125	486
0.0904838986330199	0.366339805232125	307
0.0904838986330199	0.366339805232125	307
0.0904294418033702	0.366379981847431	307
0.0904294418033702	0.366379981847431	307
0.0904838986330199	0.366339805232125	307
0.0904838986330199	0.366339805232125	134
0.0904294418033702	0.366379981847431	161
0.0904294418033702	0.366379981847431	404
0.0904838986330199	0.366339805232125	404
0.0904294418033702	0.366379981847431	404
0.0904294418033702	0.366379981847431	404
0.0904294418033702	0.366379981847431	404
0.0904838986330199	0.366339805232125	152
0.0904838986330199	0.366339805232125	152
0.0904294418033702	0.366379981847431	152
0.0904838986330199	0.366339805232125	457
0.0904838986330199	0.366339805232125	457
0.0904838986330199	0.366339805232125	3
0.0904294418033702	0.366379981847431	80
0.0904294418033702	0.366379981847431	3
0.0904294418033702	0.366379981847431	529
0.0904294418033702	0.366379981847431	364
0.0904294418033702	0.366379981847431	364
0.06165575714975	1.26872549798424	61
0.0904838986330199	0.366339805232125	489
0.0904838986330199	0.366339805232125	89
0.0904294418033702	0.366379981847431	489
0.0904294418033702	0.366379981847431	89
0.0904838986330199	0.366339805232125	89
0.0904838986330199	0.366339805232125	89
0.0904294418033702	0.366379981847431	89
0.0904294418033702	0.366379981847431	89
0.0904838986330199	0.366339805232125	89
0.0904294418033702	0.366379981847431	89
0.0904838986330199	0.366339805232125	489
0.0904294418033702	0.366379981847431	89
0.0904294418033702	0.366379981847431	89
0.0904838986330199	0.366339805232125	89
0.0904294418033702	0.366379981847431	489
0.0904838986330199	0.366339805232125	226
0.0904294418033702	0.366379981847431	412
0.0608066386416399	1.26985540555962	412
0.0904838986330199	0.366339805232125	151
0.0904294418033702	0.366379981847431	151
0.0904294418033702	0.366379981847431	151
0.0904838986330199	0.366339805232125	151
0.0904294418033702	0.366379981847431	151
0.0904294418033702	0.366379981847431	151
0.0904294418033702	0.366379981847431	151
0.0904294418033702	0.366379981847431	151
0.0904294418033702	0.366379981847431	151
0.0904294418033702	0.366379981847431	151
0.0603320982528199	1.27012956245085	8
0.0904838986330199	0.366339805232125	307
0.0904294418033702	0.366379981847431	307
0.0904838986330199	0.366339805232125	307
0.0904838986330199	0.366339805232125	307
0.0904838986330199	0.366339805232125	307
0.0904294418033702	0.366379981847431	307
0.0904838986330199	0.366339805232125	307
0.0904294418033702	0.366379981847431	307
0.0904294418033702	0.366379981847431	307
0.0611253550369901	1.26943367833825	161
0.0904838986330199	0.366339805232125	403
0.0904294418033702	0.366379981847431	403
0.0904294418033702	0.366379981847431	404
0.0904838986330199	0.366339805232125	404
0.0904294418033702	0.366379981847431	457
0.0904838986330199	0.366339805232125	457
0.0904294418033702	0.366379981847431	457
0.0904294418033702	0.366379981847431	457
0.0904838986330199	0.366339805232125	152
0.0904294418033702	0.366379981847431	3
0.0904294418033702	0.366379981847431	80
0.0904294418033702	0.366379981847431	80
0.0904838986330199	0.366339805232125	80
0.0904294418033702	0.366379981847431	3
0.0904294418033702	0.366379981847431	529
0.0904838986330199	0.366339805232125	364
0.0904838986330199	0.366339805232125	364
0.0904838986330199	0.366339805232125	364
0.0904294418033702	0.366379981847431	364
0.0904838986330199	0.366339805232125	89
0.0904294418033702	0.366379981847431	89
0.0904294418033702	0.366379981847431	89
0.0904294418033702	0.366379981847431	89
0.0904294418033702	0.366379981847431	89
0.0904838986330199	0.366339805232125	89
0.0904294418033702	0.366379981847431	552
0.0904294418033702	0.366379981847431	151
0.0904294418033702	0.366379981847431	151
0.0904294418033702	0.366379981847431	151
0.0904838986330199	0.366339805232125	8
0.0904294418033702	0.366379981847431	307
0.0904294418033702	0.366379981847431	307
0.0904294418033702	0.366379981847431	307
0.0904838986330199	0.366339805232125	307
0.0904294418033702	0.366379981847431	161
0.0904294418033702	0.366379981847431	161
0.0609019956181598	1.26985288518349	161
0.0904838986330199	0.366339805232125	403
0.0904294418033702	0.366379981847431	403
0.0904294418033702	0.366379981847431	403
0.0904294418033702	0.366379981847431	161
0.0904838986330199	0.366339805232125	404
0.0904294418033702	0.366379981847431	404
0.06065148921429	1.27007010277034	38
0.0904294418033702	0.366379981847431	38
0.0904838986330199	0.366339805232125	152
0.0904294418033702	0.366379981847431	457
0.0904294418033702	0.366379981847431	457
0.0904294418033702	0.366379981847431	457
0.0904294418033702	0.366379981847431	457
0.0904838986330199	0.366339805232125	457
0.0904294418033702	0.366379981847431	457
0.0620317592805502	1.26773231722031	162
0.0904294418033702	0.366379981847431	3
0.0904838986330199	0.366339805232125	3
0.0904294418033702	0.366379981847431	80
0.0904294418033702	0.366379981847431	80
0.0904838986330199	0.366339805232125	80
0.0904294418033702	0.366379981847431	80
0.0904294418033702	0.366379981847431	80
0.0904838986330199	0.366339805232125	80
0.0904294418033702	0.366379981847431	3
0.0904294418033702	0.366379981847431	529
0.0904294418033702	0.366379981847431	529
0.0904838986330199	0.366339805232125	529
0.0904838986330199	0.366339805232125	529
0.0904294418033702	0.366379981847431	364
0.0904838986330199	0.366339805232125	364
0.0904838986330199	0.366339805232125	89
0.0904294418033702	0.366379981847431	89
0.0904838986330199	0.366339805232125	89
0.0904294418033702	0.366379981847431	89
0.0904294418033702	0.366379981847431	489
0.0904838986330199	0.366339805232125	89
0.0904294418033702	0.366379981847431	89
0.0904294418033702	0.366379981847431	89
0.0904838986330199	0.366339805232125	89
0.0904294418033702	0.366379981847431	489
0.0904838986330199	0.366339805232125	89
0.0904294418033702	0.366379981847431	89
0.0904838986330199	0.366339805232125	489
0.0904838986330199	0.366339805232125	552
0.0904294418033702	0.366379981847431	151
0.0904838986330199	0.366339805232125	151
0.0904294418033702	0.366379981847431	151
0.0904294418033702	0.366379981847431	151
0.0904294418033702	0.366379981847431	151
0.06041427112834	1.27014049646167	8
0.0904294418033702	0.366379981847431	486
0.0904294418033702	0.366379981847431	307
0.0904294418033702	0.366379981847431	307
0.0904294418033702	0.366379981847431	307
0.0904838986330199	0.366339805232125	307
0.0904294418033702	0.366379981847431	307
0.0904294418033702	0.366379981847431	307
0.0904294418033702	0.366379981847431	307
0.0904838986330199	0.366339805232125	307
0.0904294418033702	0.366379981847431	134
0.0904294418033702	0.366379981847431	403
0.0904838986330199	0.366339805232125	403
0.0904838986330199	0.366339805232125	403
0.0904294418033702	0.366379981847431	403
0.0904294418033702	0.366379981847431	404
0.0904838986330199	0.366339805232125	404
0.0904294418033702	0.366379981847431	404
0.0904838986330199	0.366339805232125	404
0.0904294418033702	0.366379981847431	152
0.0904838986330199	0.366339805232125	457
0.0904294418033702	0.366379981847431	457
0.0904838986330199	0.366339805232125	457
0.0904838986330199	0.366339805232125	457
0.0904294418033702	0.366379981847431	3
0.0904838986330199	0.366339805232125	3
0.0904294418033702	0.366379981847431	80
0.0904294418033702	0.366379981847431	529
0.0904294418033702	0.366379981847431	55
0.0904294418033702	0.366379981847431	89
0.0904294418033702	0.366379981847431	89
0.0904294418033702	0.366379981847431	89
0.0904838986330199	0.366339805232125	89
0.0904294418033702	0.366379981847431	89
0.0904294418033702	0.366379981847431	89
0.0904294418033702	0.366379981847431	89
0.0904294418033702	0.366379981847431	89
0.0904838986330199	0.366339805232125	89
0.0904294418033702	0.366379981847431	89
0.0904294418033702	0.366379981847431	89
0.0904294418033702	0.366379981847431	89
0.0904838986330199	0.366339805232125	489
0.0904294418033702	0.366379981847431	226
0.0904294418033702	0.366379981847431	552
0.0904838986330199	0.366339805232125	552
0.0904838986330199	0.366339805232125	151
0.0904294418033702	0.366379981847431	151
0.0904294418033702	0.366379981847431	151
0.0904838986330199	0.366339805232125	486
0.0904294418033702	0.366379981847431	307
0.0904294418033702	0.366379981847431	307
0.0904294418033702	0.366379981847431	307
0.0904838986330199	0.366339805232125	307
0.0904294418033702	0.366379981847431	307
0.0904294418033702	0.366379981847431	307
0.0904838986330199	0.366339805232125	403
0.0904838986330199	0.366339805232125	403
0.0904838986330199	0.366339805232125	404
0.0904838986330199	0.366339805232125	404
0.0699251073993699	1.91839393106653	38
0.0904294418033702	0.366379981847431	38
0.0904294418033702	0.366379981847431	152
0.0904838986330199	0.366339805232125	457
0.0904838986330199	0.366339805232125	457
0.0904838986330199	0.366339805232125	457
0.0904294418033702	0.366379981847431	457
0.0904294418033702	0.366379981847431	162
0.0904294418033702	0.366379981847431	3
0.0904294418033702	0.366379981847431	80
0.0904838986330199	0.366339805232125	80
0.0904294418033702	0.366379981847431	80
0.0904294418033702	0.366379981847431	80
0.0904294418033702	0.366379981847431	3
0.0904294418033702	0.366379981847431	529
0.0904838986330199	0.366339805232125	364
0.0904294418033702	0.366379981847431	364
0.0904294418033702	0.366379981847431	364
0.0904294418033702	0.366379981847431	364
0.0904838986330199	0.366339805232125	55
0.0904838986330199	0.366339805232125	89
0.0904294418033702	0.366379981847431	89
0.0904838986330199	0.366339805232125	89
0.0904838986330199	0.366339805232125	89
0.0904838986330199	0.366339805232125	89
0.0904294418033702	0.366379981847431	89
0.0904838986330199	0.366339805232125	89
0.0904838986330199	0.366339805232125	89
0.0904838986330199	0.366339805232125	89
0.0904838986330199	0.366339805232125	489
0.0904294418033702	0.366379981847431	89
0.0904294418033702	0.366379981847431	89
0.0904294418033702	0.366379981847431	89
0.0904838986330199	0.366339805232125	489
0.0904294418033702	0.366379981847431	226
0.0904294418033702	0.366379981847431	552
0.0904294418033702	0.366379981847431	552
0.06165575714975	1.26872549798424	151
0.0904294418033702	0.366379981847431	151
0.0904294418033702	0.366379981847431	151
0.0904838986330199	0.366339805232125	151
0.0904838986330199	0.366339805232125	151
0.0904294418033702	0.366379981847431	151
0.0904294418033702	0.366379981847431	151
0.0904838986330199	0.366339805232125	151
0.0904838986330199	0.366339805232125	8
0.0904838986330199	0.366339805232125	307
0.0904294418033702	0.366379981847431	307
0.0904294418033702	0.366379981847431	307
0.0904838986330199	0.366339805232125	307
0.0904838986330199	0.366339805232125	134
0.0904294418033702	0.366379981847431	134
0.0904294418033702	0.366379981847431	134
0.0904294418033702	0.366379981847431	161
0.0904838986330199	0.366339805232125	403
0.0904294418033702	0.366379981847431	404
0.0904838986330199	0.366339805232125	404
0.0904838986330199	0.366339805232125	38
0.0904838986330199	0.366339805232125	38
0.0608066386416399	1.26985540555962	38
0.0904294418033702	0.366379981847431	152
0.0904838986330199	0.366339805232125	152
0.0904838986330199	0.366339805232125	152
0.0904294418033702	0.366379981847431	457
0.0904294418033702	0.366379981847431	457
0.0904838986330199	0.366339805232125	457
0.0904294418033702	0.366379981847431	457
0.0904294418033702	0.366379981847431	457
0.0904294418033702	0.366379981847431	457
0.0904294418033702	0.366379981847431	457
0.0904294418033702	0.366379981847431	80
0.0904838986330199	0.366339805232125	3
0.0904294418033702	0.366379981847431	80
0.0904294418033702	0.366379981847431	529
0.0904294418033702	0.366379981847431	364
0.0904294418033702	0.366379981847431	364
0.0609019956181598	1.26985288518349	55
0.0904294418033702	0.366379981847431	364
0.0904838986330199	0.366339805232125	55
0.06165575714975	1.26872549798424	55
0.0904294418033702	0.366379981847431	55
0.0904838986330199	0.366339805232125	89
0.0904294418033702	0.366379981847431	89
0.0904838986330199	0.366339805232125	89
0.0904294418033702	0.366379981847431	89
0.0904294418033702	0.366379981847431	89
0.0904294418033702	0.366379981847431	89
0.0904838986330199	0.366339805232125	89
0.0904294418033702	0.366379981847431	89
0.0904838986330199	0.366339805232125	89
0.0904294418033702	0.366379981847431	89
0.0904838986330199	0.366339805232125	489
0.0904838986330199	0.366339805232125	489
0.0904838986330199	0.366339805232125	89
0.0904838986330199	0.366339805232125	89
0.0904838986330199	0.366339805232125	226
0.0904838986330199	0.366339805232125	226
0.0904838986330199	0.366339805232125	151
0.0904838986330199	0.366339805232125	151
0.0904838986330199	0.366339805232125	151
0.0904838986330199	0.366339805232125	151
0.0904838986330199	0.366339805232125	151
0.0904838986330199	0.366339805232125	151
0.0904838986330199	0.366339805232125	151
0.0904294418033702	0.366379981847431	151
0.0605695558319002	1.27005874633258	280
0.0904294418033702	0.366379981847431	307
0.0904838986330199	0.366339805232125	307
0.0904838986330199	0.366339805232125	307
0.0904838986330199	0.366339805232125	307
0.0904838986330199	0.366339805232125	307
0.0904838986330199	0.366339805232125	307
0.0904838986330199	0.366339805232125	134
0.0904838986330199	0.366339805232125	307
0.0904838986330199	0.366339805232125	134
0.0612791696730999	1.2693702277358	133
0.0904294418033702	0.366379981847431	403
0.0904838986330199	0.366339805232125	404
0.0904838986330199	0.366339805232125	404
0.0904294418033702	0.366379981847431	152
0.0904838986330199	0.366339805232125	152
0.0904838986330199	0.366339805232125	152
0.0904838986330199	0.366339805232125	457
0.0904294418033702	0.366379981847431	457
0.0904838986330199	0.366339805232125	3
0.0904294418033702	0.366379981847431	3
0.0904294418033702	0.366379981847431	80
0.0904294418033702	0.366379981847431	80
0.0904294418033702	0.366379981847431	80
0.0904838986330199	0.366339805232125	3
0.0904838986330199	0.366339805232125	61
0.0605695558319002	1.27005874633258	529
0.0904294418033702	0.366379981847431	529
0.0904294418033702	0.366379981847431	529
0.0904294418033702	0.366379981847431	529
0.0904294418033702	0.366379981847431	364
0.0904294418033702	0.366379981847431	89
0.0904294418033702	0.366379981847431	89
0.0904838986330199	0.366339805232125	89
0.0904294418033702	0.366379981847431	489
0.0904294418033702	0.366379981847431	489
0.0904838986330199	0.366339805232125	489
0.0904294418033702	0.366379981847431	89
0.0904838986330199	0.366339805232125	226
0.0904838986330199	0.366339805232125	582
0.0904838986330199	0.366339805232125	151
0.0904294418033702	0.366379981847431	151
0.0904838986330199	0.366339805232125	151
0.0904838986330199	0.366339805232125	151
0.0904294418033702	0.366379981847431	151
0.0904294418033702	0.366379981847431	151
0.0904838986330199	0.366339805232125	8
0.0904294418033702	0.366379981847431	486
0.0904838986330199	0.366339805232125	307
0.0904294418033702	0.366379981847431	307
0.0904838986330199	0.366339805232125	307
0.0904838986330199	0.366339805232125	134
0.0904294418033702	0.366379981847431	307
0.0904294418033702	0.366379981847431	307
0.0904838986330199	0.366339805232125	134
0.06065148921429	1.27007010277034	161
0.0904838986330199	0.366339805232125	161
0.0904294418033702	0.366379981847431	731
0.0904294418033702	0.366379981847431	38
0.0904294418033702	0.366379981847431	38
0.0904294418033702	0.366379981847431	152
0.0904294418033702	0.366379981847431	152
0.0904838986330199	0.366339805232125	457
0.0904838986330199	0.366339805232125	457
0.0904838986330199	0.366339805232125	457
0.0904838986330199	0.366339805232125	3
0.0904294418033702	0.366379981847431	80
0.0904838986330199	0.366339805232125	80
0.0904294418033702	0.366379981847431	3
0.0608066386416399	1.26985540555962	80
0.0904294418033702	0.366379981847431	80
0.0904838986330199	0.366339805232125	364
0.0904838986330199	0.366339805232125	364
0.0904838986330199	0.366339805232125	364
0.0904838986330199	0.366339805232125	55
0.0904838986330199	0.366339805232125	89
0.0904294418033702	0.366379981847431	89
0.0904838986330199	0.366339805232125	89
0.0904294418033702	0.366379981847431	89
0.0904294418033702	0.366379981847431	89
0.0904838986330199	0.366339805232125	89
0.0904294418033702	0.366379981847431	89
0.0904838986330199	0.366339805232125	89
0.0904294418033702	0.366379981847431	489
0.0904294418033702	0.366379981847431	89
0.0904294418033702	0.366379981847431	89
0.0904294418033702	0.366379981847431	89
0.0904294418033702	0.366379981847431	226
0.0904294418033702	0.366379981847431	226
0.0904294418033702	0.366379981847431	226
0.0904294418033702	0.366379981847431	552
0.0904294418033702	0.366379981847431	151
0.0904294418033702	0.366379981847431	151
0.0904294418033702	0.366379981847431	151
0.0904294418033702	0.366379981847431	151
0.0904294418033702	0.366379981847431	151
0.0904838986330199	0.366339805232125	151
0.0904838986330199	0.366339805232125	307
0.0904838986330199	0.366339805232125	307
0.0904838986330199	0.366339805232125	307
0.0904294418033702	0.366379981847431	307
0.0904838986330199	0.366339805232125	307
0.0904838986330199	0.366339805232125	307
0.0904294418033702	0.366379981847431	134
0.0904838986330199	0.366339805232125	161
0.0904838986330199	0.366339805232125	404
0.0904294418033702	0.366379981847431	38
0.06065148921429	1.27007010277034	38
0.0904838986330199	0.366339805232125	38
0.0904294418033702	0.366379981847431	457
0.0904294418033702	0.366379981847431	457
0.0904294418033702	0.366379981847431	3
0.0904838986330199	0.366339805232125	80
0.0904294418033702	0.366379981847431	80
0.0904838986330199	0.366339805232125	80
0.0904294418033702	0.366379981847431	80
0.0904294418033702	0.366379981847431	3
0.0612791696730999	1.2693702277358	61
0.0904838986330199	0.366339805232125	529
0.0904294418033702	0.366379981847431	364
0.0904294418033702	0.366379981847431	55
0.0904838986330199	0.366339805232125	89
0.0904294418033702	0.366379981847431	89
0.0904294418033702	0.366379981847431	89
0.0904294418033702	0.366379981847431	89
0.0904838986330199	0.366339805232125	89
0.0904294418033702	0.366379981847431	89
0.0904294418033702	0.366379981847431	89
0.0904294418033702	0.366379981847431	89
0.0904838986330199	0.366339805232125	489
0.0904838986330199	0.366339805232125	489
0.0904838986330199	0.366339805232125	489
0.0904838986330199	0.366339805232125	489
0.0904838986330199	0.366339805232125	226
0.0904294418033702	0.366379981847431	151
0.0904294418033702	0.366379981847431	151
0.0904294418033702	0.366379981847431	151
0.0609019956181598	1.26985288518349	8
0.0609019956181598	1.26985288518349	27
0.0904294418033702	0.366379981847431	307
0.0904294418033702	0.366379981847431	307
0.0904294418033702	0.366379981847431	307
0.0904294418033702	0.366379981847431	307
0.0904294418033702	0.366379981847431	307
0.0904838986330199	0.366339805232125	307
0.0904838986330199	0.366339805232125	307
0.0904294418033702	0.366379981847431	307
0.0904294418033702	0.366379981847431	307
0.0904294418033702	0.366379981847431	307
0.0904294418033702	0.366379981847431	161
0.0904294418033702	0.366379981847431	161
0.0904294418033702	0.366379981847431	404
0.0904838986330199	0.366339805232125	404
0.0904838986330199	0.366339805232125	404
0.0904838986330199	0.366339805232125	404
0.0904294418033702	0.366379981847431	152
0.0904294418033702	0.366379981847431	152
0.0904294418033702	0.366379981847431	152
0.0904294418033702	0.366379981847431	152
0.0904294418033702	0.366379981847431	457
0.0904838986330199	0.366339805232125	457
0.0904838986330199	0.366339805232125	457
0.0904838986330199	0.366339805232125	3
0.06065148921429	1.27007010277034	162
0.0904294418033702	0.366379981847431	3
0.0904294418033702	0.366379981847431	364
0.0904838986330199	0.366339805232125	364
0.0904294418033702	0.366379981847431	364
0.0904838986330199	0.366339805232125	364
0.0904294418033702	0.366379981847431	364
0.0904294418033702	0.366379981847431	364
0.0904294418033702	0.366379981847431	364
0.0904294418033702	0.366379981847431	55
0.0904838986330199	0.366339805232125	89
0.0904838986330199	0.366339805232125	89
0.0904294418033702	0.366379981847431	89
0.0904294418033702	0.366379981847431	89
0.0904838986330199	0.366339805232125	89
0.0904838986330199	0.366339805232125	489
0.0904838986330199	0.366339805232125	489
0.0904294418033702	0.366379981847431	489
0.0904838986330199	0.366339805232125	489
0.0904294418033702	0.366379981847431	89
0.06165575714975	1.26872549798424	582
0.0904294418033702	0.366379981847431	552
0.0904838986330199	0.366339805232125	552
0.0904294418033702	0.366379981847431	151
0.0904838986330199	0.366339805232125	151
0.0904294418033702	0.366379981847431	151
0.0904838986330199	0.366339805232125	151
0.0904294418033702	0.366379981847431	307
0.0904838986330199	0.366339805232125	307
0.0904294418033702	0.366379981847431	307
0.0904294418033702	0.366379981847431	307
0.0904294418033702	0.366379981847431	307
0.0904838986330199	0.366339805232125	307
0.0904838986330199	0.366339805232125	307
0.0904838986330199	0.366339805232125	307
0.0904294418033702	0.366379981847431	134
0.0904838986330199	0.366339805232125	38
0.06041427112834	1.27014049646167	180
0.0904838986330199	0.366339805232125	457
0.0904838986330199	0.366339805232125	457
0.0904294418033702	0.366379981847431	3
0.0904294418033702	0.366379981847431	80
0.0904294418033702	0.366379981847431	80
0.0904838986330199	0.366339805232125	3
0.0611253550369901	1.26943367833825	77
0.0904294418033702	0.366379981847431	529
0.0904294418033702	0.366379981847431	529
0.0904838986330199	0.366339805232125	364
0.0904294418033702	0.366379981847431	364
0.0904294418033702	0.366379981847431	89
0.0904294418033702	0.366379981847431	89
0.0904838986330199	0.366339805232125	89
0.0904838986330199	0.366339805232125	89
0.0904838986330199	0.366339805232125	489
0.0904294418033702	0.366379981847431	489
0.0904294418033702	0.366379981847431	489
0.0904294418033702	0.366379981847431	89
0.0904294418033702	0.366379981847431	552
0.0904838986330199	0.366339805232125	151
0.0904294418033702	0.366379981847431	151
0.0904838986330199	0.366339805232125	151
0.0904838986330199	0.366339805232125	151
0.0904294418033702	0.366379981847431	151
0.0904838986330199	0.366339805232125	151
0.0904838986330199	0.366339805232125	151
0.0904294418033702	0.366379981847431	8
0.0904838986330199	0.366339805232125	8
0.0904294418033702	0.366379981847431	486
0.0904294418033702	0.366379981847431	307
0.0904294418033702	0.366379981847431	307
0.0904838986330199	0.366339805232125	307
0.0904838986330199	0.366339805232125	307
0.0904294418033702	0.366379981847431	134
0.0904294418033702	0.366379981847431	161
0.0904294418033702	0.366379981847431	403
0.0904294418033702	0.366379981847431	404
0.0904294418033702	0.366379981847431	152
0.0904294418033702	0.366379981847431	152
0.0904294418033702	0.366379981847431	152
0.0904294418033702	0.366379981847431	457
0.0904838986330199	0.366339805232125	457
0.0904294418033702	0.366379981847431	457
0.0904294418033702	0.366379981847431	3
0.0904294418033702	0.366379981847431	3
0.0904294418033702	0.366379981847431	3
0.0904294418033702	0.366379981847431	80
0.0904294418033702	0.366379981847431	3
0.0904294418033702	0.366379981847431	3
0.0904294418033702	0.366379981847431	3
0.0904294418033702	0.366379981847431	364
0.0904294418033702	0.366379981847431	364
0.0904294418033702	0.366379981847431	55
0.0904838986330199	0.366339805232125	364
0.0904294418033702	0.366379981847431	364
0.0904838986330199	0.366339805232125	89
0.0904294418033702	0.366379981847431	89
0.0904294418033702	0.366379981847431	89
0.0904838986330199	0.366339805232125	89
0.0904838986330199	0.366339805232125	89
0.0904294418033702	0.366379981847431	89
0.0904838986330199	0.366339805232125	89
0.0904294418033702	0.366379981847431	489
0.0904294418033702	0.366379981847431	489
0.0904838986330199	0.366339805232125	89
0.0904294418033702	0.366379981847431	89
0.0904838986330199	0.366339805232125	226
0.0904838986330199	0.366339805232125	226
0.0904838986330199	0.366339805232125	582
0.0904838986330199	0.366339805232125	151
0.0904838986330199	0.366339805232125	151
0.0904838986330199	0.366339805232125	151
0.0904838986330199	0.366339805232125	151
0.0904294418033702	0.366379981847431	151
0.0904838986330199	0.366339805232125	151
0.0904838986330199	0.366339805232125	151
0.0904838986330199	0.366339805232125	307
0.0904294418033702	0.366379981847431	307
0.0904838986330199	0.366339805232125	307
0.0904838986330199	0.366339805232125	307
0.0904294418033702	0.366379981847431	307
0.0904838986330199	0.366339805232125	307
0.0609019956181598	1.26985288518349	133
0.0904294418033702	0.366379981847431	403
0.0904294418033702	0.366379981847431	403
0.0904294418033702	0.366379981847431	403
0.0904838986330199	0.366339805232125	404
0.0904838986330199	0.366339805232125	404
0.0904294418033702	0.366379981847431	38
0.0904838986330199	0.366339805232125	38
0.0904838986330199	0.366339805232125	38
0.0904294418033702	0.366379981847431	152
0.0904294418033702	0.366379981847431	457
0.0904294418033702	0.366379981847431	457
0.0904294418033702	0.366379981847431	457
0.0904838986330199	0.366339805232125	457
0.0904838986330199	0.366339805232125	457
0.0904838986330199	0.366339805232125	457
0.0904294418033702	0.366379981847431	457
0.0904838986330199	0.366339805232125	3
0.0904838986330199	0.366339805232125	3
0.0904838986330199	0.366339805232125	3
0.0904838986330199	0.366339805232125	3
0.0904294418033702	0.366379981847431	529
0.0904294418033702	0.366379981847431	529
0.0904838986330199	0.366339805232125	529
0.0904294418033702	0.366379981847431	529
0.0904294418033702	0.366379981847431	55
0.0904294418033702	0.366379981847431	364
0.0904294418033702	0.366379981847431	364
0.0904838986330199	0.366339805232125	364
0.0904294418033702	0.366379981847431	55
0.0904294418033702	0.366379981847431	55
0.0904838986330199	0.366339805232125	89
0.0904294418033702	0.366379981847431	89
0.0904838986330199	0.366339805232125	89
0.0904838986330199	0.366339805232125	89
0.0904294418033702	0.366379981847431	89
0.0904838986330199	0.366339805232125	489
0.0904838986330199	0.366339805232125	489
0.0904838986330199	0.366339805232125	489
0.0904294418033702	0.366379981847431	151
0.0904838986330199	0.366339805232125	151
0.0904838986330199	0.366339805232125	151
0.0904294418033702	0.366379981847431	151
0.0904838986330199	0.366339805232125	151
0.0904838986330199	0.366339805232125	151
0.0904838986330199	0.366339805232125	151
0.0904838986330199	0.366339805232125	486
0.06065148921429	1.27007010277034	8
0.0904294418033702	0.366379981847431	307
0.0904838986330199	0.366339805232125	307
0.0904294418033702	0.366379981847431	307
0.0904838986330199	0.366339805232125	307
0.0904838986330199	0.366339805232125	307
0.0904294418033702	0.366379981847431	307
0.0904838986330199	0.366339805232125	307
0.0904294418033702	0.366379981847431	307
0.0904294418033702	0.366379981847431	307
0.0904294418033702	0.366379981847431	134
0.0904294418033702	0.366379981847431	134
0.0904294418033702	0.366379981847431	134
0.0904838986330199	0.366339805232125	134
0.0904294418033702	0.366379981847431	161
0.0904838986330199	0.366339805232125	161
0.0904294418033702	0.366379981847431	161
0.0904838986330199	0.366339805232125	161
0.0904294418033702	0.366379981847431	403
0.0904294418033702	0.366379981847431	403
0.0904294418033702	0.366379981847431	403
0.0904294418033702	0.366379981847431	404
0.0904838986330199	0.366339805232125	404
0.0904838986330199	0.366339805232125	38
0.0608066386416399	1.26985540555962	180
0.0904838986330199	0.366339805232125	180
0.0904838986330199	0.366339805232125	152
0.0904838986330199	0.366339805232125	457
0.0904294418033702	0.366379981847431	457
0.0904838986330199	0.366339805232125	457
0.0904838986330199	0.366339805232125	457
0.0904294418033702	0.366379981847431	457
0.0904838986330199	0.366339805232125	457
0.0904838986330199	0.366339805232125	3
0.0904838986330199	0.366339805232125	3
0.0904838986330199	0.366339805232125	80
0.0904838986330199	0.366339805232125	80
0.06041427112834	1.27014049646167	77
0.0904294418033702	0.366379981847431	3
0.06065148921429	1.27007010277034	61
0.0904294418033702	0.366379981847431	529
0.0904838986330199	0.366339805232125	364
0.0904294418033702	0.366379981847431	364
0.0904294418033702	0.366379981847431	364
0.0612791696730999	1.2693702277358	55
0.0904838986330199	0.366339805232125	55
0.0904838986330199	0.366339805232125	89
0.0904294418033702	0.366379981847431	89
0.0904294418033702	0.366379981847431	89
0.0904294418033702	0.366379981847431	89
0.0904294418033702	0.366379981847431	89
0.0904838986330199	0.366339805232125	489
0.0904838986330199	0.366339805232125	489
0.0904838986330199	0.366339805232125	89
0.0904838986330199	0.366339805232125	89
0.0904838986330199	0.366339805232125	489
0.0904294418033702	0.366379981847431	489
0.0904294418033702	0.366379981847431	489
0.0904294418033702	0.366379981847431	489
0.0904838986330199	0.366339805232125	489
0.0904838986330199	0.366339805232125	226
0.0904838986330199	0.366339805232125	226
0.0904294418033702	0.366379981847431	226
0.06165575714975	1.26872549798424	552
0.0904838986330199	0.366339805232125	151
0.0904838986330199	0.366339805232125	151
0.0904838986330199	0.366339805232125	151
0.0904294418033702	0.366379981847431	151
0.0904838986330199	0.366339805232125	151
0.0904294418033702	0.366379981847431	151
0.0904294418033702	0.366379981847431	151
0.0904838986330199	0.366339805232125	151
0.0904294418033702	0.366379981847431	8
0.0904294418033702	0.366379981847431	486
0.0904294418033702	0.366379981847431	8
0.0904838986330199	0.366339805232125	307
0.0904838986330199	0.366339805232125	307
0.0904294418033702	0.366379981847431	307
0.0904838986330199	0.366339805232125	307
0.0904294418033702	0.366379981847431	307
0.0904294418033702	0.366379981847431	307
0.0609019956181598	1.26985288518349	134
0.0904838986330199	0.366339805232125	134
0.0904838986330199	0.366339805232125	134
0.0612791696730999	1.2693702277358	161
0.0904838986330199	0.366339805232125	161
0.0605695558319002	1.27005874633258	403
0.0904838986330199	0.366339805232125	403
0.0904294418033702	0.366379981847431	404
0.0904838986330199	0.366339805232125	404
0.0904294418033702	0.366379981847431	457
0.0904294418033702	0.366379981847431	457
0.0904294418033702	0.366379981847431	457
0.0904294418033702	0.366379981847431	457
0.0904294418033702	0.366379981847431	457
0.0904294418033702	0.366379981847431	80
0.0904838986330199	0.366339805232125	80
0.0904294418033702	0.366379981847431	3
0.0904294418033702	0.366379981847431	364
0.0904294418033702	0.366379981847431	364
0.0904838986330199	0.366339805232125	364
0.0904294418033702	0.366379981847431	89
0.0904294418033702	0.366379981847431	89
0.0904294418033702	0.366379981847431	89
0.0904294418033702	0.366379981847431	89
0.0904838986330199	0.366339805232125	89
0.0904294418033702	0.366379981847431	89
0.0904294418033702	0.366379981847431	89
0.0904838986330199	0.366339805232125	489
0.0904838986330199	0.366339805232125	489
0.0904294418033702	0.366379981847431	89
0.0904294418033702	0.366379981847431	89
0.0904294418033702	0.366379981847431	552
0.0904838986330199	0.366339805232125	151
0.0904294418033702	0.366379981847431	151
0.0904294418033702	0.366379981847431	151
0.0904294418033702	0.366379981847431	151
0.0904838986330199	0.366339805232125	151
0.0904294418033702	0.366379981847431	151
0.0904838986330199	0.366339805232125	151
0.0904838986330199	0.366339805232125	151
0.0904294418033702	0.366379981847431	307
0.0904294418033702	0.366379981847431	307
0.0904294418033702	0.366379981847431	307
0.0904838986330199	0.366339805232125	307
0.0904838986330199	0.366339805232125	307
0.0904294418033702	0.366379981847431	307
0.0598560555887802	1.26960079780006	133
0.0904294418033702	0.366379981847431	161
0.0904294418033702	0.366379981847431	403
0.0904838986330199	0.366339805232125	403
0.0904838986330199	0.366339805232125	403
0.0904294418033702	0.366379981847431	404
0.0904294418033702	0.366379981847431	404
0.06065148921429	1.27007010277034	38
0.0904838986330199	0.366339805232125	152
0.06065148921429	1.27007010277034	152
0.0904294418033702	0.366379981847431	152
0.0904838986330199	0.366339805232125	152
0.0904294418033702	0.366379981847431	457
0.0904838986330199	0.366339805232125	457
0.0904838986330199	0.366339805232125	457
0.0603320982528199	1.27012956245085	162
0.0904294418033702	0.366379981847431	80
0.0904294418033702	0.366379981847431	529
0.06009426510475	1.27003850033392	55
0.0904838986330199	0.366339805232125	364
0.0612791696730999	1.2693702277358	55
0.0904294418033702	0.366379981847431	364
0.0904838986330199	0.366339805232125	55
0.06041427112834	1.27014049646167	55
0.0904838986330199	0.366339805232125	89
0.0904294418033702	0.366379981847431	89
0.0904838986330199	0.366339805232125	89
0.0904838986330199	0.366339805232125	89
0.0904294418033702	0.366379981847431	89
0.0904838986330199	0.366339805232125	89
0.0904838986330199	0.366339805232125	489
0.0904294418033702	0.366379981847431	489
0.0904838986330199	0.366339805232125	226
0.0904838986330199	0.366339805232125	226
0.0904838986330199	0.366339805232125	552
0.0904294418033702	0.366379981847431	151
0.0904838986330199	0.366339805232125	151
0.0904838986330199	0.366339805232125	307
0.0904294418033702	0.366379981847431	307
0.0904294418033702	0.366379981847431	307
0.0904838986330199	0.366339805232125	307
0.0904838986330199	0.366339805232125	307
0.0904838986330199	0.366339805232125	307
0.0904294418033702	0.366379981847431	307
0.0904838986330199	0.366339805232125	134
0.0904838986330199	0.366339805232125	152
0.0904294418033702	0.366379981847431	457
0.0904294418033702	0.366379981847431	457
0.0904838986330199	0.366339805232125	457
0.0904294418033702	0.366379981847431	80
0.0904294418033702	0.366379981847431	61
0.0904294418033702	0.366379981847431	529
0.0904294418033702	0.366379981847431	529
0.0904294418033702	0.366379981847431	529
0.0904838986330199	0.366339805232125	364
0.0904294418033702	0.366379981847431	364
0.0904838986330199	0.366339805232125	89
0.0904294418033702	0.366379981847431	89
0.0904294418033702	0.366379981847431	89
0.0904294418033702	0.366379981847431	489
0.0904838986330199	0.366339805232125	89
0.0904294418033702	0.366379981847431	489
0.0904294418033702	0.366379981847431	89
0.0904294418033702	0.366379981847431	89
0.0904294418033702	0.366379981847431	89
0.0904294418033702	0.366379981847431	226
0.0615023106622399	1.26878837768738	552
0.0904294418033702	0.366379981847431	552
0.0904294418033702	0.366379981847431	552
0.06065148921429	1.27007010277034	582
0.0904294418033702	0.366379981847431	151
0.0904294418033702	0.366379981847431	151
0.0904294418033702	0.366379981847431	151
0.0904838986330199	0.366339805232125	151
0.0904294418033702	0.366379981847431	151
0.0904294418033702	0.366379981847431	151
0.0904838986330199	0.366339805232125	307
0.0904294418033702	0.366379981847431	307
0.0904294418033702	0.366379981847431	307
0.0904294418033702	0.366379981847431	307
0.0904294418033702	0.366379981847431	134
0.0904838986330199	0.366339805232125	134
0.0608066386416399	1.26985540555962	124
0.0904294418033702	0.366379981847431	403
0.0904294418033702	0.366379981847431	403
0.0904838986330199	0.366339805232125	404
0.0904838986330199	0.366339805232125	404
0.0904294418033702	0.366379981847431	404
0.0904838986330199	0.366339805232125	38
0.0904294418033702	0.366379981847431	38
0.0904838986330199	0.366339805232125	457
0.0904294418033702	0.366379981847431	457
0.0904294418033702	0.366379981847431	457
0.0904294418033702	0.366379981847431	457
0.0904838986330199	0.366339805232125	457
0.0904838986330199	0.366339805232125	3
0.0904838986330199	0.366339805232125	3
0.0608066386416399	1.26985540555962	61
0.0904838986330199	0.366339805232125	529
0.0609019956181598	1.26985288518349	55
0.0904294418033702	0.366379981847431	364
0.0904294418033702	0.366379981847431	89
0.0904838986330199	0.366339805232125	89
0.0904838986330199	0.366339805232125	89
0.0904294418033702	0.366379981847431	89
0.0904294418033702	0.366379981847431	89
0.0904838986330199	0.366339805232125	89
0.0904294418033702	0.366379981847431	89
0.0904838986330199	0.366339805232125	489
0.0904294418033702	0.366379981847431	89
0.0904294418033702	0.366379981847431	89
0.0904294418033702	0.366379981847431	226
0.0904838986330199	0.366339805232125	552
0.0904294418033702	0.366379981847431	582
0.0904838986330199	0.366339805232125	151
0.0904294418033702	0.366379981847431	151
0.0904838986330199	0.366339805232125	151
0.0904838986330199	0.366339805232125	151
0.0904294418033702	0.366379981847431	151
0.0904838986330199	0.366339805232125	151
0.0904838986330199	0.366339805232125	151
0.0904838986330199	0.366339805232125	151
0.0904294418033702	0.366379981847431	8
0.0904294418033702	0.366379981847431	307
0.0904294418033702	0.366379981847431	307
0.0904294418033702	0.366379981847431	307
0.0904838986330199	0.366339805232125	307
0.0904294418033702	0.366379981847431	307
0.0904294418033702	0.366379981847431	307
0.0904838986330199	0.366339805232125	307
0.0904294418033702	0.366379981847431	134
0.0904838986330199	0.366339805232125	134
0.0904838986330199	0.366339805232125	133
0.0904294418033702	0.366379981847431	161
0.06041427112834	1.27014049646167	403
0.0904838986330199	0.366339805232125	404
0.0904294418033702	0.366379981847431	404
0.0904838986330199	0.366339805232125	38
0.0904838986330199	0.366339805232125	152
0.0904294418033702	0.366379981847431	457
0.0904838986330199	0.366339805232125	457
0.0904294418033702	0.366379981847431	457
0.0904294418033702	0.366379981847431	457
0.0904294418033702	0.366379981847431	457
0.0904838986330199	0.366339805232125	457
0.0904838986330199	0.366339805232125	483
0.0904294418033702	0.366379981847431	529
0.0904294418033702	0.366379981847431	529
0.0904294418033702	0.366379981847431	529
0.06065148921429	1.27007010277034	364
0.0904294418033702	0.366379981847431	364
0.0904838986330199	0.366339805232125	364
0.0904838986330199	0.366339805232125	364
0.0904838986330199	0.366339805232125	89
0.0904838986330199	0.366339805232125	89
0.0904294418033702	0.366379981847431	89
0.0904294418033702	0.366379981847431	89
0.0904294418033702	0.366379981847431	89
0.0904294418033702	0.366379981847431	89
0.0904838986330199	0.366339805232125	89
0.0904838986330199	0.366339805232125	89
0.0904294418033702	0.366379981847431	89
0.0904838986330199	0.366339805232125	89
0.0904294418033702	0.366379981847431	89
0.0904294418033702	0.366379981847431	89
0.0904294418033702	0.366379981847431	89
0.0904838986330199	0.366339805232125	226
0.0904294418033702	0.366379981847431	226
0.0904294418033702	0.366379981847431	151
0.0904294418033702	0.366379981847431	151
0.0904838986330199	0.366339805232125	151
0.0904838986330199	0.366339805232125	307
0.0904838986330199	0.366339805232125	307
0.0904294418033702	0.366379981847431	307
0.0904294418033702	0.366379981847431	307
0.0904838986330199	0.366339805232125	307
0.0904294418033702	0.366379981847431	307
0.0904294418033702	0.366379981847431	307
0.0904838986330199	0.366339805232125	134
0.0611253550369901	1.26943367833825	124
0.0904294418033702	0.366379981847431	124
0.0904838986330199	0.366339805232125	161
0.0904838986330199	0.366339805232125	161
0.0904838986330199	0.366339805232125	161
0.0904294418033702	0.366379981847431	161
0.0904294418033702	0.366379981847431	403
0.0904294418033702	0.366379981847431	403
0.0904294418033702	0.366379981847431	403
0.0904294418033702	0.366379981847431	403
0.0904838986330199	0.366339805232125	403
0.0609019956181598	1.26985288518349	38
0.0611253550369901	1.26943367833825	180
0.0904838986330199	0.366339805232125	152
0.0904294418033702	0.366379981847431	457
0.0904294418033702	0.366379981847431	457
0.0904294418033702	0.366379981847431	457
0.0904294418033702	0.366379981847431	3
0.0904838986330199	0.366339805232125	80
0.0904294418033702	0.366379981847431	529
0.0904294418033702	0.366379981847431	529
0.0904838986330199	0.366339805232125	529
0.06041427112834	1.27014049646167	364
0.0904294418033702	0.366379981847431	364
0.0904838986330199	0.366339805232125	364
0.0904838986330199	0.366339805232125	364
0.0904294418033702	0.366379981847431	364
0.0904294418033702	0.366379981847431	55
0.0904838986330199	0.366339805232125	89
0.0904294418033702	0.366379981847431	89
0.0904838986330199	0.366339805232125	89
0.0904294418033702	0.366379981847431	89
0.0904294418033702	0.366379981847431	89
0.0904294418033702	0.366379981847431	89
0.0904294418033702	0.366379981847431	489
0.0904838986330199	0.366339805232125	489
0.0904294418033702	0.366379981847431	89
0.0904294418033702	0.366379981847431	89
0.0904838986330199	0.366339805232125	489
0.0904294418033702	0.366379981847431	89
0.0904294418033702	0.366379981847431	89
0.0904294418033702	0.366379981847431	226
0.0904838986330199	0.366339805232125	226
0.0904838986330199	0.366339805232125	151
0.0904294418033702	0.366379981847431	151
0.0904294418033702	0.366379981847431	151
0.0904294418033702	0.366379981847431	151
0.0904838986330199	0.366339805232125	151
0.0904294418033702	0.366379981847431	151
0.0904838986330199	0.366339805232125	151
0.0904838986330199	0.366339805232125	8
0.0904838986330199	0.366339805232125	307
0.0904294418033702	0.366379981847431	307
0.0904838986330199	0.366339805232125	307
0.0904838986330199	0.366339805232125	307
0.0904838986330199	0.366339805232125	134
0.0904294418033702	0.366379981847431	134
0.0904294418033702	0.366379981847431	161
0.0904294418033702	0.366379981847431	403
0.0904294418033702	0.366379981847431	404
0.0904838986330199	0.366339805232125	404
0.0904838986330199	0.366339805232125	404
0.0904838986330199	0.366339805232125	404
0.0904838986330199	0.366339805232125	152
0.0904294418033702	0.366379981847431	457
0.0904838986330199	0.366339805232125	457
0.0904838986330199	0.366339805232125	457
0.0904838986330199	0.366339805232125	457
0.0904838986330199	0.366339805232125	457
0.0904838986330199	0.366339805232125	457
0.0904838986330199	0.366339805232125	457
0.0904294418033702	0.366379981847431	457
0.0904294418033702	0.366379981847431	3
0.0904838986330199	0.366339805232125	3
0.0904294418033702	0.366379981847431	3
0.0904838986330199	0.366339805232125	3
0.0904838986330199	0.366339805232125	483
0.0904294418033702	0.366379981847431	364
0.0904838986330199	0.366339805232125	89
0.0904294418033702	0.366379981847431	89
0.0904838986330199	0.366339805232125	489
0.0904294418033702	0.366379981847431	489
0.0904294418033702	0.366379981847431	489
0.0904838986330199	0.366339805232125	89
0.0904838986330199	0.366339805232125	489
0.0904838986330199	0.366339805232125	89
0.0904294418033702	0.366379981847431	89
0.0904294418033702	0.366379981847431	89
0.0904294418033702	0.366379981847431	89
0.0904294418033702	0.366379981847431	89
0.0904294418033702	0.366379981847431	89
0.0904838986330199	0.366339805232125	89
0.0904294418033702	0.366379981847431	89
0.0904838986330199	0.366339805232125	226
-0.0330530965986102	2.11678859346384	582
0.0904838986330199	0.366339805232125	151
0.0904838986330199	0.366339805232125	151
0.0904838986330199	0.366339805232125	151
0.0904838986330199	0.366339805232125	151
0.0904838986330199	0.366339805232125	151
0.0904838986330199	0.366339805232125	151
0.0904294418033702	0.366379981847431	151
0.0904838986330199	0.366339805232125	486
0.0904838986330199	0.366339805232125	8
0.0904838986330199	0.366339805232125	307
0.0904838986330199	0.366339805232125	307
0.0904294418033702	0.366379981847431	307
0.0904838986330199	0.366339805232125	134
0.0904294418033702	0.366379981847431	161
0.0904838986330199	0.366339805232125	403
0.0904838986330199	0.366339805232125	403
0.0904838986330199	0.366339805232125	161
0.0904294418033702	0.366379981847431	404
0.0904838986330199	0.366339805232125	404
0.0904294418033702	0.366379981847431	404
0.0904838986330199	0.366339805232125	404
0.0904294418033702	0.366379981847431	38
0.0904294418033702	0.366379981847431	152
0.0904838986330199	0.366339805232125	457
0.0904838986330199	0.366339805232125	457
0.0904294418033702	0.366379981847431	457
0.0904294418033702	0.366379981847431	457
0.0904294418033702	0.366379981847431	457
0.0904838986330199	0.366339805232125	3
0.0904294418033702	0.366379981847431	3
0.0904294418033702	0.366379981847431	3
0.0904838986330199	0.366339805232125	3
0.0904838986330199	0.366339805232125	3
0.0904838986330199	0.366339805232125	3
0.0904294418033702	0.366379981847431	3
0.0904294418033702	0.366379981847431	77
0.06065148921429	1.27007010277034	77
0.0904838986330199	0.366339805232125	483
0.0904838986330199	0.366339805232125	529
0.0904294418033702	0.366379981847431	529
0.0904838986330199	0.366339805232125	529
0.0904294418033702	0.366379981847431	529
0.0904294418033702	0.366379981847431	364
0.0904294418033702	0.366379981847431	364
0.0605695558319002	1.27005874633258	55
0.0904294418033702	0.366379981847431	89
0.0904294418033702	0.366379981847431	89
0.0904838986330199	0.366339805232125	489
0.0904838986330199	0.366339805232125	489
0.0904294418033702	0.366379981847431	489
0.0904294418033702	0.366379981847431	489
0.0904838986330199	0.366339805232125	489
0.0904294418033702	0.366379981847431	489
0.0904294418033702	0.366379981847431	489
0.0904838986330199	0.366339805232125	89
0.0904294418033702	0.366379981847431	89
0.0904294418033702	0.366379981847431	89
0.0904294418033702	0.366379981847431	226
0.0904294418033702	0.366379981847431	552
0.0904838986330199	0.366339805232125	552
0.0904838986330199	0.366339805232125	552
0.0904838986330199	0.366339805232125	552
0.0904294418033702	0.366379981847431	151
0.0904294418033702	0.366379981847431	151
0.0904838986330199	0.366339805232125	151
0.0904838986330199	0.366339805232125	151
0.0904294418033702	0.366379981847431	151
0.0904838986330199	0.366339805232125	151
0.0904838986330199	0.366339805232125	151
0.0904294418033702	0.366379981847431	8
0.0904838986330199	0.366339805232125	8
0.0904294418033702	0.366379981847431	307
0.0904838986330199	0.366339805232125	307
0.0904294418033702	0.366379981847431	307
0.0904294418033702	0.366379981847431	307
0.0904294418033702	0.366379981847431	134
0.0904838986330199	0.366339805232125	134
0.0904294418033702	0.366379981847431	134
0.0904294418033702	0.366379981847431	134
0.0904838986330199	0.366339805232125	133
0.0608066386416399	1.26985540555962	176
0.0904838986330199	0.366339805232125	161
0.0904294418033702	0.366379981847431	403
0.0904294418033702	0.366379981847431	403
0.0904838986330199	0.366339805232125	403
0.0904838986330199	0.366339805232125	403
0.0904838986330199	0.366339805232125	403
0.0904838986330199	0.366339805232125	161
0.0904294418033702	0.366379981847431	404
0.0904838986330199	0.366339805232125	404
0.0904294418033702	0.366379981847431	404
0.0904294418033702	0.366379981847431	404
0.0904294418033702	0.366379981847431	404
0.0904294418033702	0.366379981847431	404
0.0904838986330199	0.366339805232125	404
0.06165575714975	1.26872549798424	38
0.0904838986330199	0.366339805232125	152
0.0904294418033702	0.366379981847431	152
0.0904838986330199	0.366339805232125	152
0.0611253550369901	1.26943367833825	152
0.0904294418033702	0.366379981847431	457
0.0904838986330199	0.366339805232125	457
0.0904294418033702	0.366379981847431	457
0.0904838986330199	0.366339805232125	457
0.0904294418033702	0.366379981847431	457
0.0904838986330199	0.366339805232125	457
0.0904838986330199	0.366339805232125	457
0.0904838986330199	0.366339805232125	457
0.06041427112834	1.27014049646167	162
0.0904294418033702	0.366379981847431	3
0.0904294418033702	0.366379981847431	3
0.0904294418033702	0.366379981847431	3
0.0904838986330199	0.366339805232125	77
0.0904294418033702	0.366379981847431	3
0.0611253550369901	1.26943367833825	483
0.0904838986330199	0.366339805232125	529
0.0904294418033702	0.366379981847431	529
0.0904294418033702	0.366379981847431	529
0.0904294418033702	0.366379981847431	364
0.0904294418033702	0.366379981847431	364
0.0904294418033702	0.366379981847431	364
0.0904838986330199	0.366339805232125	364
0.0904294418033702	0.366379981847431	89
0.0904838986330199	0.366339805232125	89
0.0904838986330199	0.366339805232125	89
0.0904838986330199	0.366339805232125	489
0.0904294418033702	0.366379981847431	489
0.0904294418033702	0.366379981847431	489
0.0904838986330199	0.366339805232125	89
0.0904294418033702	0.366379981847431	89
0.0904294418033702	0.366379981847431	89
0.0904294418033702	0.366379981847431	89
0.0904838986330199	0.366339805232125	489
0.0904294418033702	0.366379981847431	89
0.0904294418033702	0.366379981847431	89
0.0904294418033702	0.366379981847431	489
0.0904294418033702	0.366379981847431	226
0.0904838986330199	0.366339805232125	226
0.0904294418033702	0.366379981847431	552
0.0904838986330199	0.366339805232125	151
0.0904838986330199	0.366339805232125	151
0.0904294418033702	0.366379981847431	151
0.0904838986330199	0.366339805232125	151
0.0904294418033702	0.366379981847431	151
0.0904294418033702	0.366379981847431	8
0.0904294418033702	0.366379981847431	8
0.0904294418033702	0.366379981847431	307
0.0904294418033702	0.366379981847431	307
0.0904838986330199	0.366339805232125	307
0.0904838986330199	0.366339805232125	307
0.0904838986330199	0.366339805232125	134
0.0904838986330199	0.366339805232125	133
0.0904294418033702	0.366379981847431	161
0.0904294418033702	0.366379981847431	403
0.0904838986330199	0.366339805232125	403
0.0904294418033702	0.366379981847431	403
0.0904294418033702	0.366379981847431	403
0.0904838986330199	0.366339805232125	403
0.0904838986330199	0.366339805232125	403
0.0904838986330199	0.366339805232125	404
-0.0330143050043299	2.11558873626435	180
0.0904294418033702	0.366379981847431	152
0.0904838986330199	0.366339805232125	152
0.0904838986330199	0.366339805232125	457
0.0904838986330199	0.366339805232125	457
0.0904294418033702	0.366379981847431	457
0.0904294418033702	0.366379981847431	457
0.0904294418033702	0.366379981847431	457
0.06009426510475	1.27003850033392	218
0.0904294418033702	0.366379981847431	3
0.0904294418033702	0.366379981847431	3
0.0904294418033702	0.366379981847431	3
0.0904838986330199	0.366339805232125	3
0.0904838986330199	0.366339805232125	3
0.0904294418033702	0.366379981847431	77
0.0904838986330199	0.366339805232125	3
0.0904838986330199	0.366339805232125	529
0.0904294418033702	0.366379981847431	364
0.0612791696730999	1.2693702277358	55
0.0904838986330199	0.366339805232125	364
0.0904838986330199	0.366339805232125	364
0.0612791696730999	1.2693702277358	55
0.0904294418033702	0.366379981847431	89
0.0904838986330199	0.366339805232125	489
0.0904294418033702	0.366379981847431	489
0.0904838986330199	0.366339805232125	489
0.0904838986330199	0.366339805232125	89
0.0904294418033702	0.366379981847431	89
0.0904294418033702	0.366379981847431	89
0.0904294418033702	0.366379981847431	89
0.0904294418033702	0.366379981847431	89
0.0904294418033702	0.366379981847431	489
0.0904838986330199	0.366339805232125	489
0.0904294418033702	0.366379981847431	489
0.0904838986330199	0.366339805232125	552
0.0904294418033702	0.366379981847431	151
0.0904838986330199	0.366339805232125	151
0.0700324734930602	1.91906279800953	280
0.0904838986330199	0.366339805232125	307
0.0904294418033702	0.366379981847431	307
0.0904294418033702	0.366379981847431	307
0.0904294418033702	0.366379981847431	307
0.0904294418033702	0.366379981847431	307
0.0904294418033702	0.366379981847431	307
0.0904294418033702	0.366379981847431	307
0.0904838986330199	0.366339805232125	403
0.0904294418033702	0.366379981847431	403
0.0904294418033702	0.366379981847431	404
0.0904838986330199	0.366339805232125	404
0.0904294418033702	0.366379981847431	404
0.0904838986330199	0.366339805232125	152
0.0904838986330199	0.366339805232125	457
0.0904838986330199	0.366339805232125	457
0.0904294418033702	0.366379981847431	457
0.0904838986330199	0.366339805232125	457
0.0904294418033702	0.366379981847431	3
0.0904838986330199	0.366339805232125	3
0.0904294418033702	0.366379981847431	80
0.0904294418033702	0.366379981847431	3
0.0904838986330199	0.366339805232125	3
0.0904838986330199	0.366339805232125	3
0.0904838986330199	0.366339805232125	3
0.0904294418033702	0.366379981847431	3
0.0904838986330199	0.366339805232125	3
0.0904838986330199	0.366339805232125	483
0.0904838986330199	0.366339805232125	529
0.0904294418033702	0.366379981847431	364
0.0904838986330199	0.366339805232125	364
0.0904838986330199	0.366339805232125	364
0.0904838986330199	0.366339805232125	364
0.0904838986330199	0.366339805232125	364
0.0904838986330199	0.366339805232125	489
0.0904838986330199	0.366339805232125	489
0.0904294418033702	0.366379981847431	489
0.0904294418033702	0.366379981847431	489
0.0904294418033702	0.366379981847431	489
0.0904294418033702	0.366379981847431	89
0.0904294418033702	0.366379981847431	89
0.0904294418033702	0.366379981847431	89
0.0904294418033702	0.366379981847431	89
0.0904838986330199	0.366339805232125	489
0.0904294418033702	0.366379981847431	489
0.0698711514481301	1.91931929782187	689
0.0904838986330199	0.366339805232125	151
0.0904294418033702	0.366379981847431	151
0.0904838986330199	0.366339805232125	151
0.0904838986330199	0.366339805232125	151
0.0904294418033702	0.366379981847431	151
0.0904838986330199	0.366339805232125	8
0.0904294418033702	0.366379981847431	486
0.0904294418033702	0.366379981847431	307
0.0904294418033702	0.366379981847431	307
0.0904838986330199	0.366339805232125	307
0.0904838986330199	0.366339805232125	307
0.0904838986330199	0.366339805232125	134
0.0904838986330199	0.366339805232125	134
0.06065148921429	1.27007010277034	161
0.0904294418033702	0.366379981847431	403
0.0904838986330199	0.366339805232125	403
0.0904294418033702	0.366379981847431	161
0.0904838986330199	0.366339805232125	404
0.0904838986330199	0.366339805232125	404
0.0904294418033702	0.366379981847431	404
0.0904838986330199	0.366339805232125	404
0.0904294418033702	0.366379981847431	38
0.0904294418033702	0.366379981847431	457
0.0904294418033702	0.366379981847431	457
0.0904838986330199	0.366339805232125	457
0.0904838986330199	0.366339805232125	457
0.0904838986330199	0.366339805232125	152
0.0904838986330199	0.366339805232125	436
0.0904838986330199	0.366339805232125	3
0.0904838986330199	0.366339805232125	3
0.0904294418033702	0.366379981847431	483
0.0904838986330199	0.366339805232125	529
0.0904838986330199	0.366339805232125	364
0.0904294418033702	0.366379981847431	364
0.0904838986330199	0.366339805232125	55
0.0904838986330199	0.366339805232125	55
0.0904838986330199	0.366339805232125	89
0.0904294418033702	0.366379981847431	489
0.0904294418033702	0.366379981847431	489
0.0904294418033702	0.366379981847431	89
0.0904294418033702	0.366379981847431	89
0.0904294418033702	0.366379981847431	89
0.0904838986330199	0.366339805232125	489
0.0904838986330199	0.366339805232125	489
0.0904838986330199	0.366339805232125	489
0.0904294418033702	0.366379981847431	489
0.0904294418033702	0.366379981847431	226
0.0904294418033702	0.366379981847431	151
0.0904294418033702	0.366379981847431	151
0.0904294418033702	0.366379981847431	151
0.0904838986330199	0.366339805232125	151
0.0904838986330199	0.366339805232125	151
0.0904294418033702	0.366379981847431	151
0.0904294418033702	0.366379981847431	151
0.0904838986330199	0.366339805232125	151
0.0904294418033702	0.366379981847431	307
0.0904838986330199	0.366339805232125	307
0.0904294418033702	0.366379981847431	307
0.0904294418033702	0.366379981847431	307
0.0904294418033702	0.366379981847431	307
0.0904838986330199	0.366339805232125	134
0.0904294418033702	0.366379981847431	134
0.0904838986330199	0.366339805232125	161
0.0904838986330199	0.366339805232125	161
0.0904294418033702	0.366379981847431	403
0.0904294418033702	0.366379981847431	152
0.0904838986330199	0.366339805232125	152
0.0904838986330199	0.366339805232125	457
0.0904838986330199	0.366339805232125	457
0.0904838986330199	0.366339805232125	457
0.0904294418033702	0.366379981847431	457
0.0904294418033702	0.366379981847431	80
0.0904294418033702	0.366379981847431	529
0.0904294418033702	0.366379981847431	529
0.0904294418033702	0.366379981847431	364
0.0904294418033702	0.366379981847431	55
0.0904838986330199	0.366339805232125	364
0.0904838986330199	0.366339805232125	364
0.0904294418033702	0.366379981847431	55
0.0904838986330199	0.366339805232125	489
0.0904838986330199	0.366339805232125	489
0.0904838986330199	0.366339805232125	489
0.0904838986330199	0.366339805232125	489
0.0904838986330199	0.366339805232125	489
0.0904294418033702	0.366379981847431	226
0.0904294418033702	0.366379981847431	226
0.0904838986330199	0.366339805232125	226
0.0904294418033702	0.366379981847431	151
0.0904838986330199	0.366339805232125	151
0.0904838986330199	0.366339805232125	151
0.0904294418033702	0.366379981847431	151
0.0904838986330199	0.366339805232125	151
0.0904838986330199	0.366339805232125	151
0.0904838986330199	0.366339805232125	486
0.0608066386416399	1.26985540555962	134
0.0904838986330199	0.366339805232125	307
0.0904838986330199	0.366339805232125	307
0.0904294418033702	0.366379981847431	307
0.0904838986330199	0.366339805232125	134
0.0904838986330199	0.366339805232125	161
0.0904838986330199	0.366339805232125	161
0.0904294418033702	0.366379981847431	403
0.0904294418033702	0.366379981847431	404
0.0608066386416399	1.26985540555962	180
0.0904294418033702	0.366379981847431	152
0.0904294418033702	0.366379981847431	152
0.0904294418033702	0.366379981847431	457
0.0904294418033702	0.366379981847431	3
0.0904838986330199	0.366339805232125	436
0.0904294418033702	0.366379981847431	3
0.0608066386416399	1.26985540555962	61
0.0904838986330199	0.366339805232125	61
0.0904294418033702	0.366379981847431	529
0.0904838986330199	0.366339805232125	529
0.0904294418033702	0.366379981847431	529
0.0904294418033702	0.366379981847431	364
0.0904838986330199	0.366339805232125	55
0.0904838986330199	0.366339805232125	489
0.0904838986330199	0.366339805232125	89
0.0904838986330199	0.366339805232125	89
0.0904294418033702	0.366379981847431	89
0.0904294418033702	0.366379981847431	226
0.0904294418033702	0.366379981847431	226
0.0904838986330199	0.366339805232125	226
0.0904838986330199	0.366339805232125	226
0.0904838986330199	0.366339805232125	151
0.0904294418033702	0.366379981847431	151
0.0904838986330199	0.366339805232125	486
0.0904838986330199	0.366339805232125	486
0.0904294418033702	0.366379981847431	307
0.0904294418033702	0.366379981847431	307
0.0904838986330199	0.366339805232125	161
0.0904294418033702	0.366379981847431	161
0.0904294418033702	0.366379981847431	404
0.0904294418033702	0.366379981847431	38
0.0904294418033702	0.366379981847431	152
0.0904838986330199	0.366339805232125	152
0.0904838986330199	0.366339805232125	457
0.0904838986330199	0.366339805232125	457
0.0904294418033702	0.366379981847431	457
0.0904294418033702	0.366379981847431	3
0.0904838986330199	0.366339805232125	436
0.0904294418033702	0.366379981847431	3
0.0904838986330199	0.366339805232125	3
0.0904294418033702	0.366379981847431	529
0.0904294418033702	0.366379981847431	529
0.0904838986330199	0.366339805232125	364
0.0904838986330199	0.366339805232125	364
0.0904294418033702	0.366379981847431	489
0.0904294418033702	0.366379981847431	489
0.0904838986330199	0.366339805232125	489
0.0904294418033702	0.366379981847431	89
0.0904838986330199	0.366339805232125	89
0.0904838986330199	0.366339805232125	489
0.0904294418033702	0.366379981847431	489
0.0904294418033702	0.366379981847431	489
0.0904838986330199	0.366339805232125	489
0.0904294418033702	0.366379981847431	226
0.0904838986330199	0.366339805232125	552
0.0904294418033702	0.366379981847431	151
0.0904294418033702	0.366379981847431	151
0.0904294418033702	0.366379981847431	151
0.0904838986330199	0.366339805232125	486
0.0904294418033702	0.366379981847431	307
0.0904294418033702	0.366379981847431	307
0.0904838986330199	0.366339805232125	307
0.0904294418033702	0.366379981847431	307
0.0904838986330199	0.366339805232125	307
0.0904838986330199	0.366339805232125	307
0.0904294418033702	0.366379981847431	307
0.0608066386416399	1.26985540555962	133
0.0609019956181598	1.26985288518349	176
0.0904838986330199	0.366339805232125	161
0.0904294418033702	0.366379981847431	161
0.0904838986330199	0.366339805232125	404
0.0904294418033702	0.366379981847431	38
0.0904838986330199	0.366339805232125	38
0.0609019956181598	1.26985288518349	38
0.0904838986330199	0.366339805232125	152
0.0904294418033702	0.366379981847431	457
0.0904838986330199	0.366339805232125	457
0.0904294418033702	0.366379981847431	457
0.0904294418033702	0.366379981847431	457
0.0904838986330199	0.366339805232125	457
0.0904294418033702	0.366379981847431	457
0.0904838986330199	0.366339805232125	457
0.0904294418033702	0.366379981847431	457
0.0904838986330199	0.366339805232125	3
0.0904838986330199	0.366339805232125	3
0.0904838986330199	0.366339805232125	3
0.0904294418033702	0.366379981847431	3
0.0904838986330199	0.366339805232125	529
0.0904294418033702	0.366379981847431	364
0.0904838986330199	0.366339805232125	55
0.0904294418033702	0.366379981847431	489
0.0904838986330199	0.366339805232125	489
0.0904838986330199	0.366339805232125	489
0.0904838986330199	0.366339805232125	89
0.0904838986330199	0.366339805232125	89
0.0904294418033702	0.366379981847431	489
0.0904838986330199	0.366339805232125	226
0.0904294418033702	0.366379981847431	151
0.0904294418033702	0.366379981847431	151
0.0904294418033702	0.366379981847431	151
0.0904838986330199	0.366339805232125	8
0.0904294418033702	0.366379981847431	8
0.0609019956181598	1.26985288518349	486
0.0904838986330199	0.366339805232125	486
0.0904838986330199	0.366339805232125	307
0.0904294418033702	0.366379981847431	307
0.0904838986330199	0.366339805232125	307
0.0904294418033702	0.366379981847431	307
0.0904294418033702	0.366379981847431	307
0.0904294418033702	0.366379981847431	134
0.0904294418033702	0.366379981847431	134
0.0904294418033702	0.366379981847431	404
0.0612791696730999	1.2693702277358	180
0.0904838986330199	0.366339805232125	152
0.0904838986330199	0.366339805232125	457
0.0904838986330199	0.366339805232125	457
0.0904838986330199	0.366339805232125	457
0.0904294418033702	0.366379981847431	80
0.0904838986330199	0.366339805232125	3
0.0904294418033702	0.366379981847431	3
0.0904294418033702	0.366379981847431	529
0.0904838986330199	0.366339805232125	364
0.0608066386416399	1.26985540555962	364
0.0904294418033702	0.366379981847431	489
0.0904294418033702	0.366379981847431	489
0.0904838986330199	0.366339805232125	489
0.0904838986330199	0.366339805232125	226
0.0904294418033702	0.366379981847431	226
0.0904294418033702	0.366379981847431	226
-0.0330587341767199	2.11631541974353	230
0.06065148921429	1.27007010277034	552
0.0904838986330199	0.366339805232125	151
0.0904838986330199	0.366339805232125	151
0.0904294418033702	0.366379981847431	151
0.0904838986330199	0.366339805232125	151
0.0904838986330199	0.366339805232125	151
0.0904294418033702	0.366379981847431	151
0.07008660896894	1.91867167650292	280
0.0615023106622399	1.26878837768738	486
0.0904294418033702	0.366379981847431	307
0.0904838986330199	0.366339805232125	307
0.0904294418033702	0.366379981847431	307
-0.03309382198991	2.11584397704076	176
0.0904294418033702	0.366379981847431	161
0.0904294418033702	0.366379981847431	161
0.0904294418033702	0.366379981847431	161
0.0904838986330199	0.366339805232125	38
0.0904294418033702	0.366379981847431	38
0.0612791696730999	1.2693702277358	180
0.0904838986330199	0.366339805232125	152
0.0904294418033702	0.366379981847431	457
0.0904838986330199	0.366339805232125	457
0.0904294418033702	0.366379981847431	457
0.0904294418033702	0.366379981847431	80
0.0904838986330199	0.366339805232125	3
0.0904294418033702	0.366379981847431	3
0.0609019956181598	1.26985288518349	529
0.0605695558319002	1.27005874633258	529
0.0904838986330199	0.366339805232125	529
0.0904294418033702	0.366379981847431	364
0.0904294418033702	0.366379981847431	489
0.0904294418033702	0.366379981847431	489
0.0904294418033702	0.366379981847431	489
0.0904294418033702	0.366379981847431	89
0.0904838986330199	0.366339805232125	489
0.0904838986330199	0.366339805232125	552
0.0904294418033702	0.366379981847431	151
0.0904838986330199	0.366339805232125	151
0.0904294418033702	0.366379981847431	151
0.0904838986330199	0.366339805232125	151
0.0904838986330199	0.366339805232125	151
0.0904294418033702	0.366379981847431	307
0.0904294418033702	0.366379981847431	307
0.0904838986330199	0.366339805232125	307
0.0904294418033702	0.366379981847431	307
0.0904294418033702	0.366379981847431	307
0.0904294418033702	0.366379981847431	134
0.0605695558319002	1.27005874633258	124
0.0904294418033702	0.366379981847431	180
0.0904294418033702	0.366379981847431	3
0.0904838986330199	0.366339805232125	3
0.0904838986330199	0.366339805232125	77
0.0904294418033702	0.366379981847431	77
0.0611253550369901	1.26943367833825	61
0.0904838986330199	0.366339805232125	89
0.0904294418033702	0.366379981847431	89
0.0904838986330199	0.366339805232125	89
0.0904294418033702	0.366379981847431	226
0.06165575714975	1.26872549798424	582
0.0904294418033702	0.366379981847431	151
0.0904294418033702	0.366379981847431	151
-0.03319114394465	2.11492712964604	280
0.0904838986330199	0.366339805232125	307
0.0612791696730999	1.2693702277358	371
0.06165575714975	1.26872549798424	180
0.0904294418033702	0.366379981847431	457
0.0700324734930602	1.91906279800953	162
0.0904838986330199	0.366339805232125	436
0.0904294418033702	0.366379981847431	80
0.0904838986330199	0.366339805232125	3
0.0904838986330199	0.366339805232125	3
0.0904838986330199	0.366339805232125	3
0.0605695558319002	1.27005874633258	55
0.0904294418033702	0.366379981847431	364
0.0904838986330199	0.366339805232125	89
0.0904294418033702	0.366379981847431	489
0.0904838986330199	0.366339805232125	489
0.0904294418033702	0.366379981847431	89
0.0904294418033702	0.366379981847431	89
0.0904838986330199	0.366339805232125	226
0.0608066386416399	1.26985540555962	582
0.0904838986330199	0.366339805232125	151
0.0904294418033702	0.366379981847431	307
0.06041427112834	1.27014049646167	371
0.06165575714975	1.26872549798424	180
0.06165575714975	1.26872549798424	155
0.06065148921429	1.27007010277034	155
0.0904838986330199	0.366339805232125	436
0.0904294418033702	0.366379981847431	80
0.0904838986330199	0.366339805232125	489
0.0904294418033702	0.366379981847431	489
0.0904294418033702	0.366379981847431	89
0.0904294418033702	0.366379981847431	89
0.0904838986330199	0.366339805232125	489
0.0700595035102301	1.91892360269037	344
0.0904838986330199	0.366339805232125	151
0.0904838986330199	0.366339805232125	151
0.0904294418033702	0.366379981847431	8
0.0904838986330199	0.366339805232125	307
0.0904294418033702	0.366379981847431	134
0.0904294418033702	0.366379981847431	134
0.0603320982528199	1.27012956245085	180
0.0611253550369901	1.26943367833825	180
0.0904838986330199	0.366339805232125	436
0.0904294418033702	0.366379981847431	80
0.0904838986330199	0.366339805232125	3
0.0904294418033702	0.366379981847431	80
0.0904838986330199	0.366339805232125	80
0.0904294418033702	0.366379981847431	77
0.06065148921429	1.27007010277034	77
0.06165575714975	1.26872549798424	17
0.06065148921429	1.27007010277034	55
0.0603320982528199	1.27012956245085	364
0.0904838986330199	0.366339805232125	489
0.0904294418033702	0.366379981847431	489
0.0904294418033702	0.366379981847431	89
0.0904294418033702	0.366379981847431	489
0.0904838986330199	0.366339805232125	489
0.0904294418033702	0.366379981847431	489
0.0904838986330199	0.366339805232125	89
0.0904838986330199	0.366339805232125	151
0.06065148921429	1.27007010277034	27
0.0608066386416399	1.26985540555962	124
0.0608066386416399	1.26985540555962	152
0.06065148921429	1.27007010277034	152
0.0904294418033702	0.366379981847431	457
0.0904838986330199	0.366339805232125	3
0.0904838986330199	0.366339805232125	3
0.0904838986330199	0.366339805232125	3
0.0904294418033702	0.366379981847431	55
0.0904838986330199	0.366339805232125	489
0.0904838986330199	0.366339805232125	489
0.0904838986330199	0.366339805232125	489
0.0904294418033702	0.366379981847431	489
0.0904838986330199	0.366339805232125	489
0.0904838986330199	0.366339805232125	89
0.0904838986330199	0.366339805232125	89
0.0904838986330199	0.366339805232125	489
0.0904838986330199	0.366339805232125	89
0.0904294418033702	0.366379981847431	226
0.0605695558319002	1.27005874633258	344
0.0904294418033702	0.366379981847431	582
0.0904294418033702	0.366379981847431	151
0.0904838986330199	0.366339805232125	151
0.06041427112834	1.27014049646167	27
0.0904294418033702	0.366379981847431	307
0.0904294418033702	0.366379981847431	375
0.06065148921429	1.27007010277034	540
0.0615023106622399	1.26878837768738	155
0.0904294418033702	0.366379981847431	457
0.0904838986330199	0.366339805232125	3
0.06041427112834	1.27014049646167	3
0.0904838986330199	0.366339805232125	3
0.0904838986330199	0.366339805232125	3
0.0904838986330199	0.366339805232125	489
0.0904838986330199	0.366339805232125	89
0.0904294418033702	0.366379981847431	89
0.0904294418033702	0.366379981847431	89
0.0904838986330199	0.366339805232125	89
0.0904838986330199	0.366339805232125	89
0.0904294418033702	0.366379981847431	89
0.0904294418033702	0.366379981847431	89
0.0904294418033702	0.366379981847431	489
0.06065148921429	1.27007010277034	582
0.0904838986330199	0.366339805232125	151
0.0904294418033702	0.366379981847431	151
0.0904838986330199	0.366339805232125	151
0.0904294418033702	0.366379981847431	151
0.0904838986330199	0.366339805232125	151
0.0904294418033702	0.366379981847431	8
0.0611253550369901	1.26943367833825	27
0.0904838986330199	0.366339805232125	134
0.0609019956181598	1.26985288518349	180
-0.0330530965986102	2.11678859346384	180
0.0904294418033702	0.366379981847431	457
0.0608066386416399	1.26985540555962	218
0.0904294418033702	0.366379981847431	436
0.0904838986330199	0.366339805232125	3
0.0904294418033702	0.366379981847431	77
0.0904294418033702	0.366379981847431	77
0.0904838986330199	0.366339805232125	3
0.0904838986330199	0.366339805232125	61
0.0904838986330199	0.366339805232125	55
0.0601766780147899	1.27004899303449	55
0.0904294418033702	0.366379981847431	89
0.0904294418033702	0.366379981847431	89
0.0904838986330199	0.366339805232125	89
0.0904838986330199	0.366339805232125	89
0.0904294418033702	0.366379981847431	151
0.0904838986330199	0.366339805232125	151
0.0904838986330199	0.366339805232125	8
0.0904294418033702	0.366379981847431	134
0.0904294418033702	0.366379981847431	404
0.0904294418033702	0.366379981847431	180
0.0904294418033702	0.366379981847431	404
0.0608066386416399	1.26985540555962	180
0.0904838986330199	0.366339805232125	152
0.0904838986330199	0.366339805232125	3
0.0904838986330199	0.366339805232125	77
0.0904838986330199	0.366339805232125	77
0.0904294418033702	0.366379981847431	722
0.0904294418033702	0.366379981847431	61
0.0904294418033702	0.366379981847431	89
0.0904294418033702	0.366379981847431	89
0.0904838986330199	0.366339805232125	89
0.0904294418033702	0.366379981847431	489
0.0904294418033702	0.366379981847431	89
0.0904838986330199	0.366339805232125	89
0.0904294418033702	0.366379981847431	489
0.0609019956181598	1.26985288518349	344
0.0904838986330199	0.366339805232125	151
0.0904838986330199	0.366339805232125	151
0.0904294418033702	0.366379981847431	151
0.0904294418033702	0.366379981847431	8
0.0904294418033702	0.366379981847431	134
0.06065148921429	1.27007010277034	371
0.0904294418033702	0.366379981847431	375
0.0904294418033702	0.366379981847431	375
0.0618786801123599	1.26779464508419	331
0.0904294418033702	0.366379981847431	457
0.0904294418033702	0.366379981847431	457
0.0904294418033702	0.366379981847431	3
0.0904838986330199	0.366339805232125	3
0.0904838986330199	0.366339805232125	722
0.0904294418033702	0.366379981847431	722
0.0904294418033702	0.366379981847431	55
0.0605695558319002	1.27005874633258	55
0.0904838986330199	0.366339805232125	55
0.0904838986330199	0.366339805232125	55
0.0904294418033702	0.366379981847431	89
0.0904294418033702	0.366379981847431	89
0.0904294418033702	0.366379981847431	89
0.0904838986330199	0.366339805232125	89
0.0904294418033702	0.366379981847431	89
0.0904838986330199	0.366339805232125	89
0.0904294418033702	0.366379981847431	89
0.0904838986330199	0.366339805232125	89
0.0904838986330199	0.366339805232125	89
0.0904838986330199	0.366339805232125	89
0.0904838986330199	0.366339805232125	89
0.0904838986330199	0.366339805232125	489
0.0904838986330199	0.366339805232125	151
0.0904294418033702	0.366379981847431	151
0.0904294418033702	0.366379981847431	151
0.0904294418033702	0.366379981847431	151
0.0904294418033702	0.366379981847431	151
0.0904294418033702	0.366379981847431	151
0.0904294418033702	0.366379981847431	151
0.0904838986330199	0.366339805232125	151
0.0904838986330199	0.366339805232125	134
0.0904294418033702	0.366379981847431	134
0.0904838986330199	0.366339805232125	134
0.0611253550369901	1.26943367833825	401
0.0608066386416399	1.26985540555962	404
0.0605695558319002	1.27005874633258	155
0.0904838986330199	0.366339805232125	457
0.0904838986330199	0.366339805232125	3
0.0904838986330199	0.366339805232125	3
0.0904294418033702	0.366379981847431	722
0.0904838986330199	0.366339805232125	671
0.0904838986330199	0.366339805232125	55
0.06065148921429	1.27007010277034	55
0.0904838986330199	0.366339805232125	89
0.0904294418033702	0.366379981847431	89
0.0904294418033702	0.366379981847431	89
0.0904838986330199	0.366339805232125	89
0.0904838986330199	0.366339805232125	89
0.0904838986330199	0.366339805232125	89
0.0904294418033702	0.366379981847431	89
0.0904838986330199	0.366339805232125	89
0.0904294418033702	0.366379981847431	89
0.0904294418033702	0.366379981847431	89
0.0904838986330199	0.366339805232125	89
0.0904294418033702	0.366379981847431	151
0.0904294418033702	0.366379981847431	151
0.0904294418033702	0.366379981847431	27
0.0904294418033702	0.366379981847431	134
0.0904294418033702	0.366379981847431	134
0.0904294418033702	0.366379981847431	134
0.0904294418033702	0.366379981847431	134
0.0904294418033702	0.366379981847431	457
0.0904294418033702	0.366379981847431	457
0.0904294418033702	0.366379981847431	3
0.0904294418033702	0.366379981847431	436
0.0700869887746798	1.91890650156688	17
0.0904838986330199	0.366339805232125	55
0.0904294418033702	0.366379981847431	89
0.0904294418033702	0.366379981847431	89
0.0904294418033702	0.366379981847431	89
0.0904838986330199	0.366339805232125	89
0.0904294418033702	0.366379981847431	89
0.0904838986330199	0.366339805232125	89
0.0904294418033702	0.366379981847431	151
0.0904294418033702	0.366379981847431	151
0.0904294418033702	0.366379981847431	151
0.0904294418033702	0.366379981847431	151
0.0904294418033702	0.366379981847431	151
0.0904294418033702	0.366379981847431	151
0.0904294418033702	0.366379981847431	151
0.0904294418033702	0.366379981847431	151
0.0605695558319002	1.27005874633258	8
0.0699517095717401	1.92019859027147	27
0.0615023106622399	1.26878837768738	134
0.0904294418033702	0.366379981847431	404
0.0904294418033702	0.366379981847431	457
0.0904294418033702	0.366379981847431	457
0.0904294418033702	0.366379981847431	457
0.0904838986330199	0.366339805232125	3
0.0904838986330199	0.366339805232125	3
0.0700324734930602	1.91906279800953	17
0.0904838986330199	0.366339805232125	722
0.0904838986330199	0.366339805232125	671
0.0904294418033702	0.366379981847431	55
0.0608066386416399	1.26985540555962	61
0.0904294418033702	0.366379981847431	89
0.0904294418033702	0.366379981847431	89
0.0904838986330199	0.366339805232125	89
0.0904838986330199	0.366339805232125	89
0.0904294418033702	0.366379981847431	89
0.0904294418033702	0.366379981847431	89
0.0904838986330199	0.366339805232125	151
0.0904294418033702	0.366379981847431	151
0.0904838986330199	0.366339805232125	151
0.0904838986330199	0.366339805232125	151
0.0904294418033702	0.366379981847431	151
0.0904838986330199	0.366339805232125	134
0.0904294418033702	0.366379981847431	134
0.0904838986330199	0.366339805232125	134
0.0904838986330199	0.366339805232125	613
0.0904294418033702	0.366379981847431	613
0.0904294418033702	0.366379981847431	401
0.0904294418033702	0.366379981847431	401
0.0904294418033702	0.366379981847431	404
0.0904838986330199	0.366339805232125	404
0.06065148921429	1.27007010277034	180
0.06065148921429	1.27007010277034	180
0.0904294418033702	0.366379981847431	152
0.0904294418033702	0.366379981847431	457
0.0904294418033702	0.366379981847431	457
0.0904838986330199	0.366339805232125	457
0.0904294418033702	0.366379981847431	457
0.0904838986330199	0.366339805232125	162
0.0904294418033702	0.366379981847431	436
0.0904294418033702	0.366379981847431	3
0.0904294418033702	0.366379981847431	3
0.0904294418033702	0.366379981847431	3
0.0904838986330199	0.366339805232125	3
0.0605695558319002	1.27005874633258	77
0.0904838986330199	0.366339805232125	3
0.0904294418033702	0.366379981847431	3
0.0605695558319002	1.27005874633258	636
0.0904838986330199	0.366339805232125	671
0.0904838986330199	0.366339805232125	55
0.0904838986330199	0.366339805232125	89
0.0904294418033702	0.366379981847431	89
0.0904838986330199	0.366339805232125	89
0.0904838986330199	0.366339805232125	89
0.0904294418033702	0.366379981847431	89
0.0904294418033702	0.366379981847431	89
0.0904294418033702	0.366379981847431	489
0.0904294418033702	0.366379981847431	489
0.0904838986330199	0.366339805232125	89
0.0904838986330199	0.366339805232125	582
0.0904294418033702	0.366379981847431	582
0.0904294418033702	0.366379981847431	151
0.0904294418033702	0.366379981847431	151
0.0904838986330199	0.366339805232125	151
0.0904294418033702	0.366379981847431	134
0.0904838986330199	0.366339805232125	134
0.0904294418033702	0.366379981847431	134
0.0904294418033702	0.366379981847431	134
-0.0331131355438998	2.11584781802777	101
0.0904838986330199	0.366339805232125	401
0.0904294418033702	0.366379981847431	404
0.0904838986330199	0.366339805232125	404
0.0904294418033702	0.366379981847431	457
0.0904294418033702	0.366379981847431	457
0.0904294418033702	0.366379981847431	457
0.0904294418033702	0.366379981847431	3
0.06065148921429	1.27007010277034	77
0.06065148921429	1.27007010277034	3
0.0608066386416399	1.26985540555962	3
0.0904838986330199	0.366339805232125	671
0.0904294418033702	0.366379981847431	671
0.0904838986330199	0.366339805232125	55
0.0904294418033702	0.366379981847431	89
0.0904838986330199	0.366339805232125	89
0.0904838986330199	0.366339805232125	89
0.0904294418033702	0.366379981847431	89
0.0904294418033702	0.366379981847431	89
0.0904294418033702	0.366379981847431	89
0.0904294418033702	0.366379981847431	582
0.0904294418033702	0.366379981847431	151
0.0904294418033702	0.366379981847431	151
0.0904294418033702	0.366379981847431	151
0.0904294418033702	0.366379981847431	151
0.0904294418033702	0.366379981847431	151
0.0904838986330199	0.366339805232125	134
0.0904294418033702	0.366379981847431	134
0.0904838986330199	0.366339805232125	134
0.0904294418033702	0.366379981847431	134
0.0904838986330199	0.366339805232125	134
0.0904838986330199	0.366339805232125	134
0.0904838986330199	0.366339805232125	375
0.0612791696730999	1.2693702277358	331
0.06984444655766	1.91909619733144	331
0.0904838986330199	0.366339805232125	401
0.0904294418033702	0.366379981847431	401
0.0609019956181598	1.26985288518349	124
0.06065148921429	1.27007010277034	180
0.0904294418033702	0.366379981847431	457
0.0904294418033702	0.366379981847431	457
0.0904294418033702	0.366379981847431	457
0.0904838986330199	0.366339805232125	457
0.0904294418033702	0.366379981847431	457
0.0904838986330199	0.366339805232125	457
0.0904294418033702	0.366379981847431	155
0.0904294418033702	0.366379981847431	3
0.0904294418033702	0.366379981847431	3
0.0904294418033702	0.366379981847431	3
0.0904294418033702	0.366379981847431	671
0.0699248798971	1.92010683368015	61
0.0904838986330199	0.366339805232125	55
0.0904838986330199	0.366339805232125	55
0.0904838986330199	0.366339805232125	61
0.0904838986330199	0.366339805232125	89
0.0904838986330199	0.366339805232125	89
0.0904838986330199	0.366339805232125	89
0.0904838986330199	0.366339805232125	89
0.0904838986330199	0.366339805232125	89
0.0904838986330199	0.366339805232125	89
0.0904294418033702	0.366379981847431	89
0.0904838986330199	0.366339805232125	89
0.0904838986330199	0.366339805232125	89
0.0904294418033702	0.366379981847431	89
0.0904838986330199	0.366339805232125	582
0.0904838986330199	0.366339805232125	151
0.0904838986330199	0.366339805232125	151
0.0904294418033702	0.366379981847431	151
0.0904294418033702	0.366379981847431	151
0.0904294418033702	0.366379981847431	151
0.0904294418033702	0.366379981847431	151
0.0904294418033702	0.366379981847431	8
0.0904294418033702	0.366379981847431	134
0.0904294418033702	0.366379981847431	134
0.0904838986330199	0.366339805232125	134
0.0904838986330199	0.366339805232125	134
0.0904294418033702	0.366379981847431	134
0.0904838986330199	0.366339805232125	134
0.0904294418033702	0.366379981847431	134
0.0904838986330199	0.366339805232125	375
0.06065148921429	1.27007010277034	124
0.0904838986330199	0.366339805232125	401
0.0904294418033702	0.366379981847431	401
0.0904294418033702	0.366379981847431	404
0.0904294418033702	0.366379981847431	404
0.0904838986330199	0.366339805232125	404
0.0904838986330199	0.366339805232125	404
0.0904838986330199	0.366339805232125	457
0.0904838986330199	0.366339805232125	457
0.0904294418033702	0.366379981847431	457
0.0904294418033702	0.366379981847431	457
0.0904294418033702	0.366379981847431	457
0.0904294418033702	0.366379981847431	3
0.0904294418033702	0.366379981847431	3
0.0904294418033702	0.366379981847431	3
0.06165575714975	1.26872549798424	390
0.0904294418033702	0.366379981847431	390
0.0615023106622399	1.26878837768738	61
0.0904294418033702	0.366379981847431	55
0.0904838986330199	0.366339805232125	89
0.0904838986330199	0.366339805232125	89
0.0904838986330199	0.366339805232125	89
0.0904294418033702	0.366379981847431	89
0.0904294418033702	0.366379981847431	89
0.0904294418033702	0.366379981847431	89
0.0904294418033702	0.366379981847431	89
0.0904838986330199	0.366339805232125	89
0.0904838986330199	0.366339805232125	89
0.0904838986330199	0.366339805232125	89
0.0904838986330199	0.366339805232125	489
0.0904838986330199	0.366339805232125	582
0.0904838986330199	0.366339805232125	582
0.0904838986330199	0.366339805232125	151
0.0904838986330199	0.366339805232125	151
0.0904838986330199	0.366339805232125	151
0.0904838986330199	0.366339805232125	151
0.0904294418033702	0.366379981847431	151
0.0904294418033702	0.366379981847431	151
0.0904294418033702	0.366379981847431	134
0.0904838986330199	0.366339805232125	134
0.0904838986330199	0.366339805232125	134
0.0904838986330199	0.366339805232125	375
0.0608066386416399	1.26985540555962	180
0.0904294418033702	0.366379981847431	457
0.0904294418033702	0.366379981847431	162
0.0904294418033702	0.366379981847431	671
0.0904838986330199	0.366339805232125	671
0.0904838986330199	0.366339805232125	55
0.0904294418033702	0.366379981847431	55
0.0904294418033702	0.366379981847431	89
0.0904294418033702	0.366379981847431	89
0.0904838986330199	0.366339805232125	89
0.0904294418033702	0.366379981847431	89
0.0904294418033702	0.366379981847431	89
0.0904294418033702	0.366379981847431	89
0.0904838986330199	0.366339805232125	89
0.0904838986330199	0.366339805232125	89
0.0904294418033702	0.366379981847431	89
0.0904294418033702	0.366379981847431	89
0.0904294418033702	0.366379981847431	89
0.0904294418033702	0.366379981847431	89
0.0904838986330199	0.366339805232125	151
0.0904838986330199	0.366339805232125	134
0.0904838986330199	0.366339805232125	134
0.06065148921429	1.27007010277034	375
0.0904838986330199	0.366339805232125	375
0.0904294418033702	0.366379981847431	401
0.0904838986330199	0.366339805232125	401
0.06065148921429	1.27007010277034	401
0.0904838986330199	0.366339805232125	404
0.0904294418033702	0.366379981847431	404
0.0904294418033702	0.366379981847431	404
0.0904838986330199	0.366339805232125	457
0.0904838986330199	0.366339805232125	457
0.0904294418033702	0.366379981847431	3
0.0608066386416399	1.26985540555962	436
0.0904294418033702	0.366379981847431	3
0.0904294418033702	0.366379981847431	55
0.0904294418033702	0.366379981847431	89
0.0904294418033702	0.366379981847431	89
0.0904294418033702	0.366379981847431	89
0.0904294418033702	0.366379981847431	89
0.0904294418033702	0.366379981847431	89
0.0904294418033702	0.366379981847431	89
0.0904294418033702	0.366379981847431	89
0.0904294418033702	0.366379981847431	89
0.0904838986330199	0.366339805232125	89
0.0904838986330199	0.366339805232125	89
0.0904294418033702	0.366379981847431	89
0.0904838986330199	0.366339805232125	89
0.0904294418033702	0.366379981847431	89
0.0904294418033702	0.366379981847431	89
0.0904838986330199	0.366339805232125	89
0.0904838986330199	0.366339805232125	151
0.0904294418033702	0.366379981847431	151
0.0904838986330199	0.366339805232125	151
0.0904838986330199	0.366339805232125	151
0.0608066386416399	1.26985540555962	8
0.06065148921429	1.27007010277034	134
0.0904294418033702	0.366379981847431	375
0.0904838986330199	0.366339805232125	180
0.0904294418033702	0.366379981847431	457
0.0904294418033702	0.366379981847431	457
0.0904294418033702	0.366379981847431	3
0.0904838986330199	0.366339805232125	722
0.0904838986330199	0.366339805232125	55
0.0904838986330199	0.366339805232125	55
0.0904294418033702	0.366379981847431	89
0.0904838986330199	0.366339805232125	89
0.0904838986330199	0.366339805232125	89
0.0904294418033702	0.366379981847431	89
0.0904838986330199	0.366339805232125	89
0.0904838986330199	0.366339805232125	89
0.0904294418033702	0.366379981847431	89
0.0904294418033702	0.366379981847431	89
0.0904294418033702	0.366379981847431	89
0.0904294418033702	0.366379981847431	89
0.0904294418033702	0.366379981847431	89
0.0904838986330199	0.366339805232125	89
0.0904838986330199	0.366339805232125	89
0.0904294418033702	0.366379981847431	89
0.0904294418033702	0.366379981847431	89
0.0904294418033702	0.366379981847431	89
0.0904838986330199	0.366339805232125	151
0.0904294418033702	0.366379981847431	151
0.0904294418033702	0.366379981847431	151
0.0904294418033702	0.366379981847431	151
0.0904294418033702	0.366379981847431	8
0.0904838986330199	0.366339805232125	134
0.0904838986330199	0.366339805232125	134
0.0904838986330199	0.366339805232125	134
0.0904838986330199	0.366339805232125	134
0.0904294418033702	0.366379981847431	134
0.06065148921429	1.27007010277034	134
0.0611253550369901	1.26943367833825	124
0.0605695558319002	1.27005874633258	404
0.0608066386416399	1.26985540555962	180
0.0904838986330199	0.366339805232125	457
0.0904294418033702	0.366379981847431	457
0.0904838986330199	0.366339805232125	457
0.0904838986330199	0.366339805232125	457
0.0904838986330199	0.366339805232125	3
0.0904294418033702	0.366379981847431	3
0.0904838986330199	0.366339805232125	722
0.0904294418033702	0.366379981847431	722
0.0605695558319002	1.27005874633258	349
0.0904838986330199	0.366339805232125	89
0.0904838986330199	0.366339805232125	89
0.0904838986330199	0.366339805232125	89
0.0904838986330199	0.366339805232125	89
0.0904294418033702	0.366379981847431	89
0.0904294418033702	0.366379981847431	89
0.0904294418033702	0.366379981847431	89
0.0904294418033702	0.366379981847431	89
0.0904294418033702	0.366379981847431	89
0.0904294418033702	0.366379981847431	151
0.0904294418033702	0.366379981847431	151
0.0904838986330199	0.366339805232125	151
0.0904294418033702	0.366379981847431	151
0.0904294418033702	0.366379981847431	8
0.0608066386416399	1.26985540555962	27
0.0620317592805502	1.26773231722031	27
0.0904838986330199	0.366339805232125	134
0.0904294418033702	0.366379981847431	134
0.0609019956181598	1.26985288518349	371
0.0904838986330199	0.366339805232125	371
0.0615023106622399	1.26878837768738	180
0.06065148921429	1.27007010277034	180
0.0904294418033702	0.366379981847431	457
0.0904838986330199	0.366339805232125	436
0.0904294418033702	0.366379981847431	3
0.0904294418033702	0.366379981847431	3
0.0904838986330199	0.366339805232125	3
0.0904294418033702	0.366379981847431	3
0.0904838986330199	0.366339805232125	89
0.0904294418033702	0.366379981847431	89
0.0904294418033702	0.366379981847431	89
0.0904838986330199	0.366339805232125	89
0.0904294418033702	0.366379981847431	89
0.0904838986330199	0.366339805232125	489
0.0904294418033702	0.366379981847431	89
0.0904294418033702	0.366379981847431	89
0.0904294418033702	0.366379981847431	89
0.0904294418033702	0.366379981847431	151
0.06065148921429	1.27007010277034	8
0.0904294418033702	0.366379981847431	134
0.0904838986330199	0.366339805232125	3
0.0904294418033702	0.366379981847431	436
0.0904838986330199	0.366339805232125	3
0.0904294418033702	0.366379981847431	89
0.0904294418033702	0.366379981847431	89
0.0904294418033702	0.366379981847431	89
0.0904294418033702	0.366379981847431	89
0.0904294418033702	0.366379981847431	151
0.0700055950218399	1.92003282727069	27
0.0904294418033702	0.366379981847431	134
0.0904294418033702	0.366379981847431	436
0.0904838986330199	0.366339805232125	3
0.0904838986330199	0.366339805232125	3
0.06065148921429	1.27007010277034	349
0.0904294418033702	0.366379981847431	89
0.0904294418033702	0.366379981847431	89
0.0904294418033702	0.366379981847431	89
0.0605695558319002	1.27005874633258	412
0.0904294418033702	0.366379981847431	15
0.0904294418033702	0.366379981847431	134
0.0904294418033702	0.366379981847431	3
0.0904294418033702	0.366379981847431	3
0.0904838986330199	0.366339805232125	3
0.0904838986330199	0.366339805232125	436
0.0904294418033702	0.366379981847431	3
0.06065148921429	1.27007010277034	61
0.0608066386416399	1.26985540555962	349
0.06165575714975	1.26872549798424	349
0.0904838986330199	0.366339805232125	245
0.06995183587332	1.91877508234664	43
0.0904838986330199	0.366339805232125	3
0.0904294418033702	0.366379981847431	3
0.0904294418033702	0.366379981847431	436
0.0904838986330199	0.366339805232125	89
0.0904294418033702	0.366379981847431	245
0.0615023106622399	1.26878837768738	371
0.0904838986330199	0.366339805232125	3
0.0904838986330199	0.366339805232125	3
0.0904294418033702	0.366379981847431	3
0.0904294418033702	0.366379981847431	3
0.0904838986330199	0.366339805232125	436
0.0904838986330199	0.366339805232125	349
0.0611253550369901	1.26943367833825	582
0.0605695558319002	1.27005874633258	15
0.0612791696730999	1.2693702277358	27
0.0904838986330199	0.366339805232125	436
0.0904294418033702	0.366379981847431	3
0.0608066386416399	1.26985540555962	55
0.0609019956181598	1.26985288518349	61
0.0904294418033702	0.366379981847431	3
0.0904838986330199	0.366339805232125	3
0.0904838986330199	0.366339805232125	436
0.0904838986330199	0.366339805232125	3
0.0904294418033702	0.366379981847431	3
0.0615023106622399	1.26878837768738	55
0.0904294418033702	0.366379981847431	245
0.0904294418033702	0.366379981847431	89
0.0904294418033702	0.366379981847431	151
0.0611253550369901	1.26943367833825	27
0.0605695558319002	1.27005874633258	180
0.0904838986330199	0.366339805232125	3
0.0904294418033702	0.366379981847431	3
0.0904838986330199	0.366339805232125	3
0.0609019956181598	1.26985288518349	55
0.0904294418033702	0.366379981847431	30
0.0904838986330199	0.366339805232125	245
0.0904294418033702	0.366379981847431	151
0.0904294418033702	0.366379981847431	213
0.0601766780147899	1.27004899303449	719
0.0699248798971	1.92010683368015	180
0.0609019956181598	1.26985288518349	717
0.0904838986330199	0.366339805232125	3
0.0904294418033702	0.366379981847431	3
0.0904294418033702	0.366379981847431	436
0.0904294418033702	0.366379981847431	3
0.0904838986330199	0.366339805232125	30
0.0904838986330199	0.366339805232125	30
0.0904294418033702	0.366379981847431	30
0.0904294418033702	0.366379981847431	245
0.0904838986330199	0.366339805232125	151
0.0904838986330199	0.366339805232125	151
0.0904838986330199	0.366339805232125	151
0.0904294418033702	0.366379981847431	3
0.0904294418033702	0.366379981847431	3
0.0904838986330199	0.366339805232125	3
0.0904294418033702	0.366379981847431	3
0.0904294418033702	0.366379981847431	3
0.0699247871415198	1.91938461027322	61
0.0611253550369901	1.26943367833825	198
0.0904294418033702	0.366379981847431	30
0.0904294418033702	0.366379981847431	245
0.0904294418033702	0.366379981847431	245
0.0904294418033702	0.366379981847431	245
0.0904838986330199	0.366339805232125	245
0.0605695558319002	1.27005874633258	582
0.0904294418033702	0.366379981847431	151
0.0904294418033702	0.366379981847431	151
0.0904294418033702	0.366379981847431	151
0.06984444655766	1.91909619733144	27
0.0904294418033702	0.366379981847431	213
0.0699517179921201	1.91924558070435	357
0.0904294418033702	0.366379981847431	717
0.0904294418033702	0.366379981847431	717
0.0904294418033702	0.366379981847431	3
0.0904294418033702	0.366379981847431	3
0.0904294418033702	0.366379981847431	55
0.0603320982528199	1.27012956245085	55
0.0904294418033702	0.366379981847431	30
0.0904294418033702	0.366379981847431	30
0.0904294418033702	0.366379981847431	30
0.0904838986330199	0.366339805232125	245
0.06065148921429	1.27007010277034	245
0.06065148921429	1.27007010277034	412
0.06065148921429	1.27007010277034	27
0.0904838986330199	0.366339805232125	213
0.0904294418033702	0.366379981847431	213
0.0904838986330199	0.366339805232125	213
0.06041427112834	1.27014049646167	371
0.0608066386416399	1.26985540555962	43
0.0620317592805502	1.26773231722031	717
0.06065148921429	1.27007010277034	198
0.0612791696730999	1.2693702277358	198
0.0904294418033702	0.366379981847431	30
0.0904294418033702	0.366379981847431	30
0.0904838986330199	0.366339805232125	245
0.0904294418033702	0.366379981847431	245
0.0904294418033702	0.366379981847431	245
0.0904838986330199	0.366339805232125	245
0.0904294418033702	0.366379981847431	151
0.0605695558319002	1.27005874633258	213
0.0904294418033702	0.366379981847431	42
-0.03309941779685	2.11501004823407	354
0.0611253550369901	1.26943367833825	717
0.0904294418033702	0.366379981847431	717
0.0904838986330199	0.366339805232125	717
0.0904838986330199	0.366339805232125	436
0.0904294418033702	0.366379981847431	3
0.0904294418033702	0.366379981847431	3
0.0904294418033702	0.366379981847431	55
0.0609019956181598	1.26985288518349	198
0.0904838986330199	0.366339805232125	30
0.0904294418033702	0.366379981847431	30
0.0904838986330199	0.366339805232125	349
0.0904838986330199	0.366339805232125	245
0.0904838986330199	0.366339805232125	245
0.0904838986330199	0.366339805232125	582
0.0904294418033702	0.366379981847431	151
0.0904838986330199	0.366339805232125	151
0.0904294418033702	0.366379981847431	151
0.0904294418033702	0.366379981847431	248
0.06995183587332	1.91877508234664	27
0.0904294418033702	0.366379981847431	213
0.0904838986330199	0.366339805232125	213
-0.0331392097030401	2.11569341899929	357
0.0904294418033702	0.366379981847431	717
0.0904294418033702	0.366379981847431	717
0.0904294418033702	0.366379981847431	436
0.0904838986330199	0.366339805232125	3
0.0904838986330199	0.366339805232125	3
0.0904294418033702	0.366379981847431	3
0.0904294418033702	0.366379981847431	3
0.0904294418033702	0.366379981847431	55
0.0904294418033702	0.366379981847431	30
0.0904838986330199	0.366339805232125	30
0.0904294418033702	0.366379981847431	30
0.0904838986330199	0.366339805232125	349
0.0904838986330199	0.366339805232125	30
0.0904838986330199	0.366339805232125	30
0.0904294418033702	0.366379981847431	245
0.0904838986330199	0.366339805232125	245
0.0904294418033702	0.366379981847431	245
0.0904294418033702	0.366379981847431	245
0.0904838986330199	0.366339805232125	245
0.0904294418033702	0.366379981847431	245
0.0904294418033702	0.366379981847431	151
0.0904294418033702	0.366379981847431	151
0.0904294418033702	0.366379981847431	8
0.0904294418033702	0.366379981847431	27
0.0904294418033702	0.366379981847431	213
0.0904294418033702	0.366379981847431	213
0.0608066386416399	1.26985540555962	213
0.0904838986330199	0.366339805232125	213
0.0904294418033702	0.366379981847431	213
0.0615023106622399	1.26878837768738	371
0.0608066386416399	1.26985540555962	125
0.0904838986330199	0.366339805232125	180
0.0904294418033702	0.366379981847431	717
0.0904294418033702	0.366379981847431	717
0.0904294418033702	0.366379981847431	717
0.0904838986330199	0.366339805232125	3
0.0904838986330199	0.366339805232125	3
0.0904838986330199	0.366339805232125	314
0.0618786801123599	1.26779464508419	61
0.0904294418033702	0.366379981847431	198
0.0904294418033702	0.366379981847431	30
0.0904838986330199	0.366339805232125	30
0.0904294418033702	0.366379981847431	245
0.0904294418033702	0.366379981847431	245
0.0904294418033702	0.366379981847431	245
0.0904838986330199	0.366339805232125	582
0.0904838986330199	0.366339805232125	151
0.0904294418033702	0.366379981847431	151
0.0609019956181598	1.26985288518349	27
0.0605695558319002	1.27005874633258	27
0.0904294418033702	0.366379981847431	213
0.0904294418033702	0.366379981847431	213
0.0904294418033702	0.366379981847431	371
0.0612791696730999	1.2693702277358	42
0.0904294418033702	0.366379981847431	436
0.0904294418033702	0.366379981847431	3
0.0904294418033702	0.366379981847431	3
0.0904294418033702	0.366379981847431	3
0.0609019956181598	1.26985288518349	61
0.0904838986330199	0.366339805232125	55
0.0609019956181598	1.26985288518349	198
0.0904294418033702	0.366379981847431	30
0.0904294418033702	0.366379981847431	30
0.0904294418033702	0.366379981847431	349
0.0904294418033702	0.366379981847431	30
0.0904838986330199	0.366339805232125	245
0.0904838986330199	0.366339805232125	245
0.0904838986330199	0.366339805232125	245
0.0904294418033702	0.366379981847431	8
0.0700595035102301	1.91892360269037	27
0.0904838986330199	0.366339805232125	213
0.0904294418033702	0.366379981847431	213
0.0612791696730999	1.2693702277358	357
0.0904838986330199	0.366339805232125	436
0.0904838986330199	0.366339805232125	80
0.0904294418033702	0.366379981847431	3
0.0904294418033702	0.366379981847431	3
0.0605695558319002	1.27005874633258	61
0.0904294418033702	0.366379981847431	30
0.0904838986330199	0.366339805232125	30
0.0904838986330199	0.366339805232125	30
0.0904838986330199	0.366339805232125	30
0.0904294418033702	0.366379981847431	30
0.0904294418033702	0.366379981847431	30
0.0904294418033702	0.366379981847431	245
0.0904294418033702	0.366379981847431	245
0.0904294418033702	0.366379981847431	245
0.0904294418033702	0.366379981847431	245
-0.03305947916453	2.11672555240098	83
0.0904838986330199	0.366339805232125	8
0.0611253550369901	1.26943367833825	8
0.0609019956181598	1.26985288518349	27
0.0904838986330199	0.366339805232125	371
0.0609019956181598	1.26985288518349	354
0.0904294418033702	0.366379981847431	3
0.0904294418033702	0.366379981847431	3
0.0605695558319002	1.27005874633258	55
0.0904294418033702	0.366379981847431	30
0.0904838986330199	0.366339805232125	245
0.0904294418033702	0.366379981847431	245
0.0904294418033702	0.366379981847431	245
0.0904838986330199	0.366339805232125	15
0.0904294418033702	0.366379981847431	151
0.0698981255578999	1.91988357530134	33
0.0609019956181598	1.26985288518349	371
0.0700595035102301	1.91892360269037	719
0.0605695558319002	1.27005874633258	357
0.0699247871415198	1.91938461027322	357
0.0904838986330199	0.366339805232125	436
0.0904838986330199	0.366339805232125	3
0.0612791696730999	1.2693702277358	17
0.0603320982528199	1.27012956245085	314
0.0904838986330199	0.366339805232125	61
0.0611253550369901	1.26943367833825	61
0.0904294418033702	0.366379981847431	245
0.0605695558319002	1.27005874633258	43
0.0612791696730999	1.2693702277358	218
0.0904294418033702	0.366379981847431	436
0.0904294418033702	0.366379981847431	436
0.0904838986330199	0.366339805232125	3
-0.03305947916453	2.11672555240098	17
0.0612791696730999	1.2693702277358	61
0.0904294418033702	0.366379981847431	55
0.0904838986330199	0.366339805232125	198
0.0904294418033702	0.366379981847431	349
0.0904294418033702	0.366379981847431	30
0.0904838986330199	0.366339805232125	30
0.0904294418033702	0.366379981847431	245
0.0904838986330199	0.366339805232125	245
0.0904294418033702	0.366379981847431	245
0.0611253550369901	1.26943367833825	245
0.0609019956181598	1.26985288518349	245
-0.03309382198991	2.11584397704076	83
0.0904838986330199	0.366339805232125	151
0.0904838986330199	0.366339805232125	371
0.06041427112834	1.27014049646167	43
-0.0330550199134398	2.11674789280476	155
0.0904838986330199	0.366339805232125	3
0.0904294418033702	0.366379981847431	3
0.0904838986330199	0.366339805232125	3
0.0609019956181598	1.26985288518349	61
0.06065148921429	1.27007010277034	55
0.0904294418033702	0.366379981847431	30
0.0904294418033702	0.366379981847431	30
0.0904838986330199	0.366339805232125	30
0.0904838986330199	0.366339805232125	245
0.0904838986330199	0.366339805232125	245
0.0904294418033702	0.366379981847431	151
0.0904838986330199	0.366339805232125	151
0.0611253550369901	1.26943367833825	8
0.0904838986330199	0.366339805232125	8
0.0609019956181598	1.26985288518349	287
0.0615023106622399	1.26878837768738	166
0.0904838986330199	0.366339805232125	436
0.0904294418033702	0.366379981847431	3
0.0904294418033702	0.366379981847431	3
0.0904294418033702	0.366379981847431	3
0.0904294418033702	0.366379981847431	61
0.0605695558319002	1.27005874633258	198
0.0904294418033702	0.366379981847431	30
0.06041427112834	1.27014049646167	245
0.0904294418033702	0.366379981847431	245
0.0904838986330199	0.366339805232125	245
-0.0330918685136199	2.11588456803398	83
0.0904838986330199	0.366339805232125	8
0.0904838986330199	0.366339805232125	8
0.06165575714975	1.26872549798424	248
0.0904294418033702	0.366379981847431	213
0.0904838986330199	0.366339805232125	213
0.0904838986330199	0.366339805232125	213
0.0904838986330199	0.366339805232125	213
0.0904294418033702	0.366379981847431	371
0.0605695558319002	1.27005874633258	166
0.0904294418033702	0.366379981847431	155
0.0904294418033702	0.366379981847431	3
0.0904294418033702	0.366379981847431	3
0.0904838986330199	0.366339805232125	314
0.0904294418033702	0.366379981847431	61
0.0904294418033702	0.366379981847431	55
0.0904838986330199	0.366339805232125	198
0.0904838986330199	0.366339805232125	30
0.0904294418033702	0.366379981847431	349
0.0904294418033702	0.366379981847431	349
0.0904838986330199	0.366339805232125	349
0.0904294418033702	0.366379981847431	30
0.0904294418033702	0.366379981847431	151
0.0904838986330199	0.366339805232125	8
0.0611253550369901	1.26943367833825	27
0.06984444655766	1.91909619733144	27
0.0904294418033702	0.366379981847431	213
0.0904838986330199	0.366339805232125	213
0.0699248798971	1.92010683368015	43
0.0605695558319002	1.27005874633258	155
0.0904294418033702	0.366379981847431	3
0.0904294418033702	0.366379981847431	3
0.0904838986330199	0.366339805232125	3
0.0904838986330199	0.366339805232125	3
0.0904838986330199	0.366339805232125	436
0.0904838986330199	0.366339805232125	436
0.0904294418033702	0.366379981847431	3
0.06041427112834	1.27014049646167	198
0.0904294418033702	0.366379981847431	30
0.0904838986330199	0.366339805232125	30
0.0904294418033702	0.366379981847431	30
0.0904294418033702	0.366379981847431	30
0.0904838986330199	0.366339805232125	30
0.0904294418033702	0.366379981847431	151
0.0904294418033702	0.366379981847431	213
0.0615023106622399	1.26878837768738	155
0.0699786146057102	1.9201720707914	218
0.0904838986330199	0.366339805232125	3
0.0904294418033702	0.366379981847431	3
0.06065148921429	1.27007010277034	55
0.0605695558319002	1.27005874633258	198
0.0904838986330199	0.366339805232125	30
0.0904294418033702	0.366379981847431	30
0.0904294418033702	0.366379981847431	245
0.0904294418033702	0.366379981847431	151
0.0904294418033702	0.366379981847431	151
0.0904294418033702	0.366379981847431	346
0.0609019956181598	1.26985288518349	3
0.0904294418033702	0.366379981847431	3
0.0904294418033702	0.366379981847431	3
0.0904294418033702	0.366379981847431	30
0.0904838986330199	0.366339805232125	30
0.0904838986330199	0.366339805232125	245
0.0904838986330199	0.366339805232125	151
0.06041427112834	1.27014049646167	27
0.0904294418033702	0.366379981847431	3
0.0904838986330199	0.366339805232125	3
0.0904294418033702	0.366379981847431	436
0.0609019956181598	1.26985288518349	61
0.0612791696730999	1.2693702277358	61
0.0904294418033702	0.366379981847431	30
0.0904838986330199	0.366339805232125	30
0.0904294418033702	0.366379981847431	245
0.0904294418033702	0.366379981847431	151
0.0904294418033702	0.366379981847431	8
0.0605695558319002	1.27005874633258	248
0.0904294418033702	0.366379981847431	213
0.0904838986330199	0.366339805232125	213
0.0904838986330199	0.366339805232125	213
0.0609019956181598	1.26985288518349	346
0.0904838986330199	0.366339805232125	346
0.0904294418033702	0.366379981847431	252
0.0904294418033702	0.366379981847431	252
0.0904294418033702	0.366379981847431	30
0.0904294418033702	0.366379981847431	30
0.0904294418033702	0.366379981847431	30
0.0904838986330199	0.366339805232125	245
0.0904838986330199	0.366339805232125	245
0.0904294418033702	0.366379981847431	583
0.0609019956181598	1.26985288518349	583
0.0904294418033702	0.366379981847431	151
0.0904838986330199	0.366339805232125	151
0.0904294418033702	0.366379981847431	151
0.0904294418033702	0.366379981847431	213
0.0904838986330199	0.366339805232125	213
0.0904294418033702	0.366379981847431	213
0.0608066386416399	1.26985540555962	287
0.0904838986330199	0.366339805232125	3
0.0904838986330199	0.366339805232125	3
0.0612791696730999	1.2693702277358	149
0.0904294418033702	0.366379981847431	298
0.0904294418033702	0.366379981847431	3
0.06065148921429	1.27007010277034	17
0.0904294418033702	0.366379981847431	314
0.06009426510475	1.27003850033392	61
0.0904294418033702	0.366379981847431	30
0.0904294418033702	0.366379981847431	30
0.0904294418033702	0.366379981847431	30
0.0904838986330199	0.366339805232125	30
0.0904838986330199	0.366339805232125	30
0.0904294418033702	0.366379981847431	30
0.0904838986330199	0.366339805232125	30
0.0904294418033702	0.366379981847431	30
0.0904294418033702	0.366379981847431	30
0.0904838986330199	0.366339805232125	30
-0.0330123677462	2.11551114634518	83
0.0904294418033702	0.366379981847431	151
0.0904294418033702	0.366379981847431	151
0.0904294418033702	0.366379981847431	8
0.0904294418033702	0.366379981847431	8
0.0904294418033702	0.366379981847431	8
0.06065148921429	1.27007010277034	213
0.06165575714975	1.26872549798424	213
0.0611253550369901	1.26943367833825	382
0.0904294418033702	0.366379981847431	346
0.0904838986330199	0.366339805232125	3
0.0904838986330199	0.366339805232125	3
0.0904294418033702	0.366379981847431	3
0.0904294418033702	0.366379981847431	314
0.0904294418033702	0.366379981847431	252
0.0904294418033702	0.366379981847431	30
0.0904838986330199	0.366339805232125	30
0.0904838986330199	0.366339805232125	30
0.0904838986330199	0.366339805232125	30
0.0904294418033702	0.366379981847431	30
0.0904294418033702	0.366379981847431	245
0.0904294418033702	0.366379981847431	583
0.0904838986330199	0.366339805232125	151
0.0904294418033702	0.366379981847431	151
0.0700055188962501	1.919089416863	33
0.0612791696730999	1.2693702277358	27
0.0904294418033702	0.366379981847431	213
0.0904294418033702	0.366379981847431	213
0.0904294418033702	0.366379981847431	213
0.0904294418033702	0.366379981847431	213
0.0611253550369901	1.26943367833825	213
0.0904838986330199	0.366339805232125	287
0.0904294418033702	0.366379981847431	382
0.0904294418033702	0.366379981847431	43
0.0904838986330199	0.366339805232125	346
0.0904838986330199	0.366339805232125	346
0.0904294418033702	0.366379981847431	35
0.0904294418033702	0.366379981847431	610
0.0904838986330199	0.366339805232125	30
0.0904294418033702	0.366379981847431	30
0.0904294418033702	0.366379981847431	30
0.0904838986330199	0.366339805232125	30
0.0904294418033702	0.366379981847431	30
0.0904294418033702	0.366379981847431	30
0.0904294418033702	0.366379981847431	30
0.0904294418033702	0.366379981847431	30
0.0904838986330199	0.366339805232125	30
0.0904294418033702	0.366379981847431	30
0.0904838986330199	0.366339805232125	30
0.0904294418033702	0.366379981847431	30
0.0904294418033702	0.366379981847431	151
0.0904294418033702	0.366379981847431	151
0.0904838986330199	0.366339805232125	151
0.0904294418033702	0.366379981847431	151
0.0904838986330199	0.366339805232125	8
0.0904294418033702	0.366379981847431	213
0.0904294418033702	0.366379981847431	213
0.0904838986330199	0.366339805232125	213
0.0904294418033702	0.366379981847431	213
0.0904294418033702	0.366379981847431	213
0.0904294418033702	0.366379981847431	213
0.0609019956181598	1.26985288518349	346
0.0904294418033702	0.366379981847431	346
0.0904294418033702	0.366379981847431	436
0.0904838986330199	0.366339805232125	3
0.0904838986330199	0.366339805232125	3
0.0904294418033702	0.366379981847431	3
0.0904294418033702	0.366379981847431	3
0.0904838986330199	0.366339805232125	3
0.0904294418033702	0.366379981847431	3
0.0904838986330199	0.366339805232125	3
0.06165575714975	1.26872549798424	276
0.0904294418033702	0.366379981847431	30
0.0904838986330199	0.366339805232125	30
0.0904838986330199	0.366339805232125	30
0.0904838986330199	0.366339805232125	30
0.0904838986330199	0.366339805232125	30
0.0904838986330199	0.366339805232125	30
0.0904838986330199	0.366339805232125	30
0.0904838986330199	0.366339805232125	30
0.0904838986330199	0.366339805232125	30
0.0904838986330199	0.366339805232125	30
0.0904838986330199	0.366339805232125	583
0.0904838986330199	0.366339805232125	151
0.0904294418033702	0.366379981847431	151
0.0904294418033702	0.366379981847431	151
0.0904838986330199	0.366339805232125	151
0.0904838986330199	0.366339805232125	8
0.0904838986330199	0.366339805232125	8
0.0608066386416399	1.26985540555962	27
0.0904294418033702	0.366379981847431	213
0.0904838986330199	0.366339805232125	213
0.0904838986330199	0.366339805232125	213
0.0904838986330199	0.366339805232125	213
0.0904294418033702	0.366379981847431	213
0.0904294418033702	0.366379981847431	321
0.0904838986330199	0.366339805232125	346
0.0904838986330199	0.366339805232125	3
0.0904838986330199	0.366339805232125	3
0.0904838986330199	0.366339805232125	3
0.0904838986330199	0.366339805232125	314
0.0611253550369901	1.26943367833825	314
0.0904838986330199	0.366339805232125	198
0.0904294418033702	0.366379981847431	30
0.0904294418033702	0.366379981847431	30
0.0904838986330199	0.366339805232125	30
0.0904294418033702	0.366379981847431	30
0.0904294418033702	0.366379981847431	30
0.0904294418033702	0.366379981847431	30
0.0904838986330199	0.366339805232125	30
0.0608066386416399	1.26985540555962	583
0.0904838986330199	0.366339805232125	151
0.0904838986330199	0.366339805232125	151
0.0904294418033702	0.366379981847431	151
0.0904838986330199	0.366339805232125	213
0.0904294418033702	0.366379981847431	213
0.0904294418033702	0.366379981847431	213
0.0904838986330199	0.366339805232125	213
0.0609019956181598	1.26985288518349	354
0.0904294418033702	0.366379981847431	346
0.0904838986330199	0.366339805232125	346
0.0904838986330199	0.366339805232125	3
0.0904294418033702	0.366379981847431	3
0.0904838986330199	0.366339805232125	3
0.0904294418033702	0.366379981847431	3
0.0904838986330199	0.366339805232125	3
0.0904294418033702	0.366379981847431	314
0.0904838986330199	0.366339805232125	610
0.0904294418033702	0.366379981847431	252
0.0611253550369901	1.26943367833825	61
0.0612791696730999	1.2693702277358	61
0.0904294418033702	0.366379981847431	30
0.0904294418033702	0.366379981847431	30
0.0904294418033702	0.366379981847431	30
0.0904838986330199	0.366339805232125	30
0.0904294418033702	0.366379981847431	30
0.0904294418033702	0.366379981847431	30
0.0904294418033702	0.366379981847431	30
0.0904294418033702	0.366379981847431	30
0.0904294418033702	0.366379981847431	30
0.0904294418033702	0.366379981847431	30
0.0904838986330199	0.366339805232125	151
0.0904294418033702	0.366379981847431	151
0.0904838986330199	0.366339805232125	151
0.0904294418033702	0.366379981847431	151
0.0904294418033702	0.366379981847431	151
0.0904294418033702	0.366379981847431	151
0.0904838986330199	0.366339805232125	151
0.0904838986330199	0.366339805232125	213
0.0904838986330199	0.366339805232125	213
0.0904294418033702	0.366379981847431	213
0.0904294418033702	0.366379981847431	213
0.0612791696730999	1.2693702277358	567
0.0904294418033702	0.366379981847431	567
0.0615023106622399	1.26878837768738	321
0.0904838986330199	0.366339805232125	382
0.0904838986330199	0.366339805232125	346
0.0904838986330199	0.366339805232125	3
0.0612791696730999	1.2693702277358	276
0.0904294418033702	0.366379981847431	314
0.0904294418033702	0.366379981847431	314
0.06065148921429	1.27007010277034	61
0.0904294418033702	0.366379981847431	610
0.0904294418033702	0.366379981847431	30
0.0904294418033702	0.366379981847431	30
0.0904294418033702	0.366379981847431	30
0.0904838986330199	0.366339805232125	30
0.0904838986330199	0.366339805232125	30
0.0904294418033702	0.366379981847431	245
0.0699517095717401	1.92019859027147	83
0.0904838986330199	0.366339805232125	583
0.0904294418033702	0.366379981847431	583
0.0904294418033702	0.366379981847431	151
0.06065148921429	1.27007010277034	27
0.0904294418033702	0.366379981847431	213
0.0904294418033702	0.366379981847431	213
0.0904294418033702	0.366379981847431	213
0.0904294418033702	0.366379981847431	213
0.0904294418033702	0.366379981847431	213
0.0904294418033702	0.366379981847431	213
0.0904838986330199	0.366339805232125	213
0.0904838986330199	0.366339805232125	213
0.0608066386416399	1.26985540555962	674
0.0904838986330199	0.366339805232125	346
0.06989793163463	1.91941103141641	155
0.0904838986330199	0.366339805232125	3
0.0904838986330199	0.366339805232125	3
0.0904294418033702	0.366379981847431	436
0.06165575714975	1.26872549798424	415
0.0904294418033702	0.366379981847431	30
0.0904838986330199	0.366339805232125	30
0.0904294418033702	0.366379981847431	30
0.0904838986330199	0.366339805232125	30
0.0904294418033702	0.366379981847431	30
0.0904838986330199	0.366339805232125	151
0.0904838986330199	0.366339805232125	151
0.0904838986330199	0.366339805232125	151
0.0904294418033702	0.366379981847431	151
0.0904838986330199	0.366339805232125	213
0.0904838986330199	0.366339805232125	213
0.0904838986330199	0.366339805232125	213
0.0904838986330199	0.366339805232125	213
0.0904838986330199	0.366339805232125	502
0.0904838986330199	0.366339805232125	43
0.0904838986330199	0.366339805232125	346
0.0904838986330199	0.366339805232125	346
0.0904838986330199	0.366339805232125	436
0.0904838986330199	0.366339805232125	3
0.0904838986330199	0.366339805232125	276
0.0904294418033702	0.366379981847431	314
0.0611253550369901	1.26943367833825	61
0.0904294418033702	0.366379981847431	252
0.0904838986330199	0.366339805232125	252
0.0904294418033702	0.366379981847431	198
0.06041427112834	1.27014049646167	198
0.06041427112834	1.27014049646167	61
0.0904294418033702	0.366379981847431	30
0.0904294418033702	0.366379981847431	30
0.0904294418033702	0.366379981847431	245
0.0904294418033702	0.366379981847431	30
0.0904294418033702	0.366379981847431	583
0.0904838986330199	0.366339805232125	151
0.0904838986330199	0.366339805232125	151
0.0904294418033702	0.366379981847431	8
0.0904294418033702	0.366379981847431	27
0.0904294418033702	0.366379981847431	213
0.0904294418033702	0.366379981847431	213
0.0904838986330199	0.366339805232125	213
0.0904838986330199	0.366339805232125	213
0.0904838986330199	0.366339805232125	213
0.0609019956181598	1.26985288518349	567
0.0605695558319002	1.27005874633258	321
0.0904838986330199	0.366339805232125	382
0.0904838986330199	0.366339805232125	3
0.0904294418033702	0.366379981847431	314
0.0615023106622399	1.26878837768738	61
0.0904838986330199	0.366339805232125	30
0.0904294418033702	0.366379981847431	30
0.0904838986330199	0.366339805232125	30
0.0904294418033702	0.366379981847431	30
0.0904838986330199	0.366339805232125	30
0.0904294418033702	0.366379981847431	30
0.0904838986330199	0.366339805232125	30
0.0904294418033702	0.366379981847431	30
0.0904294418033702	0.366379981847431	583
0.0904838986330199	0.366339805232125	151
0.0904838986330199	0.366339805232125	151
0.0904838986330199	0.366339805232125	151
0.0608066386416399	1.26985540555962	27
0.0904838986330199	0.366339805232125	213
0.0904838986330199	0.366339805232125	213
0.0904294418033702	0.366379981847431	213
0.0904294418033702	0.366379981847431	213
0.0904838986330199	0.366339805232125	213
0.06989793163463	1.91941103141641	42
0.0904838986330199	0.366339805232125	287
0.0609019956181598	1.26985288518349	287
0.0605695558319002	1.27005874633258	346
0.0904294418033702	0.366379981847431	346
0.0904838986330199	0.366339805232125	346
0.0904294418033702	0.366379981847431	3
0.0904838986330199	0.366339805232125	3
0.0904838986330199	0.366339805232125	3
0.0904294418033702	0.366379981847431	298
0.06165575714975	1.26872549798424	610
0.0904294418033702	0.366379981847431	30
0.0904838986330199	0.366339805232125	30
0.0904838986330199	0.366339805232125	30
0.0904294418033702	0.366379981847431	30
0.0904294418033702	0.366379981847431	30
0.0904838986330199	0.366339805232125	30
0.0904838986330199	0.366339805232125	30
0.0904294418033702	0.366379981847431	30
0.0904838986330199	0.366339805232125	245
0.0904294418033702	0.366379981847431	245
0.0904294418033702	0.366379981847431	245
0.0904294418033702	0.366379981847431	151
0.0609019956181598	1.26985288518349	649
0.06165575714975	1.26872549798424	649
0.0904838986330199	0.366339805232125	213
0.0904838986330199	0.366339805232125	213
0.0904294418033702	0.366379981847431	213
0.0608066386416399	1.26985540555962	213
-0.0330550199134398	2.11674789280476	321
0.0904294418033702	0.366379981847431	3
0.0904294418033702	0.366379981847431	3
0.0609019956181598	1.26985288518349	252
0.06065148921429	1.27007010277034	61
0.0904294418033702	0.366379981847431	198
0.0904838986330199	0.366339805232125	30
0.0904838986330199	0.366339805232125	30
0.0904294418033702	0.366379981847431	30
0.0904294418033702	0.366379981847431	30
0.0904294418033702	0.366379981847431	30
0.0904838986330199	0.366339805232125	30
0.0904294418033702	0.366379981847431	245
0.0904838986330199	0.366339805232125	151
0.0904838986330199	0.366339805232125	151
0.06065148921429	1.27007010277034	248
0.0904294418033702	0.366379981847431	248
0.0904294418033702	0.366379981847431	213
0.0904294418033702	0.366379981847431	213
0.0699517179921201	1.91924558070435	354
0.0603320982528199	1.27012956245085	43
0.0904294418033702	0.366379981847431	436
0.0904294418033702	0.366379981847431	3
0.0904294418033702	0.366379981847431	3
0.0904294418033702	0.366379981847431	3
0.0609019956181598	1.26985288518349	314
0.0605695558319002	1.27005874633258	61
0.0904294418033702	0.366379981847431	30
0.0904294418033702	0.366379981847431	30
0.0904294418033702	0.366379981847431	30
0.0904838986330199	0.366339805232125	30
0.0904294418033702	0.366379981847431	30
0.0904294418033702	0.366379981847431	30
0.0904838986330199	0.366339805232125	30
0.0612791696730999	1.2693702277358	15
0.0904838986330199	0.366339805232125	151
0.0904294418033702	0.366379981847431	151
0.0601766780147899	1.27004899303449	27
0.0612791696730999	1.2693702277358	33
0.0904294418033702	0.366379981847431	213
0.0904838986330199	0.366339805232125	213
0.0904294418033702	0.366379981847431	213
0.06041427112834	1.27014049646167	42
0.0904294418033702	0.366379981847431	346
0.0904294418033702	0.366379981847431	436
0.0904294418033702	0.366379981847431	3
0.0904838986330199	0.366339805232125	3
0.0608066386416399	1.26985540555962	610
0.0612791696730999	1.2693702277358	198
0.0904838986330199	0.366339805232125	30
0.0904838986330199	0.366339805232125	30
-0.0330123677462	2.11551114634518	33
0.0904294418033702	0.366379981847431	213
0.0904838986330199	0.366339805232125	213
0.0904294418033702	0.366379981847431	213
0.0609019956181598	1.26985288518349	714
0.0608066386416399	1.26985540555962	155
0.0904838986330199	0.366339805232125	3
0.0904838986330199	0.366339805232125	3
0.0904838986330199	0.366339805232125	3
0.06065148921429	1.27007010277034	61
0.0609019956181598	1.26985288518349	198
0.0904838986330199	0.366339805232125	30
0.0904838986330199	0.366339805232125	30
0.0904294418033702	0.366379981847431	30
0.0904838986330199	0.366339805232125	151
0.0904838986330199	0.366339805232125	151
0.0904838986330199	0.366339805232125	248
0.0904838986330199	0.366339805232125	213
0.0904294418033702	0.366379981847431	213
0.0904294418033702	0.366379981847431	213
0.0904838986330199	0.366339805232125	3
0.0904838986330199	0.366339805232125	3
0.0904838986330199	0.366339805232125	3
0.0904838986330199	0.366339805232125	3
0.0904294418033702	0.366379981847431	610
0.0611253550369901	1.26943367833825	610
0.0904838986330199	0.366339805232125	252
0.0904294418033702	0.366379981847431	30
0.0904838986330199	0.366339805232125	30
0.0904838986330199	0.366339805232125	30
0.0904294418033702	0.366379981847431	30
0.0904294418033702	0.366379981847431	245
0.0904838986330199	0.366339805232125	303
0.0904294418033702	0.366379981847431	151
0.0904838986330199	0.366339805232125	151
0.06065148921429	1.27007010277034	27
0.0904838986330199	0.366339805232125	213
0.0904838986330199	0.366339805232125	213
0.0904294418033702	0.366379981847431	502
0.0904294418033702	0.366379981847431	436
0.0904294418033702	0.366379981847431	3
0.0904294418033702	0.366379981847431	3
0.0904294418033702	0.366379981847431	3
-0.0330550199134398	2.11674789280476	276
0.06989793163463	1.91941103141641	276
0.0904838986330199	0.366339805232125	610
0.0904294418033702	0.366379981847431	252
0.0904294418033702	0.366379981847431	30
0.0904294418033702	0.366379981847431	30
0.0904294418033702	0.366379981847431	30
0.0904294418033702	0.366379981847431	30
0.0904838986330199	0.366339805232125	30
0.0904294418033702	0.366379981847431	245
0.0904294418033702	0.366379981847431	151
0.0904838986330199	0.366339805232125	151
0.0904294418033702	0.366379981847431	8
0.0700055950218399	1.92003282727069	27
0.0904294418033702	0.366379981847431	213
0.0904294418033702	0.366379981847431	213
0.06065148921429	1.27007010277034	502
0.0904294418033702	0.366379981847431	213
0.0904294418033702	0.366379981847431	346
0.0904294418033702	0.366379981847431	155
-0.03309382198991	2.11584397704076	155
0.0904838986330199	0.366339805232125	3
0.0904838986330199	0.366339805232125	3
0.0904294418033702	0.366379981847431	3
0.0904294418033702	0.366379981847431	298
0.0904294418033702	0.366379981847431	30
0.0904294418033702	0.366379981847431	30
0.0904294418033702	0.366379981847431	30
0.0904294418033702	0.366379981847431	30
0.0904838986330199	0.366339805232125	151
0.0904294418033702	0.366379981847431	151
0.0904294418033702	0.366379981847431	151
0.0904294418033702	0.366379981847431	8
-0.0330568991107501	2.11659102982237	248
0.0904838986330199	0.366339805232125	213
0.0904294418033702	0.366379981847431	213
0.0904294418033702	0.366379981847431	213
0.0904294418033702	0.366379981847431	3
0.0904294418033702	0.366379981847431	3
0.0904294418033702	0.366379981847431	3
0.0904838986330199	0.366339805232125	3
0.0605695558319002	1.27005874633258	610
0.0904838986330199	0.366339805232125	252
0.0904838986330199	0.366339805232125	30
0.0904838986330199	0.366339805232125	30
0.0904294418033702	0.366379981847431	30
0.0904294418033702	0.366379981847431	30
0.0904294418033702	0.366379981847431	30
0.0904294418033702	0.366379981847431	30
0.0904294418033702	0.366379981847431	30
0.0904294418033702	0.366379981847431	30
0.0904838986330199	0.366339805232125	151
0.0904838986330199	0.366339805232125	151
0.0904294418033702	0.366379981847431	151
0.0904294418033702	0.366379981847431	213
0.0904294418033702	0.366379981847431	213
0.0904838986330199	0.366339805232125	213
0.0904838986330199	0.366339805232125	213
0.0904294418033702	0.366379981847431	346
0.0904294418033702	0.366379981847431	3
0.0904294418033702	0.366379981847431	3
0.0904294418033702	0.366379981847431	3
0.0904294418033702	0.366379981847431	3
0.0904294418033702	0.366379981847431	3
0.0904294418033702	0.366379981847431	314
0.0904294418033702	0.366379981847431	314
0.0904294418033702	0.366379981847431	252
0.0904838986330199	0.366339805232125	252
0.0904294418033702	0.366379981847431	198
0.0904294418033702	0.366379981847431	30
0.0904838986330199	0.366339805232125	30
0.0904838986330199	0.366339805232125	30
0.0904294418033702	0.366379981847431	30
0.0904838986330199	0.366339805232125	30
0.0904838986330199	0.366339805232125	30
0.0904294418033702	0.366379981847431	30
0.0612791696730999	1.2693702277358	30
0.0904838986330199	0.366339805232125	303
0.0904838986330199	0.366339805232125	151
0.0904294418033702	0.366379981847431	151
0.0904838986330199	0.366339805232125	151
0.0904838986330199	0.366339805232125	213
0.0904838986330199	0.366339805232125	213
0.0904838986330199	0.366339805232125	213
0.0904294418033702	0.366379981847431	3
0.0904838986330199	0.366339805232125	80
0.0608066386416399	1.26985540555962	276
0.0608066386416399	1.26985540555962	61
0.0603320982528199	1.27012956245085	61
0.06065148921429	1.27007010277034	610
0.0904294418033702	0.366379981847431	252
0.0904294418033702	0.366379981847431	30
0.0904294418033702	0.366379981847431	30
0.0904294418033702	0.366379981847431	30
0.0904294418033702	0.366379981847431	30
0.0904294418033702	0.366379981847431	30
0.0904294418033702	0.366379981847431	245
0.0904294418033702	0.366379981847431	151
0.0904294418033702	0.366379981847431	151
0.0904294418033702	0.366379981847431	151
0.0904838986330199	0.366339805232125	151
0.0904838986330199	0.366339805232125	151
0.0904294418033702	0.366379981847431	151
0.0904294418033702	0.366379981847431	213
0.0904294418033702	0.366379981847431	213
0.0904294418033702	0.366379981847431	346
0.0904838986330199	0.366339805232125	155
0.0904838986330199	0.366339805232125	3
0.0904294418033702	0.366379981847431	3
0.0904294418033702	0.366379981847431	3
0.0904838986330199	0.366339805232125	3
0.0904294418033702	0.366379981847431	3
0.0904294418033702	0.366379981847431	314
0.0904838986330199	0.366339805232125	314
0.0608066386416399	1.26985540555962	610
0.0904294418033702	0.366379981847431	252
0.0904838986330199	0.366339805232125	30
0.0904838986330199	0.366339805232125	30
0.0904294418033702	0.366379981847431	30
0.0904294418033702	0.366379981847431	30
0.0904838986330199	0.366339805232125	30
0.0904294418033702	0.366379981847431	30
0.0904838986330199	0.366339805232125	30
0.0609019956181598	1.26985288518349	15
0.0904838986330199	0.366339805232125	151
0.0609019956181598	1.26985288518349	8
0.0904294418033702	0.366379981847431	213
0.0904838986330199	0.366339805232125	287
0.0904838986330199	0.366339805232125	346
0.0904838986330199	0.366339805232125	80
0.0601766780147899	1.27004899303449	61
0.0904294418033702	0.366379981847431	610
0.0904838986330199	0.366339805232125	30
0.0904838986330199	0.366339805232125	30
0.0904294418033702	0.366379981847431	30
0.0904294418033702	0.366379981847431	30
0.0904294418033702	0.366379981847431	30
0.0904838986330199	0.366339805232125	30
0.0904294418033702	0.366379981847431	30
0.0904838986330199	0.366339805232125	30
0.0904294418033702	0.366379981847431	30
0.0904838986330199	0.366339805232125	30
0.0904294418033702	0.366379981847431	151
0.0904838986330199	0.366339805232125	151
0.0904294418033702	0.366379981847431	151
0.0904294418033702	0.366379981847431	8
0.0904838986330199	0.366339805232125	213
0.0904294418033702	0.366379981847431	213
0.0904838986330199	0.366339805232125	213
0.0904838986330199	0.366339805232125	346
0.0904294418033702	0.366379981847431	346
0.0609019956181598	1.26985288518349	218
0.0904838986330199	0.366339805232125	3
0.0904294418033702	0.366379981847431	3
0.0904294418033702	0.366379981847431	252
0.0904294418033702	0.366379981847431	252
0.0904294418033702	0.366379981847431	30
0.0904294418033702	0.366379981847431	30
0.0904838986330199	0.366339805232125	30
0.0904294418033702	0.366379981847431	30
0.0904294418033702	0.366379981847431	30
0.0904294418033702	0.366379981847431	30
0.0904838986330199	0.366339805232125	30
0.0904294418033702	0.366379981847431	30
0.0904294418033702	0.366379981847431	30
0.0904294418033702	0.366379981847431	30
0.0904838986330199	0.366339805232125	245
0.0603320982528199	1.27012956245085	245
0.0904838986330199	0.366339805232125	151
0.0904294418033702	0.366379981847431	151
0.0904294418033702	0.366379981847431	213
0.0904294418033702	0.366379981847431	213
0.0904838986330199	0.366339805232125	287
0.0620317592805502	1.26773231722031	357
0.0904294418033702	0.366379981847431	346
0.0904294418033702	0.366379981847431	346
0.06041427112834	1.27014049646167	35
0.0904294418033702	0.366379981847431	3
0.0904294418033702	0.366379981847431	3
0.0904294418033702	0.366379981847431	314
0.0904838986330199	0.366339805232125	610
0.0700055188962501	1.919089416863	61
0.0904838986330199	0.366339805232125	30
0.0904838986330199	0.366339805232125	30
0.0904838986330199	0.366339805232125	30
0.0904294418033702	0.366379981847431	30
0.0904294418033702	0.366379981847431	245
0.0904294418033702	0.366379981847431	245
0.0904294418033702	0.366379981847431	245
0.0603320982528199	1.27012956245085	15
0.0904294418033702	0.366379981847431	151
0.0904294418033702	0.366379981847431	151
0.0904838986330199	0.366339805232125	151
0.0904294418033702	0.366379981847431	151
0.0904294418033702	0.366379981847431	213
0.0904294418033702	0.366379981847431	213
0.0904294418033702	0.366379981847431	213
0.0609019956181598	1.26985288518349	213
0.0904838986330199	0.366339805232125	80
0.0904294418033702	0.366379981847431	3
0.0904294418033702	0.366379981847431	3
0.0904838986330199	0.366339805232125	30
0.0904838986330199	0.366339805232125	30
0.0904294418033702	0.366379981847431	30
0.0904838986330199	0.366339805232125	30
0.0904294418033702	0.366379981847431	30
0.0620317592805502	1.26773231722031	303
0.0904294418033702	0.366379981847431	151
0.0904294418033702	0.366379981847431	151
0.0904294418033702	0.366379981847431	502
0.0904294418033702	0.366379981847431	213
0.0904294418033702	0.366379981847431	213
0.0904838986330199	0.366339805232125	346
0.0904838986330199	0.366339805232125	80
0.0904294418033702	0.366379981847431	3
0.0904294418033702	0.366379981847431	3
0.0904838986330199	0.366339805232125	3
0.0904294418033702	0.366379981847431	3
0.0904294418033702	0.366379981847431	314
0.0904838986330199	0.366339805232125	314
0.0608066386416399	1.26985540555962	610
0.0612791696730999	1.2693702277358	61
0.0904294418033702	0.366379981847431	30
0.0904838986330199	0.366339805232125	30
0.0904838986330199	0.366339805232125	30
0.0904838986330199	0.366339805232125	30
0.0904838986330199	0.366339805232125	30
0.0904838986330199	0.366339805232125	30
0.0904294418033702	0.366379981847431	151
0.0904838986330199	0.366339805232125	213
0.0904294418033702	0.366379981847431	213
0.0904294418033702	0.366379981847431	213
0.0904838986330199	0.366339805232125	213
0.0612791696730999	1.2693702277358	287
0.0615023106622399	1.26878837768738	354
0.0611253550369901	1.26943367833825	3
0.0904838986330199	0.366339805232125	80
0.0904294418033702	0.366379981847431	3
0.0904838986330199	0.366339805232125	3
0.0904294418033702	0.366379981847431	3
0.0904294418033702	0.366379981847431	3
0.0904838986330199	0.366339805232125	3
0.0611253550369901	1.26943367833825	61
0.0904294418033702	0.366379981847431	198
0.0904294418033702	0.366379981847431	30
0.0904294418033702	0.366379981847431	30
0.0904838986330199	0.366339805232125	30
0.0904838986330199	0.366339805232125	30
0.0904838986330199	0.366339805232125	245
0.0904838986330199	0.366339805232125	245
0.0609019956181598	1.26985288518349	126
0.0904294418033702	0.366379981847431	151
0.0904838986330199	0.366339805232125	151
0.0904294418033702	0.366379981847431	213
0.0904838986330199	0.366339805232125	213
0.0904838986330199	0.366339805232125	213
0.0904294418033702	0.366379981847431	213
0.0615023106622399	1.26878837768738	321
0.0904838986330199	0.366339805232125	382
-0.0330143050043299	2.11558873626435	166
0.0904838986330199	0.366339805232125	346
0.0904294418033702	0.366379981847431	3
0.0904294418033702	0.366379981847431	3
0.0904294418033702	0.366379981847431	610
0.0904294418033702	0.366379981847431	252
0.0904294418033702	0.366379981847431	252
0.0904294418033702	0.366379981847431	198
0.0904294418033702	0.366379981847431	30
0.0904294418033702	0.366379981847431	30
0.0904294418033702	0.366379981847431	30
0.0904838986330199	0.366339805232125	30
0.0904838986330199	0.366339805232125	30
0.0904294418033702	0.366379981847431	30
0.0904838986330199	0.366339805232125	198
0.0904838986330199	0.366339805232125	30
0.0904838986330199	0.366339805232125	245
0.0904294418033702	0.366379981847431	151
0.0904294418033702	0.366379981847431	151
0.0904294418033702	0.366379981847431	151
0.0904838986330199	0.366339805232125	151
0.0904838986330199	0.366339805232125	213
0.0904294418033702	0.366379981847431	213
0.0904294418033702	0.366379981847431	213
0.0603320982528199	1.27012956245085	321
0.0611253550369901	1.26943367833825	166
0.0904838986330199	0.366339805232125	3
0.0904838986330199	0.366339805232125	80
0.0904838986330199	0.366339805232125	80
0.0904838986330199	0.366339805232125	3
0.0904294418033702	0.366379981847431	3
0.0904294418033702	0.366379981847431	3
0.0904294418033702	0.366379981847431	3
0.0611253550369901	1.26943367833825	329
0.0904294418033702	0.366379981847431	3
0.0904294418033702	0.366379981847431	314
0.0611253550369901	1.26943367833825	610
0.0611253550369901	1.26943367833825	610
0.0904838986330199	0.366339805232125	30
0.0904294418033702	0.366379981847431	30
0.0904838986330199	0.366339805232125	30
0.0904838986330199	0.366339805232125	30
0.0904838986330199	0.366339805232125	30
0.0904294418033702	0.366379981847431	15
0.0904294418033702	0.366379981847431	151
0.0904294418033702	0.366379981847431	248
0.06041427112834	1.27014049646167	27
0.0904838986330199	0.366339805232125	213
0.0904294418033702	0.366379981847431	213
0.0904838986330199	0.366339805232125	213
0.0904294418033702	0.366379981847431	213
0.06065148921429	1.27007010277034	213
0.0904838986330199	0.366339805232125	502
0.0608066386416399	1.26985540555962	287
0.0603320982528199	1.27012956245085	346
0.0904294418033702	0.366379981847431	3
0.0904838986330199	0.366339805232125	3
0.0904294418033702	0.366379981847431	3
0.0904294418033702	0.366379981847431	298
0.0608066386416399	1.26985540555962	61
0.0904838986330199	0.366339805232125	30
0.0904838986330199	0.366339805232125	30
0.0904838986330199	0.366339805232125	30
0.0904838986330199	0.366339805232125	30
0.06065148921429	1.27007010277034	151
0.0904838986330199	0.366339805232125	213
0.0611253550369901	1.26943367833825	346
0.0700055950218399	1.92003282727069	155
0.0904838986330199	0.366339805232125	3
0.0904294418033702	0.366379981847431	3
0.0904838986330199	0.366339805232125	610
0.0904294418033702	0.366379981847431	252
0.0904838986330199	0.366339805232125	30
0.0904294418033702	0.366379981847431	30
0.0904838986330199	0.366339805232125	30
0.0904838986330199	0.366339805232125	30
0.0904294418033702	0.366379981847431	30
0.0904838986330199	0.366339805232125	30
0.0904838986330199	0.366339805232125	30
0.0904294418033702	0.366379981847431	245
0.0620317592805502	1.26773231722031	245
-0.0330568991107501	2.11659102982237	15
0.0904838986330199	0.366339805232125	151
0.0603320982528199	1.27012956245085	27
0.0611253550369901	1.26943367833825	213
0.0612791696730999	1.2693702277358	213
0.0904838986330199	0.366339805232125	213
0.0904294418033702	0.366379981847431	346
0.0904838986330199	0.366339805232125	3
0.0904838986330199	0.366339805232125	3
0.0904294418033702	0.366379981847431	252
0.0611253550369901	1.26943367833825	61
0.0904294418033702	0.366379981847431	30
0.0904294418033702	0.366379981847431	30
0.0904294418033702	0.366379981847431	30
0.0904838986330199	0.366339805232125	30
0.0904294418033702	0.366379981847431	30
0.0904294418033702	0.366379981847431	30
0.0904838986330199	0.366339805232125	30
0.0904294418033702	0.366379981847431	30
0.0904294418033702	0.366379981847431	30
0.0904294418033702	0.366379981847431	30
0.0904838986330199	0.366339805232125	30
0.0904294418033702	0.366379981847431	30
0.0904294418033702	0.366379981847431	30
0.0904838986330199	0.366339805232125	30
0.0904294418033702	0.366379981847431	30
0.0904294418033702	0.366379981847431	303
0.0904838986330199	0.366339805232125	151
0.0904838986330199	0.366339805232125	248
0.0608066386416399	1.26985540555962	248
0.0904838986330199	0.366339805232125	213
0.0904838986330199	0.366339805232125	213
0.0904838986330199	0.366339805232125	502
0.0904294418033702	0.366379981847431	213
0.0904294418033702	0.366379981847431	213
0.0609019956181598	1.26985288518349	42
0.0698711514481301	1.91931929782187	42
0.0904294418033702	0.366379981847431	3
0.0904294418033702	0.366379981847431	3
0.0904838986330199	0.366339805232125	3
0.0904294418033702	0.366379981847431	610
0.06165575714975	1.26872549798424	61
0.0904294418033702	0.366379981847431	252
0.0904838986330199	0.366339805232125	30
0.0904838986330199	0.366339805232125	30
0.0904294418033702	0.366379981847431	30
0.0904294418033702	0.366379981847431	30
0.0904838986330199	0.366339805232125	15
0.0904838986330199	0.366339805232125	15
0.06165575714975	1.26872549798424	151
0.0904294418033702	0.366379981847431	151
0.0904294418033702	0.366379981847431	151
0.0904838986330199	0.366339805232125	151
-0.0330918685136199	2.11588456803398	33
0.0904294418033702	0.366379981847431	213
0.06065148921429	1.27007010277034	213
0.0904294418033702	0.366379981847431	3
0.0904294418033702	0.366379981847431	3
0.0904294418033702	0.366379981847431	3
0.0904294418033702	0.366379981847431	3
0.0609019956181598	1.26985288518349	314
0.0904838986330199	0.366339805232125	252
0.0904838986330199	0.366339805232125	30
0.0904838986330199	0.366339805232125	30
0.0904838986330199	0.366339805232125	30
0.0904294418033702	0.366379981847431	151
0.0904838986330199	0.366339805232125	151
0.0904838986330199	0.366339805232125	151
0.0904294418033702	0.366379981847431	213
0.0612791696730999	1.2693702277358	166
0.0904838986330199	0.366339805232125	35
0.0904838986330199	0.366339805232125	3
0.0904294418033702	0.366379981847431	436
0.0605695558319002	1.27005874633258	61
0.0904838986330199	0.366339805232125	252
0.0904294418033702	0.366379981847431	30
0.0904294418033702	0.366379981847431	30
0.0904294418033702	0.366379981847431	30
0.0904838986330199	0.366339805232125	30
0.0904294418033702	0.366379981847431	30
0.0904294418033702	0.366379981847431	30
0.0904838986330199	0.366339805232125	30
0.0611253550369901	1.26943367833825	198
0.0904294418033702	0.366379981847431	30
0.0904294418033702	0.366379981847431	30
0.0904838986330199	0.366339805232125	151
-0.0330550199134398	2.11674789280476	42
0.0904294418033702	0.366379981847431	3
0.0904294418033702	0.366379981847431	3
0.0904294418033702	0.366379981847431	30
0.0904294418033702	0.366379981847431	30
0.0904838986330199	0.366339805232125	30
0.0904838986330199	0.366339805232125	30
0.0904294418033702	0.366379981847431	30
0.0904838986330199	0.366339805232125	151
0.0904294418033702	0.366379981847431	151
0.0904838986330199	0.366339805232125	151
0.0904294418033702	0.366379981847431	151
0.0904294418033702	0.366379981847431	151
0.0904838986330199	0.366339805232125	213
0.0904294418033702	0.366379981847431	213
0.0904294418033702	0.366379981847431	3
0.0904294418033702	0.366379981847431	436
0.0609019956181598	1.26985288518349	61
0.0904294418033702	0.366379981847431	30
0.0904838986330199	0.366339805232125	30
0.0611253550369901	1.26943367833825	126
0.0904838986330199	0.366339805232125	151
0.0904838986330199	0.366339805232125	151
0.0608066386416399	1.26985540555962	166
0.0904294418033702	0.366379981847431	436
0.0904294418033702	0.366379981847431	3
0.0904838986330199	0.366339805232125	30
0.0904838986330199	0.366339805232125	30
0.0904838986330199	0.366339805232125	30
0.0904294418033702	0.366379981847431	245
0.0904294418033702	0.366379981847431	248
0.06041427112834	1.27014049646167	68
0.0609019956181598	1.26985288518349	329
0.0608066386416399	1.26985540555962	198
0.0612791696730999	1.2693702277358	198
0.0609019956181598	1.26985288518349	68
0.0904838986330199	0.366339805232125	3
0.0699248798971	1.92010683368015	105
0.0904294418033702	0.366379981847431	3
0.0904294418033702	0.366379981847431	30
0.0904294418033702	0.366379981847431	3
0.0904294418033702	0.366379981847431	198
0.0904294418033702	0.366379981847431	436
0.0904838986330199	0.366339805232125	3
0.06065148921429	1.27007010277034	61
0.0904294418033702	0.366379981847431	198
-0.0330957313718598	2.11568734457577	83
0.0904838986330199	0.366339805232125	80
0.0605695558319002	1.27005874633258	436
0.0904838986330199	0.366339805232125	3
0.0904838986330199	0.366339805232125	3
0.0608066386416399	1.26985540555962	198
-0.0331392097030401	2.11569341899929	68
0.0904838986330199	0.366339805232125	35
0.0904294418033702	0.366379981847431	3
0.0904294418033702	0.366379981847431	3
0.0699517095717401	1.92019859027147	105
0.06065148921429	1.27007010277034	198
0.0605695558319002	1.27005874633258	198
0.0611253550369901	1.26943367833825	273
0.0904838986330199	0.366339805232125	80
0.0904294418033702	0.366379981847431	3
0.0904838986330199	0.366339805232125	3
0.0601766780147899	1.27004899303449	329
0.0608066386416399	1.26985540555962	3
0.0904838986330199	0.366339805232125	672
0.0699786146057102	1.9201720707914	92
0.0609019956181598	1.26985288518349	92
0.0699786146057102	1.9201720707914	68
0.0904294418033702	0.366379981847431	3
0.0904838986330199	0.366339805232125	3
0.0904294418033702	0.366379981847431	490
0.0904294418033702	0.366379981847431	198
0.0608066386416399	1.26985540555962	68
0.0904838986330199	0.366339805232125	3
0.0904294418033702	0.366379981847431	672
0.06165575714975	1.26872549798424	554
0.0612791696730999	1.2693702277358	198
0.06041427112834	1.27014049646167	20
0.0601766780147899	1.27004899303449	126
0.0904838986330199	0.366339805232125	80
0.0904294418033702	0.366379981847431	436
0.0904838986330199	0.366339805232125	3
0.0904294418033702	0.366379981847431	3
0.0904294418033702	0.366379981847431	3
0.0609019956181598	1.26985288518349	629
0.0904838986330199	0.366339805232125	336
0.0904838986330199	0.366339805232125	298
0.0904294418033702	0.366379981847431	298
0.0904838986330199	0.366339805232125	3
0.0904838986330199	0.366339805232125	3
0.0904294418033702	0.366379981847431	3
0.0904294418033702	0.366379981847431	490
0.0904838986330199	0.366339805232125	672
0.0904838986330199	0.366339805232125	672
0.0904838986330199	0.366339805232125	374
0.0904838986330199	0.366339805232125	126
0.0904838986330199	0.366339805232125	92
0.0904838986330199	0.366339805232125	80
0.0904838986330199	0.366339805232125	80
0.0904838986330199	0.366339805232125	80
0.0904294418033702	0.366379981847431	3
0.0904294418033702	0.366379981847431	3
0.0904838986330199	0.366339805232125	672
0.0904838986330199	0.366339805232125	672
0.0904294418033702	0.366379981847431	672
0.0904294418033702	0.366379981847431	374
0.0904294418033702	0.366379981847431	374
0.06165575714975	1.26872549798424	20
0.0609019956181598	1.26985288518349	126
0.0699786146057102	1.9201720707914	126
0.0904294418033702	0.366379981847431	126
0.0904294418033702	0.366379981847431	126
0.0904838986330199	0.366339805232125	273
0.0611253550369901	1.26943367833825	754
0.0904294418033702	0.366379981847431	3
0.0904294418033702	0.366379981847431	298
0.0904294418033702	0.366379981847431	3
0.0904294418033702	0.366379981847431	3
0.0904838986330199	0.366339805232125	672
0.0904838986330199	0.366339805232125	61
0.0608066386416399	1.26985540555962	61
0.0904838986330199	0.366339805232125	126
0.0904838986330199	0.366339805232125	126
0.0904294418033702	0.366379981847431	126
0.0904838986330199	0.366339805232125	273
0.0904294418033702	0.366379981847431	273
0.0603320982528199	1.27012956245085	33
0.0609019956181598	1.26985288518349	35
0.0904294418033702	0.366379981847431	80
0.0904838986330199	0.366339805232125	298
0.0611253550369901	1.26943367833825	298
0.0904294418033702	0.366379981847431	3
0.0603320982528199	1.27012956245085	198
0.0612791696730999	1.2693702277358	126
0.06989793163463	1.91941103141641	126
0.0904294418033702	0.366379981847431	126
0.0904294418033702	0.366379981847431	336
0.0904838986330199	0.366339805232125	3
0.0904294418033702	0.366379981847431	298
0.0904294418033702	0.366379981847431	3
0.0904838986330199	0.366339805232125	672
0.06041427112834	1.27014049646167	672
0.0605695558319002	1.27005874633258	629
0.0612791696730999	1.2693702277358	126
0.0904838986330199	0.366339805232125	126
0.0904294418033702	0.366379981847431	126
0.0700055950218399	1.92003282727069	92
0.0904838986330199	0.366339805232125	80
0.0904294418033702	0.366379981847431	80
0.0904294418033702	0.366379981847431	436
0.0904838986330199	0.366339805232125	298
0.0611253550369901	1.26943367833825	149
0.0904294418033702	0.366379981847431	3
0.0904294418033702	0.366379981847431	3
0.0904838986330199	0.366339805232125	672
-0.0330550199134398	2.11674789280476	105
0.0904294418033702	0.366379981847431	126
0.0904294418033702	0.366379981847431	126
0.0904294418033702	0.366379981847431	80
0.0904838986330199	0.366339805232125	80
0.0904838986330199	0.366339805232125	3
0.0904838986330199	0.366339805232125	3
0.0904294418033702	0.366379981847431	3
0.0904294418033702	0.366379981847431	3
0.0904294418033702	0.366379981847431	3
0.0699517095717401	1.92019859027147	105
0.0698711514481301	1.91931929782187	92
-0.0330856008410101	2.11657106884092	33
0.0904294418033702	0.366379981847431	3
0.0904838986330199	0.366339805232125	3
0.0904838986330199	0.366339805232125	3
0.0608066386416399	1.26985540555962	198
0.0612791696730999	1.2693702277358	33
0.0904294418033702	0.366379981847431	80
0.0904294418033702	0.366379981847431	80
0.0904294418033702	0.366379981847431	436
0.0904838986330199	0.366339805232125	3
0.0904294418033702	0.366379981847431	3
0.0608066386416399	1.26985540555962	149
0.0700326508418501	1.91978070509961	52
0.0904294418033702	0.366379981847431	425
0.0699786146057102	1.9201720707914	231
0.06041427112834	1.27014049646167	92
0.0611253550369901	1.26943367833825	33
0.0904838986330199	0.366339805232125	3
0.0904294418033702	0.366379981847431	3
0.0904838986330199	0.366339805232125	149
0.0605695558319002	1.27005874633258	490
0.0615023106622399	1.26878837768738	198
0.0612791696730999	1.2693702277358	266
0.0904838986330199	0.366339805232125	3
0.0904294418033702	0.366379981847431	3
0.0904294418033702	0.366379981847431	3
0.0603320982528199	1.27012956245085	198
0.0904294418033702	0.366379981847431	425
0.0904838986330199	0.366339805232125	425
0.0609019956181598	1.26985288518349	437
0.0904294418033702	0.366379981847431	437
0.0904838986330199	0.366339805232125	3
0.0904294418033702	0.366379981847431	3
0.0904294418033702	0.366379981847431	425
0.0904294418033702	0.366379981847431	425
0.0904838986330199	0.366339805232125	425
0.06065148921429	1.27007010277034	126
0.0601766780147899	1.27004899303449	231
0.0601766780147899	1.27004899303449	24
0.0904294418033702	0.366379981847431	24
0.0605695558319002	1.27005874633258	24
0.0612791696730999	1.2693702277358	24
0.0904838986330199	0.366339805232125	3
0.0904838986330199	0.366339805232125	3
0.0904838986330199	0.366339805232125	3
0.0904294418033702	0.366379981847431	425
0.0904838986330199	0.366339805232125	425
0.0904838986330199	0.366339805232125	425
0.0904294418033702	0.366379981847431	425
0.0904838986330199	0.366339805232125	24
0.0904294418033702	0.366379981847431	24
0.0904838986330199	0.366339805232125	24
0.0904838986330199	0.366339805232125	437
0.0609019956181598	1.26985288518349	52
0.0904294418033702	0.366379981847431	425
0.0904294418033702	0.366379981847431	425
0.0904294418033702	0.366379981847431	437
0.0904838986330199	0.366339805232125	80
0.0605695558319002	1.27005874633258	525
0.0904838986330199	0.366339805232125	525
0.0904838986330199	0.366339805232125	425
0.0904838986330199	0.366339805232125	425
0.0904838986330199	0.366339805232125	96
0.0904838986330199	0.366339805232125	3
-0.0331116511251	2.11627427707283	52
0.0699786146057102	1.9201720707914	52
0.0609019956181598	1.26985288518349	198
0.0904838986330199	0.366339805232125	425
0.0904294418033702	0.366379981847431	425
0.0904838986330199	0.366339805232125	24
0.0609019956181598	1.26985288518349	24
0.0904294418033702	0.366379981847431	437
0.06165575714975	1.26872549798424	266
0.0904294418033702	0.366379981847431	3
0.0904838986330199	0.366339805232125	626
0.0904838986330199	0.366339805232125	425
0.0904294418033702	0.366379981847431	425
0.0904838986330199	0.366339805232125	425
0.0904294418033702	0.366379981847431	425
0.0904838986330199	0.366339805232125	425
0.0904838986330199	0.366339805232125	425
0.0904838986330199	0.366339805232125	24
0.0904294418033702	0.366379981847431	24
0.0612791696730999	1.2693702277358	92
0.0904838986330199	0.366339805232125	437
0.0605695558319002	1.27005874633258	266
0.06041427112834	1.27014049646167	35
0.0904838986330199	0.366339805232125	3
0.0904838986330199	0.366339805232125	3
0.0904838986330199	0.366339805232125	626
0.0904294418033702	0.366379981847431	425
0.0904838986330199	0.366339805232125	425
0.0609019956181598	1.26985288518349	425
0.0904838986330199	0.366339805232125	425
0.0904294418033702	0.366379981847431	24
0.06165575714975	1.26872549798424	266
0.06009426510475	1.27003850033392	35
0.0904838986330199	0.366339805232125	3
0.0904838986330199	0.366339805232125	425
0.0904294418033702	0.366379981847431	425
0.0904294418033702	0.366379981847431	425
0.0904838986330199	0.366339805232125	425
0.0904294418033702	0.366379981847431	24
0.0904294418033702	0.366379981847431	24
0.0904294418033702	0.366379981847431	437
0.0699517179921201	1.91924558070435	678
0.0609019956181598	1.26985288518349	96
0.0904838986330199	0.366339805232125	3
0.0904294418033702	0.366379981847431	3
0.06041427112834	1.27014049646167	20
0.0904294418033702	0.366379981847431	425
0.0904838986330199	0.366339805232125	425
0.0904294418033702	0.366379981847431	425
0.0904838986330199	0.366339805232125	425
0.0904838986330199	0.366339805232125	437
0.0904294418033702	0.366379981847431	3
0.0904294418033702	0.366379981847431	3
0.0904294418033702	0.366379981847431	198
0.0904294418033702	0.366379981847431	425
0.0904294418033702	0.366379981847431	425
0.0904838986330199	0.366339805232125	425
0.0904294418033702	0.366379981847431	24
0.0904294418033702	0.366379981847431	24
0.0904294418033702	0.366379981847431	24
0.0904294418033702	0.366379981847431	437
0.0904294418033702	0.366379981847431	3
0.0612791696730999	1.2693702277358	3
0.0904294418033702	0.366379981847431	3
0.0611253550369901	1.26943367833825	105
0.0612791696730999	1.2693702277358	105
0.0904294418033702	0.366379981847431	425
0.0904294418033702	0.366379981847431	425
0.0609019956181598	1.26985288518349	437
0.0904838986330199	0.366339805232125	80
0.0904294418033702	0.366379981847431	425
0.0904838986330199	0.366339805232125	425
0.0904838986330199	0.366339805232125	24
0.0611253550369901	1.26943367833825	437
0.0609019956181598	1.26985288518349	266
0.0904294418033702	0.366379981847431	96
0.0904838986330199	0.366339805232125	3
0.0904294418033702	0.366379981847431	425
0.0904294418033702	0.366379981847431	425
0.0904294418033702	0.366379981847431	425
0.0904294418033702	0.366379981847431	425
0.0904838986330199	0.366339805232125	24
0.0904294418033702	0.366379981847431	35
0.0904294418033702	0.366379981847431	80
0.0904294418033702	0.366379981847431	3
0.0904294418033702	0.366379981847431	3
0.0605695558319002	1.27005874633258	149
0.06997863969747	1.91899791446346	105
0.0904294418033702	0.366379981847431	425
0.0904294418033702	0.366379981847431	425
0.0904838986330199	0.366339805232125	425
0.0904838986330199	0.366339805232125	425
0.0904294418033702	0.366379981847431	425
0.0904294418033702	0.366379981847431	425
0.0904838986330199	0.366339805232125	425
0.0904294418033702	0.366379981847431	425
0.0904838986330199	0.366339805232125	425
0.0603320982528199	1.27012956245085	79
0.0904838986330199	0.366339805232125	437
0.0904294418033702	0.366379981847431	96
0.0904294418033702	0.366379981847431	3
0.0904294418033702	0.366379981847431	3
0.0904838986330199	0.366339805232125	425
0.0904294418033702	0.366379981847431	425
0.0904838986330199	0.366339805232125	425
0.0904838986330199	0.366339805232125	425
0.0904294418033702	0.366379981847431	425
0.0605695558319002	1.27005874633258	126
0.0904838986330199	0.366339805232125	24
0.0904838986330199	0.366339805232125	24
0.0904838986330199	0.366339805232125	437
0.0904294418033702	0.366379981847431	425
0.0904838986330199	0.366339805232125	425
0.0904294418033702	0.366379981847431	425
0.0904294418033702	0.366379981847431	425
0.0904838986330199	0.366339805232125	425
0.0904294418033702	0.366379981847431	425
0.0904294418033702	0.366379981847431	425
0.0904294418033702	0.366379981847431	425
0.0904294418033702	0.366379981847431	425
0.0904294418033702	0.366379981847431	425
0.0603320982528199	1.27012956245085	24
0.0904294418033702	0.366379981847431	437
0.0904838986330199	0.366339805232125	437
0.0904294418033702	0.366379981847431	437
0.0904294418033702	0.366379981847431	96
0.0904838986330199	0.366339805232125	80
0.0904838986330199	0.366339805232125	3
0.0904838986330199	0.366339805232125	3
0.0904838986330199	0.366339805232125	3
0.06065148921429	1.27007010277034	20
0.06065148921429	1.27007010277034	626
0.0904294418033702	0.366379981847431	198
0.0904294418033702	0.366379981847431	425
0.0904838986330199	0.366339805232125	425
0.0904294418033702	0.366379981847431	425
0.0700595035102301	1.91892360269037	92
0.0904294418033702	0.366379981847431	80
0.0904838986330199	0.366339805232125	3
0.0904838986330199	0.366339805232125	3
0.06041427112834	1.27014049646167	20
0.0904838986330199	0.366339805232125	425
0.0904294418033702	0.366379981847431	425
0.0608066386416399	1.26985540555962	24
0.0904294418033702	0.366379981847431	80
0.0904294418033702	0.366379981847431	3
0.0904294418033702	0.366379981847431	3
0.0904294418033702	0.366379981847431	3
0.0904294418033702	0.366379981847431	3
0.0904838986330199	0.366339805232125	425
0.0904294418033702	0.366379981847431	425
0.0611253550369901	1.26943367833825	198
0.0611253550369901	1.26943367833825	437
0.0904294418033702	0.366379981847431	80
0.0904294418033702	0.366379981847431	425
0.0700597820862798	1.91940981612485	79
0.06065148921429	1.27007010277034	92
0.0904838986330199	0.366339805232125	3
0.0904294418033702	0.366379981847431	3
0.0904838986330199	0.366339805232125	3
0.0904294418033702	0.366379981847431	298
-0.0330918685136199	2.11588456803398	149
0.0904838986330199	0.366339805232125	3
0.0699247871415198	1.91938461027322	149
0.0612791696730999	1.2693702277358	79
0.0608066386416399	1.26985540555962	266
0.0605695558319002	1.27005874633258	35
0.0904838986330199	0.366339805232125	3
0.0904294418033702	0.366379981847431	3
0.0904294418033702	0.366379981847431	3
0.0904838986330199	0.366339805232125	298
0.0609019956181598	1.26985288518349	91
-0.0330568991107501	2.11659102982237	91
0.0904294418033702	0.366379981847431	80
0.0904294418033702	0.366379981847431	80
0.0904294418033702	0.366379981847431	3
0.0904838986330199	0.366339805232125	3
0.0698711514481301	1.91931929782187	126
0.0608066386416399	1.26985540555962	126
0.0608066386416399	1.26985540555962	617
0.0904838986330199	0.366339805232125	298
0.06165575714975	1.26872549798424	149
0.06041427112834	1.27014049646167	198
0.0608066386416399	1.26985540555962	126
-0.03309382198991	2.11584397704076	92
0.0904294418033702	0.366379981847431	80
0.0904838986330199	0.366339805232125	80
0.0904294418033702	0.366379981847431	3
0.0904294418033702	0.366379981847431	80
0.0904294418033702	0.366379981847431	80
0.0904838986330199	0.366339805232125	3
0.0904838986330199	0.366339805232125	3
0.0904294418033702	0.366379981847431	3
0.0611253550369901	1.26943367833825	670
0.0605695558319002	1.27005874633258	670
0.0612791696730999	1.2693702277358	20
0.0608066386416399	1.26985540555962	198
0.0609019956181598	1.26985288518349	198
0.0608066386416399	1.26985540555962	126
-0.03301619813604	2.11554801510844	126
0.0605695558319002	1.27005874633258	126
0.0609019956181598	1.26985288518349	126
0.06165575714975	1.26872549798424	126
0.06065148921429	1.27007010277034	35
0.0904294418033702	0.366379981847431	3
0.0904294418033702	0.366379981847431	380
0.06065148921429	1.27007010277034	437
0.0904294418033702	0.366379981847431	670
0.0608066386416399	1.26985540555962	20
0.0612791696730999	1.2693702277358	198
0.0605695558319002	1.27005874633258	91
0.0904294418033702	0.366379981847431	266
0.0904838986330199	0.366339805232125	35
0.0904838986330199	0.366339805232125	80
0.0904294418033702	0.366379981847431	3
0.0904838986330199	0.366339805232125	298
0.0904838986330199	0.366339805232125	3
0.0904294418033702	0.366379981847431	3
0.0608066386416399	1.26985540555962	198
0.0612791696730999	1.2693702277358	198
0.0612791696730999	1.2693702277358	35
0.0904838986330199	0.366339805232125	80
0.0904838986330199	0.366339805232125	3
0.0904294418033702	0.366379981847431	3
0.0904294418033702	0.366379981847431	3
0.0904838986330199	0.366339805232125	3
0.0904294418033702	0.366379981847431	380
0.0904838986330199	0.366339805232125	380
0.0904838986330199	0.366339805232125	380
0.0609019956181598	1.26985288518349	20
0.0608066386416399	1.26985540555962	126
0.0904838986330199	0.366339805232125	126
0.0609019956181598	1.26985288518349	469
0.0904294418033702	0.366379981847431	80
0.0904838986330199	0.366339805232125	298
0.0904838986330199	0.366339805232125	3
0.0904838986330199	0.366339805232125	3
0.0904294418033702	0.366379981847431	3
0.0609019956181598	1.26985288518349	126
0.0904294418033702	0.366379981847431	469
0.0904294418033702	0.366379981847431	3
0.0904294418033702	0.366379981847431	3
0.0904294418033702	0.366379981847431	670
0.0700595035102301	1.91892360269037	730
0.0603320982528199	1.27012956245085	35
0.0904294418033702	0.366379981847431	80
0.0904294418033702	0.366379981847431	80
0.0904838986330199	0.366339805232125	298
0.0904294418033702	0.366379981847431	3
0.0904838986330199	0.366339805232125	3
0.0904294418033702	0.366379981847431	380
0.0608066386416399	1.26985540555962	126
0.0609019956181598	1.26985288518349	469
0.0904838986330199	0.366339805232125	3
0.0904838986330199	0.366339805232125	3
0.0904294418033702	0.366379981847431	3
0.0601766780147899	1.27004899303449	3
0.0609019956181598	1.26985288518349	20
0.0700055950218399	1.92003282727069	126
0.0700055950218399	1.92003282727069	92
0.0904838986330199	0.366339805232125	3
0.0904294418033702	0.366379981847431	3
0.0611253550369901	1.26943367833825	79
0.0611253550369901	1.26943367833825	92
0.0699248798971	1.92010683368015	617
0.0609019956181598	1.26985288518349	91
0.0904838986330199	0.366339805232125	96
0.0904294418033702	0.366379981847431	80
0.0904838986330199	0.366339805232125	80
0.0612791696730999	1.2693702277358	298
0.0904294418033702	0.366379981847431	3
0.0904294418033702	0.366379981847431	3
0.0904294418033702	0.366379981847431	198
0.0605695558319002	1.27005874633258	173
0.0904294418033702	0.366379981847431	3
0.0904294418033702	0.366379981847431	3
0.0904838986330199	0.366339805232125	3
0.0904294418033702	0.366379981847431	298
0.0904294418033702	0.366379981847431	3
0.06065148921429	1.27007010277034	52
0.0904838986330199	0.366339805232125	198
0.0904838986330199	0.366339805232125	198
0.0904294418033702	0.366379981847431	198
0.0904294418033702	0.366379981847431	79
0.0904838986330199	0.366339805232125	173
0.0608066386416399	1.26985540555962	173
-0.0330918685136199	2.11588456803398	91
0.0904294418033702	0.366379981847431	3
0.0904294418033702	0.366379981847431	3
0.0904294418033702	0.366379981847431	3
0.0608066386416399	1.26985540555962	20
0.0904838986330199	0.366339805232125	198
0.06065148921429	1.27007010277034	79
0.06041427112834	1.27014049646167	617
0.0904294418033702	0.366379981847431	91
0.0904294418033702	0.366379981847431	3
0.0904838986330199	0.366339805232125	3
0.0609019956181598	1.26985288518349	52
0.0904838986330199	0.366339805232125	3
0.0904838986330199	0.366339805232125	3
0.0904294418033702	0.366379981847431	3
0.0904294418033702	0.366379981847431	3
0.0611253550369901	1.26943367833825	52
0.06995183587332	1.91877508234664	169
-0.0330622718622702	2.11536709665261	105
0.0603320982528199	1.27012956245085	198
0.0904294418033702	0.366379981847431	79
0.0609019956181598	1.26985288518349	79
0.0904294418033702	0.366379981847431	79
0.0904294418033702	0.366379981847431	79
0.0603320982528199	1.27012956245085	617
0.06041427112834	1.27014049646167	173
0.0904294418033702	0.366379981847431	3
0.0904294418033702	0.366379981847431	3
0.0904294418033702	0.366379981847431	3
0.0904294418033702	0.366379981847431	3
0.0904294418033702	0.366379981847431	3
0.0904294418033702	0.366379981847431	198
0.0904838986330199	0.366339805232125	3
-0.0330568991107501	2.11659102982237	52
0.06165575714975	1.26872549798424	126
0.0605695558319002	1.27005874633258	126
0.06165575714975	1.26872549798424	91
0.0608066386416399	1.26985540555962	91
0.0904838986330199	0.366339805232125	3
0.0904838986330199	0.366339805232125	3
0.0904294418033702	0.366379981847431	3
0.0699517095717401	1.92019859027147	169
0.0698981255578999	1.91988357530134	84
-0.0330622718622702	2.11536709665261	84
-0.03301619813604	2.11554801510844	84
0.0904294418033702	0.366379981847431	35
0.0904294418033702	0.366379981847431	298
0.0904838986330199	0.366339805232125	298
0.0904838986330199	0.366339805232125	3
0.0904838986330199	0.366339805232125	3
0.0904294418033702	0.366379981847431	3
0.0605695558319002	1.27005874633258	664
0.0904838986330199	0.366339805232125	664
0.0611253550369901	1.26943367833825	84
0.0904838986330199	0.366339805232125	35
0.0904838986330199	0.366339805232125	3
-0.0330587341767199	2.11631541974353	169
0.0609019956181598	1.26985288518349	20
0.0611253550369901	1.26943367833825	84
0.0904294418033702	0.366379981847431	35
0.0904838986330199	0.366339805232125	298
0.0904838986330199	0.366339805232125	3
0.0904838986330199	0.366339805232125	298
0.0904294418033702	0.366379981847431	3
0.0904838986330199	0.366339805232125	664
0.0904838986330199	0.366339805232125	664
0.0612791696730999	1.2693702277358	126
0.0609019956181598	1.26985288518349	92
0.0904294418033702	0.366379981847431	80
0.0904838986330199	0.366339805232125	80
0.06065148921429	1.27007010277034	266
0.0904838986330199	0.366339805232125	3
0.0904838986330199	0.366339805232125	3
0.0605695558319002	1.27005874633258	91
0.06065148921429	1.27007010277034	91
0.0904294418033702	0.366379981847431	298
0.0904294418033702	0.366379981847431	3
0.0904294418033702	0.366379981847431	298
0.0612791696730999	1.2693702277358	52
0.0904294418033702	0.366379981847431	3
0.0904294418033702	0.366379981847431	3
0.0904294418033702	0.366379981847431	3
0.0904294418033702	0.366379981847431	3
0.0904294418033702	0.366379981847431	3
0.0605695558319002	1.27005874633258	3
0.0609019956181598	1.26985288518349	169
0.0612791696730999	1.2693702277358	126
0.0611253550369901	1.26943367833825	126
-0.0330550199134398	2.11674789280476	84
0.0603320982528199	1.27012956245085	92
0.0904294418033702	0.366379981847431	80
0.0904838986330199	0.366339805232125	3
0.0608066386416399	1.26985540555962	126
0.0609019956181598	1.26985288518349	126
0.0904294418033702	0.366379981847431	298
0.0700324734930602	1.91906279800953	20
0.0609019956181598	1.26985288518349	126
0.0904294418033702	0.366379981847431	3
0.0904294418033702	0.366379981847431	3
0.0904294418033702	0.366379981847431	126
0.0609019956181598	1.26985288518349	634
0.0700326508418501	1.91978070509961	92
0.0603320982528199	1.27012956245085	91
0.0904838986330199	0.366339805232125	298
0.0904838986330199	0.366339805232125	3
0.0904838986330199	0.366339805232125	3
0.0904294418033702	0.366379981847431	3
0.0904294418033702	0.366379981847431	3
0.0700055188962501	1.919089416863	84
0.0904294418033702	0.366379981847431	3
0.0904294418033702	0.366379981847431	3
0.0608066386416399	1.26985540555962	126
0.06165575714975	1.26872549798424	84
0.0615023106622399	1.26878837768738	634
0.0609019956181598	1.26985288518349	617
0.0904294418033702	0.366379981847431	80
0.0904294418033702	0.366379981847431	298
0.0698981255578999	1.91988357530134	20
0.0904294418033702	0.366379981847431	126
0.0904294418033702	0.366379981847431	80
0.06065148921429	1.27007010277034	298
0.0904294418033702	0.366379981847431	3
0.0904294418033702	0.366379981847431	3
0.0904294418033702	0.366379981847431	298
0.0904294418033702	0.366379981847431	3
0.0605695558319002	1.27005874633258	126
0.0904294418033702	0.366379981847431	35
0.0904838986330199	0.366339805232125	3
0.0904294418033702	0.366379981847431	3
0.0904294418033702	0.366379981847431	3
0.0904838986330199	0.366339805232125	52
0.0612791696730999	1.2693702277358	52
0.0609019956181598	1.26985288518349	169
0.0608066386416399	1.26985540555962	91
0.0904838986330199	0.366339805232125	3
0.0904838986330199	0.366339805232125	298
0.0904838986330199	0.366339805232125	3
0.0699786146057102	1.9201720707914	52
0.06997863969747	1.91899791446346	422
0.0904838986330199	0.366339805232125	3
0.0609019956181598	1.26985288518349	126
0.0605695558319002	1.27005874633258	84
0.0609019956181598	1.26985288518349	35
0.0904294418033702	0.366379981847431	3
0.0904294418033702	0.366379981847431	3
0.0904838986330199	0.366339805232125	126
0.0611253550369901	1.26943367833825	91
0.0605695558319002	1.27005874633258	91
0.0904294418033702	0.366379981847431	80
0.0904838986330199	0.366339805232125	80
0.0904838986330199	0.366339805232125	3
0.0904838986330199	0.366339805232125	3
0.0904294418033702	0.366379981847431	3
0.0609019956181598	1.26985288518349	250
0.0904294418033702	0.366379981847431	80
0.0904838986330199	0.366339805232125	80
0.0904294418033702	0.366379981847431	80
0.0904838986330199	0.366339805232125	298
0.0904838986330199	0.366339805232125	3
0.0904294418033702	0.366379981847431	3
0.0609019956181598	1.26985288518349	665
0.0698711514481301	1.91931929782187	91
0.06065148921429	1.27007010277034	3
0.0904294418033702	0.366379981847431	665
0.0699786146057102	1.9201720707914	169
0.06065148921429	1.27007010277034	84
0.0904294418033702	0.366379981847431	3
0.0904294418033702	0.366379981847431	298
0.0699786146057102	1.9201720707914	149
0.0904294418033702	0.366379981847431	3
0.0904294418033702	0.366379981847431	3
0.0904294418033702	0.366379981847431	3
0.0904294418033702	0.366379981847431	3
0.0904294418033702	0.366379981847431	298
0.0904838986330199	0.366339805232125	126
0.0904294418033702	0.366379981847431	250
0.0904838986330199	0.366339805232125	80
0.0904838986330199	0.366339805232125	3
0.0612791696730999	1.2693702277358	665
0.06065148921429	1.27007010277034	20
0.0609019956181598	1.26985288518349	92
0.0904838986330199	0.366339805232125	80
0.0612791696730999	1.2693702277358	298
0.0904294418033702	0.366379981847431	3
0.0598560555887802	1.26960079780006	126
0.0904294418033702	0.366379981847431	126
0.0904294418033702	0.366379981847431	3
0.0904838986330199	0.366339805232125	298
0.0904294418033702	0.366379981847431	298
0.0609019956181598	1.26985288518349	20
0.0904838986330199	0.366339805232125	80
0.0904294418033702	0.366379981847431	80
0.0605695558319002	1.27005874633258	3
0.0904294418033702	0.366379981847431	3
0.0615023106622399	1.26878837768738	665
0.0904838986330199	0.366339805232125	80
0.0904294418033702	0.366379981847431	3
0.0904838986330199	0.366339805232125	3
0.0904294418033702	0.366379981847431	3
0.0904838986330199	0.366339805232125	665
-0.0330568991107501	2.11659102982237	126
0.0609019956181598	1.26985288518349	92
0.06065148921429	1.27007010277034	92
0.0699786146057102	1.9201720707914	617
-0.0330530965986102	2.11678859346384	91
0.0904838986330199	0.366339805232125	80
0.0904838986330199	0.366339805232125	80
0.0904294418033702	0.366379981847431	3
0.0904294418033702	0.366379981847431	3
0.0904294418033702	0.366379981847431	3
0.0904838986330199	0.366339805232125	3
0.0605695558319002	1.27005874633258	720
0.0904294418033702	0.366379981847431	298
0.0904838986330199	0.366339805232125	298
0.0608066386416399	1.26985540555962	3
0.0904838986330199	0.366339805232125	3
0.0904838986330199	0.366339805232125	3
0.0904294418033702	0.366379981847431	665
0.0904838986330199	0.366339805232125	665
-0.0330587341767199	2.11631541974353	20
0.0603320982528199	1.27012956245085	266
0.0904838986330199	0.366339805232125	3
0.0605695558319002	1.27005874633258	169
0.0605695558319002	1.27005874633258	91
0.0904838986330199	0.366339805232125	3
0.0608066386416399	1.26985540555962	52
0.0609019956181598	1.26985288518349	20
-0.0330856008410101	2.11657106884092	20
0.06989793163463	1.91941103141641	169
-0.03305947916453	2.11672555240098	92
0.0904838986330199	0.366339805232125	80
0.0904294418033702	0.366379981847431	298
0.0605695558319002	1.27005874633258	242
0.0904838986330199	0.366339805232125	665
0.0605695558319002	1.27005874633258	126
0.06065148921429	1.27007010277034	126
0.0609019956181598	1.26985288518349	92
0.0601766780147899	1.27004899303449	92
0.0699786146057102	1.9201720707914	92
0.0699248798971	1.92010683368015	91
0.0904838986330199	0.366339805232125	3
0.0904838986330199	0.366339805232125	3
0.0904294418033702	0.366379981847431	298
0.0612791696730999	1.2693702277358	242
0.0904838986330199	0.366339805232125	3
0.0904294418033702	0.366379981847431	126
0.0609019956181598	1.26985288518349	695
0.0904294418033702	0.366379981847431	3
0.0904294418033702	0.366379981847431	3
0.0612791696730999	1.2693702277358	52
0.06041427112834	1.27014049646167	20
0.06065148921429	1.27007010277034	126
0.0904294418033702	0.366379981847431	80
0.0904294418033702	0.366379981847431	298
0.0904294418033702	0.366379981847431	3
0.0904838986330199	0.366339805232125	298
0.0904838986330199	0.366339805232125	3
0.0603320982528199	1.27012956245085	20
0.06065148921429	1.27007010277034	92
0.0904838986330199	0.366339805232125	80
0.0904294418033702	0.366379981847431	298
0.0700326508418501	1.91978070509961	20
0.0608066386416399	1.26985540555962	92
0.0601766780147899	1.27004899303449	92
0.0904838986330199	0.366339805232125	3
0.0904294418033702	0.366379981847431	3
0.06065148921429	1.27007010277034	126
0.0904838986330199	0.366339805232125	80
0.0904294418033702	0.366379981847431	298
0.0904838986330199	0.366339805232125	3
0.0904838986330199	0.366339805232125	3
0.0612791696730999	1.2693702277358	169
-0.0330143050043299	2.11558873626435	169
0.06041427112834	1.27014049646167	20
0.0904294418033702	0.366379981847431	3
0.0904838986330199	0.366339805232125	298
0.0904838986330199	0.366339805232125	298
0.0904294418033702	0.366379981847431	109
0.0904294418033702	0.366379981847431	3
0.0904294418033702	0.366379981847431	3
0.0904838986330199	0.366339805232125	3
0.0904838986330199	0.366339805232125	3
0.0609019956181598	1.26985288518349	720
0.0698981255578999	1.91988357530134	92
0.0904294418033702	0.366379981847431	3
0.0904838986330199	0.366339805232125	109
0.06997863969747	1.91899791446346	169
0.0698711514481301	1.91931929782187	433
0.0609019956181598	1.26985288518349	20
0.0700055950218399	1.92003282727069	20
0.0700595035102301	1.91892360269037	20
0.0605695558319002	1.27005874633258	720
0.0608066386416399	1.26985540555962	92
0.0904294418033702	0.366379981847431	3
0.0904294418033702	0.366379981847431	3
0.0904294418033702	0.366379981847431	3
0.0904838986330199	0.366339805232125	242
0.0904294418033702	0.366379981847431	3
0.0904838986330199	0.366339805232125	3
0.0904838986330199	0.366339805232125	3
0.0904294418033702	0.366379981847431	109
-0.0330580593708398	2.11504915364713	110
-0.0330550199134398	2.11674789280476	91
0.0904294418033702	0.366379981847431	3
0.0904294418033702	0.366379981847431	3
0.0904294418033702	0.366379981847431	3
0.0904294418033702	0.366379981847431	3
0.0904294418033702	0.366379981847431	109
0.0904838986330199	0.366339805232125	109
0.0904294418033702	0.366379981847431	109
0.0611253550369901	1.26943367833825	20
0.0612791696730999	1.2693702277358	90
0.0904838986330199	0.366339805232125	90
0.0904838986330199	0.366339805232125	90
0.0700055188962501	1.919089416863	92
0.0904838986330199	0.366339805232125	308
0.0904838986330199	0.366339805232125	308
0.0904838986330199	0.366339805232125	3
0.0904294418033702	0.366379981847431	3
0.0904294418033702	0.366379981847431	3
0.0904294418033702	0.366379981847431	3
0.0904838986330199	0.366339805232125	3
0.0904294418033702	0.366379981847431	3
0.0904294418033702	0.366379981847431	109
0.0904838986330199	0.366339805232125	109
0.0904838986330199	0.366339805232125	109
0.0904838986330199	0.366339805232125	109
0.0904294418033702	0.366379981847431	90
0.0904838986330199	0.366339805232125	90
0.0904838986330199	0.366339805232125	90
0.0608066386416399	1.26985540555962	758
0.0904838986330199	0.366339805232125	308
0.0904838986330199	0.366339805232125	308
0.0904294418033702	0.366379981847431	308
0.0609019956181598	1.26985288518349	308
0.0904838986330199	0.366339805232125	695
0.0904294418033702	0.366379981847431	35
0.0904838986330199	0.366339805232125	3
0.0904294418033702	0.366379981847431	3
0.0904294418033702	0.366379981847431	3
0.0904838986330199	0.366339805232125	3
0.0904838986330199	0.366339805232125	3
0.0904294418033702	0.366379981847431	3
0.0904838986330199	0.366339805232125	3
0.0904294418033702	0.366379981847431	3
0.0904294418033702	0.366379981847431	109
0.0904294418033702	0.366379981847431	109
0.0612791696730999	1.2693702277358	20
0.0904838986330199	0.366339805232125	90
0.0609019956181598	1.26985288518349	617
0.0904294418033702	0.366379981847431	3
0.0904838986330199	0.366339805232125	3
0.0609019956181598	1.26985288518349	657
0.0904294418033702	0.366379981847431	3
0.0904838986330199	0.366339805232125	3
0.0904838986330199	0.366339805232125	90
0.0904294418033702	0.366379981847431	90
0.0904294418033702	0.366379981847431	90
0.0904838986330199	0.366339805232125	90
0.0904294418033702	0.366379981847431	90
0.0904294418033702	0.366379981847431	617
0.06065148921429	1.27007010277034	35
0.0904838986330199	0.366339805232125	80
0.0904294418033702	0.366379981847431	3
0.0904838986330199	0.366339805232125	3
0.0904294418033702	0.366379981847431	3
0.0904838986330199	0.366339805232125	109
0.0904294418033702	0.366379981847431	20
0.0609019956181598	1.26985288518349	720
0.0904838986330199	0.366339805232125	308
0.0904294418033702	0.366379981847431	106
0.0612791696730999	1.2693702277358	695
0.0904294418033702	0.366379981847431	3
0.0904838986330199	0.366339805232125	3
0.0904838986330199	0.366339805232125	3
0.0612791696730999	1.2693702277358	20
0.06065148921429	1.27007010277034	20
0.0904838986330199	0.366339805232125	110
0.0904294418033702	0.366379981847431	90
0.0904294418033702	0.366379981847431	90
0.0904294418033702	0.366379981847431	90
0.0904294418033702	0.366379981847431	90
0.0904838986330199	0.366339805232125	308
0.0904838986330199	0.366339805232125	106
0.0601766780147899	1.27004899303449	695
0.0904838986330199	0.366339805232125	266
0.0904294418033702	0.366379981847431	3
0.0904294418033702	0.366379981847431	3
0.0609019956181598	1.26985288518349	52
0.0608066386416399	1.26985540555962	20
0.0700595035102301	1.91892360269037	106
0.0611253550369901	1.26943367833825	266
0.0904294418033702	0.366379981847431	80
0.0904294418033702	0.366379981847431	3
0.0904294418033702	0.366379981847431	3
0.0904294418033702	0.366379981847431	52
-0.0331392097030401	2.11569341899929	169
0.0904838986330199	0.366339805232125	90
0.0699787242086898	1.918993788212	84
-0.0330856008410101	2.11657106884092	743
0.0904838986330199	0.366339805232125	3
0.0904294418033702	0.366379981847431	3
0.0904294418033702	0.366379981847431	3
0.0904838986330199	0.366339805232125	109
0.0608066386416399	1.26985540555962	52
0.0611253550369901	1.26943367833825	25
0.0904838986330199	0.366339805232125	80
0.0904294418033702	0.366379981847431	3
0.0904294418033702	0.366379981847431	3
0.0904294418033702	0.366379981847431	3
0.0904838986330199	0.366339805232125	3
0.0904838986330199	0.366339805232125	3
0.0904294418033702	0.366379981847431	3
0.0605695558319002	1.27005874633258	52
0.06065148921429	1.27007010277034	169
0.0611253550369901	1.26943367833825	91
0.0612791696730999	1.2693702277358	91
0.0904294418033702	0.366379981847431	80
0.0904294418033702	0.366379981847431	80
0.0904294418033702	0.366379981847431	3
0.0904294418033702	0.366379981847431	3
0.0904838986330199	0.366339805232125	3
0.0904838986330199	0.366339805232125	109
0.0904294418033702	0.366379981847431	392
0.0904294418033702	0.366379981847431	3
0.0612791696730999	1.2693702277358	308
0.0904294418033702	0.366379981847431	298
0.0904294418033702	0.366379981847431	3
0.0904838986330199	0.366339805232125	3
0.0904838986330199	0.366339805232125	3
0.0904294418033702	0.366379981847431	109
0.0904838986330199	0.366339805232125	109
0.0904294418033702	0.366379981847431	90
0.0904294418033702	0.366379981847431	80
0.0904838986330199	0.366339805232125	3
-0.0330568991107501	2.11659102982237	20
0.0611253550369901	1.26943367833825	110
0.0904294418033702	0.366379981847431	90
0.0612791696730999	1.2693702277358	90
0.0904294418033702	0.366379981847431	308
0.0605695558319002	1.27005874633258	35
0.0904294418033702	0.366379981847431	3
0.0904294418033702	0.366379981847431	3
0.0904294418033702	0.366379981847431	3
0.0904294418033702	0.366379981847431	3
0.0609019956181598	1.26985288518349	392
0.0605695558319002	1.27005874633258	20
0.0608066386416399	1.26985540555962	90
0.0598560555887802	1.26960079780006	90
0.0904294418033702	0.366379981847431	90
0.0904294418033702	0.366379981847431	3
0.0904294418033702	0.366379981847431	298
0.0904294418033702	0.366379981847431	3
0.0904838986330199	0.366339805232125	3
0.0904294418033702	0.366379981847431	3
0.0904838986330199	0.366339805232125	3
0.0904294418033702	0.366379981847431	3
0.0904838986330199	0.366339805232125	3
0.0904838986330199	0.366339805232125	109
0.0612791696730999	1.2693702277358	20
0.0603320982528199	1.27012956245085	110
0.0904838986330199	0.366339805232125	90
0.0904838986330199	0.366339805232125	3
0.0904838986330199	0.366339805232125	3
0.0904294418033702	0.366379981847431	3
0.0904294418033702	0.366379981847431	242
0.0904838986330199	0.366339805232125	3
0.0904838986330199	0.366339805232125	3
0.0603320982528199	1.27012956245085	52
0.0608066386416399	1.26985540555962	110
0.0618786801123599	1.26779464508419	90
0.0904838986330199	0.366339805232125	90
0.0609019956181598	1.26985288518349	25
0.0608066386416399	1.26985540555962	106
0.0609019956181598	1.26985288518349	308
0.0904294418033702	0.366379981847431	3
0.0904838986330199	0.366339805232125	3
0.0904294418033702	0.366379981847431	109
0.0904294418033702	0.366379981847431	90
0.0609019956181598	1.26985288518349	25
0.0904294418033702	0.366379981847431	3
0.0904838986330199	0.366339805232125	3
0.0904294418033702	0.366379981847431	109
0.0904294418033702	0.366379981847431	109
0.0904838986330199	0.366339805232125	109
0.0904838986330199	0.366339805232125	109
0.06165575714975	1.26872549798424	110
0.06065148921429	1.27007010277034	110
0.0611253550369901	1.26943367833825	169
0.0904838986330199	0.366339805232125	90
0.0904838986330199	0.366339805232125	308
0.0904294418033702	0.366379981847431	35
0.0904294418033702	0.366379981847431	3
0.0904294418033702	0.366379981847431	3
0.0904294418033702	0.366379981847431	3
0.0904838986330199	0.366339805232125	3
0.0904838986330199	0.366339805232125	242
-0.0331131355438998	2.11584781802777	52
0.0608066386416399	1.26985540555962	109
0.0904294418033702	0.366379981847431	109
0.0904838986330199	0.366339805232125	109
0.0904294418033702	0.366379981847431	392
0.0698981255578999	1.91988357530134	536
0.0904294418033702	0.366379981847431	90
0.0904838986330199	0.366339805232125	90
0.0904838986330199	0.366339805232125	90
0.0904294418033702	0.366379981847431	90
0.0904838986330199	0.366339805232125	90
0.0904294418033702	0.366379981847431	308
0.0904294418033702	0.366379981847431	3
0.0904294418033702	0.366379981847431	3
0.0904294418033702	0.366379981847431	3
0.0904838986330199	0.366339805232125	3
0.0904838986330199	0.366339805232125	3
0.0904294418033702	0.366379981847431	109
0.0904294418033702	0.366379981847431	109
0.0904294418033702	0.366379981847431	109
0.0904294418033702	0.366379981847431	109
0.0904838986330199	0.366339805232125	109
0.0904294418033702	0.366379981847431	109
0.0904294418033702	0.366379981847431	90
0.0904294418033702	0.366379981847431	90
0.0904838986330199	0.366339805232125	90
0.0904838986330199	0.366339805232125	90
0.0904294418033702	0.366379981847431	90
0.0904294418033702	0.366379981847431	90
0.0904838986330199	0.366339805232125	90
0.0904294418033702	0.366379981847431	90
0.0605695558319002	1.27005874633258	106
0.0609019956181598	1.26985288518349	308
0.0904294418033702	0.366379981847431	106
0.0904294418033702	0.366379981847431	106
0.0904294418033702	0.366379981847431	3
0.0904838986330199	0.366339805232125	3
0.0904294418033702	0.366379981847431	3
0.0904294418033702	0.366379981847431	3
0.0904294418033702	0.366379981847431	3
0.0904294418033702	0.366379981847431	3
0.0904294418033702	0.366379981847431	3
0.0904294418033702	0.366379981847431	3
0.0904294418033702	0.366379981847431	3
0.0609019956181598	1.26985288518349	109
0.0904294418033702	0.366379981847431	109
0.0904294418033702	0.366379981847431	109
0.06041427112834	1.27014049646167	52
0.0904838986330199	0.366339805232125	392
0.0605695558319002	1.27005874633258	20
0.0609019956181598	1.26985288518349	20
0.0904838986330199	0.366339805232125	90
0.0608066386416399	1.26985540555962	25
0.0904838986330199	0.366339805232125	308
0.0904294418033702	0.366379981847431	308
0.0609019956181598	1.26985288518349	106
0.0904294418033702	0.366379981847431	3
0.0904838986330199	0.366339805232125	3
0.0904838986330199	0.366339805232125	3
0.0904838986330199	0.366339805232125	3
0.0904294418033702	0.366379981847431	3
0.0904838986330199	0.366339805232125	109
0.0904838986330199	0.366339805232125	90
0.0904294418033702	0.366379981847431	90
0.0904294418033702	0.366379981847431	90
0.0904838986330199	0.366339805232125	90
0.0904294418033702	0.366379981847431	90
0.0904294418033702	0.366379981847431	308
0.0603320982528199	1.27012956245085	106
0.0904294418033702	0.366379981847431	91
0.0904838986330199	0.366339805232125	80
0.0904294418033702	0.366379981847431	80
0.0904838986330199	0.366339805232125	3
0.0904838986330199	0.366339805232125	3
0.0904294418033702	0.366379981847431	109
0.0904294418033702	0.366379981847431	109
0.0904294418033702	0.366379981847431	109
-0.0331392097030401	2.11569341899929	20
0.06165575714975	1.26872549798424	110
0.0904294418033702	0.366379981847431	90
0.0904838986330199	0.366339805232125	90
0.0603320982528199	1.27012956245085	25
0.0612791696730999	1.2693702277358	106
0.0904294418033702	0.366379981847431	106
0.0904838986330199	0.366339805232125	35
0.0904294418033702	0.366379981847431	3
0.0904294418033702	0.366379981847431	3
0.0904838986330199	0.366339805232125	3
0.0904294418033702	0.366379981847431	3
0.0904838986330199	0.366339805232125	242
0.0904294418033702	0.366379981847431	3
0.0603320982528199	1.27012956245085	52
0.0700055950218399	1.92003282727069	20
0.0904838986330199	0.366339805232125	90
0.0904294418033702	0.366379981847431	90
0.0904838986330199	0.366339805232125	90
0.0699786146057102	1.9201720707914	25
0.0904838986330199	0.366339805232125	308
0.0904838986330199	0.366339805232125	308
0.0612791696730999	1.2693702277358	106
0.0609019956181598	1.26985288518349	743
0.0904838986330199	0.366339805232125	3
0.0620317592805502	1.26773231722031	3
0.0904838986330199	0.366339805232125	3
0.0904838986330199	0.366339805232125	3
0.0608066386416399	1.26985540555962	242
0.0904294418033702	0.366379981847431	242
0.0904294418033702	0.366379981847431	3
0.0608066386416399	1.26985540555962	242
0.0904838986330199	0.366339805232125	109
0.0904294418033702	0.366379981847431	109
-0.0330550199134398	2.11674789280476	52
0.0611253550369901	1.26943367833825	20
0.0904294418033702	0.366379981847431	308
0.0904294418033702	0.366379981847431	308
0.0615023106622399	1.26878837768738	695
0.0904838986330199	0.366339805232125	80
0.0904838986330199	0.366339805232125	3
0.0904294418033702	0.366379981847431	3
0.0611253550369901	1.26943367833825	289
0.0904838986330199	0.366339805232125	3
0.0904294418033702	0.366379981847431	3
0.0904838986330199	0.366339805232125	109
0.0904294418033702	0.366379981847431	109
0.0612791696730999	1.2693702277358	20
0.0612791696730999	1.2693702277358	20
0.0904838986330199	0.366339805232125	90
0.0904294418033702	0.366379981847431	90
0.0615023106622399	1.26878837768738	106
0.06065148921429	1.27007010277034	308
0.0904294418033702	0.366379981847431	3
0.0904294418033702	0.366379981847431	3
0.0904294418033702	0.366379981847431	3
0.0904838986330199	0.366339805232125	242
0.0904294418033702	0.366379981847431	109
0.0609019956181598	1.26985288518349	20
0.0700055950218399	1.92003282727069	110
0.0611253550369901	1.26943367833825	110
0.0904294418033702	0.366379981847431	90
0.0904838986330199	0.366339805232125	3
0.0904838986330199	0.366339805232125	242
0.0904838986330199	0.366339805232125	242
0.0904838986330199	0.366339805232125	109
0.0904838986330199	0.366339805232125	90
0.0612791696730999	1.2693702277358	25
0.0904294418033702	0.366379981847431	308
0.0700055950218399	1.92003282727069	87
0.0904838986330199	0.366339805232125	3
0.0904838986330199	0.366339805232125	3
0.0904838986330199	0.366339805232125	242
0.0904294418033702	0.366379981847431	3
0.0904838986330199	0.366339805232125	109
0.06165575714975	1.26872549798424	20
0.0611253550369901	1.26943367833825	110
0.0904294418033702	0.366379981847431	90
0.0904838986330199	0.366339805232125	3
0.0904294418033702	0.366379981847431	3
0.0904838986330199	0.366339805232125	298
0.0904294418033702	0.366379981847431	3
0.0904294418033702	0.366379981847431	3
0.0904838986330199	0.366339805232125	3
0.0904838986330199	0.366339805232125	242
0.0904294418033702	0.366379981847431	3
0.0904294418033702	0.366379981847431	3
0.0904294418033702	0.366379981847431	3
0.0904294418033702	0.366379981847431	109
0.0904838986330199	0.366339805232125	109
0.0904838986330199	0.366339805232125	109
0.0611253550369901	1.26943367833825	110
0.0612791696730999	1.2693702277358	110
0.0904294418033702	0.366379981847431	90
0.0904294418033702	0.366379981847431	90
0.0904838986330199	0.366339805232125	90
0.0904838986330199	0.366339805232125	308
0.0904294418033702	0.366379981847431	308
0.06165575714975	1.26872549798424	91
0.0904294418033702	0.366379981847431	35
0.0904294418033702	0.366379981847431	3
0.0904294418033702	0.366379981847431	3
0.0904294418033702	0.366379981847431	3
0.0904294418033702	0.366379981847431	3
0.0904838986330199	0.366339805232125	3
0.0904838986330199	0.366339805232125	109
0.0904838986330199	0.366339805232125	109
0.0904294418033702	0.366379981847431	90
0.0904294418033702	0.366379981847431	90
0.0904294418033702	0.366379981847431	90
0.0615023106622399	1.26878837768738	106
-0.0330530965986102	2.11678859346384	87
0.0904838986330199	0.366339805232125	298
0.0904838986330199	0.366339805232125	3
0.0904838986330199	0.366339805232125	3
0.0904838986330199	0.366339805232125	3
0.0904294418033702	0.366379981847431	109
0.0904294418033702	0.366379981847431	109
0.0904838986330199	0.366339805232125	109
0.0904294418033702	0.366379981847431	109
0.0904294418033702	0.366379981847431	109
0.0904838986330199	0.366339805232125	90
0.0904294418033702	0.366379981847431	3
0.0904294418033702	0.366379981847431	3
0.0904838986330199	0.366339805232125	242
0.0904294418033702	0.366379981847431	3
0.0699517095717401	1.92019859027147	52
0.0904294418033702	0.366379981847431	109
0.0904294418033702	0.366379981847431	392
0.0904838986330199	0.366339805232125	90
0.0904838986330199	0.366339805232125	90
0.0904838986330199	0.366339805232125	308
0.0904838986330199	0.366339805232125	3
0.0904838986330199	0.366339805232125	3
0.0904294418033702	0.366379981847431	3
0.0904838986330199	0.366339805232125	3
0.0904294418033702	0.366379981847431	90
0.07008660896894	1.91867167650292	106
-0.0330123677462	2.11551114634518	106
-0.03301619813604	2.11554801510844	106
0.0904838986330199	0.366339805232125	80
0.0904294418033702	0.366379981847431	298
0.0904294418033702	0.366379981847431	3
0.0904294418033702	0.366379981847431	3
0.0904838986330199	0.366339805232125	3
0.0904838986330199	0.366339805232125	3
0.06065148921429	1.27007010277034	52
0.0904294418033702	0.366379981847431	90
0.0904294418033702	0.366379981847431	3
0.0608066386416399	1.26985540555962	110
0.0904838986330199	0.366339805232125	3
0.0605695558319002	1.27005874633258	110
0.0603320982528199	1.27012956245085	84
0.0904294418033702	0.366379981847431	3
0.0904294418033702	0.366379981847431	3
0.0904838986330199	0.366339805232125	109
0.0699517179921201	1.91924558070435	87
0.0904838986330199	0.366339805232125	3
0.0904838986330199	0.366339805232125	3
-0.0330143050043299	2.11558873626435	169
0.0609019956181598	1.26985288518349	169
0.0904294418033702	0.366379981847431	3
0.0904294418033702	0.366379981847431	3
0.0904838986330199	0.366339805232125	242
0.0904294418033702	0.366379981847431	109
0.0603320982528199	1.27012956245085	52
0.0904294418033702	0.366379981847431	91
0.0904294418033702	0.366379981847431	298
0.0904294418033702	0.366379981847431	242
0.0904294418033702	0.366379981847431	242
0.0609019956181598	1.26985288518349	90
-0.0330550199134398	2.11674789280476	84
0.0904838986330199	0.366339805232125	3
0.0904294418033702	0.366379981847431	3
0.0904294418033702	0.366379981847431	3
0.0904294418033702	0.366379981847431	242
0.0904294418033702	0.366379981847431	109
0.0609019956181598	1.26985288518349	52
0.0615023106622399	1.26878837768738	90
0.0611253550369901	1.26943367833825	106
0.0904294418033702	0.366379981847431	308
0.0904838986330199	0.366339805232125	80
0.0904294418033702	0.366379981847431	3
0.0904294418033702	0.366379981847431	3
0.0904294418033702	0.366379981847431	242
0.0904294418033702	0.366379981847431	242
0.0608066386416399	1.26985540555962	52
-0.0330143050043299	2.11558873626435	106
0.0611253550369901	1.26943367833825	87
0.0904294418033702	0.366379981847431	3
0.0904838986330199	0.366339805232125	3
0.0904294418033702	0.366379981847431	3
0.0904838986330199	0.366339805232125	3
0.06065148921429	1.27007010277034	109
0.0904294418033702	0.366379981847431	110
0.0608066386416399	1.26985540555962	106
0.0904838986330199	0.366339805232125	3
-0.0330550199134398	2.11674789280476	20
0.0700055188962501	1.919089416863	90
0.06065148921429	1.27007010277034	84
0.0611253550369901	1.26943367833825	106
0.0904294418033702	0.366379981847431	80
0.0904838986330199	0.366339805232125	3
0.0904838986330199	0.366339805232125	3
0.0608066386416399	1.26985540555962	608
0.0608066386416399	1.26985540555962	91
0.0603320982528199	1.27012956245085	320
0.0904838986330199	0.366339805232125	3
0.0904838986330199	0.366339805232125	3
0.0904838986330199	0.366339805232125	3
0.0904838986330199	0.366339805232125	298
0.0904294418033702	0.366379981847431	3
0.0904294418033702	0.366379981847431	3
0.0904294418033702	0.366379981847431	3
0.0699247871415198	1.91938461027322	110
0.0612791696730999	1.2693702277358	110
0.0904294418033702	0.366379981847431	90
0.0904838986330199	0.366339805232125	90
0.0904294418033702	0.366379981847431	3
0.0904294418033702	0.366379981847431	298
0.0904294418033702	0.366379981847431	3
0.0904294418033702	0.366379981847431	3
0.0904838986330199	0.366339805232125	109
0.06165575714975	1.26872549798424	106
0.0904294418033702	0.366379981847431	3
0.0904294418033702	0.366379981847431	3
0.0904838986330199	0.366339805232125	3
0.0904294418033702	0.366379981847431	109
0.0904294418033702	0.366379981847431	109
0.0904294418033702	0.366379981847431	764
0.0904838986330199	0.366339805232125	90
0.0904838986330199	0.366339805232125	90
0.0904294418033702	0.366379981847431	90
0.0904838986330199	0.366339805232125	90
0.0904838986330199	0.366339805232125	106
0.0904294418033702	0.366379981847431	80
0.0904838986330199	0.366339805232125	3
0.0904838986330199	0.366339805232125	3
0.0904294418033702	0.366379981847431	109
0.0904838986330199	0.366339805232125	109
0.0904294418033702	0.366379981847431	764
0.0611253550369901	1.26943367833825	735
0.0605695558319002	1.27005874633258	20
0.06065148921429	1.27007010277034	608
0.0904294418033702	0.366379981847431	90
0.0904294418033702	0.366379981847431	106
0.0904294418033702	0.366379981847431	652
0.0904838986330199	0.366339805232125	320
0.0904838986330199	0.366339805232125	35
0.0904294418033702	0.366379981847431	3
0.0904294418033702	0.366379981847431	3
0.0904294418033702	0.366379981847431	3
0.0904294418033702	0.366379981847431	109
0.0904294418033702	0.366379981847431	109
0.0612791696730999	1.2693702277358	764
0.0904838986330199	0.366339805232125	90
0.0904838986330199	0.366339805232125	90
0.0904838986330199	0.366339805232125	90
0.0904838986330199	0.366339805232125	90
0.0904838986330199	0.366339805232125	652
0.0904838986330199	0.366339805232125	35
0.0904294418033702	0.366379981847431	3
0.0904294418033702	0.366379981847431	3
0.0904294418033702	0.366379981847431	3
0.0904294418033702	0.366379981847431	109
0.0904838986330199	0.366339805232125	109
0.0609019956181598	1.26985288518349	110
0.0904294418033702	0.366379981847431	652
0.0904294418033702	0.366379981847431	320
0.0904838986330199	0.366339805232125	3
0.0904838986330199	0.366339805232125	3
0.0904294418033702	0.366379981847431	3
0.0904838986330199	0.366339805232125	3
0.0904294418033702	0.366379981847431	3
0.0904294418033702	0.366379981847431	109
0.0904838986330199	0.366339805232125	109
0.0904838986330199	0.366339805232125	109
0.0904294418033702	0.366379981847431	109
0.0611253550369901	1.26943367833825	110
0.0904294418033702	0.366379981847431	90
0.0904294418033702	0.366379981847431	90
0.0904294418033702	0.366379981847431	3
0.0904838986330199	0.366339805232125	3
0.0904838986330199	0.366339805232125	3
0.0904838986330199	0.366339805232125	3
0.0904294418033702	0.366379981847431	109
0.0603320982528199	1.27012956245085	90
0.0904838986330199	0.366339805232125	90
0.0904294418033702	0.366379981847431	90
0.0904838986330199	0.366339805232125	90
0.0605695558319002	1.27005874633258	281
0.0904294418033702	0.366379981847431	106
0.0904838986330199	0.366339805232125	320
0.0904838986330199	0.366339805232125	3
0.0904294418033702	0.366379981847431	3
0.0904294418033702	0.366379981847431	3
0.0904838986330199	0.366339805232125	3
0.0904294418033702	0.366379981847431	109
0.0904838986330199	0.366339805232125	109
0.0904838986330199	0.366339805232125	764
0.0904838986330199	0.366339805232125	764
0.0904294418033702	0.366379981847431	90
0.0904838986330199	0.366339805232125	90
0.0904294418033702	0.366379981847431	90
0.0904294418033702	0.366379981847431	320
0.0904294418033702	0.366379981847431	35
0.0904838986330199	0.366339805232125	3
0.0904838986330199	0.366339805232125	3
0.0904838986330199	0.366339805232125	3
0.0904294418033702	0.366379981847431	109
0.0904838986330199	0.366339805232125	109
0.0904294418033702	0.366379981847431	109
0.0904294418033702	0.366379981847431	109
0.0700055950218399	1.92003282727069	169
0.0904294418033702	0.366379981847431	90
0.0904294418033702	0.366379981847431	90
0.0904294418033702	0.366379981847431	90
0.0904838986330199	0.366339805232125	90
0.0904294418033702	0.366379981847431	90
0.0904838986330199	0.366339805232125	90
0.06041427112834	1.27014049646167	84
0.0904838986330199	0.366339805232125	652
0.0904294418033702	0.366379981847431	652
0.0608066386416399	1.26985540555962	222
0.0904838986330199	0.366339805232125	80
0.0904294418033702	0.366379981847431	3
0.0904294418033702	0.366379981847431	3
0.0904838986330199	0.366339805232125	3
0.0904838986330199	0.366339805232125	109
0.0904838986330199	0.366339805232125	109
0.0904294418033702	0.366379981847431	109
0.0904294418033702	0.366379981847431	109
0.0904838986330199	0.366339805232125	109
0.0904838986330199	0.366339805232125	764
0.0904838986330199	0.366339805232125	90
0.0904294418033702	0.366379981847431	90
0.0904294418033702	0.366379981847431	652
0.0904294418033702	0.366379981847431	396
0.0904294418033702	0.366379981847431	35
0.0904838986330199	0.366339805232125	3
0.0904294418033702	0.366379981847431	3
0.0904838986330199	0.366339805232125	3
0.0904294418033702	0.366379981847431	109
0.0904294418033702	0.366379981847431	109
0.0904838986330199	0.366339805232125	109
0.0904294418033702	0.366379981847431	90
0.0904294418033702	0.366379981847431	90
0.0904838986330199	0.366339805232125	90
0.0904838986330199	0.366339805232125	25
0.0904294418033702	0.366379981847431	3
0.0904838986330199	0.366339805232125	3
0.0904294418033702	0.366379981847431	3
0.0904838986330199	0.366339805232125	3
0.0904838986330199	0.366339805232125	3
0.0904294418033702	0.366379981847431	109
0.0904294418033702	0.366379981847431	109
0.0904294418033702	0.366379981847431	90
0.0904838986330199	0.366339805232125	90
0.0612791696730999	1.2693702277358	25
0.0612791696730999	1.2693702277358	396
0.0904838986330199	0.366339805232125	35
0.0904838986330199	0.366339805232125	298
0.0904294418033702	0.366379981847431	3
0.0904838986330199	0.366339805232125	3
0.0699251073993699	1.91839393106653	52
0.0904838986330199	0.366339805232125	109
0.0904294418033702	0.366379981847431	109
0.0608066386416399	1.26985540555962	764
-0.0330856008410101	2.11657106884092	110
0.0904838986330199	0.366339805232125	90
0.0904294418033702	0.366379981847431	90
0.0904294418033702	0.366379981847431	90
0.06065148921429	1.27007010277034	281
0.0904294418033702	0.366379981847431	320
0.0904294418033702	0.366379981847431	3
0.0904294418033702	0.366379981847431	3
0.0904294418033702	0.366379981847431	298
0.0904294418033702	0.366379981847431	3
0.0904294418033702	0.366379981847431	3
0.0904838986330199	0.366339805232125	3
0.0904838986330199	0.366339805232125	109
0.06065148921429	1.27007010277034	20
0.0609019956181598	1.26985288518349	608
0.0904294418033702	0.366379981847431	90
0.0904294418033702	0.366379981847431	320
0.0904294418033702	0.366379981847431	298
0.0904838986330199	0.366339805232125	3
0.0904294418033702	0.366379981847431	3
0.0904838986330199	0.366339805232125	3
0.0904294418033702	0.366379981847431	109
0.06165575714975	1.26872549798424	90
0.0601766780147899	1.27004899303449	652
0.0904838986330199	0.366339805232125	80
0.0904294418033702	0.366379981847431	298
0.0904294418033702	0.366379981847431	109
0.0904294418033702	0.366379981847431	109
0.0612791696730999	1.2693702277358	52
0.0605695558319002	1.27005874633258	735
0.0904838986330199	0.366339805232125	90
0.06165575714975	1.26872549798424	90
0.0904838986330199	0.366339805232125	90
0.0603320982528199	1.27012956245085	106
0.0904294418033702	0.366379981847431	652
0.0904838986330199	0.366339805232125	652
0.06165575714975	1.26872549798424	87
0.0904838986330199	0.366339805232125	3
0.0904838986330199	0.366339805232125	3
0.0904294418033702	0.366379981847431	3
0.0904838986330199	0.366339805232125	3
0.0904294418033702	0.366379981847431	3
0.0904294418033702	0.366379981847431	109
0.0700326508418501	1.91978070509961	25
0.0605695558319002	1.27005874633258	106
0.0904838986330199	0.366339805232125	222
0.06065148921429	1.27007010277034	35
0.0904838986330199	0.366339805232125	3
0.0904294418033702	0.366379981847431	3
0.0904294418033702	0.366379981847431	3
0.0904838986330199	0.366339805232125	109
0.0904838986330199	0.366339805232125	109
0.0605695558319002	1.27005874633258	52
0.06165575714975	1.26872549798424	20
0.0904294418033702	0.366379981847431	90
0.0904294418033702	0.366379981847431	90
0.0904838986330199	0.366339805232125	90
0.0904294418033702	0.366379981847431	652
0.0608066386416399	1.26985540555962	106
0.0904294418033702	0.366379981847431	3
0.0904838986330199	0.366339805232125	3
0.0904838986330199	0.366339805232125	3
0.0605695558319002	1.27005874633258	20
0.0603320982528199	1.27012956245085	169
0.0904294418033702	0.366379981847431	90
0.0608066386416399	1.26985540555962	84
0.0612791696730999	1.2693702277358	35
0.0904838986330199	0.366339805232125	3
0.0904294418033702	0.366379981847431	3
0.0904294418033702	0.366379981847431	3
0.0700595035102301	1.91892360269037	52
0.0608066386416399	1.26985540555962	90
0.0699247871415198	1.91938461027322	84
0.0904294418033702	0.366379981847431	35
0.0608066386416399	1.26985540555962	35
0.0904294418033702	0.366379981847431	80
0.0904294418033702	0.366379981847431	3
0.0904838986330199	0.366339805232125	3
0.0904294418033702	0.366379981847431	3
0.0904294418033702	0.366379981847431	109
0.0609019956181598	1.26985288518349	20
0.0904294418033702	0.366379981847431	320
0.0605695558319002	1.27005874633258	289
0.0904294418033702	0.366379981847431	106
0.0608066386416399	1.26985540555962	91
0.0904294418033702	0.366379981847431	3
0.0904294418033702	0.366379981847431	3
0.0904294418033702	0.366379981847431	109
0.0904294418033702	0.366379981847431	109
0.0612791696730999	1.2693702277358	52
0.0612791696730999	1.2693702277358	52
-0.0330530965986102	2.11678859346384	110
0.0904294418033702	0.366379981847431	90
0.06041427112834	1.27014049646167	396
0.0904294418033702	0.366379981847431	3
0.0904294418033702	0.366379981847431	3
0.0904294418033702	0.366379981847431	3
0.0904294418033702	0.366379981847431	109
0.0904838986330199	0.366339805232125	109
0.0609019956181598	1.26985288518349	169
0.0904294418033702	0.366379981847431	20
-0.0331011948134701	2.11446488590901	20
0.0904838986330199	0.366339805232125	608
0.0904294418033702	0.366379981847431	608
0.0904838986330199	0.366339805232125	90
0.0904294418033702	0.366379981847431	90
0.0904838986330199	0.366339805232125	90
0.0904838986330199	0.366339805232125	90
0.0904294418033702	0.366379981847431	90
0.0904294418033702	0.366379981847431	90
0.0904838986330199	0.366339805232125	90
0.0904838986330199	0.366339805232125	90
0.06065148921429	1.27007010277034	25
0.0608066386416399	1.26985540555962	25
0.0904838986330199	0.366339805232125	106
0.0904294418033702	0.366379981847431	652
0.0904294418033702	0.366379981847431	106
0.06041427112834	1.27014049646167	87
0.0904294418033702	0.366379981847431	320
0.0904838986330199	0.366339805232125	320
0.0904294418033702	0.366379981847431	3
0.0904294418033702	0.366379981847431	3
0.0904294418033702	0.366379981847431	3
0.0904294418033702	0.366379981847431	109
0.0904838986330199	0.366339805232125	109
0.0609019956181598	1.26985288518349	110
0.0904294418033702	0.366379981847431	90
0.0904838986330199	0.366339805232125	90
0.0904838986330199	0.366339805232125	90
0.0904838986330199	0.366339805232125	90
0.0612791696730999	1.2693702277358	106
0.0904294418033702	0.366379981847431	652
0.0904294418033702	0.366379981847431	3
0.0904838986330199	0.366339805232125	3
0.0904838986330199	0.366339805232125	3
0.0904838986330199	0.366339805232125	3
0.0904294418033702	0.366379981847431	109
0.0612791696730999	1.2693702277358	52
0.06989793163463	1.91941103141641	608
0.0904294418033702	0.366379981847431	3
0.0904294418033702	0.366379981847431	3
0.0904294418033702	0.366379981847431	3
0.0611253550369901	1.26943367833825	20
0.0608066386416399	1.26985540555962	110
0.0603320982528199	1.27012956245085	110
0.0904838986330199	0.366339805232125	90
0.0612791696730999	1.2693702277358	222
0.06989793163463	1.91941103141641	169
0.0603320982528199	1.27012956245085	110
0.06041427112834	1.27014049646167	106
0.0904294418033702	0.366379981847431	3
-0.0330957313718598	2.11568734457577	52
0.0609019956181598	1.26985288518349	110
0.0904838986330199	0.366339805232125	3
0.0904838986330199	0.366339805232125	3
0.0904294418033702	0.366379981847431	3
0.0904294418033702	0.366379981847431	3
0.0904294418033702	0.366379981847431	3
0.0608066386416399	1.26985540555962	110
0.06041427112834	1.27014049646167	110
0.0605695558319002	1.27005874633258	25
0.06009426510475	1.27003850033392	25
0.0700055950218399	1.92003282727069	87
0.0904838986330199	0.366339805232125	80
0.0904294418033702	0.366379981847431	3
0.0904838986330199	0.366339805232125	3
0.0904838986330199	0.366339805232125	3
0.0904838986330199	0.366339805232125	3
0.06065148921429	1.27007010277034	109
0.0700324734930602	1.91906279800953	110
0.06065148921429	1.27007010277034	25
0.0618786801123599	1.26779464508419	106
0.0904294418033702	0.366379981847431	80
0.0904294418033702	0.366379981847431	3
0.0904294418033702	0.366379981847431	3
0.0904838986330199	0.366339805232125	3
0.0609019956181598	1.26985288518349	169
0.0904294418033702	0.366379981847431	110
0.0609019956181598	1.26985288518349	110
0.0608066386416399	1.26985540555962	110
0.0904838986330199	0.366339805232125	80
0.0904294418033702	0.366379981847431	3
0.0904294418033702	0.366379981847431	3
0.0601766780147899	1.27004899303449	110
0.0699248798971	1.92010683368015	169
0.0608066386416399	1.26985540555962	91
0.0699786146057102	1.9201720707914	106
0.0605695558319002	1.27005874633258	608
-0.0330957313718598	2.11568734457577	25
0.0904838986330199	0.366339805232125	3
0.0904838986330199	0.366339805232125	3
0.0904838986330199	0.366339805232125	3
0.0699517095717401	1.92019859027147	608
0.0608066386416399	1.26985540555962	110
0.0904294418033702	0.366379981847431	206
0.0699247871415198	1.91938461027322	84
0.0904838986330199	0.366339805232125	35
0.0904838986330199	0.366339805232125	80
0.0904294418033702	0.366379981847431	80
0.0904294418033702	0.366379981847431	3
0.0904838986330199	0.366339805232125	3
0.0904838986330199	0.366339805232125	206
0.0904294418033702	0.366379981847431	206
0.0904838986330199	0.366339805232125	206
0.0618786801123599	1.26779464508419	1
0.0904294418033702	0.366379981847431	3
0.0904838986330199	0.366339805232125	3
0.0904838986330199	0.366339805232125	3
0.0904294418033702	0.366379981847431	3
0.0904294418033702	0.366379981847431	3
0.0904294418033702	0.366379981847431	3
0.0608066386416399	1.26985540555962	461
0.0904294418033702	0.366379981847431	3
0.0904294418033702	0.366379981847431	109
0.0904294418033702	0.366379981847431	109
0.0615023106622399	1.26878837768738	608
0.06065148921429	1.27007010277034	110
0.0904838986330199	0.366339805232125	206
0.0609019956181598	1.26985288518349	91
0.0904838986330199	0.366339805232125	3
0.0904294418033702	0.366379981847431	3
0.0904838986330199	0.366339805232125	3
0.0612791696730999	1.2693702277358	169
0.0700055188962501	1.919089416863	91
0.0904294418033702	0.366379981847431	3
0.0612791696730999	1.2693702277358	106
0.0904294418033702	0.366379981847431	3
0.0605695558319002	1.27005874633258	110
0.06041427112834	1.27014049646167	91
0.0904838986330199	0.366339805232125	3
0.0904294418033702	0.366379981847431	3
0.0904294418033702	0.366379981847431	3
0.0904838986330199	0.366339805232125	3
0.0904294418033702	0.366379981847431	3
-0.03309382198991	2.11584397704076	169
0.06165575714975	1.26872549798424	110
-0.0330550199134398	2.11674789280476	169
0.0700326508418501	1.91978070509961	91
0.0904294418033702	0.366379981847431	3
0.0904294418033702	0.366379981847431	3
0.0700055950218399	1.92003282727069	169
0.0609019956181598	1.26985288518349	206
0.0609019956181598	1.26985288518349	169
0.0605695558319002	1.27005874633258	106
0.0612791696730999	1.2693702277358	1
0.06065148921429	1.27007010277034	91
0.0904838986330199	0.366339805232125	3
0.0699251073993699	1.91839393106653	289
0.0612791696730999	1.2693702277358	206
0.06041427112834	1.27014049646167	206
0.0904838986330199	0.366339805232125	3
0.0904294418033702	0.366379981847431	3
0.0904838986330199	0.366339805232125	3
0.0904294418033702	0.366379981847431	3
0.0904838986330199	0.366339805232125	3
0.0608066386416399	1.26985540555962	109
0.0700326508418501	1.91978070509961	91
0.0904838986330199	0.366339805232125	80
0.0904838986330199	0.366339805232125	3
0.0698984542499401	1.91779238775968	169
0.06165575714975	1.26872549798424	106
0.0904294418033702	0.366379981847431	3
0.0904294418033702	0.366379981847431	3
0.0904294418033702	0.366379981847431	3
0.0611253550369901	1.26943367833825	169
0.0700326508418501	1.91978070509961	25
0.0904294418033702	0.366379981847431	35
0.0904294418033702	0.366379981847431	3
0.0904838986330199	0.366339805232125	3
0.0904838986330199	0.366339805232125	3
0.0904294418033702	0.366379981847431	3
0.0904838986330199	0.366339805232125	3
0.0904838986330199	0.366339805232125	109
0.0904838986330199	0.366339805232125	109
0.0904294418033702	0.366379981847431	109
0.0904294418033702	0.366379981847431	52
0.0603320982528199	1.27012956245085	169
0.0605695558319002	1.27005874633258	106
0.0904294418033702	0.366379981847431	106
0.06041427112834	1.27014049646167	106
0.0904294418033702	0.366379981847431	3
0.0904838986330199	0.366339805232125	3
0.06065148921429	1.27007010277034	52
0.0904294418033702	0.366379981847431	3
0.0904294418033702	0.366379981847431	3
0.0904838986330199	0.366339805232125	3
0.0904838986330199	0.366339805232125	3
0.0699248798971	1.92010683368015	362
0.0904294418033702	0.366379981847431	3
0.0904294418033702	0.366379981847431	3
0.0611253550369901	1.26943367833825	169
0.0609019956181598	1.26985288518349	696
0.0611253550369901	1.26943367833825	169
0.0605695558319002	1.27005874633258	169
0.0904294418033702	0.366379981847431	206
0.0699517095717401	1.92019859027147	25
0.0904294418033702	0.366379981847431	3
0.0904838986330199	0.366339805232125	3
0.0904838986330199	0.366339805232125	3
0.0904838986330199	0.366339805232125	3
0.0904838986330199	0.366339805232125	3
0.06041427112834	1.27014049646167	52
0.0611253550369901	1.26943367833825	1
0.0904294418033702	0.366379981847431	3
0.0904838986330199	0.366339805232125	3
0.0904838986330199	0.366339805232125	3
-0.03309382198991	2.11584397704076	52
0.06165575714975	1.26872549798424	25
0.0603320982528199	1.27012956245085	106
0.0608066386416399	1.26985540555962	91
0.0904838986330199	0.366339805232125	3
0.0904294418033702	0.366379981847431	3
0.0904294418033702	0.366379981847431	3
0.0904294418033702	0.366379981847431	3
0.0611253550369901	1.26943367833825	342
0.0612791696730999	1.2693702277358	169
0.0603320982528199	1.27012956245085	169
0.06165575714975	1.26872549798424	169
0.0618786801123599	1.26779464508419	25
0.0608066386416399	1.26985540555962	1
0.06065148921429	1.27007010277034	91
0.0904294418033702	0.366379981847431	3
0.0904838986330199	0.366339805232125	696
0.06041427112834	1.27014049646167	696
0.0608066386416399	1.26985540555962	25
0.0611253550369901	1.26943367833825	91
0.0904294418033702	0.366379981847431	3
0.0904838986330199	0.366339805232125	3
0.0611253550369901	1.26943367833825	52
0.0609019956181598	1.26985288518349	696
0.0605695558319002	1.27005874633258	696
0.0603320982528199	1.27012956245085	106
0.0904838986330199	0.366339805232125	3
0.0904294418033702	0.366379981847431	461
-0.0330143050043299	2.11558873626435	169
0.0611253550369901	1.26943367833825	25
0.06065148921429	1.27007010277034	697
0.0904838986330199	0.366339805232125	3
0.06989793163463	1.91941103141641	169
0.0904294418033702	0.366379981847431	3
0.0904838986330199	0.366339805232125	3
0.0904838986330199	0.366339805232125	561
0.0904294418033702	0.366379981847431	561
0.0609019956181598	1.26985288518349	41
0.0601766780147899	1.27004899303449	25
0.0904838986330199	0.366339805232125	3
0.0904838986330199	0.366339805232125	3
0.0904294418033702	0.366379981847431	3
0.0904838986330199	0.366339805232125	3
0.0904294418033702	0.366379981847431	25
0.0904294418033702	0.366379981847431	3
0.0904838986330199	0.366339805232125	3
0.0904294418033702	0.366379981847431	3
0.0904838986330199	0.366339805232125	3
0.0904294418033702	0.366379981847431	80
0.0904294418033702	0.366379981847431	3
0.0904838986330199	0.366339805232125	3
0.06989793163463	1.91941103141641	169
0.06041427112834	1.27014049646167	697
0.0904838986330199	0.366339805232125	3
0.0904294418033702	0.366379981847431	3
0.0904294418033702	0.366379981847431	3
0.0608066386416399	1.26985540555962	169
0.0605695558319002	1.27005874633258	91
0.0612791696730999	1.2693702277358	106
0.0699786146057102	1.9201720707914	1
0.0904838986330199	0.366339805232125	3
0.0699787242086898	1.918993788212	169
0.0608066386416399	1.26985540555962	696
0.06065148921429	1.27007010277034	697
0.0904294418033702	0.366379981847431	3
0.0904838986330199	0.366339805232125	3
0.06165575714975	1.26872549798424	696
0.06165575714975	1.26872549798424	696
0.0608066386416399	1.26985540555962	1
0.0904838986330199	0.366339805232125	3
0.0904294418033702	0.366379981847431	3
0.06065148921429	1.27007010277034	91
0.0904294418033702	0.366379981847431	3
0.0904838986330199	0.366339805232125	3
0.0699786146057102	1.9201720707914	169
0.0611253550369901	1.26943367833825	169
0.0700326508418501	1.91978070509961	91
0.0904838986330199	0.366339805232125	3
0.0603320982528199	1.27012956245085	169
0.0601766780147899	1.27004899303449	169
0.06995183587332	1.91877508234664	91
0.0904294418033702	0.366379981847431	3
0.0904294418033702	0.366379981847431	3
0.0700058058123201	1.91862335059641	169
0.0612791696730999	1.2693702277358	169
0.0904294418033702	0.366379981847431	25
0.0612791696730999	1.2693702277358	106
0.0904294418033702	0.366379981847431	3
0.0699786146057102	1.9201720707914	169
0.0615023106622399	1.26878837768738	41
0.0608066386416399	1.26985540555962	41
0.0608066386416399	1.26985540555962	697
0.06041427112834	1.27014049646167	91
0.0904294418033702	0.366379981847431	1
0.0904838986330199	0.366339805232125	3
0.0904838986330199	0.366339805232125	3
0.0904294418033702	0.366379981847431	697
0.0904294418033702	0.366379981847431	3
-0.0330918685136199	2.11588456803398	169
0.0904838986330199	0.366339805232125	3
0.0904838986330199	0.366339805232125	3
0.0609019956181598	1.26985288518349	365
0.0904838986330199	0.366339805232125	3
0.0904838986330199	0.366339805232125	3
0.0904838986330199	0.366339805232125	3
-0.0331131355438998	2.11584781802777	169
0.0603320982528199	1.27012956245085	697
0.0699517095717401	1.92019859027147	1
0.06065148921429	1.27007010277034	102
0.0615023106622399	1.26878837768738	342
0.0612791696730999	1.2693702277358	25
-0.0330198519642302	2.11511595415234	91
0.0603320982528199	1.27012956245085	1
-0.0330123677462	2.11551114634518	91
0.0904838986330199	0.366339805232125	3
0.0904838986330199	0.366339805232125	3
0.0904294418033702	0.366379981847431	3
0.0605695558319002	1.27005874633258	1
0.06041427112834	1.27014049646167	696
0.0609019956181598	1.26985288518349	41
-0.0330856008410101	2.11657106884092	91
0.0611253550369901	1.26943367833825	169
0.0608066386416399	1.26985540555962	696
-0.0330568991107501	2.11659102982237	91
0.06041427112834	1.27014049646167	1
0.0904838986330199	0.366339805232125	3
0.0904294418033702	0.366379981847431	3
0.0904294418033702	0.366379981847431	3
0.0605695558319002	1.27005874633258	696
0.0904838986330199	0.366339805232125	3
0.0904294418033702	0.366379981847431	3
0.0904294418033702	0.366379981847431	3
0.0611253550369901	1.26943367833825	342
0.0904294418033702	0.366379981847431	3
0.0904838986330199	0.366339805232125	3
0.0904294418033702	0.366379981847431	3
-0.0330622718622702	2.11536709665261	91
0.0904838986330199	0.366339805232125	3
0.0904838986330199	0.366339805232125	3
0.0609019956181598	1.26985288518349	91
0.0904294418033702	0.366379981847431	80
0.0904294418033702	0.366379981847431	3
0.0608066386416399	1.26985540555962	3
0.0904838986330199	0.366339805232125	3
0.0904294418033702	0.366379981847431	310
0.0904294418033702	0.366379981847431	310
0.0904294418033702	0.366379981847431	310
0.0608066386416399	1.26985540555962	28
0.0904294418033702	0.366379981847431	418
0.0904294418033702	0.366379981847431	418
0.0904294418033702	0.366379981847431	418
0.0904838986330199	0.366339805232125	214
0.0605695558319002	1.27005874633258	214
0.0904838986330199	0.366339805232125	214
0.0904294418033702	0.366379981847431	80
0.0904838986330199	0.366339805232125	80
0.0904294418033702	0.366379981847431	3
0.0904838986330199	0.366339805232125	3
0.06041427112834	1.27014049646167	602
0.0904294418033702	0.366379981847431	80
0.0904294418033702	0.366379981847431	3
0.0904294418033702	0.366379981847431	3
0.0605695558319002	1.27005874633258	3
0.0904294418033702	0.366379981847431	3
0.0904838986330199	0.366339805232125	3
0.0904838986330199	0.366339805232125	3
0.0904838986330199	0.366339805232125	3
0.0904294418033702	0.366379981847431	3
0.0700326508418501	1.91978070509961	169
0.0904838986330199	0.366339805232125	214
0.06065148921429	1.27007010277034	214
0.0904838986330199	0.366339805232125	80
0.0904294418033702	0.366379981847431	3
0.0904294418033702	0.366379981847431	3
0.0904294418033702	0.366379981847431	3
0.0904294418033702	0.366379981847431	3
0.0904838986330199	0.366339805232125	310
0.0904838986330199	0.366339805232125	310
0.0608066386416399	1.26985540555962	28
0.0904294418033702	0.366379981847431	418
0.0612791696730999	1.2693702277358	1
0.0904294418033702	0.366379981847431	3
0.0904294418033702	0.366379981847431	3
0.0904838986330199	0.366339805232125	3
0.0904294418033702	0.366379981847431	3
0.0904294418033702	0.366379981847431	310
0.0609019956181598	1.26985288518349	348
0.06041427112834	1.27014049646167	642
0.0904838986330199	0.366339805232125	3
0.0904838986330199	0.366339805232125	3
0.0904294418033702	0.366379981847431	310
-0.03305947916453	2.11672555240098	41
0.0904838986330199	0.366339805232125	418
0.0904838986330199	0.366339805232125	3
0.06065148921429	1.27007010277034	310
0.0699786146057102	1.9201720707914	91
0.0904838986330199	0.366339805232125	80
0.0904294418033702	0.366379981847431	3
0.0904838986330199	0.366339805232125	3
0.0611253550369901	1.26943367833825	348
0.0904294418033702	0.366379981847431	80
0.0904838986330199	0.366339805232125	80
0.0904294418033702	0.366379981847431	80
0.0904838986330199	0.366339805232125	3
0.0904294418033702	0.366379981847431	3
0.0904294418033702	0.366379981847431	3
0.0609019956181598	1.26985288518349	169
0.0904294418033702	0.366379981847431	348
0.0904294418033702	0.366379981847431	3
0.0904838986330199	0.366339805232125	3
0.0904838986330199	0.366339805232125	3
0.0904294418033702	0.366379981847431	3
0.0904294418033702	0.366379981847431	3
0.0904294418033702	0.366379981847431	3
0.06065148921429	1.27007010277034	342
0.0611253550369901	1.26943367833825	348
0.0904838986330199	0.366339805232125	80
0.0904294418033702	0.366379981847431	80
0.0904294418033702	0.366379981847431	3
0.0904838986330199	0.366339805232125	3
0.0611253550369901	1.26943367833825	348
0.0904838986330199	0.366339805232125	80
0.0904294418033702	0.366379981847431	3
0.0612791696730999	1.2693702277358	310
0.0609019956181598	1.26985288518349	28
0.0904294418033702	0.366379981847431	418
-0.03305947916453	2.11672555240098	1
0.0904294418033702	0.366379981847431	3
0.0904838986330199	0.366339805232125	3
0.0700597820862798	1.91940981612485	169
0.06009426510475	1.27003850033392	348
0.0904838986330199	0.366339805232125	3
0.0904838986330199	0.366339805232125	3
0.0904294418033702	0.366379981847431	3
0.0904294418033702	0.366379981847431	3
0.0904294418033702	0.366379981847431	310
0.0904294418033702	0.366379981847431	418
0.0605695558319002	1.27005874633258	1
0.0904838986330199	0.366339805232125	3
0.0904838986330199	0.366339805232125	3
0.0904294418033702	0.366379981847431	3
0.0904838986330199	0.366339805232125	310
0.0611253550369901	1.26943367833825	169
0.0611253550369901	1.26943367833825	348
0.0904294418033702	0.366379981847431	91
0.0904838986330199	0.366339805232125	1
0.0904294418033702	0.366379981847431	1
0.0904838986330199	0.366339805232125	3
0.0904838986330199	0.366339805232125	3
0.0904294418033702	0.366379981847431	3
0.0904838986330199	0.366339805232125	310
0.0904294418033702	0.366379981847431	310
0.0904838986330199	0.366339805232125	310
0.0608066386416399	1.26985540555962	41
0.06009426510475	1.27003850033392	348
0.0699247871415198	1.91938461027322	50
0.0612791696730999	1.2693702277358	214
0.0904838986330199	0.366339805232125	214
0.0904294418033702	0.366379981847431	214
0.0904294418033702	0.366379981847431	3
0.0904294418033702	0.366379981847431	3
0.0904838986330199	0.366339805232125	3
0.0904294418033702	0.366379981847431	3
0.0904838986330199	0.366339805232125	3
0.0904838986330199	0.366339805232125	310
0.0904838986330199	0.366339805232125	310
0.0609019956181598	1.26985288518349	28
0.0601766780147899	1.27004899303449	214
0.0699786146057102	1.9201720707914	214
0.0609019956181598	1.26985288518349	1
0.0904838986330199	0.366339805232125	3
0.0904294418033702	0.366379981847431	3
0.0904294418033702	0.366379981847431	3
0.0904294418033702	0.366379981847431	3
0.0904294418033702	0.366379981847431	3
0.0904294418033702	0.366379981847431	418
0.0904294418033702	0.366379981847431	418
0.0904838986330199	0.366339805232125	418
0.0603320982528199	1.27012956245085	1
0.0904294418033702	0.366379981847431	80
0.0904294418033702	0.366379981847431	3
0.0904838986330199	0.366339805232125	3
0.0904838986330199	0.366339805232125	3
0.0904294418033702	0.366379981847431	3
0.0904294418033702	0.366379981847431	3
0.0904294418033702	0.366379981847431	3
0.0904294418033702	0.366379981847431	3
0.0904294418033702	0.366379981847431	310
0.0904294418033702	0.366379981847431	310
0.0904838986330199	0.366339805232125	28
-0.0331116511251	2.11627427707283	680
0.0699248798971	1.92010683368015	41
0.0904294418033702	0.366379981847431	418
0.0904294418033702	0.366379981847431	418
0.0904838986330199	0.366339805232125	80
0.0904838986330199	0.366339805232125	3
0.0904294418033702	0.366379981847431	3
0.0904838986330199	0.366339805232125	3
0.0904838986330199	0.366339805232125	310
0.0608066386416399	1.26985540555962	169
0.0904294418033702	0.366379981847431	418
0.0904294418033702	0.366379981847431	418
0.0904838986330199	0.366339805232125	3
0.0612791696730999	1.2693702277358	3
0.0904838986330199	0.366339805232125	3
0.0904294418033702	0.366379981847431	3
0.0609019956181598	1.26985288518349	418
0.0698711514481301	1.91931929782187	91
0.0904294418033702	0.366379981847431	3
0.06065148921429	1.27007010277034	348
0.0904294418033702	0.366379981847431	3
0.0700595035102301	1.91892360269037	91
0.0904294418033702	0.366379981847431	3
-0.0330530965986102	2.11678859346384	169
0.0699248798971	1.92010683368015	1
0.0904838986330199	0.366339805232125	3
0.0904838986330199	0.366339805232125	3
0.0904294418033702	0.366379981847431	3
0.0608066386416399	1.26985540555962	91
0.0609019956181598	1.26985288518349	1
0.0904294418033702	0.366379981847431	80
0.0904294418033702	0.366379981847431	80
0.0904838986330199	0.366339805232125	3
0.0904838986330199	0.366339805232125	3
0.0904294418033702	0.366379981847431	3
-0.0331131355438998	2.11584781802777	680
0.0699248798971	1.92010683368015	348
0.0699517179921201	1.91924558070435	91
0.06995183587332	1.91877508234664	1
0.0608066386416399	1.26985540555962	1
0.0904294418033702	0.366379981847431	80
0.0904838986330199	0.366339805232125	3
0.0904294418033702	0.366379981847431	3
0.0904294418033702	0.366379981847431	3
0.06065148921429	1.27007010277034	91
0.0904294418033702	0.366379981847431	80
0.0904294418033702	0.366379981847431	80
0.0904294418033702	0.366379981847431	80
0.0904294418033702	0.366379981847431	3
0.0904838986330199	0.366339805232125	3
0.0904294418033702	0.366379981847431	3
0.0904838986330199	0.366339805232125	3
0.0904294418033702	0.366379981847431	3
0.0904294418033702	0.366379981847431	3
0.0611253550369901	1.26943367833825	214
0.0700595035102301	1.91892360269037	1
0.0904294418033702	0.366379981847431	80
0.0904294418033702	0.366379981847431	3
0.0904294418033702	0.366379981847431	3
0.0700058058123201	1.91862335059641	28
-0.0331131355438998	2.11584781802777	169
0.0904294418033702	0.366379981847431	418
0.0601766780147899	1.27004899303449	1
0.0904838986330199	0.366339805232125	3
0.0904838986330199	0.366339805232125	3
0.0904294418033702	0.366379981847431	3
0.0904838986330199	0.366339805232125	3
0.0904294418033702	0.366379981847431	418
0.0904294418033702	0.366379981847431	80
0.0904294418033702	0.366379981847431	80
0.0904838986330199	0.366339805232125	3
0.0904294418033702	0.366379981847431	3
0.0904294418033702	0.366379981847431	3
0.0904838986330199	0.366339805232125	3
0.06995183587332	1.91877508234664	28
0.0611253550369901	1.26943367833825	169
0.0612791696730999	1.2693702277358	348
0.0904838986330199	0.366339805232125	418
0.0904838986330199	0.366339805232125	418
0.0612791696730999	1.2693702277358	292
0.0904294418033702	0.366379981847431	1
0.0904838986330199	0.366339805232125	80
0.0904838986330199	0.366339805232125	3
0.0904294418033702	0.366379981847431	3
0.0904294418033702	0.366379981847431	3
0.0904294418033702	0.366379981847431	3
0.0904838986330199	0.366339805232125	3
0.06065148921429	1.27007010277034	3
0.0699787242086898	1.918993788212	169
0.06065148921429	1.27007010277034	28
0.0611253550369901	1.26943367833825	646
0.0904838986330199	0.366339805232125	418
0.0904838986330199	0.366339805232125	418
0.0904294418033702	0.366379981847431	80
0.0904838986330199	0.366339805232125	80
0.0904838986330199	0.366339805232125	3
0.0904294418033702	0.366379981847431	3
0.0904838986330199	0.366339805232125	3
0.0904838986330199	0.366339805232125	3
0.0904838986330199	0.366339805232125	3
0.0612791696730999	1.2693702277358	28
0.0609019956181598	1.26985288518349	28
0.0609019956181598	1.26985288518349	28
0.0611253550369901	1.26943367833825	169
0.0904294418033702	0.366379981847431	418
0.0904838986330199	0.366339805232125	418
0.0904838986330199	0.366339805232125	418
0.0904838986330199	0.366339805232125	418
0.0904838986330199	0.366339805232125	418
0.0609019956181598	1.26985288518349	91
0.0904294418033702	0.366379981847431	292
0.0904838986330199	0.366339805232125	292
0.0904294418033702	0.366379981847431	292
0.0904294418033702	0.366379981847431	406
0.0904838986330199	0.366339805232125	1
0.0904294418033702	0.366379981847431	80
0.0904294418033702	0.366379981847431	3
0.0904838986330199	0.366339805232125	3
0.0904838986330199	0.366339805232125	3
0.0904838986330199	0.366339805232125	3
0.0904838986330199	0.366339805232125	3
0.0904294418033702	0.366379981847431	3
0.0904294418033702	0.366379981847431	418
0.0904294418033702	0.366379981847431	418
0.0904838986330199	0.366339805232125	418
-0.0330918685136199	2.11588456803398	50
0.0609019956181598	1.26985288518349	292
0.0904838986330199	0.366339805232125	406
0.06984444655766	1.91909619733144	1
0.0904294418033702	0.366379981847431	80
0.0904294418033702	0.366379981847431	3
0.06041427112834	1.27014049646167	289
0.0904294418033702	0.366379981847431	3
0.0904294418033702	0.366379981847431	3
0.0904294418033702	0.366379981847431	3
0.0904838986330199	0.366339805232125	3
0.0904294418033702	0.366379981847431	3
0.0904294418033702	0.366379981847431	3
0.0700324734930602	1.91906279800953	169
0.0904294418033702	0.366379981847431	418
0.0904294418033702	0.366379981847431	418
0.0904838986330199	0.366339805232125	418
0.0904294418033702	0.366379981847431	418
0.0904294418033702	0.366379981847431	406
0.0904838986330199	0.366339805232125	80
0.0904294418033702	0.366379981847431	3
0.0904838986330199	0.366339805232125	3
0.0904838986330199	0.366339805232125	3
0.0904838986330199	0.366339805232125	3
0.0904294418033702	0.366379981847431	3
0.0904838986330199	0.366339805232125	418
0.0904838986330199	0.366339805232125	418
0.0904838986330199	0.366339805232125	418
0.0609019956181598	1.26985288518349	91
0.0904838986330199	0.366339805232125	406
0.0904838986330199	0.366339805232125	1
0.0904838986330199	0.366339805232125	80
0.0904294418033702	0.366379981847431	3
0.0904838986330199	0.366339805232125	3
0.0904838986330199	0.366339805232125	3
0.0904294418033702	0.366379981847431	3
0.0904294418033702	0.366379981847431	3
0.0904294418033702	0.366379981847431	3
0.0904294418033702	0.366379981847431	3
0.0904294418033702	0.366379981847431	418
0.0904838986330199	0.366339805232125	418
0.06041427112834	1.27014049646167	418
0.0904294418033702	0.366379981847431	292
0.06165575714975	1.26872549798424	1
0.0904838986330199	0.366339805232125	3
0.0904294418033702	0.366379981847431	3
0.0904294418033702	0.366379981847431	3
0.0904294418033702	0.366379981847431	3
0.0904838986330199	0.366339805232125	3
0.0904294418033702	0.366379981847431	3
0.0904838986330199	0.366339805232125	3
0.0904294418033702	0.366379981847431	3
0.0904838986330199	0.366339805232125	3
0.0904838986330199	0.366339805232125	3
0.0904838986330199	0.366339805232125	3
0.06065148921429	1.27007010277034	646
0.0904294418033702	0.366379981847431	418
0.0904294418033702	0.366379981847431	418
0.0700055950218399	1.92003282727069	91
0.06065148921429	1.27007010277034	418
0.06165575714975	1.26872549798424	292
0.06165575714975	1.26872549798424	292
0.0904294418033702	0.366379981847431	102
0.0904294418033702	0.366379981847431	3
0.0904294418033702	0.366379981847431	3
0.0904294418033702	0.366379981847431	289
0.0904294418033702	0.366379981847431	3
0.0904838986330199	0.366339805232125	3
0.0904838986330199	0.366339805232125	3
0.0904838986330199	0.366339805232125	3
0.0904838986330199	0.366339805232125	3
0.0904294418033702	0.366379981847431	3
0.0904838986330199	0.366339805232125	3
0.0904838986330199	0.366339805232125	28
0.0904294418033702	0.366379981847431	28
0.0904294418033702	0.366379981847431	28
0.0904294418033702	0.366379981847431	28
0.0904838986330199	0.366339805232125	28
0.0904294418033702	0.366379981847431	646
0.0904294418033702	0.366379981847431	418
0.0904294418033702	0.366379981847431	418
0.0904838986330199	0.366339805232125	418
0.0904294418033702	0.366379981847431	418
0.0904294418033702	0.366379981847431	418
0.0904294418033702	0.366379981847431	418
0.0904294418033702	0.366379981847431	418
0.0904294418033702	0.366379981847431	418
0.0904294418033702	0.366379981847431	418
0.0904838986330199	0.366339805232125	418
0.0904294418033702	0.366379981847431	418
0.0904838986330199	0.366339805232125	292
0.0904294418033702	0.366379981847431	292
0.0904838986330199	0.366339805232125	292
0.0904294418033702	0.366379981847431	292
0.0904294418033702	0.366379981847431	292
0.0904294418033702	0.366379981847431	292
0.0904838986330199	0.366339805232125	292
0.0904294418033702	0.366379981847431	292
0.0904294418033702	0.366379981847431	292
0.0904838986330199	0.366339805232125	1
0.0904294418033702	0.366379981847431	406
0.0904838986330199	0.366339805232125	406
0.0904838986330199	0.366339805232125	1
0.0904838986330199	0.366339805232125	1
0.0904838986330199	0.366339805232125	1
0.0904294418033702	0.366379981847431	3
0.0904294418033702	0.366379981847431	3
0.0904838986330199	0.366339805232125	3
0.0904294418033702	0.366379981847431	3
0.0904294418033702	0.366379981847431	3
0.0904294418033702	0.366379981847431	3
0.0904838986330199	0.366339805232125	3
0.0904838986330199	0.366339805232125	292
0.0615023106622399	1.26878837768738	1
0.0904838986330199	0.366339805232125	3
0.0904294418033702	0.366379981847431	3
0.0904294418033702	0.366379981847431	3
0.0904294418033702	0.366379981847431	3
0.0904294418033702	0.366379981847431	3
0.0904294418033702	0.366379981847431	3
0.0904294418033702	0.366379981847431	418
0.0904294418033702	0.366379981847431	418
0.0904838986330199	0.366339805232125	418
0.0608066386416399	1.26985540555962	214
0.0904838986330199	0.366339805232125	80
0.0904294418033702	0.366379981847431	3
0.0904838986330199	0.366339805232125	3
0.0904838986330199	0.366339805232125	3
0.0904294418033702	0.366379981847431	3
0.0904838986330199	0.366339805232125	3
0.0904294418033702	0.366379981847431	3
0.0904838986330199	0.366339805232125	418
0.0904838986330199	0.366339805232125	418
0.0904838986330199	0.366339805232125	418
0.06041427112834	1.27014049646167	418
0.0904838986330199	0.366339805232125	292
0.0904838986330199	0.366339805232125	292
0.0904294418033702	0.366379981847431	3
0.0904294418033702	0.366379981847431	3
0.0904838986330199	0.366339805232125	3
0.0904294418033702	0.366379981847431	3
0.0904838986330199	0.366339805232125	3
0.0904838986330199	0.366339805232125	3
0.0904838986330199	0.366339805232125	418
0.0904838986330199	0.366339805232125	418
0.0904294418033702	0.366379981847431	418
0.0904838986330199	0.366339805232125	292
0.0904838986330199	0.366339805232125	292
0.0904294418033702	0.366379981847431	292
0.0904838986330199	0.366339805232125	406
0.0904294418033702	0.366379981847431	1
0.0699248798971	1.92010683368015	81
0.06065148921429	1.27007010277034	102
0.0904294418033702	0.366379981847431	80
0.0904838986330199	0.366339805232125	3
0.0904294418033702	0.366379981847431	3
0.0904294418033702	0.366379981847431	3
0.0904294418033702	0.366379981847431	3
-0.03309382198991	2.11584397704076	169
0.0904838986330199	0.366339805232125	418
0.0611253550369901	1.26943367833825	292
0.0904294418033702	0.366379981847431	3
0.0904294418033702	0.366379981847431	3
0.0904294418033702	0.366379981847431	3
0.0904294418033702	0.366379981847431	3
0.0904294418033702	0.366379981847431	3
0.06165575714975	1.26872549798424	456
0.0904838986330199	0.366339805232125	418
0.0904838986330199	0.366339805232125	418
0.0609019956181598	1.26985288518349	91
0.0904294418033702	0.366379981847431	1
0.0904838986330199	0.366339805232125	80
0.0904838986330199	0.366339805232125	3
0.0904294418033702	0.366379981847431	3
0.0904294418033702	0.366379981847431	3
0.0904294418033702	0.366379981847431	3
0.0611253550369901	1.26943367833825	28
0.0904294418033702	0.366379981847431	418
0.0904838986330199	0.366339805232125	418
0.0904838986330199	0.366339805232125	418
0.0904294418033702	0.366379981847431	418
0.0904838986330199	0.366339805232125	292
0.0904838986330199	0.366339805232125	292
0.0904838986330199	0.366339805232125	292
0.0904838986330199	0.366339805232125	80
0.0904838986330199	0.366339805232125	3
0.0904294418033702	0.366379981847431	3
0.0904294418033702	0.366379981847431	3
0.0904294418033702	0.366379981847431	3
0.0611253550369901	1.26943367833825	3
0.0904294418033702	0.366379981847431	418
0.0904294418033702	0.366379981847431	418
0.0904294418033702	0.366379981847431	418
0.0904838986330199	0.366339805232125	292
0.0608066386416399	1.26985540555962	765
0.0904294418033702	0.366379981847431	80
0.0904294418033702	0.366379981847431	3
0.0904838986330199	0.366339805232125	3
0.0904294418033702	0.366379981847431	3
0.0904294418033702	0.366379981847431	3
0.0904294418033702	0.366379981847431	3
0.0904294418033702	0.366379981847431	3
0.0904294418033702	0.366379981847431	3
0.0904838986330199	0.366339805232125	3
0.0904838986330199	0.366339805232125	418
0.0904294418033702	0.366379981847431	418
0.06065148921429	1.27007010277034	765
0.0904294418033702	0.366379981847431	80
0.0904838986330199	0.366339805232125	80
0.0904294418033702	0.366379981847431	3
0.0904294418033702	0.366379981847431	3
0.0611253550369901	1.26943367833825	28
0.0904294418033702	0.366379981847431	3
0.0904294418033702	0.366379981847431	3
0.06065148921429	1.27007010277034	28
0.06009426510475	1.27003850033392	28
0.06041427112834	1.27014049646167	169
-0.0331131355438998	2.11584781802777	169
0.0904838986330199	0.366339805232125	418
0.0904294418033702	0.366379981847431	418
0.0904294418033702	0.366379981847431	418
0.0904294418033702	0.366379981847431	292
0.0904294418033702	0.366379981847431	80
0.0904838986330199	0.366339805232125	3
0.0904294418033702	0.366379981847431	3
0.0700324734930602	1.91906279800953	28
0.0904838986330199	0.366339805232125	418
0.0904294418033702	0.366379981847431	418
0.0904838986330199	0.366339805232125	292
0.0612791696730999	1.2693702277358	1
0.0904838986330199	0.366339805232125	80
0.0904838986330199	0.366339805232125	80
0.0904294418033702	0.366379981847431	80
0.0904294418033702	0.366379981847431	3
0.0904838986330199	0.366339805232125	3
0.0904838986330199	0.366339805232125	3
0.0608066386416399	1.26985540555962	28
0.0904294418033702	0.366379981847431	418
0.0904294418033702	0.366379981847431	418
0.0904838986330199	0.366339805232125	418
0.0612791696730999	1.2693702277358	765
0.0904294418033702	0.366379981847431	3
0.0904838986330199	0.366339805232125	3
0.0904838986330199	0.366339805232125	3
0.0904294418033702	0.366379981847431	3
0.0904294418033702	0.366379981847431	3
0.0904294418033702	0.366379981847431	3
0.0904294418033702	0.366379981847431	3
0.0904838986330199	0.366339805232125	418
0.0904294418033702	0.366379981847431	418
0.0904838986330199	0.366339805232125	80
0.0904294418033702	0.366379981847431	3
0.0904838986330199	0.366339805232125	3
0.0904294418033702	0.366379981847431	3
0.0904838986330199	0.366339805232125	3
0.0904294418033702	0.366379981847431	3
0.0904294418033702	0.366379981847431	3
0.0904838986330199	0.366339805232125	418
0.0904838986330199	0.366339805232125	406
0.0904294418033702	0.366379981847431	3
0.0904838986330199	0.366339805232125	3
0.0904294418033702	0.366379981847431	3
0.0609019956181598	1.26985288518349	28
0.0904294418033702	0.366379981847431	3
0.0904294418033702	0.366379981847431	3
0.06989793163463	1.91941103141641	28
0.0904838986330199	0.366339805232125	418
0.0904838986330199	0.366339805232125	80
0.0608066386416399	1.26985540555962	142
0.06041427112834	1.27014049646167	1
0.0609019956181598	1.26985288518349	1
0.0904294418033702	0.366379981847431	3
0.0904294418033702	0.366379981847431	3
0.0904838986330199	0.366339805232125	3
0.0904294418033702	0.366379981847431	3
0.0904294418033702	0.366379981847431	3
0.0904294418033702	0.366379981847431	3
0.0904838986330199	0.366339805232125	28
0.0904294418033702	0.366379981847431	80
0.06984444655766	1.91909619733144	348
0.0700055188962501	1.919089416863	28
-0.0330550199134398	2.11674789280476	18
0.0904294418033702	0.366379981847431	3
0.0904294418033702	0.366379981847431	3
0.0904838986330199	0.366339805232125	3
0.0699247871415198	1.91938461027322	1
0.0904838986330199	0.366339805232125	80
0.0904294418033702	0.366379981847431	3
0.0904294418033702	0.366379981847431	3
0.0904838986330199	0.366339805232125	3
0.0904838986330199	0.366339805232125	3
0.0904838986330199	0.366339805232125	3
0.0904294418033702	0.366379981847431	28
0.0609019956181598	1.26985288518349	553
0.0904294418033702	0.366379981847431	18
0.0611253550369901	1.26943367833825	10
0.0611253550369901	1.26943367833825	10
0.0611253550369901	1.26943367833825	10
0.06165575714975	1.26872549798424	10
0.0612791696730999	1.2693702277358	738
0.0611253550369901	1.26943367833825	86
0.0904294418033702	0.366379981847431	3
0.0904838986330199	0.366339805232125	3
0.0904294418033702	0.366379981847431	516
0.0904838986330199	0.366339805232125	10
0.0609019956181598	1.26985288518349	10
0.0611253550369901	1.26943367833825	738
0.0612791696730999	1.2693702277358	405
0.0904838986330199	0.366339805232125	86
0.0904294418033702	0.366379981847431	3
0.0608066386416399	1.26985540555962	516
0.0904294418033702	0.366379981847431	18
0.0904294418033702	0.366379981847431	80
0.0904294418033702	0.366379981847431	80
0.06065148921429	1.27007010277034	10
0.0904294418033702	0.366379981847431	18
0.06065148921429	1.27007010277034	86
0.0904294418033702	0.366379981847431	80
0.0904838986330199	0.366339805232125	80
0.0904294418033702	0.366379981847431	18
0.0904294418033702	0.366379981847431	3
0.06165575714975	1.26872549798424	3
0.0904838986330199	0.366339805232125	18
0.0904294418033702	0.366379981847431	18
0.0904838986330199	0.366339805232125	18
0.0904838986330199	0.366339805232125	18
0.0904294418033702	0.366379981847431	10
0.0608066386416399	1.26985540555962	86
0.0904294418033702	0.366379981847431	80
0.0904294418033702	0.366379981847431	80
0.0698981255578999	1.91988357530134	28
-0.0330550199134398	2.11674789280476	361
0.0904838986330199	0.366339805232125	18
0.0904838986330199	0.366339805232125	18
0.0904294418033702	0.366379981847431	18
0.0608066386416399	1.26985540555962	348
0.0904838986330199	0.366339805232125	50
0.0601766780147899	1.27004899303449	10
0.0904294418033702	0.366379981847431	10
0.0904838986330199	0.366339805232125	10
0.0904294418033702	0.366379981847431	86
0.0904294418033702	0.366379981847431	86
0.0904294418033702	0.366379981847431	3
0.0609019956181598	1.26985288518349	18
0.0904838986330199	0.366339805232125	18
0.0904294418033702	0.366379981847431	10
0.0904838986330199	0.366339805232125	10
0.0904838986330199	0.366339805232125	1
0.0904294418033702	0.366379981847431	80
0.0904838986330199	0.366339805232125	3
0.0904838986330199	0.366339805232125	18
0.0612791696730999	1.2693702277358	10
0.0904294418033702	0.366379981847431	481
0.0904294418033702	0.366379981847431	3
0.06065148921429	1.27007010277034	28
0.0904838986330199	0.366339805232125	18
0.0904294418033702	0.366379981847431	10
0.0608066386416399	1.26985540555962	86
0.06041427112834	1.27014049646167	86
0.0904838986330199	0.366339805232125	80
0.0603320982528199	1.27012956245085	64
0.0904838986330199	0.366339805232125	18
0.0609019956181598	1.26985288518349	18
0.0700055950218399	1.92003282727069	86
0.0904294418033702	0.366379981847431	3
0.0904294418033702	0.366379981847431	3
0.0904838986330199	0.366339805232125	3
0.0605695558319002	1.27005874633258	18
-0.0330550199134398	2.11674789280476	81
0.0904838986330199	0.366339805232125	80
0.0612791696730999	1.2693702277358	86
-0.0330530965986102	2.11678859346384	81
0.0611253550369901	1.26943367833825	3
0.0904838986330199	0.366339805232125	3
0.0904294418033702	0.366379981847431	3
0.0904294418033702	0.366379981847431	18
-0.0330550199134398	2.11674789280476	18
-0.03305947916453	2.11672555240098	405
0.0700326508418501	1.91978070509961	86
0.0904838986330199	0.366339805232125	3
0.0608066386416399	1.26985540555962	3
0.0904838986330199	0.366339805232125	3
0.0700055950218399	1.92003282727069	737
0.0605695558319002	1.27005874633258	86
-0.0330918685136199	2.11588456803398	516
0.0904838986330199	0.366339805232125	18
0.0904294418033702	0.366379981847431	18
0.0608066386416399	1.26985540555962	86
0.0904294418033702	0.366379981847431	3
0.0904838986330199	0.366339805232125	3
0.0612791696730999	1.2693702277358	28
0.0904294418033702	0.366379981847431	18
0.0603320982528199	1.27012956245085	10
0.0904294418033702	0.366379981847431	3
0.0699247871415198	1.91938461027322	142
0.0700595035102301	1.91892360269037	737
0.0598560555887802	1.26960079780006	481
0.0904294418033702	0.366379981847431	3
0.0904294418033702	0.366379981847431	3
-0.0330180471272001	2.11539128155388	142
0.0609019956181598	1.26985288518349	169
0.0609019956181598	1.26985288518349	18
0.0698981255578999	1.91988357530134	737
0.0904294418033702	0.366379981847431	3
-0.0330957313718598	2.11568734457577	3
0.0603320982528199	1.27012956245085	10
0.0904838986330199	0.366339805232125	3
0.06041427112834	1.27014049646167	18
0.06065148921429	1.27007010277034	169
0.0904294418033702	0.366379981847431	10
0.0904294418033702	0.366379981847431	3
0.0904838986330199	0.366339805232125	481
0.0904838986330199	0.366339805232125	3
0.0612791696730999	1.2693702277358	142
0.0904294418033702	0.366379981847431	3
0.0609019956181598	1.26985288518349	18
0.06065148921429	1.27007010277034	10
0.0904294418033702	0.366379981847431	3
0.0904294418033702	0.366379981847431	3
0.0609019956181598	1.26985288518349	142
0.0904838986330199	0.366339805232125	80
0.0904838986330199	0.366339805232125	3
0.06041427112834	1.27014049646167	86
0.0609019956181598	1.26985288518349	86
0.0904294418033702	0.366379981847431	3
0.0904838986330199	0.366339805232125	3
-0.0330530965986102	2.11678859346384	172
0.0612791696730999	1.2693702277358	86
0.0904294418033702	0.366379981847431	3
0.0904294418033702	0.366379981847431	80
0.0904838986330199	0.366339805232125	80
-0.0330568991107501	2.11659102982237	142
0.0904294418033702	0.366379981847431	3
0.0609019956181598	1.26985288518349	169
0.0904294418033702	0.366379981847431	3
0.0904838986330199	0.366339805232125	3
0.0615023106622399	1.26878837768738	10
0.0904838986330199	0.366339805232125	3
-0.0330198519642302	2.11511595415234	142
0.0904294418033702	0.366379981847431	3
0.0904294418033702	0.366379981847431	3
0.0904294418033702	0.366379981847431	3
0.0904294418033702	0.366379981847431	80
0.0904838986330199	0.366339805232125	3
0.0904294418033702	0.366379981847431	3
0.0608066386416399	1.26985540555962	729
0.0699786146057102	1.9201720707914	169
0.0904838986330199	0.366339805232125	80
0.0904294418033702	0.366379981847431	3
0.0904838986330199	0.366339805232125	3
0.0904294418033702	0.366379981847431	3
0.0904294418033702	0.366379981847431	3
-0.0330143050043299	2.11558873626435	142
0.0904294418033702	0.366379981847431	3
0.06989793163463	1.91941103141641	405
0.0699248798971	1.92010683368015	142
0.0609019956181598	1.26985288518349	64
0.0904838986330199	0.366339805232125	3
0.0904294418033702	0.366379981847431	288
0.0904294418033702	0.366379981847431	3
0.0700326508418501	1.91978070509961	405
0.0904838986330199	0.366339805232125	3
0.0904294418033702	0.366379981847431	3
0.0904838986330199	0.366339805232125	3
0.0904838986330199	0.366339805232125	80
0.0904838986330199	0.366339805232125	3
0.0904294418033702	0.366379981847431	3
0.0609019956181598	1.26985288518349	81
0.0698981255578999	1.91988357530134	172
0.06041427112834	1.27014049646167	405
0.0904294418033702	0.366379981847431	3
0.0904294418033702	0.366379981847431	3
0.0904294418033702	0.366379981847431	3
0.0904294418033702	0.366379981847431	575
0.0904294418033702	0.366379981847431	3
0.06065148921429	1.27007010277034	388
0.0904294418033702	0.366379981847431	80
0.0904294418033702	0.366379981847431	80
0.0904294418033702	0.366379981847431	3
0.0904294418033702	0.366379981847431	3
0.0605695558319002	1.27005874633258	64
0.06165575714975	1.26872549798424	169
0.0700326508418501	1.91978070509961	172
0.0904838986330199	0.366339805232125	80
0.0904294418033702	0.366379981847431	3
0.0904838986330199	0.366339805232125	3
0.0904838986330199	0.366339805232125	3
0.0608066386416399	1.26985540555962	405
-0.0331131355438998	2.11584781802777	81
0.0904294418033702	0.366379981847431	80
0.0904838986330199	0.366339805232125	80
0.0904838986330199	0.366339805232125	3
0.0904838986330199	0.366339805232125	575
0.0603320982528199	1.27012956245085	81
0.0904838986330199	0.366339805232125	3
0.0904294418033702	0.366379981847431	575
0.0904294418033702	0.366379981847431	3
0.0605695558319002	1.27005874633258	3
0.0904294418033702	0.366379981847431	3
0.0904294418033702	0.366379981847431	3
0.0904294418033702	0.366379981847431	3
0.0904838986330199	0.366339805232125	575
0.0904294418033702	0.366379981847431	255
0.0904838986330199	0.366339805232125	255
0.06989793163463	1.91941103141641	361
0.0700055950218399	1.92003282727069	172
0.0904294418033702	0.366379981847431	202
0.0904838986330199	0.366339805232125	202
0.0904294418033702	0.366379981847431	3
0.0904294418033702	0.366379981847431	3
0.0904838986330199	0.366339805232125	255
0.0904838986330199	0.366339805232125	202
0.0904838986330199	0.366339805232125	202
0.0904838986330199	0.366339805232125	202
0.0904294418033702	0.366379981847431	202
0.06065148921429	1.27007010277034	66
0.0904838986330199	0.366339805232125	3
0.0609019956181598	1.26985288518349	142
0.0612791696730999	1.2693702277358	361
0.0904838986330199	0.366339805232125	202
0.06997863969747	1.91899791446346	81
0.0904294418033702	0.366379981847431	80
0.0904838986330199	0.366339805232125	3
0.0904294418033702	0.366379981847431	3
0.0904294418033702	0.366379981847431	3
0.0904294418033702	0.366379981847431	3
0.0904838986330199	0.366339805232125	3
0.06065148921429	1.27007010277034	255
0.0904838986330199	0.366339805232125	80
0.0904838986330199	0.366339805232125	80
0.0904838986330199	0.366339805232125	80
0.0904294418033702	0.366379981847431	3
0.0904838986330199	0.366339805232125	3
0.0609019956181598	1.26985288518349	202
0.0608066386416399	1.26985540555962	165
0.0904294418033702	0.366379981847431	3
0.06065148921429	1.27007010277034	3
0.0904294418033702	0.366379981847431	575
0.0612791696730999	1.2693702277358	361
0.06065148921429	1.27007010277034	202
0.0611253550369901	1.26943367833825	165
0.0904838986330199	0.366339805232125	80
0.0904838986330199	0.366339805232125	80
0.0904838986330199	0.366339805232125	3
0.06989793163463	1.91941103141641	143
0.0699517095717401	1.92019859027147	165
0.0605695558319002	1.27005874633258	3
0.0904294418033702	0.366379981847431	3
0.06065148921429	1.27007010277034	143
0.0904838986330199	0.366339805232125	3
0.0904838986330199	0.366339805232125	3
0.0904838986330199	0.366339805232125	3
0.0904294418033702	0.366379981847431	3
0.0904838986330199	0.366339805232125	3
0.0904294418033702	0.366379981847431	3
0.0904294418033702	0.366379981847431	143
0.0904294418033702	0.366379981847431	143
0.0603320982528199	1.27012956245085	143
0.0904294418033702	0.366379981847431	143
0.0904838986330199	0.366339805232125	143
0.0904838986330199	0.366339805232125	143
0.0904294418033702	0.366379981847431	3
0.0904838986330199	0.366339805232125	3
0.0904838986330199	0.366339805232125	3
0.0904294418033702	0.366379981847431	3
0.0904294418033702	0.366379981847431	3
0.0904838986330199	0.366339805232125	3
0.0904838986330199	0.366339805232125	3
0.0904294418033702	0.366379981847431	3
0.0904838986330199	0.366339805232125	3
0.0904838986330199	0.366339805232125	3
0.0904294418033702	0.366379981847431	3
0.0904294418033702	0.366379981847431	3
0.0904294418033702	0.366379981847431	3
0.0904294418033702	0.366379981847431	3
0.0904294418033702	0.366379981847431	3
0.0904838986330199	0.366339805232125	3
0.0904838986330199	0.366339805232125	3
0.0904294418033702	0.366379981847431	3
0.0904294418033702	0.366379981847431	3
0.0904838986330199	0.366339805232125	3
0.0904294418033702	0.366379981847431	3
0.0904838986330199	0.366339805232125	3
0.0904294418033702	0.366379981847431	3
0.0904294418033702	0.366379981847431	3
0.0904294418033702	0.366379981847431	3
0.0904838986330199	0.366339805232125	3
0.0904294418033702	0.366379981847431	3
0.0904294418033702	0.366379981847431	3
0.0904294418033702	0.366379981847431	3
0.0904838986330199	0.366339805232125	3
0.0904294418033702	0.366379981847431	3
0.0904294418033702	0.366379981847431	3
0.0904838986330199	0.366339805232125	3
0.0904294418033702	0.366379981847431	3
0.0904838986330199	0.366339805232125	3
0.0904294418033702	0.366379981847431	165
0.0904294418033702	0.366379981847431	427
0.0904838986330199	0.366339805232125	427
0.0904838986330199	0.366339805232125	427
0.0904838986330199	0.366339805232125	427
0.0904294418033702	0.366379981847431	427
0.0904294418033702	0.366379981847431	427
0.0904838986330199	0.366339805232125	427
0.0904294418033702	0.366379981847431	3
0.0904838986330199	0.366339805232125	3
0.0904838986330199	0.366339805232125	3
0.0904838986330199	0.366339805232125	3
0.0904294418033702	0.366379981847431	189
0.0904294418033702	0.366379981847431	189
0.0904294418033702	0.366379981847431	3
0.0904294418033702	0.366379981847431	3
0.0612791696730999	1.2693702277358	577
0.06065148921429	1.27007010277034	143
0.0904294418033702	0.366379981847431	3
0.0904294418033702	0.366379981847431	3
0.0904294418033702	0.366379981847431	3
0.0904294418033702	0.366379981847431	3
0.0904838986330199	0.366339805232125	3
0.0904294418033702	0.366379981847431	3
0.0904294418033702	0.366379981847431	3
0.0603320982528199	1.27012956245085	427
0.0904838986330199	0.366339805232125	427
0.0611253550369901	1.26943367833825	427
0.06041427112834	1.27014049646167	165
0.0904838986330199	0.366339805232125	3
0.0904294418033702	0.366379981847431	3
0.0904294418033702	0.366379981847431	3
0.0904838986330199	0.366339805232125	3
0.0904838986330199	0.366339805232125	3
0.0904838986330199	0.366339805232125	3
0.0904294418033702	0.366379981847431	3
0.0904838986330199	0.366339805232125	577
0.0612791696730999	1.2693702277358	64
0.0904838986330199	0.366339805232125	143
0.0904838986330199	0.366339805232125	143
0.0904838986330199	0.366339805232125	143
0.0904294418033702	0.366379981847431	143
0.0904838986330199	0.366339805232125	143
0.0904838986330199	0.366339805232125	143
0.0904294418033702	0.366379981847431	143
0.0904838986330199	0.366339805232125	143
0.0904294418033702	0.366379981847431	143
0.0904838986330199	0.366339805232125	143
0.0904838986330199	0.366339805232125	143
0.0904294418033702	0.366379981847431	143
0.0904838986330199	0.366339805232125	143
0.0904838986330199	0.366339805232125	143
0.0904838986330199	0.366339805232125	143
0.0612791696730999	1.2693702277358	143
0.0904838986330199	0.366339805232125	143
0.0904838986330199	0.366339805232125	143
0.0904838986330199	0.366339805232125	143
0.0904838986330199	0.366339805232125	143
0.0904294418033702	0.366379981847431	143
0.0904294418033702	0.366379981847431	143
0.0904294418033702	0.366379981847431	3
0.0904838986330199	0.366339805232125	3
0.0904294418033702	0.366379981847431	3
0.0904294418033702	0.366379981847431	3
0.0904838986330199	0.366339805232125	3
0.0904838986330199	0.366339805232125	638
0.0904294418033702	0.366379981847431	3
0.0904294418033702	0.366379981847431	3
0.0904838986330199	0.366339805232125	3
0.0904294418033702	0.366379981847431	3
0.0904294418033702	0.366379981847431	3
0.0904294418033702	0.366379981847431	3
0.0904294418033702	0.366379981847431	3
0.0904294418033702	0.366379981847431	3
0.0904294418033702	0.366379981847431	3
0.0904294418033702	0.366379981847431	3
0.0904294418033702	0.366379981847431	3
0.0904838986330199	0.366339805232125	3
0.0904294418033702	0.366379981847431	3
0.0904838986330199	0.366339805232125	3
0.0904838986330199	0.366339805232125	3
0.0904294418033702	0.366379981847431	3
0.0904838986330199	0.366339805232125	3
0.0904294418033702	0.366379981847431	3
0.0904838986330199	0.366339805232125	3
0.0904294418033702	0.366379981847431	3
0.0904838986330199	0.366339805232125	3
0.0904838986330199	0.366339805232125	3
0.0904838986330199	0.366339805232125	3
0.0904838986330199	0.366339805232125	3
0.0904838986330199	0.366339805232125	3
0.0904838986330199	0.366339805232125	3
0.0904294418033702	0.366379981847431	427
0.0904838986330199	0.366339805232125	427
0.0904294418033702	0.366379981847431	427
0.0904294418033702	0.366379981847431	3
0.0904838986330199	0.366339805232125	3
0.0904838986330199	0.366339805232125	3
0.0904294418033702	0.366379981847431	3
0.0904838986330199	0.366339805232125	3
0.0904294418033702	0.366379981847431	3
0.0904838986330199	0.366339805232125	3
0.0904294418033702	0.366379981847431	189
0.0904838986330199	0.366339805232125	189
0.0904294418033702	0.366379981847431	189
0.0904294418033702	0.366379981847431	189
0.0904294418033702	0.366379981847431	577
0.0904838986330199	0.366339805232125	3
0.0611253550369901	1.26943367833825	143
0.06065148921429	1.27007010277034	143
0.0904838986330199	0.366339805232125	143
0.0904838986330199	0.366339805232125	143
-0.0330550199134398	2.11674789280476	143
0.0904294418033702	0.366379981847431	3
0.0904294418033702	0.366379981847431	3
0.0904838986330199	0.366339805232125	3
0.0904294418033702	0.366379981847431	3
0.0904294418033702	0.366379981847431	3
0.0904294418033702	0.366379981847431	3
0.0608066386416399	1.26985540555962	3
0.06065148921429	1.27007010277034	427
0.0904838986330199	0.366339805232125	3
0.0904294418033702	0.366379981847431	3
0.0904838986330199	0.366339805232125	3
0.0904294418033702	0.366379981847431	3
0.0904294418033702	0.366379981847431	3
0.0904294418033702	0.366379981847431	3
0.0904294418033702	0.366379981847431	3
0.0904294418033702	0.366379981847431	3
0.0904838986330199	0.366339805232125	3
0.0598560555887802	1.26960079780006	3
0.0904838986330199	0.366339805232125	3
0.0603320982528199	1.27012956245085	3
0.0904838986330199	0.366339805232125	3
0.0904294418033702	0.366379981847431	80
0.0904294418033702	0.366379981847431	577
0.0904294418033702	0.366379981847431	143
0.0904294418033702	0.366379981847431	3
0.0904294418033702	0.366379981847431	3
0.0904838986330199	0.366339805232125	3
0.0904838986330199	0.366339805232125	3
0.0904294418033702	0.366379981847431	3
0.0904294418033702	0.366379981847431	3
0.0904838986330199	0.366339805232125	427
0.0904838986330199	0.366339805232125	165
0.0904838986330199	0.366339805232125	3
0.0904294418033702	0.366379981847431	3
0.0904838986330199	0.366339805232125	3
0.0605695558319002	1.27005874633258	189
0.0904838986330199	0.366339805232125	3
0.0904294418033702	0.366379981847431	3
0.0904294418033702	0.366379981847431	80
0.0904838986330199	0.366339805232125	80
0.0904294418033702	0.366379981847431	3
0.0904294418033702	0.366379981847431	3
0.0904294418033702	0.366379981847431	3
0.0904294418033702	0.366379981847431	3
0.0904294418033702	0.366379981847431	3
0.0904294418033702	0.366379981847431	3
0.0904294418033702	0.366379981847431	3
0.0904294418033702	0.366379981847431	3
0.0904294418033702	0.366379981847431	3
0.0904294418033702	0.366379981847431	3
0.0904294418033702	0.366379981847431	3
0.0904294418033702	0.366379981847431	3
0.0904294418033702	0.366379981847431	3
0.0904294418033702	0.366379981847431	3
0.0904838986330199	0.366339805232125	3
0.0904294418033702	0.366379981847431	3
0.0904294418033702	0.366379981847431	3
0.0904294418033702	0.366379981847431	3
0.0904838986330199	0.366339805232125	3
0.0904838986330199	0.366339805232125	3
0.0904294418033702	0.366379981847431	3
0.0904294418033702	0.366379981847431	3
0.0904838986330199	0.366339805232125	3
0.0904294418033702	0.366379981847431	3
0.0904838986330199	0.366339805232125	3
0.0904294418033702	0.366379981847431	3
0.0904838986330199	0.366339805232125	3
0.0904838986330199	0.366339805232125	3
0.0904294418033702	0.366379981847431	3
0.0904294418033702	0.366379981847431	3
0.0904294418033702	0.366379981847431	3
0.0904838986330199	0.366339805232125	3
0.0904294418033702	0.366379981847431	80
0.0904838986330199	0.366339805232125	80
0.0904294418033702	0.366379981847431	80
0.0904838986330199	0.366339805232125	3
0.0904838986330199	0.366339805232125	3
0.0904294418033702	0.366379981847431	3
0.0904838986330199	0.366339805232125	3
0.0904294418033702	0.366379981847431	3
0.0904838986330199	0.366339805232125	3
0.0904294418033702	0.366379981847431	3
0.0904294418033702	0.366379981847431	3
0.0904838986330199	0.366339805232125	3
0.0904294418033702	0.366379981847431	3
0.0904838986330199	0.366339805232125	3
0.0904294418033702	0.366379981847431	3
0.0904838986330199	0.366339805232125	3
0.0904838986330199	0.366339805232125	3
0.0904294418033702	0.366379981847431	3
0.0904838986330199	0.366339805232125	3
0.0904294418033702	0.366379981847431	3
0.0904294418033702	0.366379981847431	3
0.0904838986330199	0.366339805232125	3
0.0904294418033702	0.366379981847431	3
0.0904294418033702	0.366379981847431	3
0.0904838986330199	0.366339805232125	3
0.0904838986330199	0.366339805232125	3
0.0904294418033702	0.366379981847431	3
0.0904838986330199	0.366339805232125	3
0.0904294418033702	0.366379981847431	3
0.0904294418033702	0.366379981847431	3
0.0904294418033702	0.366379981847431	3
0.0904294418033702	0.366379981847431	3
0.0904294418033702	0.366379981847431	3
0.0904838986330199	0.366339805232125	3
0.0904294418033702	0.366379981847431	3
0.0904838986330199	0.366339805232125	3
0.0904838986330199	0.366339805232125	3
0.0904838986330199	0.366339805232125	3
0.0904294418033702	0.366379981847431	3
0.0904294418033702	0.366379981847431	3
0.0904838986330199	0.366339805232125	3
0.0904838986330199	0.366339805232125	3
0.0904838986330199	0.366339805232125	3
0.0904294418033702	0.366379981847431	3
0.0904294418033702	0.366379981847431	3
0.0904838986330199	0.366339805232125	3
0.0904838986330199	0.366339805232125	3
0.0904294418033702	0.366379981847431	3
0.0904294418033702	0.366379981847431	3
0.0904294418033702	0.366379981847431	3
0.0904294418033702	0.366379981847431	3
0.0904838986330199	0.366339805232125	3
0.0904294418033702	0.366379981847431	3
0.0904838986330199	0.366339805232125	3
0.0904838986330199	0.366339805232125	3
0.0904838986330199	0.366339805232125	3
0.0904838986330199	0.366339805232125	3
0.0904294418033702	0.366379981847431	3
0.0904294418033702	0.366379981847431	3
0.0904294418033702	0.366379981847431	3
0.0904294418033702	0.366379981847431	3
0.0904294418033702	0.366379981847431	3
0.0904838986330199	0.366339805232125	3
0.0904838986330199	0.366339805232125	3
0.0904294418033702	0.366379981847431	3
0.0904838986330199	0.366339805232125	3
0.0904838986330199	0.366339805232125	3
0.0904294418033702	0.366379981847431	3
0.0904838986330199	0.366339805232125	3
0.0904838986330199	0.366339805232125	3
0.0904294418033702	0.366379981847431	3
0.0904294418033702	0.366379981847431	3
0.0904294418033702	0.366379981847431	3
0.0904294418033702	0.366379981847431	3
0.0904838986330199	0.366339805232125	3
0.0904838986330199	0.366339805232125	3
0.0904294418033702	0.366379981847431	3
0.0904294418033702	0.366379981847431	3
0.0904838986330199	0.366339805232125	3
0.0904294418033702	0.366379981847431	3
0.0904838986330199	0.366339805232125	3
0.0904838986330199	0.366339805232125	3
0.0904294418033702	0.366379981847431	3
0.0904838986330199	0.366339805232125	3
0.0904294418033702	0.366379981847431	3
0.0904294418033702	0.366379981847431	3
0.0904838986330199	0.366339805232125	3
0.0904838986330199	0.366339805232125	3
0.0904838986330199	0.366339805232125	3
0.0904294418033702	0.366379981847431	3
0.0904838986330199	0.366339805232125	3
0.0904294418033702	0.366379981847431	3
0.0904838986330199	0.366339805232125	3
0.0904294418033702	0.366379981847431	3
0.0904838986330199	0.366339805232125	3
0.0904294418033702	0.366379981847431	3
0.0904838986330199	0.366339805232125	3
0.0904838986330199	0.366339805232125	3
0.0904294418033702	0.366379981847431	3
0.0904838986330199	0.366339805232125	3
0.0904294418033702	0.366379981847431	3
0.0904294418033702	0.366379981847431	3
0.0904294418033702	0.366379981847431	3
0.0904838986330199	0.366339805232125	3
0.0904838986330199	0.366339805232125	3
0.0904294418033702	0.366379981847431	3
0.0904294418033702	0.366379981847431	3
0.0904294418033702	0.366379981847431	3
0.0904294418033702	0.366379981847431	3
0.0904838986330199	0.366339805232125	3
0.0904838986330199	0.366339805232125	3
0.0904294418033702	0.366379981847431	3
0.0904294418033702	0.366379981847431	3
0.0904294418033702	0.366379981847431	3
0.0904838986330199	0.366339805232125	3
0.0904294418033702	0.366379981847431	3
0.0904838986330199	0.366339805232125	3
0.0904838986330199	0.366339805232125	3
0.0904838986330199	0.366339805232125	3
0.0904294418033702	0.366379981847431	3
0.0904294418033702	0.366379981847431	3
0.0904838986330199	0.366339805232125	3
0.0904294418033702	0.366379981847431	3
0.0904838986330199	0.366339805232125	3
0.0904294418033702	0.366379981847431	3
0.0904838986330199	0.366339805232125	3
0.0904294418033702	0.366379981847431	3
0.0904838986330199	0.366339805232125	3
0.0904294418033702	0.366379981847431	3
0.0904294418033702	0.366379981847431	3
0.0904838986330199	0.366339805232125	3
0.0904294418033702	0.366379981847431	3
0.0904838986330199	0.366339805232125	3
0.0904294418033702	0.366379981847431	3
0.0904838986330199	0.366339805232125	3
0.0904294418033702	0.366379981847431	3
0.0904838986330199	0.366339805232125	3
0.0904294418033702	0.366379981847431	3
0.0904294418033702	0.366379981847431	3
0.0904838986330199	0.366339805232125	3
0.0904294418033702	0.366379981847431	3
0.0904294418033702	0.366379981847431	3
0.0904838986330199	0.366339805232125	3
0.0904838986330199	0.366339805232125	3
0.0904294418033702	0.366379981847431	3
0.0904294418033702	0.366379981847431	3
0.0904294418033702	0.366379981847431	3
0.0904838986330199	0.366339805232125	3
0.0904294418033702	0.366379981847431	3
0.0904294418033702	0.366379981847431	3
0.0904294418033702	0.366379981847431	3
0.0904294418033702	0.366379981847431	3
0.0904294418033702	0.366379981847431	3
0.0904838986330199	0.366339805232125	80
0.0904838986330199	0.366339805232125	3
0.0904294418033702	0.366379981847431	3
0.0904294418033702	0.366379981847431	3
0.0904838986330199	0.366339805232125	3
0.0904294418033702	0.366379981847431	3
0.0904838986330199	0.366339805232125	3
0.0904294418033702	0.366379981847431	3
0.0904294418033702	0.366379981847431	3
0.0904838986330199	0.366339805232125	3
0.0904838986330199	0.366339805232125	3
0.0904838986330199	0.366339805232125	3
0.0904838986330199	0.366339805232125	3
0.0904294418033702	0.366379981847431	3
0.0904838986330199	0.366339805232125	3
0.0904294418033702	0.366379981847431	3
0.0904294418033702	0.366379981847431	3
0.0904294418033702	0.366379981847431	3
0.0904294418033702	0.366379981847431	3
0.0904294418033702	0.366379981847431	3
0.0904294418033702	0.366379981847431	3
0.0904838986330199	0.366339805232125	3
0.0904294418033702	0.366379981847431	3
0.0904294418033702	0.366379981847431	3
0.0904838986330199	0.366339805232125	3
0.0904838986330199	0.366339805232125	3
0.0904294418033702	0.366379981847431	3
0.0904294418033702	0.366379981847431	80
0.0904294418033702	0.366379981847431	80
0.0904294418033702	0.366379981847431	80
0.0904838986330199	0.366339805232125	3
0.0904838986330199	0.366339805232125	3
0.0904838986330199	0.366339805232125	3
0.0904838986330199	0.366339805232125	3
0.0904294418033702	0.366379981847431	3
0.0904294418033702	0.366379981847431	3
0.0904838986330199	0.366339805232125	3
0.0904294418033702	0.366379981847431	3
0.0904294418033702	0.366379981847431	3
0.0904294418033702	0.366379981847431	3
0.0904838986330199	0.366339805232125	3
0.0904838986330199	0.366339805232125	3
0.0904294418033702	0.366379981847431	3
0.0904294418033702	0.366379981847431	3
0.0904838986330199	0.366339805232125	3
0.0904294418033702	0.366379981847431	3
0.0904294418033702	0.366379981847431	3
0.0904294418033702	0.366379981847431	3
0.0904838986330199	0.366339805232125	3
0.0904294418033702	0.366379981847431	3
0.0904838986330199	0.366339805232125	3
0.0904294418033702	0.366379981847431	3
0.0904838986330199	0.366339805232125	3
0.0904838986330199	0.366339805232125	3
0.0904294418033702	0.366379981847431	3
0.0904294418033702	0.366379981847431	3
0.0904294418033702	0.366379981847431	3
0.0904294418033702	0.366379981847431	3
0.0904294418033702	0.366379981847431	3
0.0904838986330199	0.366339805232125	3
0.0904838986330199	0.366339805232125	3
0.0904294418033702	0.366379981847431	3
0.0904294418033702	0.366379981847431	3
0.0904838986330199	0.366339805232125	3
0.0904294418033702	0.366379981847431	3
0.0904294418033702	0.366379981847431	3
0.0904294418033702	0.366379981847431	80
0.0904294418033702	0.366379981847431	80
0.0904294418033702	0.366379981847431	3
0.0904838986330199	0.366339805232125	3
0.0904838986330199	0.366339805232125	3
0.0904294418033702	0.366379981847431	3
0.0904294418033702	0.366379981847431	3
0.0904838986330199	0.366339805232125	3
0.0904838986330199	0.366339805232125	3
0.0904294418033702	0.366379981847431	3
0.0904294418033702	0.366379981847431	3
0.0904294418033702	0.366379981847431	3
0.0904294418033702	0.366379981847431	3
0.0904294418033702	0.366379981847431	3
0.0904838986330199	0.366339805232125	3
0.0904838986330199	0.366339805232125	3
-0.0330918685136199	2.11588456803398	143
0.0611253550369901	1.26943367833825	202
0.0904294418033702	0.366379981847431	3
0.0603320982528199	1.27012956245085	202
0.0904838986330199	0.366339805232125	3
0.0904294418033702	0.366379981847431	64
0.0904294418033702	0.366379981847431	3
0.0904294418033702	0.366379981847431	3
0.0904838986330199	0.366339805232125	143
0.0904294418033702	0.366379981847431	3
0.0904294418033702	0.366379981847431	3
0.0608066386416399	1.26985540555962	139
0.0904838986330199	0.366339805232125	3
0.0904838986330199	0.366339805232125	3
0.0904838986330199	0.366339805232125	3
0.0904294418033702	0.366379981847431	3
0.0904294418033702	0.366379981847431	3
0.0904294418033702	0.366379981847431	3
0.0904838986330199	0.366339805232125	3
0.0904838986330199	0.366339805232125	3
0.0904294418033702	0.366379981847431	202
0.0904294418033702	0.366379981847431	202
0.0904294418033702	0.366379981847431	202
0.0904294418033702	0.366379981847431	202
0.0904838986330199	0.366339805232125	202
0.0904294418033702	0.366379981847431	3
0.0904838986330199	0.366339805232125	3
0.0904838986330199	0.366339805232125	3
0.0904294418033702	0.366379981847431	3
0.0904294418033702	0.366379981847431	3
0.0904838986330199	0.366339805232125	3
0.0904294418033702	0.366379981847431	3
0.0904294418033702	0.366379981847431	3
0.0904294418033702	0.366379981847431	3
0.0904294418033702	0.366379981847431	3
0.0904294418033702	0.366379981847431	3
0.0904294418033702	0.366379981847431	3
0.0904294418033702	0.366379981847431	190
0.0904294418033702	0.366379981847431	3
0.0904294418033702	0.366379981847431	3
0.0904838986330199	0.366339805232125	3
0.0904294418033702	0.366379981847431	3
0.0904838986330199	0.366339805232125	3
0.0904838986330199	0.366339805232125	3
0.0612791696730999	1.2693702277358	202
0.0609019956181598	1.26985288518349	165
-0.0330856008410101	2.11657106884092	278
0.0612791696730999	1.2693702277358	3
0.0904838986330199	0.366339805232125	165
0.0904838986330199	0.366339805232125	3
0.0904838986330199	0.366339805232125	3
-0.03309382198991	2.11584397704076	278
0.0608066386416399	1.26985540555962	143
0.06041427112834	1.27014049646167	19
0.0904838986330199	0.366339805232125	3
0.0904838986330199	0.366339805232125	3
0.0904294418033702	0.366379981847431	3
0.0904294418033702	0.366379981847431	3
0.0904838986330199	0.366339805232125	3
0.0904294418033702	0.366379981847431	3
0.0904838986330199	0.366339805232125	3
0.0904294418033702	0.366379981847431	3
0.0904838986330199	0.366339805232125	3
0.0904294418033702	0.366379981847431	64
0.0904838986330199	0.366339805232125	3
0.0904838986330199	0.366339805232125	3
0.0904838986330199	0.366339805232125	3
0.0904838986330199	0.366339805232125	3
0.0904294418033702	0.366379981847431	3
0.0904294418033702	0.366379981847431	3
0.0904294418033702	0.366379981847431	3
0.0904838986330199	0.366339805232125	3
0.0904294418033702	0.366379981847431	3
0.0904294418033702	0.366379981847431	3
0.0904838986330199	0.366339805232125	3
0.0904838986330199	0.366339805232125	3
0.0904838986330199	0.366339805232125	3
0.0904294418033702	0.366379981847431	3
0.0904838986330199	0.366339805232125	3
0.0904838986330199	0.366339805232125	3
0.0904294418033702	0.366379981847431	3
0.0904294418033702	0.366379981847431	3
0.0904294418033702	0.366379981847431	3
0.0904294418033702	0.366379981847431	3
0.0904294418033702	0.366379981847431	3
0.0904838986330199	0.366339805232125	3
0.0904294418033702	0.366379981847431	3
0.0904838986330199	0.366339805232125	3
0.0904838986330199	0.366339805232125	3
0.0904838986330199	0.366339805232125	3
0.0904838986330199	0.366339805232125	3
0.0904838986330199	0.366339805232125	3
0.0904294418033702	0.366379981847431	3
0.0904838986330199	0.366339805232125	3
0.0904294418033702	0.366379981847431	3
0.0904294418033702	0.366379981847431	3
0.0904294418033702	0.366379981847431	3
0.0904838986330199	0.366339805232125	3
0.0904838986330199	0.366339805232125	3
0.0904838986330199	0.366339805232125	3
0.0904294418033702	0.366379981847431	3
0.0904294418033702	0.366379981847431	3
0.0904838986330199	0.366339805232125	3
0.0904838986330199	0.366339805232125	3
0.0904294418033702	0.366379981847431	3
0.0904838986330199	0.366339805232125	3
0.0904838986330199	0.366339805232125	3
0.0904838986330199	0.366339805232125	3
0.0904294418033702	0.366379981847431	3
0.0904838986330199	0.366339805232125	3
0.0904294418033702	0.366379981847431	3
0.0904294418033702	0.366379981847431	3
0.0904838986330199	0.366339805232125	3
0.0904294418033702	0.366379981847431	3
0.0904294418033702	0.366379981847431	3
0.0904838986330199	0.366339805232125	3
0.0904294418033702	0.366379981847431	3
0.0904294418033702	0.366379981847431	3
0.0904838986330199	0.366339805232125	3
0.0904294418033702	0.366379981847431	3
0.0904838986330199	0.366339805232125	3
0.0904294418033702	0.366379981847431	3
0.0904294418033702	0.366379981847431	3
0.0904294418033702	0.366379981847431	3
0.0904838986330199	0.366339805232125	3
0.0904294418033702	0.366379981847431	3
0.0904294418033702	0.366379981847431	3
0.0904294418033702	0.366379981847431	3
0.0904838986330199	0.366339805232125	3
0.0904838986330199	0.366339805232125	3
0.0904294418033702	0.366379981847431	3
0.0904838986330199	0.366339805232125	3
0.0904838986330199	0.366339805232125	3
0.0904294418033702	0.366379981847431	3
0.0904838986330199	0.366339805232125	3
0.0904294418033702	0.366379981847431	3
0.0904294418033702	0.366379981847431	3
0.0904294418033702	0.366379981847431	3
0.0904294418033702	0.366379981847431	3
0.0904294418033702	0.366379981847431	3
0.0904838986330199	0.366339805232125	3
0.0904294418033702	0.366379981847431	3
0.0904838986330199	0.366339805232125	3
0.0904294418033702	0.366379981847431	3
0.0904294418033702	0.366379981847431	3
0.0904294418033702	0.366379981847431	3
0.0904838986330199	0.366339805232125	3
0.0904294418033702	0.366379981847431	3
0.0904294418033702	0.366379981847431	3
0.0904838986330199	0.366339805232125	3
0.0904294418033702	0.366379981847431	3
0.0904294418033702	0.366379981847431	3
0.0904838986330199	0.366339805232125	3
0.0904838986330199	0.366339805232125	3
0.0904838986330199	0.366339805232125	3
0.0904294418033702	0.366379981847431	3
0.0904294418033702	0.366379981847431	3
0.0904294418033702	0.366379981847431	3
0.0904294418033702	0.366379981847431	3
0.0904294418033702	0.366379981847431	3
0.0904838986330199	0.366339805232125	3
0.0904294418033702	0.366379981847431	3
0.0904294418033702	0.366379981847431	3
0.0904294418033702	0.366379981847431	3
0.0904294418033702	0.366379981847431	3
0.0904294418033702	0.366379981847431	3
0.0904838986330199	0.366339805232125	3
0.0904294418033702	0.366379981847431	3
0.0904838986330199	0.366339805232125	3
0.0904838986330199	0.366339805232125	3
0.0904838986330199	0.366339805232125	3
0.0904838986330199	0.366339805232125	3
0.0904294418033702	0.366379981847431	3
0.0904838986330199	0.366339805232125	3
0.0904838986330199	0.366339805232125	3
0.0904838986330199	0.366339805232125	3
0.0904294418033702	0.366379981847431	3
0.0904294418033702	0.366379981847431	3
0.0904294418033702	0.366379981847431	3
0.0904294418033702	0.366379981847431	3
0.0904838986330199	0.366339805232125	3
0.0904838986330199	0.366339805232125	3
0.0904294418033702	0.366379981847431	3
0.0904838986330199	0.366339805232125	3
0.0904838986330199	0.366339805232125	3
0.0904294418033702	0.366379981847431	3
0.0904838986330199	0.366339805232125	3
0.0904838986330199	0.366339805232125	3
0.0904838986330199	0.366339805232125	3
0.0904838986330199	0.366339805232125	3
0.0904294418033702	0.366379981847431	3
0.0904294418033702	0.366379981847431	3
0.0904294418033702	0.366379981847431	3
0.0904838986330199	0.366339805232125	3
0.0904294418033702	0.366379981847431	3
0.0904838986330199	0.366339805232125	3
0.0904838986330199	0.366339805232125	3
0.0904294418033702	0.366379981847431	3
0.0904838986330199	0.366339805232125	3
0.0904294418033702	0.366379981847431	3
0.0904294418033702	0.366379981847431	3
0.0904838986330199	0.366339805232125	3
0.0904294418033702	0.366379981847431	3
0.0904294418033702	0.366379981847431	3
0.0904838986330199	0.366339805232125	3
0.0904838986330199	0.366339805232125	3
0.0904838986330199	0.366339805232125	3
0.0904294418033702	0.366379981847431	143
0.06065148921429	1.27007010277034	143
0.0609019956181598	1.26985288518349	165
0.06065148921429	1.27007010277034	165
0.0904294418033702	0.366379981847431	143
0.0904838986330199	0.366339805232125	143
0.0904838986330199	0.366339805232125	143
0.0904294418033702	0.366379981847431	143
0.0904294418033702	0.366379981847431	143
0.0904294418033702	0.366379981847431	143
0.0904838986330199	0.366339805232125	143
0.0904838986330199	0.366339805232125	143
0.0904294418033702	0.366379981847431	143
0.0904294418033702	0.366379981847431	143
0.0904838986330199	0.366339805232125	143
0.0904838986330199	0.366339805232125	143
0.0904838986330199	0.366339805232125	143
0.0904838986330199	0.366339805232125	143
0.0904294418033702	0.366379981847431	143
0.0904838986330199	0.366339805232125	143
0.0904294418033702	0.366379981847431	143
0.0904838986330199	0.366339805232125	143
0.0904838986330199	0.366339805232125	143
0.0904838986330199	0.366339805232125	143
0.0904838986330199	0.366339805232125	143
0.0904294418033702	0.366379981847431	143
0.0904838986330199	0.366339805232125	143
0.0904838986330199	0.366339805232125	143
0.0904294418033702	0.366379981847431	143
0.0904838986330199	0.366339805232125	143
0.0904294418033702	0.366379981847431	143
0.0904294418033702	0.366379981847431	3
0.0904838986330199	0.366339805232125	3
0.0904838986330199	0.366339805232125	3
0.0904294418033702	0.366379981847431	3
0.0904838986330199	0.366339805232125	3
0.0904838986330199	0.366339805232125	3
0.0904294418033702	0.366379981847431	3
0.0904838986330199	0.366339805232125	3
0.0904294418033702	0.366379981847431	3
0.0904838986330199	0.366339805232125	3
0.0904294418033702	0.366379981847431	3
0.0904838986330199	0.366339805232125	3
0.0904838986330199	0.366339805232125	3
0.0904294418033702	0.366379981847431	3
0.0904838986330199	0.366339805232125	3
0.0904294418033702	0.366379981847431	3
0.0904294418033702	0.366379981847431	3
0.0904838986330199	0.366339805232125	3
0.0904838986330199	0.366339805232125	3
0.0904294418033702	0.366379981847431	3
0.0904294418033702	0.366379981847431	3
0.0904294418033702	0.366379981847431	3
0.0904294418033702	0.366379981847431	3
0.0904838986330199	0.366339805232125	3
0.0904838986330199	0.366339805232125	3
0.0904294418033702	0.366379981847431	3
0.0904838986330199	0.366339805232125	3
0.0904838986330199	0.366339805232125	3
0.0904838986330199	0.366339805232125	3
0.0904838986330199	0.366339805232125	3
0.0904838986330199	0.366339805232125	3
0.0904838986330199	0.366339805232125	3
0.0904838986330199	0.366339805232125	3
0.0904294418033702	0.366379981847431	3
0.0904294418033702	0.366379981847431	3
0.0904838986330199	0.366339805232125	143
0.0904294418033702	0.366379981847431	143
0.0904294418033702	0.366379981847431	143
0.0904838986330199	0.366339805232125	143
0.0904838986330199	0.366339805232125	143
0.06065148921429	1.27007010277034	278
0.0904294418033702	0.366379981847431	143
0.0904294418033702	0.366379981847431	143
0.0904294418033702	0.366379981847431	143
0.0904838986330199	0.366339805232125	143
0.0904294418033702	0.366379981847431	3
0.0904838986330199	0.366339805232125	3
0.0904838986330199	0.366339805232125	3
0.0904838986330199	0.366339805232125	3
0.0904294418033702	0.366379981847431	3
0.0904294418033702	0.366379981847431	3
0.0904294418033702	0.366379981847431	3
0.0904838986330199	0.366339805232125	3
0.0904294418033702	0.366379981847431	3
0.0904294418033702	0.366379981847431	3
0.0904838986330199	0.366339805232125	3
0.0904294418033702	0.366379981847431	3
0.0609019956181598	1.26985288518349	145
0.0904294418033702	0.366379981847431	3
0.0904294418033702	0.366379981847431	3
0.0904838986330199	0.366339805232125	3
0.0904838986330199	0.366339805232125	3
0.0904294418033702	0.366379981847431	3
0.0904294418033702	0.366379981847431	3
0.0904294418033702	0.366379981847431	3
0.0904294418033702	0.366379981847431	3
0.0904294418033702	0.366379981847431	3
0.0904294418033702	0.366379981847431	3
0.0904294418033702	0.366379981847431	3
0.0904838986330199	0.366339805232125	3
0.0904838986330199	0.366339805232125	165
0.0904294418033702	0.366379981847431	3
0.0904294418033702	0.366379981847431	3
0.0904294418033702	0.366379981847431	3
0.0904294418033702	0.366379981847431	3
0.0904838986330199	0.366339805232125	3
0.0904838986330199	0.366339805232125	3
0.0904294418033702	0.366379981847431	3
0.0904838986330199	0.366339805232125	143
0.0904838986330199	0.366339805232125	143
0.06041427112834	1.27014049646167	143
0.0904838986330199	0.366339805232125	3
0.0904294418033702	0.366379981847431	3
0.0904294418033702	0.366379981847431	3
0.0904838986330199	0.366339805232125	3
0.0904838986330199	0.366339805232125	3
0.0904294418033702	0.366379981847431	3
0.0904294418033702	0.366379981847431	3
0.0904294418033702	0.366379981847431	3
0.0904838986330199	0.366339805232125	3
0.0904838986330199	0.366339805232125	3
0.0904838986330199	0.366339805232125	3
0.0904294418033702	0.366379981847431	3
0.0904838986330199	0.366339805232125	3
0.0904838986330199	0.366339805232125	165
0.0904294418033702	0.366379981847431	3
0.0904294418033702	0.366379981847431	3
0.0904294418033702	0.366379981847431	3
0.0904294418033702	0.366379981847431	3
0.0904294418033702	0.366379981847431	3
0.0904838986330199	0.366339805232125	3
0.0904838986330199	0.366339805232125	143
0.0699517179921201	1.91924558070435	278
0.0605695558319002	1.27005874633258	143
0.06165575714975	1.26872549798424	143
0.0612791696730999	1.2693702277358	143
0.0904294418033702	0.366379981847431	3
0.0904838986330199	0.366339805232125	3
0.0609019956181598	1.26985288518349	3
0.0904838986330199	0.366339805232125	3
0.0904838986330199	0.366339805232125	3
0.0904294418033702	0.366379981847431	165
0.0904294418033702	0.366379981847431	3
0.0612791696730999	1.2693702277358	3
0.0699786146057102	1.9201720707914	145
0.0904838986330199	0.366339805232125	744
0.0904294418033702	0.366379981847431	551
0.0904838986330199	0.366339805232125	551
0.0904294418033702	0.366379981847431	463
0.0904294418033702	0.366379981847431	463
0.0904838986330199	0.366339805232125	463
0.0904294418033702	0.366379981847431	463
0.0904294418033702	0.366379981847431	463
0.0904838986330199	0.366339805232125	463
0.0904838986330199	0.366339805232125	3
0.0904294418033702	0.366379981847431	3
0.0904838986330199	0.366339805232125	3
0.0904294418033702	0.366379981847431	3
0.0608066386416399	1.26985540555962	100
0.0904838986330199	0.366339805232125	100
0.0904294418033702	0.366379981847431	100
0.0904294418033702	0.366379981847431	687
0.0904838986330199	0.366339805232125	687
0.0904294418033702	0.366379981847431	687
0.06041427112834	1.27014049646167	185
0.0904838986330199	0.366339805232125	744
0.0904294418033702	0.366379981847431	744
0.0904838986330199	0.366339805232125	744
0.0904294418033702	0.366379981847431	744
0.0904838986330199	0.366339805232125	744
0.0904838986330199	0.366339805232125	744
0.0608066386416399	1.26985540555962	551
0.0904838986330199	0.366339805232125	551
0.0904294418033702	0.366379981847431	551
0.0904838986330199	0.366339805232125	551
0.0904294418033702	0.366379981847431	551
0.0904838986330199	0.366339805232125	551
0.0904294418033702	0.366379981847431	551
0.0904294418033702	0.366379981847431	551
0.0904294418033702	0.366379981847431	551
0.0904838986330199	0.366339805232125	551
0.0904294418033702	0.366379981847431	551
0.0904838986330199	0.366339805232125	597
0.0904838986330199	0.366339805232125	597
0.0904294418033702	0.366379981847431	597
0.0904294418033702	0.366379981847431	597
0.0904294418033702	0.366379981847431	597
0.0904838986330199	0.366339805232125	597
0.0904838986330199	0.366339805232125	597
0.0904294418033702	0.366379981847431	463
0.0904294418033702	0.366379981847431	463
0.0904294418033702	0.366379981847431	463
0.0904294418033702	0.366379981847431	463
0.0904294418033702	0.366379981847431	463
0.0904294418033702	0.366379981847431	463
0.0904294418033702	0.366379981847431	168
0.0904294418033702	0.366379981847431	168
0.0904838986330199	0.366339805232125	168
0.0904294418033702	0.366379981847431	168
0.0904294418033702	0.366379981847431	3
0.0904838986330199	0.366339805232125	3
0.0904294418033702	0.366379981847431	3
0.0904294418033702	0.366379981847431	3
0.0904294418033702	0.366379981847431	3
0.0904294418033702	0.366379981847431	3
0.0904294418033702	0.366379981847431	3
0.0904294418033702	0.366379981847431	3
0.0904294418033702	0.366379981847431	100
0.0904838986330199	0.366339805232125	143
0.0608066386416399	1.26985540555962	366
0.0611253550369901	1.26943367833825	145
0.0611253550369901	1.26943367833825	463
0.0611253550369901	1.26943367833825	463
0.0603320982528199	1.27012956245085	463
0.0612791696730999	1.2693702277358	168
0.0700324734930602	1.91906279800953	366
0.06165575714975	1.26872549798424	366
0.06065148921429	1.27007010277034	366
0.0605695558319002	1.27005874633258	168
0.0904838986330199	0.366339805232125	168
0.0618786801123599	1.26779464508419	112
0.0904294418033702	0.366379981847431	115
0.0605695558319002	1.27005874633258	115
0.0904294418033702	0.366379981847431	85
0.0904294418033702	0.366379981847431	112
0.0904294418033702	0.366379981847431	112
0.0904838986330199	0.366339805232125	112
0.0608066386416399	1.26985540555962	112
0.0904838986330199	0.366339805232125	143
0.0904838986330199	0.366339805232125	143
0.0904838986330199	0.366339805232125	143
0.0904838986330199	0.366339805232125	143
0.0904838986330199	0.366339805232125	143
0.0904294418033702	0.366379981847431	693
0.0904838986330199	0.366339805232125	693
0.0904294418033702	0.366379981847431	693
0.0904294418033702	0.366379981847431	693
0.0904294418033702	0.366379981847431	693
0.0904838986330199	0.366339805232125	693
0.0904294418033702	0.366379981847431	693
0.0904838986330199	0.366339805232125	693
0.0904294418033702	0.366379981847431	693
0.0904838986330199	0.366339805232125	693
0.0904838986330199	0.366339805232125	693
0.0904838986330199	0.366339805232125	693
0.0904838986330199	0.366339805232125	115
0.0904294418033702	0.366379981847431	115
0.0904294418033702	0.366379981847431	115
0.0904838986330199	0.366339805232125	115
0.0904294418033702	0.366379981847431	115
0.0904838986330199	0.366339805232125	115
0.0904838986330199	0.366339805232125	115
0.0904294418033702	0.366379981847431	115
0.0904838986330199	0.366339805232125	115
0.0904294418033702	0.366379981847431	115
0.0904294418033702	0.366379981847431	115
0.0904294418033702	0.366379981847431	115
0.0904838986330199	0.366339805232125	115
0.0904838986330199	0.366339805232125	115
0.0904294418033702	0.366379981847431	115
0.0904838986330199	0.366339805232125	115
0.0904294418033702	0.366379981847431	115
0.0904838986330199	0.366339805232125	115
0.0904294418033702	0.366379981847431	115
0.0904838986330199	0.366339805232125	115
0.0904838986330199	0.366339805232125	115
0.0904838986330199	0.366339805232125	115
0.0904294418033702	0.366379981847431	115
0.0904838986330199	0.366339805232125	475
0.0904294418033702	0.366379981847431	85
0.0904294418033702	0.366379981847431	85
0.0904294418033702	0.366379981847431	85
0.0904838986330199	0.366339805232125	85
0.0904294418033702	0.366379981847431	85
0.0904838986330199	0.366339805232125	85
0.0904294418033702	0.366379981847431	85
0.0904838986330199	0.366339805232125	85
0.0904294418033702	0.366379981847431	85
0.0904294418033702	0.366379981847431	85
0.0904838986330199	0.366339805232125	85
0.0904838986330199	0.366339805232125	85
0.0904838986330199	0.366339805232125	85
0.0904838986330199	0.366339805232125	85
0.0904294418033702	0.366379981847431	85
0.0904294418033702	0.366379981847431	85
0.0904838986330199	0.366339805232125	85
0.0904294418033702	0.366379981847431	85
0.0904294418033702	0.366379981847431	85
0.0904838986330199	0.366339805232125	85
0.0904294418033702	0.366379981847431	85
0.0904838986330199	0.366339805232125	85
0.0904294418033702	0.366379981847431	85
0.0904838986330199	0.366339805232125	85
0.0904294418033702	0.366379981847431	85
0.0904838986330199	0.366339805232125	85
0.0904294418033702	0.366379981847431	85
0.0904294418033702	0.366379981847431	85
0.0904838986330199	0.366339805232125	85
0.0904838986330199	0.366339805232125	85
0.0904294418033702	0.366379981847431	85
0.0904294418033702	0.366379981847431	112
0.0904294418033702	0.366379981847431	112
0.0904838986330199	0.366339805232125	112
0.0904838986330199	0.366339805232125	112
0.0904294418033702	0.366379981847431	112
0.0904294418033702	0.366379981847431	112
0.0904294418033702	0.366379981847431	112
0.0904294418033702	0.366379981847431	112
0.0904294418033702	0.366379981847431	112
0.0904294418033702	0.366379981847431	112
0.0904294418033702	0.366379981847431	112
0.0608066386416399	1.26985540555962	46
0.0904294418033702	0.366379981847431	693
0.0904294418033702	0.366379981847431	115
0.0904294418033702	0.366379981847431	115
0.0904294418033702	0.366379981847431	115
0.0904294418033702	0.366379981847431	115
0.0603320982528199	1.27012956245085	85
0.0904294418033702	0.366379981847431	85
0.0904294418033702	0.366379981847431	85
0.0904294418033702	0.366379981847431	85
0.0904294418033702	0.366379981847431	112
0.0904294418033702	0.366379981847431	112
0.0904294418033702	0.366379981847431	112
0.0904838986330199	0.366339805232125	112
0.0904294418033702	0.366379981847431	112
0.06041427112834	1.27014049646167	693
0.06065148921429	1.27007010277034	693
0.0904294418033702	0.366379981847431	112
0.0904838986330199	0.366339805232125	112
0.0609019956181598	1.26985288518349	46
0.0699786146057102	1.9201720707914	46
0.0609019956181598	1.26985288518349	693
0.0904838986330199	0.366339805232125	693
0.0618786801123599	1.26779464508419	693
-0.03309759664534	2.11541208849321	363
0.0904294418033702	0.366379981847431	115
0.0904838986330199	0.366339805232125	115
0.0904294418033702	0.366379981847431	115
0.0904294418033702	0.366379981847431	115
0.0904838986330199	0.366339805232125	85
0.0904838986330199	0.366339805232125	85
0.0904838986330199	0.366339805232125	85
0.0904294418033702	0.366379981847431	85
0.0904838986330199	0.366339805232125	85
0.0904838986330199	0.366339805232125	85
0.0904294418033702	0.366379981847431	85
0.0904838986330199	0.366339805232125	85
0.0904838986330199	0.366339805232125	85
0.0904294418033702	0.366379981847431	85
0.0904838986330199	0.366339805232125	85
0.0904294418033702	0.366379981847431	85
0.0904294418033702	0.366379981847431	85
0.0904294418033702	0.366379981847431	85
0.0904838986330199	0.366339805232125	85
0.0904838986330199	0.366339805232125	85
0.0904294418033702	0.366379981847431	100
0.0904838986330199	0.366339805232125	100
0.0904294418033702	0.366379981847431	112
0.0904294418033702	0.366379981847431	112
0.0904838986330199	0.366339805232125	112
0.0904294418033702	0.366379981847431	112
0.0904838986330199	0.366339805232125	112
0.0904294418033702	0.366379981847431	112
0.0904294418033702	0.366379981847431	112
0.0904838986330199	0.366339805232125	112
0.0904838986330199	0.366339805232125	112
0.0904838986330199	0.366339805232125	112
-0.0330143050043299	2.11558873626435	46
0.0699247871415198	1.91938461027322	46
-0.0330550199134398	2.11674789280476	46
0.0904838986330199	0.366339805232125	693
0.0904838986330199	0.366339805232125	693
0.0904294418033702	0.366379981847431	115
0.0904294418033702	0.366379981847431	115
0.0904294418033702	0.366379981847431	115
0.0904294418033702	0.366379981847431	115
0.0904294418033702	0.366379981847431	115
0.0904838986330199	0.366339805232125	115
0.0904294418033702	0.366379981847431	419
0.0904294418033702	0.366379981847431	115
0.0904294418033702	0.366379981847431	115
0.0904838986330199	0.366339805232125	115
0.0904838986330199	0.366339805232125	115
0.0904294418033702	0.366379981847431	115
0.0904294418033702	0.366379981847431	115
0.0904294418033702	0.366379981847431	475
0.0904838986330199	0.366339805232125	85
0.0904294418033702	0.366379981847431	85
0.0904838986330199	0.366339805232125	85
0.0904838986330199	0.366339805232125	85
0.0904294418033702	0.366379981847431	85
0.0904838986330199	0.366339805232125	85
0.0904838986330199	0.366339805232125	85
0.0904294418033702	0.366379981847431	85
0.0904294418033702	0.366379981847431	85
0.0904838986330199	0.366339805232125	85
0.0904294418033702	0.366379981847431	85
0.0904838986330199	0.366339805232125	85
0.0904294418033702	0.366379981847431	85
0.0904294418033702	0.366379981847431	85
0.0904294418033702	0.366379981847431	100
0.0904838986330199	0.366339805232125	100
0.0904838986330199	0.366339805232125	112
0.0904294418033702	0.366379981847431	112
0.0904294418033702	0.366379981847431	112
0.0904294418033702	0.366379981847431	112
0.0904294418033702	0.366379981847431	112
0.0904294418033702	0.366379981847431	112
0.0904294418033702	0.366379981847431	112
0.0904838986330199	0.366339805232125	112
0.0904838986330199	0.366339805232125	112
0.0904838986330199	0.366339805232125	112
0.0904838986330199	0.366339805232125	112
0.0904294418033702	0.366379981847431	112
0.0904294418033702	0.366379981847431	112
0.0904294418033702	0.366379981847431	112
0.0904838986330199	0.366339805232125	112
0.0699517095717401	1.92019859027147	46
-0.03309382198991	2.11584397704076	328
0.0615023106622399	1.26878837768738	85
0.0904294418033702	0.366379981847431	112
0.0904838986330199	0.366339805232125	112
0.0904838986330199	0.366339805232125	112
0.0611253550369901	1.26943367833825	85
0.0904294418033702	0.366379981847431	112
0.0904838986330199	0.366339805232125	85
0.0700055188962501	1.919089416863	100
0.0605695558319002	1.27005874633258	419
-0.0330550199134398	2.11674789280476	328
0.0605695558319002	1.27005874633258	419
0.0904294418033702	0.366379981847431	85
0.0904294418033702	0.366379981847431	112
0.0608066386416399	1.26985540555962	419
0.0904294418033702	0.366379981847431	419
0.0699786146057102	1.9201720707914	46
-0.0330550199134398	2.11674789280476	328
0.0904838986330199	0.366339805232125	112
0.0611253550369901	1.26943367833825	112
0.0618786801123599	1.26779464508419	363
0.0608066386416399	1.26985540555962	419
0.0608066386416399	1.26985540555962	419
0.06065148921429	1.27007010277034	419
0.0904294418033702	0.366379981847431	85
0.0904838986330199	0.366339805232125	85
0.0904294418033702	0.366379981847431	112
0.0904838986330199	0.366339805232125	112
0.0904294418033702	0.366379981847431	293
0.0904294418033702	0.366379981847431	112
0.0700595035102301	1.91892360269037	46
0.0904838986330199	0.366339805232125	85
0.0904294418033702	0.366379981847431	290
0.0904294418033702	0.366379981847431	249
0.0700055950218399	1.92003282727069	217
-0.03301619813604	2.11554801510844	217
0.0611253550369901	1.26943367833825	85
0.0904294418033702	0.366379981847431	249
-0.0330568991107501	2.11659102982237	26
0.0609019956181598	1.26985288518349	26
0.0609019956181598	1.26985288518349	26
0.0904838986330199	0.366339805232125	291
-0.0330550199134398	2.11674789280476	454
-0.0330568991107501	2.11659102982237	216
0.0605695558319002	1.27005874633258	217
0.0700055188962501	1.919089416863	217
0.0609019956181598	1.26985288518349	217
0.0608066386416399	1.26985540555962	217
0.0904838986330199	0.366339805232125	291
0.0904838986330199	0.366339805232125	291
0.06997863969747	1.91899791446346	631
0.0904294418033702	0.366379981847431	291
0.0904294418033702	0.366379981847431	291
0.0608066386416399	1.26985540555962	26
0.0699517095717401	1.92019859027147	631
0.0904294418033702	0.366379981847431	736
0.0609019956181598	1.26985288518349	559
0.0904838986330199	0.366339805232125	217
0.0904294418033702	0.366379981847431	736
0.0904294418033702	0.366379981847431	736
0.0904294418033702	0.366379981847431	736
0.0615023106622399	1.26878837768738	88
0.06065148921429	1.27007010277034	290
0.0904838986330199	0.366339805232125	291
0.0904294418033702	0.366379981847431	291
0.0904294418033702	0.366379981847431	291
0.0904294418033702	0.366379981847431	291
0.0904838986330199	0.366339805232125	291
0.0608066386416399	1.26985540555962	171
0.0904294418033702	0.366379981847431	249
-0.0330530965986102	2.11678859346384	451
-0.0330180471272001	2.11539128155388	82
0.0609019956181598	1.26985288518349	217
0.0904294418033702	0.366379981847431	736
0.06165575714975	1.26872549798424	290
0.0904294418033702	0.366379981847431	291
0.0904838986330199	0.366339805232125	291
0.0608066386416399	1.26985540555962	171
-0.03309382198991	2.11584397704076	82
-0.0330550199134398	2.11674789280476	82
0.0699787242086898	1.918993788212	216
0.0700055188962501	1.919089416863	216
0.0609019956181598	1.26985288518349	559
0.06165575714975	1.26872549798424	249
-0.03305947916453	2.11672555240098	216
0.0699786146057102	1.9201720707914	631
0.0904838986330199	0.366339805232125	468
0.0904838986330199	0.366339805232125	291
0.0904838986330199	0.366339805232125	291
-0.03305947916453	2.11672555240098	82
-0.0330587341767199	2.11631541974353	82
0.0904838986330199	0.366339805232125	26
0.0608066386416399	1.26985540555962	26
0.0904294418033702	0.366379981847431	217
0.0904294418033702	0.366379981847431	217
0.0904838986330199	0.366339805232125	736
0.0904294418033702	0.366379981847431	26
0.0904294418033702	0.366379981847431	736
0.0904294418033702	0.366379981847431	291
0.0904294418033702	0.366379981847431	291
0.0615023106622399	1.26878837768738	313
0.0904838986330199	0.366339805232125	291
0.0904838986330199	0.366339805232125	217
0.06065148921429	1.27007010277034	620
0.0611253550369901	1.26943367833825	290
0.0904294418033702	0.366379981847431	291
0.0904838986330199	0.366339805232125	291
0.0609019956181598	1.26985288518349	216
0.0904838986330199	0.366339805232125	217
0.0904838986330199	0.366339805232125	291
0.0699517179921201	1.91924558070435	26
0.0611253550369901	1.26943367833825	271
-0.0330918685136199	2.11588456803398	159
0.0699787242086898	1.918993788212	499
0.0609019956181598	1.26985288518349	205
0.0700597820862798	1.91940981612485	479
0.0699247871415198	1.91938461027322	178
0.0700055950218399	1.92003282727069	178
0.0609019956181598	1.26985288518349	205
0.0700055188962501	1.919089416863	659
-0.0330530965986102	2.11678859346384	200
0.0605695558319002	1.27005874633258	340
0.06989793163463	1.91941103141641	200
0.0699517095717401	1.92019859027147	228
0.0904838986330199	0.366339805232125	254
0.0904838986330199	0.366339805232125	254
0.06065148921429	1.27007010277034	410
0.0699517095717401	1.92019859027147	532
0.06009426510475	1.27003850033392	681
0.0603320982528199	1.27012956245085	410
0.06165575714975	1.26872549798424	254
0.0904294418033702	0.366379981847431	254
0.0609019956181598	1.26985288518349	254
-0.0330957313718598	2.11568734457577	384
0.0700326508418501	1.91978070509961	410
0.0698981255578999	1.91988357530134	268
0.0620317592805502	1.26773231722031	441
-0.0331376300259798	2.11580414042474	170
0.0612791696730999	1.2693702277358	195
-0.03305947916453	2.11672555240098	195
0.0904838986330199	0.366339805232125	74
0.06041427112834	1.27014049646167	195
0.0605695558319002	1.27005874633258	74
0.0700326508418501	1.91978070509961	74
0.06165575714975	1.26872549798424	662
0.0609019956181598	1.26985288518349	74
0.0608066386416399	1.26985540555962	662
-0.03309382198991	2.11584397704076	74
0.07008660896894	1.91867167650292	74
