x	y
-0.216481451916497	0.193397125415204
0.283058257742245	0.350283764643951
-0.242964181465782	0.24988360166419
-0.0122484060942965	0.0117100346696963
-0.942035376565128	1.68849279598193
0.0774923805702827	0.0780416479246243
0.500267729293482	0.689158821080503
-0.0573825494145105	0.0540225663526147
0.389038337533437	0.433163315648653
-0.256100032356761	0.313685406831587
1.10706244243292	0.935787622712917
-0.323870163062822	0.349501673924176
0.0415213055575323	0.0377700614071037
0.745352610013427	0.543638173626064
0.211358243860649	0.223989883589461
-0.105612102262555	0.118884332170872
0.142567198893521	0.0894620985148062
-0.0539195539604515	0.057943938546169
0.294320902864767	0.403556277988532
0.0194019343807078	0.0181762667709734
0.888767653072348	1.49643683212999
-0.0964469117152755	0.0675586675161166
-0.570352375347627	0.896562707081301
-0.38954056466708	0.467885365111441
0.326238120598817	0.37263858819697
-0.582483611061853	0.519787456648997
-0.43440232682254	0.63312155981038
0.0543789500173822	0.0512362879362671
-0.0574872999149374	0.054134830414097
0.48817547586498	0.473963728379708
0.858024590677528	1.03798226749875
0.293862195433857	0.229251123889402
-0.592318218629598	0.650055472377285
-0.522851458928397	0.721887762000189
0.261457086242484	0.37931683623722
0.124475116919485	0.130245847562723
-0.313053417338142	0.359788676452421
0.157115065885568	0.160220204472079
0.189522681645733	0.181489441337562
-0.645822566993053	0.96662884366247
0.133578342780076	0.14416486632795
-0.702703406000529	0.903354439959242
-1.22002999495251	1.6422020969751
-0.35420735660536	0.330300488291369
-0.378022133487429	0.32372547366941
0.638231362716208	0.743824187497502
-0.448137302179641	0.503152391090911
-0.112245788822285	0.0869076120743209
0.218238405781545	0.178653977183532
-0.448197434705515	0.503441744236708
-1.22027600041147	1.64278106193362
-0.00930573185519023	0.00602448184049136
-0.414149684409735	0.322370247587784
0.114746166267836	0.116258696024702
-0.160695243914494	0.146184593562871
-0.389752959977255	0.468481746123479
0.163575410713025	0.109077654020944
0.0292500203795323	0.0173948579542365
-0.359403826210116	0.231176694081903
0.226797374811829	0.193812514563475
-0.606618210193352	0.990901524941362
0.156923634018978	0.160014827261629
-0.434160227119508	0.458667961909025
0.327875954038319	0.385843565728004
-0.150371574923283	0.158046605682125
0.00568298349374338	0.00514198669893361
0.520771305364983	0.869643130296774
0.223421592601976	0.25192266640337
-0.85051896582357	1.47749054791101
-0.187018779655122	0.168635066179652
-0.374751499550179	0.42627855898265
-0.302851538589282	0.307178789964544
-0.714736146693726	0.819593595113602
0.394604914072348	0.382295130157252
-0.418420925226394	0.414261626424731
0.0906573911401113	0.0739785130687166
-0.500708243694034	0.418135123955202
-0.773511708997017	0.932690441144935
0.31568609606864	0.304879548856935
0.104711258120626	0.0890777828767505
1.29703653914982	1.66874408331797
-1.27680387950354	1.79405099649215
-0.300584031932267	0.24050484970697
0.469454743848833	0.508364975492482
0.447535101858473	0.565013330544039
-0.50931356611442	0.63605125071948
-0.352626992875824	0.278351420406057
-0.125834143012119	0.106531969080559
-0.322255289386742	0.232759967901158
-0.687544346030997	0.510452591945806
0.573632556618452	0.601611387653519
0.0555093587625882	0.0470581658037272
-0.0940849021791141	0.0875124677473947
0.573640863170546	0.601675339235697
0.522799991419622	0.425613023718541
-1.01166236320216	1.05227932390574
0.116337803549992	0.0683121911720951
0.399129788136014	0.326064768424135
0.171705721104467	0.152519730948878
-0.242893546948971	0.249782059668389
0.390333220863428	0.420663161652553
-0.479595124822155	0.502625358239392
-0.136051384099994	0.124722887768322
1.09815179359749	1.72825905357999
-0.649240549736689	0.839990452087457
0.505498972276378	0.678275152111302
-0.00335411947339147	0.00273901822247035
-0.602773714547591	0.825298191531553
0.454870232688493	0.541891031547206
-0.342385066912805	0.391451781779518
-0.00872558661308059	0.0077529248288327
-0.545468797892607	0.640531793070621
0.227230367077095	0.194286555380635
0.469432460976471	0.508297667918434
0.512747532721893	0.437916339992446
0.635752278214164	0.567110112732238
0.51249796357748	0.437767065918413
0.80562140018443	0.878413045133492
-0.5383974359039	0.595593715284552
0.226860600649621	0.193894660539457
-1.24914114196	1.03260189679654
-0.21681953924316	0.193757443123898
-0.16031272132234	0.145803362830947
0.189201650231854	0.181116277337918
-0.0939465998355111	0.0874035099794938
-0.434839097458167	0.459445423884347
-0.500754913878851	0.592016531524423
-0.791191501200184	1.167287972708
-0.500772736253871	0.418124857006162
0.299931002835282	0.245377739471124
1.17129912498808	1.60567193049667
0.180840025738917	0.166900143201786
-0.451907685759371	0.412820332457129
0.180688257598037	0.127523361514419
0.00562824756037438	0.00509253525563285
0.495396827516331	0.700020864884462
-0.194291214758851	0.214991485661591
0.623595640232514	0.750274950190399
-0.466903742904679	0.457903269734811
0.397385093011548	0.355239868831149
0.28608250905869	0.212019199650666
-0.414278245213892	0.322456924511869
-0.119042755355306	0.072960774387208
-0.0496545327696726	0.0271489027461026
0.55092442060632	0.618858754538307
-0.123762151315921	0.122611060563108
-0.286724259012175	0.25099367298506
0.532919765240152	0.638206466334607
-0.216657632939213	0.193591291714032
0.241695342995115	0.2239382418792
0.055602785853935	0.0471448153947061
0.459028299011141	0.530149939226186
0.678511431020292	1.05072004249711
-0.649755656130811	0.795914319472256
-0.0402007635989165	0.032200538190924
0.573560248534215	0.601566820403037
0.217932611020189	0.178331427884447
1.03789855997569	2.00876194791089
0.171600382977761	0.152429804297097
-0.293764048524195	0.318987814770795
0.495397488007831	0.461999198810446
0.99968367832176	1.53077069116591
-0.0615968582144629	0.0488176209425183
-1.09995031813721	1.35181528135488
0.0166720951062058	0.0112529414553449
-0.218802894890499	0.162910693645494
-0.266239854269612	0.195382005603096
0.617003108308445	0.574993704491228
-0.313711419404232	0.295291930863616
0.247476135024697	0.237847963074367
0.0753388386658268	0.0588637710098513
0.511259120453409	0.667642421452647
0.293926203951246	0.229252260830715
0.396043576986692	0.368990122019973
-1.09962804466926	1.35130652003952
-0.448271984928437	0.503550595296578
0.235092349532566	0.209453191069474
0.532849788618555	0.638121118491115
0.171424967900617	0.152243127802268
-0.460464618131034	0.547671443973986
0.692826207956386	0.888637076708387
-0.0858727593250355	0.0672785970380033
0.392965592366929	0.395078291313857
-0.271053004845492	0.276789634027762
0.312540002154981	0.290490073947599
0.399795996834797	0.294762133213298
-0.112686062983087	0.087271634612297
0.293523662325524	0.228978915405757
0.89489507458496	0.722958418196703
-1.27688989180432	1.79431773825046
0.469206626716154	0.507963554058663
-0.216411211295384	0.19329498966618
0.195263321501517	0.145284651484963
-0.337233037881048	0.339619381210444
0.180702054268524	0.127546736299073
-0.434412042201503	0.459046586224243
-0.166469602902739	0.162956867765343
0.149767290978654	0.122486919943551
0.104248571861009	0.0886555653746673
0.532704580494512	0.637689126447763
-0.217209924042522	0.209711489928672
0.117034193819644	0.103577552630612
0.635417607274536	0.566542721738597
0.601040357163858	0.58403378837098
0.171677384166523	0.152497802111638
1.12034249625989	1.26270514549744
0.393285451661811	0.395476245623977
0.128406285503173	0.117995170990305
0.217454271167708	0.237743983815274
-1.09947199820682	1.35031889516586
-0.375370181898662	0.37488649546255
0.327826340614643	0.385775070603946
-1.55225613917637	1.82265091313138
0.04060382091756	0.03306168531448
-0.522260226985275	0.507153407386364
-0.37531422194681	0.374782580938486
-0.313866899661384	0.295480100236995
0.0403591382394318	0.0328565387304399
0.0239054378439679	0.0186565212844948
0.258298664905085	0.266420154075071
-0.00904872065743518	0.0080419329288495
-0.302574352299864	0.306997643487436
0.388072083835436	0.445901161985296
0.161229132747064	0.137585697796983
0.0277045163922927	0.024296141025214
0.392958077423261	0.395080620156217
0.320187250624531	0.332037857330128
-0.815700412346253	1.09022016855611
0.207809137592997	0.162329766307139
-0.530702918118161	0.551185943866082
1.1411358916525	1.74973550265819
0.503526279735242	0.450054565599735
0.090734747108217	0.0740573714987902
-1.05538193962518	1.37354094249994
-0.52218382473596	0.507076245357685
0.616982763102662	0.575049210299209
-0.0760285969485862	0.0474989435903123
0.195263885949506	0.145294189129975
0.0389486348638124	0.0276934965136356
-0.143011542790424	0.109383312735268
0.638231362716208	0.743824187497502
-0.302425234648643	0.306820137119968
0.0907274907235299	0.074054099717312
0.0292911035112194	0.017416776562909
-0.0401172140330757	0.0321316657673011
-0.722733670787501	0.778215461722652
-0.353047374586446	0.278763211038214
0.324186726085721	0.358914128092356
-0.65130731046695	0.75333746415695
0.648162947312679	0.903594871192801
-0.112189873619498	0.0868363060076104
-0.988943780273176	1.43089863448906
-0.579248924784718	0.477003640311121
-1.12277845483493	1.67836953081065
-0.660121632317812	0.626946518325919
-0.166677719299649	0.163181559321096
-0.277546039789957	0.263331929759906
-0.51183947191744	0.462052626133236
-0.0152578499850009	0.0111432281118648
-0.714758317063849	0.819576463567485
0.503529836973558	0.450100212417168
0.315663812114916	0.304718010091262
0.234701900160255	0.209069713130453
0.0583363281919605	0.0369522564412998
-0.182673531789745	0.151451417217444
0.0404239338647632	0.0329143400817247
-0.588917455323169	0.605849747480778
0.393322631779814	0.395461273850796
-0.0400267804988104	0.0320547380080608
0.562042603591583	0.610668555123386
-0.150281966275599	0.157942468109488
0.180845114890384	0.166914023868506
-0.357145308013095	0.382971663635741
-0.136412195483549	0.125099375388415
0.399536097348418	0.294540390195945
0.0387793053261433	0.0275654479577494
0.481307960544446	0.485392450735255
0.0053069709694705	0.00396128428995151
0.120954613003344	0.0902105860148823
0.334790729892856	0.440131228931137
0.834956924100308	1.33765582591125
0.248072610439025	0.238644372812497
0.148156386776818	0.146111035652345
-0.166399999516219	0.162867096293901
0.399201390336426	0.326077672702833
-0.762784485266158	0.973217354178722
-0.284637753148167	0.186595779542609
-0.038615570684655	0.0278312732620566
-0.0206344190240699	0.0166916675457676
0.0192815607410649	0.0180614545161205
-0.0261647061872504	0.0248974464759776
0.588039211435577	0.772575268933257
-0.183174527324227	0.151865874752856
0.541363958594518	0.628228068939203
0.692523973457289	0.888313346456278
-0.160149023559195	0.1456262367879
-0.409475592917548	0.46271895922928
0.0552721940933381	0.0468398348212281
-0.0124073484373819	0.0118594874662459
0.066301707355579	0.0646240463517611
-0.375483281386797	0.374994287636029
0.395797674403572	0.368715919036719
-0.216396968691028	0.193294228626423
-0.708174511734865	0.861033928767287
-0.249758907998531	0.220978620510226
0.299781344580892	0.2452997001986
0.120861037214257	0.0901450767496484
0.648304319986496	0.903786803002091
0.309335858164547	0.276119761134877
0.464227590545744	0.519566229245314
0.149494226786151	0.122265107836733
-0.33680203255666	0.339009966224232
-1.09978912885892	1.35164941800086
-0.602974168113556	0.825464059638076
0.638474376256626	0.743981777689877
0.283160980322198	0.350358250318246
0.0127728410118642	0.0107845967747011
0.258651055646168	0.266855497062484
0.138663473321406	0.132101721306238
-0.104706229437335	0.104279444125387
-0.250200904195057	0.221395079602882
0.00569114356553918	0.00424794540700825
-0.385786209159094	0.514801633725431
0.253726697549188	0.2529557022935
1.03034354724202	0.91223204668314
1.12034249625989	1.26270514549744
-0.500579449445309	0.418020263232202
0.39905818711075	0.326019889573463
-0.659908951253018	0.626731277033035
-0.968764232805428	1.07723589523326
0.234958492873689	0.209356073526506
-0.143248867998545	0.109567001746836
-0.46648687743999	0.457270230587091
-0.0653433175835537	0.0464536639746662
0.195416700029764	0.145338501872202
0.247912398270392	0.23847099385261
-0.336488730133414	0.338430363225942
0.391889538831089	0.408326571897326
1.03557716111211	1.54502405477442
-0.374124118461452	0.425096443449703
-0.466667292104651	0.457483911063576
-0.389632521229558	0.277000815543855
-0.17180932375786	0.103189231028255
0.398339025858162	0.340872784917818
-0.216771900599182	0.177691978201663
0.271473101817676	0.308036038110555
0.535621993404576	0.838339283712309
-0.0706101178888074	0.0709628082795898
-0.330141982522154	0.400320295929038
-0.120907787361757	0.135642214560888
0.840334566592104	1.64404295384344
0.999591511019428	1.53045044457895
0.0935272197966807	0.0885707928045695
-1.5413567938731	1.52069460861488
-0.277958764408832	0.263963895325632
-0.378096031832507	0.323815364712042
0.454850706671156	0.541809558545779
-0.551802873075578	0.685318432331304
-0.286113280032676	0.330292787406663
-0.0401310843790005	0.0321434858999316
0.463967789456774	0.519145771100093
0.171369413293017	0.152172209320182
0.779335106586184	1.18441537373236
-1.26153867350928	2.28602179371176
-0.545638207102935	0.640757610316513
-0.835667066044474	1.28375115655444
0.871353778819447	1.19207889701655
-0.0793955636806591	0.0684557337000754
-1.21963573300396	1.80552333906601
0.390598356524884	0.421047610152423
0.253796410787387	0.253024968699365
0.469547278300021	0.508443415318971
0.0755174743991022	0.0590207778122381
-0.512063263003053	0.462381801446729
0.320272328747358	0.332160059379262
-0.747377092909712	0.700987344904095
0.777421710722735	0.878142223136868
0.171775659356346	0.152594835184466
0.469121423566003	0.507797016215322
0.495396566294106	0.461957597145039
0.28624044131621	0.212114456527478
-0.538988363904878	0.596584292964862
-0.866238429626655	1.20981007017449
-0.101678042175683	0.0869139060212245
0.12068172643164	0.089956736115204
0.0583285185226905	0.0369480253245761
-0.166539199522065	0.163038245065848
0.189201650231854	0.181116277337918
-0.551562992461158	0.684936946943327
0.0589014841662259	0.0439629667941407
0.589873978652985	0.950246703179076
0.714519113042834	0.722451663400135
-1.05540420086275	1.3738314023803
1.79315687830291	1.77754673088308
0.265031525302419	0.175344359155112
0.00559889933529012	0.00417966289163888
0.551196581878364	0.61949543948793
0.623595640232514	0.750274950190399
0.617119076983483	0.575257556111751
0.136519850613953	0.106755630770325
0.391565566772278	0.407787802998536
-0.314036895238977	0.295667389042135
0.399054722908245	0.32600875984328
-0.490925812430425	0.547467790876638
0.121108139652026	0.0903349138218456
0.0240107824376561	0.0187415245897046
0.197076669875749	0.195409289934895
-0.579135526614383	0.47682748123245
0.616856501629815	0.574808014058022
0.692564817204525	0.888493850016125
0.309091950793881	0.275935716256514
-0.265906918347095	0.195057328341451
0.61047394916567	0.756957661849867
-0.479680066115867	0.502762667211231
0.636153097593996	0.910071182460776
0.217485141218289	0.237723049948035
0.11479978928276	0.130298954558838
0.469532508088795	0.508451678273521
0.174442753590173	0.221671254149434
-0.240139497441553	0.263468108751907
0.195191077456325	0.145198607767568
0.171775659356346	0.152594835184466
0.562027096566048	0.610708656510586
0.394770359476713	0.382455965129328
0.0408384508695973	0.0332569220214456
0.161080993346438	0.137438931124606
0.387160426587596	0.458411845457488
0.18077022426478	0.166831475347754
-0.152391487371846	0.127705938790371
0.0821690834686368	0.0751349023594762
0.22922642371229	0.266196253406618
0.0756178628214902	0.059100742880238
-0.0384711568479455	0.0277174325016665
-0.0397234294280425	0.0252658835764104
0.149266433688348	0.122024132325206
0.395801832405724	0.368736137617351
0.546252925439519	0.39999097414578
0.398899197057204	0.277853325909737
-0.17440426958797	0.0911536059094103
0.0424373093427921	0.0214235517697407
1.0302638373289	0.912036585322319
-0.237473607055047	0.139838194143414
1.06311659873134	1.24224402071415
-0.89862597471765	0.946607525471476
-0.491169301426757	0.547843786143866
-0.870595097712039	0.979006778917704
-1.09955531178844	1.35101815872879
-0.803888468199796	0.85707265373021
-0.136271236914175	0.124962057271056
0.318037859284284	0.318531090452108
0.265153071782378	0.175428464210712
-0.487370053892021	0.373726787195225
0.714376498725906	0.72220469375384
-0.178280742289244	0.134599264688245
0.116726096030989	0.103279869756626
0.138384226199035	0.131802304210652
-0.0400605181057396	0.0254860995235023
-0.45348851591146	0.286841831680638
-0.588924943770338	0.605943758960131
-0.707519508503827	0.478444598517908
-2.05939556234068	2.81024418920538
-0.00960618720543541	0.00622007358211049
0.114998336511288	0.116547022463397
0.00567664855506983	0.00423763880127388
0.0939744805347153	0.0890417393121517
-0.0414708143734775	0.0392739993600775
0.11665650711636	0.10319993499674
-0.45513816509053	0.63264056756555
-0.104602570653702	0.10416063412481
0.156882831513083	0.184580173498209
0.605560787906866	0.932089387926817
0.329762263842505	0.39953062154942
-0.93810440726966	1.30050874695772
0.293730422194741	0.229180651533668
-0.271664436270469	0.277596109943454
0.20436351499031	0.2096208027724
-0.46025497332983	0.547358225759627
0.692664154705394	0.888668198303453
-0.0262264200762628	0.0249590834611074
-1.01924612702931	1.40115292767483
0.610613578016441	0.757275360320291
0.716563707312903	1.19509010704003
-0.216599242696852	0.238769154997076
-0.393850343566446	0.419419494978469
0.189300022656	0.181228774916413
0.250079109280363	0.155132176204358
-0.11914688158692	0.0730322934000676
0.227128347915428	0.19419438891892
-1.13724038680866	0.87856761689537
-0.246087640016202	0.235683147691536
-0.0273723648640849	0.0278382195190282
0.66183996697003	0.898229714036881
0.802657557622941	1.03328185486176
-0.815533680976145	1.08996244018706
0.32266042109891	0.346034227847446
-0.286897049651035	0.251212824057396
-0.595672405934846	0.694500983532488
0.3978887086775	0.340359823143622
0.161214342585065	0.137552172894945
-0.113934638509245	0.105233608043294
0.312398336506711	0.290316207990862
-0.096373525654891	0.0675281411305145
0.0238638592565631	0.0186214701162871
-0.00953027204893413	0.00617070481358027
0.828809496885344	1.03481382321787
-0.824955668660674	0.821594392722279
-0.216699664968556	0.177638004463691
-0.112088118953676	0.0867579793382513
0.488098695075953	0.473811604813431
-0.006001151876493	0.00335806255735303
-0.545618571434924	0.640780890270039
0.22695508743435	0.194010979227245
0.0586495486649367	0.0437831224219736
-0.293624850542092	0.318808001976508
0.459578086774631	0.531046633570674
-0.592240188313943	0.649951794089216
0.391621042796578	0.407993194003643
-1.56202546572972	2.13477206207121
0.59897126404116	0.764882706652615
-0.375630794498111	0.375186129442022
-0.0243390356808573	0.021480787042651
0.0585706955927017	0.043725636522873
0.120613562049459	0.0899260468610949
0.503526279735242	0.450054565599735
0.142454010818911	0.0894054040397301
-0.300732884249906	0.24063338499822
-0.51213794435118	0.46238532057808
-0.287014091832819	0.251255062180805
-0.4140211441407	0.322215000027298
0.48155221384325	0.485648107577073
0.488077346237087	0.473876833182633
1.14897587508328	1.4354347743094
0.0583285185226905	0.0369480253245761
-0.186942157806002	0.168556268341055
-0.14308796218464	0.109440433986919
-0.096373525654891	0.0675281411305145
-0.354184943506932	0.330197592572226
0.469539901130401	0.508456526991998
-0.216771900599182	0.177691978201663
-0.45189534868472	0.412760301830721
0.299780944004135	0.245309243966905
1.18739217611161	1.28856766162124
-0.0853969473249776	0.0669174226812852
-0.45189944589874	0.412804112548573
-0.0655819820998196	0.0466278785011165
-0.0260518883581588	0.0247835438549743
-0.0778168733757741	0.0880549526090186
-0.114353142971729	0.105646763078713
-0.961685799822996	1.65604192890418
-0.0123236904081223	0.0117836989351062
0.67202851206923	0.732097174578287
-0.190907555854951	0.185640292400415
0.956813838104802	0.73441190289006
1.00687105453908	1.38026390339936
0.258298404904693	0.266449840645617
0.495473669861316	0.46193284224226
0.0194366138009209	0.0182072840392143
-1.38095524994039	2.75573837814693
-0.144312780148177	0.142154624872517
-0.393690683955849	0.41920464249247
-0.142943149318897	0.109317350349286
0.561822400783718	0.610265880183156
0.2418645290467	0.224123703248498
-0.27137151980817	0.277287292754764
0.197287103539681	0.195633328433096
-0.393935166462834	0.419509720163816
0.13650826951325	0.106750438583009
-0.448336971671765	0.503464277583167
-0.160302998063419	0.145803028917746
0.777793276084547	0.878548217649156
-0.329295539869432	0.285213372902602
-0.470844982099278	0.591071301160883
0.10449532769821	0.0888977836985263
0.114840054667319	0.116374639458917
0.267163726408094	0.293887277565728
0.263115980888892	0.280483951039526
0.0553512561723742	0.0469136493962528
-0.358737829825961	0.433138221284676
0.27179204274423	0.308415677565084
-0.070333725614237	0.0706853352590105
0.636222914568369	0.910115496177189
-0.00911229199504958	0.00809785604794942
-0.216913411841812	0.224451654817329
0.320272328747358	0.332160059379262
0.207733625888825	0.162379555624138
0.692079800366285	0.726933900420302
0.654102227330739	0.737463376538242
0.617119076983483	0.575257556111751
0.161265830210575	0.137588464455586
0.227128347915428	0.19419438891892
-0.399725240328929	0.368945451156407
0.972202980383706	1.05852412398097
0.299707230706734	0.245199350385874
1.10694319741214	0.935552061811469
-0.00953228686480729	0.00617161797994488
-0.393456160208235	0.418799632514919
-1.03789887231475	1.56463736206611
0.156958395031254	0.160028591373443
0.207511894383408	0.162183831987967
0.247658215444857	0.238170823247203
-0.940704803689267	1.49537627748719
0.503258712225733	0.449594912268446
-0.58240867117599	0.519701301410268
0.394454955042962	0.381994278209246
-0.287408256475548	0.251679852875861
0.965643693264265	1.67023568101389
-0.345047622234894	0.439919319531756
-0.318011750008141	0.468222095736157
0.0737803964012868	0.0883855438788182
-0.0537795600188293	0.0577527260291861
-0.0447888801473855	0.0512179527734654
0.532930278813132	0.638274766716413
-0.216664816408513	0.193588048344329
-0.510098148612271	0.185160854762058
1.22596224094853	2.28201142620753
-0.217119462430697	0.224694376668652
0.0911360503272248	0.0744103500587249
0.84465368069541	1.18796643146001
0.390434604601282	0.420848319801161
0.455112200705069	0.542248810339001
0.279486995268246	0.336340443355237
-0.703017562448629	0.903838683646723
0.171705721104467	0.152519730948878
-0.646965651163436	0.924697847884937
-0.166538973072847	0.163035154088921
-0.187384788091605	0.168940748547361
0.148025322371424	0.145979318172114
0.0825872915924241	0.0554703277817118
-0.182479222761074	0.151254527170061
0.692303172456059	0.887944199223295
0.207585712847059	0.162256613820314
0.757852787132539	1.03298342154952
1.0227638430039	1.07136577502124
0.39432935882033	0.381917336103966
0.65418242139895	0.737615204581338
-0.393690683955849	0.41920464249247
-0.545693449312582	0.640831418427877
0.0694869367321032	0.0612289449467799
0.0558302433562184	0.0473413047284722
-0.249788320604105	0.221031102345957
-0.285706349698808	0.329734407000925
-0.319403160320092	0.40859606394845
0.0694168935335681	0.0611675288066697
0.114687567387934	0.116183848342768
0.228968255530573	0.26583789904052
-0.358603178199545	0.432945704123523
0.777496321425456	0.878389129394672
-0.266239854269612	0.195382005603096
0.388001438241244	0.445784594110002
0.313000433230624	0.290876474594792
0.149314451089239	0.122094100322301
-0.112065368241816	0.0867377310427952
0.309400324654361	0.276263724445098
-0.216612073732953	0.177530241421621
0.488248029433498	0.47408544540977
-0.223919542840989	0.149369843074371
-0.585912135094322	0.562922606180486
-0.177837337561639	0.134202247428149
-0.302350666765801	0.306701351756573
0.195488761253991	0.145478764392675
-1.16690777359616	1.65807988589857
-0.284584759141434	0.186548168598305
-0.393705528333443	0.419145942741922
-0.218800937915651	0.162936311758121
0.80562140018443	0.878413045133492
0.0391176482510195	0.0278143015522002
-0.659898957673843	0.626758485655553
0.263115285018363	0.280465222866106
-0.826849293196731	1.5489889288281
-0.359215092926256	0.526592669950906
0.0823770414133152	0.0753239019046292
-0.536163444476713	1.02367903685362
0.106812548137935	0.117885716719119
-0.0401506193082848	0.032152779917613
0.654186452753182	0.737625529060002
-1.1371647257165	0.878646093685645
-0.393685762451917	0.419188535970356
-0.522888465599547	0.721968703392247
0.116889997511724	0.103446039122166
-0.268811190324651	0.137482691167831
-0.0704088047188008	0.0707677158440091
0.148032502445697	0.145986255428062
-0.278049730265144	0.264083389828682
-0.337405291709312	0.339784424634287
0.0237514547453784	0.0185352322640704
0.888488144296452	1.49680201583265
-0.35420735660536	0.330300488291369
0.234578632369635	0.208899793304258
-0.05972902091595	0.0519434919810503
-0.538566194232724	0.595961794800135
-0.00975503542890838	0.00631539454409757
-0.302663347588164	0.307147429680714
-0.112426406133226	0.0870642338145599
-0.0961505539076528	0.0673616782981515
0.0910442259637115	0.0743300260697662
-0.0152578499850009	0.0111432281118648
-0.300434245352814	0.240282673324284
0.481231826433843	0.485240278734586
-0.714557360507584	0.819170765753616
-0.337386239829369	0.339737679024297
0.999738820377586	1.53040575724467
0.90124524793855	1.19801432562602
-0.24282530233766	0.249619027036115
-1.02574269883828	1.75680826424294
0.0418113523305987	0.0380355890262739
0.820791856596606	1.1853617379577
-0.0853675392908826	0.0668821020845445
-0.532950683112763	0.805047295938571
-0.0795629829411586	0.0686147851103431
-0.414181103878363	0.322287747861599
0.676133334595749	0.892370628456245
-0.00328351033646956	0.00268116413060515
-0.101533273215359	0.0867888987122557
0.912191538357724	1.50169851903503
0.525218904057776	0.648210635603733
-0.255514981553812	0.206983330706026
0.11721265290998	0.1037409295804
0.518180417210338	0.6581292726666
0.299779663816156	0.245277010717898
-0.595854314588086	0.694682882340867
0.799005415856062	1.18444935956381
-0.101198889980065	0.0864599183318819
-0.434510050965571	0.45914955085036
-0.125315734732731	0.106037186790982
-0.300583418196327	0.240500562456008
0.399738169040088	0.310740727067887
-0.173923115813003	0.118011711087084
-0.112347565356993	0.0869940635847607
-0.314066157980289	0.295679121031381
0.475155788059801	0.49692545091885
0.447604676025392	0.565128571047874
-0.00897059037665176	0.00797234681008152
-0.446058644739962	0.591450165334111
0.385827065383674	0.483929129940405
0.339500075003963	0.492068927120369
-0.0407289787110092	0.0412688089120159
0.638114582528008	0.743638372494594
-0.753843757649466	1.014390175213
0.398767250514172	0.277751417262796
-0.216913062297405	0.224447084142571
0.551382737612536	0.619714783765453
0.207734594997925	0.162367970658086
0.661660997880518	0.898001905678474
-0.0261955599540126	0.024928749057847
0.309084056355483	0.275979501899683
-0.646808179597594	0.924421794931985
0.195414340112744	0.145426129864849
-1.01873123330949	1.39972364427114
0.623788349140148	0.750496406574657
0.0293972047593092	0.0174819582255646
-0.747587974077377	0.701093457606603
0.2767876126053	0.194176809122483
0.136027897332436	0.106361453168202
0.21808550620529	0.178518477372963
-0.354020666633264	0.330050096573262
0.0292154745954172	0.0173716324022721
-0.470638532085554	0.590603543306848
0.0756178628214902	0.059100742880238
-0.433999331420308	0.458362076225012
0.390188001400483	0.420456572619859
0.740189905829325	0.718454558691572
-0.125904013892768	0.106602189182647
0.586608873969535	0.592839320506439
-0.171757602385295	0.103132522218396
0.171614585906375	0.152440925652133
-0.538988363904878	0.596584292964862
0.00566937712112075	0.00423222908125161
-0.926144334317051	1.90990451746503
0.517898354846451	0.657861006376269
-0.73860728621576	1.0959945827375
-0.322157029323347	0.232754914383354
0.181090034176556	0.16717075640174
-0.119137848815211	0.0730267568590352
-0.266178848835042	0.195324141801361
1.45428888136261	2.10422959330058
0.322265209015715	0.345577493396033
0.279604015299074	0.336439971113476
0.318276005780264	0.318755770552641
0.636234790243122	1.07722741519013
0.598865883440868	0.764755995238002
0.263115624047331	0.280533492639036
0.121018823253183	0.0902652298673594
0.386416640607971	0.471164189292
-0.423658481203851	0.506734997703599
0.0694167766451043	0.0611599308069181
-0.278063772906858	0.264079416992069
-1.219340302737	1.96963972304841
0.0694169358674311	0.0611687260196023
0.322339425070366	0.345675388824527
0.394502735953718	0.382168321596568
0.0554495733284327	0.0470050937648479
1.07527750408987	1.5609082674758
-0.0857314977153456	0.0671939316370113
0.661447342036708	0.89780680826053
-0.448356138219213	0.503684204875094
0.965784081784859	1.67060289386025
-0.00385914354046515	0.00395458629031728
-0.0748255127491075	0.0700368726535553
0.317891018582033	0.318287372883479
0.394439447057021	0.382061990251063
0.279397326808171	0.336248567974659
0.671943070502506	0.731941540395998
0.247722975224463	0.238221124465026
-0.988673926800413	1.42981524648519
1.09806655332541	1.72802585376286
-0.373160963142191	0.474275592892679
0.082237558730052	0.0751927385604914
-0.5644714200318	0.813307631999139
0.247835776328739	0.23836486049332
-0.0247295003870609	0.0218315202703606
0.61021421417721	0.756351988461961
-0.152639284696516	0.127934866031792
-0.0209521969146002	0.0169521362243133
0.648374952052917	0.903784474999835
0.541710189689684	0.628963002372972
0.148096759730692	0.146048862131096
-0.216777001550232	0.224186219778265
-0.166399774447145	0.162854004251667
0.384971432422159	0.536501695036515
-0.357405723286533	0.383293390402024
-0.434258089073475	0.458807269493731
-0.479665657123778	0.50268776505812
0.11656209436731	0.10310062588751
0.730395393156272	0.881561385491833
0.241721647893415	0.223869298970906
-0.884922858362963	1.17294971312294
-0.653177222036916	0.710442513426153
-0.378392067467941	0.324082156538664
-0.19097773186697	0.185612803878996
-0.243311964076512	0.250289237554201
0.104725476752698	0.102682614190171
0.327939970433959	0.385959491024435
-0.240420862737273	0.263829335163037
-0.414601735651836	0.55151008062198
0.64837514416798	0.903554530422209
0.587895621101571	0.772276959096591
-0.00306036692801486	0.00249889589353473
0.138524050437797	0.131958252997513
0.54723477103154	0.817475892481594
-0.260593055785876	0.302071362289879
-0.538742107476325	0.596257923383908
0.600817025617127	0.583812513609921
0.180925086481335	0.167001088236483
-0.773589729351308	0.932987014681213
-0.131915697837842	0.0910089174111435
-0.245992745004764	0.235628334669051
-0.218801889362082	0.162939654945433
-0.722985856734274	0.778904149338307
0.171761495432817	0.152574184523166
0.799090045199196	1.1847066031602
0.714522619291131	0.722406786894192
0.551453357925539	0.61987733229767
0.39441605858586	0.382049815659346
-0.287329430482257	0.251632477384379
-0.342661028500418	0.391911012055623
0.121103976406696	0.0903312871044003
-0.434453094736229	0.367526099754561
1.00663455672287	1.37980664987797
0.180971127250423	0.127757103206751
-0.132197188898705	0.0912256905845449
0.0827938573834093	0.055604408098614
0.525208917937103	0.64808074238715
0.253473608673453	0.25272414020417
-1.50153377471648	2.7635683897973
0.097722910118964	0.115766006170695
0.0191649671116141	0.0179511498504833
0.331333848401758	0.412774192676789
0.141034664414235	0.177255304848491
0.391734800739915	0.408053324095509
-0.915495958983456	1.33457383701773
1.10702185510946	0.935885221644565
0.389366385032435	0.433670410861251
0.390343718581682	0.420723753716227
0.374422764792528	0.641188960372389
0.275175937323385	0.321460124348126
-0.0207236284619807	0.0167652181283147
-0.689988117135494	1.0285364102531
-0.216478012657434	0.238621569836794
0.737822934009782	1.34623150425595
-0.385424287991704	0.51387925867137
-0.494565105432	0.717261983698294
0.327961541527028	0.385982037081951
-0.0414225007246366	0.0363048373374931
0.25129676638913	0.333370987115372
0.385848608495819	0.483852877410788
-0.0208727395860436	0.0168875359930353
-0.302588794754065	0.307051931885924
0.171586120242158	0.152399506282119
-0.0758619367819822	0.047383299361194
-0.509382821609311	0.636143659313164
-0.434384207612741	0.458768663867967
0.463996600807232	0.51923650801124
0.104739102978605	0.0891218073947849
-0.329713687168412	0.285614910362891
-0.255676707239909	0.207157441129039
0.116795680086068	0.103345323858395
0.19985491515091	0.243599246247276
-0.50082913404107	0.592165995453723
-0.70204439979218	1.41881274789347
0.181090034176556	0.16717075640174
0.171691582601708	0.152518482486895
0.495472479396742	0.462085935179579
0.483267271929075	0.733555178940933
-0.041561251622777	0.0364295282054098
0.385502381987124	0.497030730369982
0.0777077836795529	0.0782427450715821
-0.0796324519370765	0.0686817948468157
-0.389571861719597	0.276987446397204
0.777793276084547	0.878548217649156
0.710523578354896	0.884845282553193
-0.313966451012273	0.295608778878723
-0.451984425165502	0.412899594872052
0.149243619211763	0.122028085298428
-0.521789969299338	0.506377606413972
-0.773589729351308	0.932987014681213
0.0390331812120035	0.0277548277898687
-0.0153287560607954	0.0111939958527231
1.14890457542615	1.43527021191836
0.393129263658769	0.395324956723731
0.389202411361086	0.433450505695003
0.234965905993647	0.209346098847163
-0.870752421443977	0.979350800683359
0.00522921929174007	0.00390348005246621
-1.16146503859515	1.49547527757215
0.103269257081504	0.0732188242751963
0.54610104955066	0.399829435502291
1.01429682843932	1.227347445115
-0.217091830167762	0.177954579015446
0.0390452241790196	0.0277580645292604
-0.269009506376129	0.363385956516659
0.22762097095778	0.332675152834812
-0.0555085241834145	0.0633027764311255
-0.0123078750582163	0.011768433350526
0.427542253450772	0.673454253044827
-0.216727823820307	0.193663278112612
0.0693468155613359	0.0611030614374901
-0.284531767146644	0.186479248309792
0.0557607648541323	0.047283064705873
0.00533645381144197	0.00398402840730214
0.0277798449813758	0.0243633428461567
0.39191116956333	0.408207106048229
0.0818218974186525	0.0747905210456793
0.386487987464084	0.471212731154244
0.383474883586327	0.58628623448922
0.00565166987963235	0.00511338913808291
-0.130957289303099	0.138161816674205
0.149759794030102	0.122483811279701
-0.342837930620926	0.392047391127949
-0.27811971164406	0.264144286855534
-0.0615752486303593	0.0487990522025571
0.21799670461266	0.178428746460151
0.393036169125338	0.395198067877578
0.0755880889771901	0.0590787168199401
-0.773511708997017	0.932690441144935
-0.399629922859344	0.368862688107592
-0.466355574994379	0.456950476781919
-0.255749319003341	0.207214759126512
-0.53110237222437	0.55152984026916
0.318268875213718	0.318719065266214
-0.588917455323169	0.605849747480778
0.218230216843214	0.178618456409407
-0.423728576123829	0.506856607196319
0.46919917480705	0.507976549299364
0.391734800739915	0.408053324095509
0.127979676950104	0.117571457539743
1.05981118179356	1.70946269157658
0.324467321196322	0.359300160910119
0.0244849514487781	0.0250779021708072
-0.131156012716546	0.138416878257096
0.165305471394347	0.174086674435136
-0.0207981871078701	0.0168267898829949
0.148087651871042	0.146044669518707
-0.648860285074473	0.839598285453569
0.394431667759797	0.382072189061349
-0.418172065209699	0.41391907912641
-0.354050483002661	0.330091102339923
-0.653169705428963	0.710403607813024
-0.52259431542548	0.507169099696559
-0.0938705474228042	0.0873278243096465
-0.28585966536653	0.330046112267128
-0.293070876270094	0.317725645051345
0.195415324694681	0.145414783450917
-0.0414533554485621	0.0392563084390899
0.247889164975737	0.238439115268467
-0.352506538943675	0.278268168144533
0.148156689722754	0.146114114834383
-0.530874567722189	0.551472155519077
0.312547643888166	0.29051532600186
-0.37817012261184	0.323906007053155
0.0405838108994387	0.0330494337049191
0.0555980027391331	0.0471408151086027
-0.714400582636913	0.818886554819138
-0.354099087771186	0.330102783355123
0.561250168022384	0.798077048645588
0.180605144791279	0.166626595651609
0.721654143564554	1.03805224708059
0.267563221203506	0.294350612208228
0.66655224270629	1.05654499450764
0.87141672067087	1.1922873392294
-0.0400198983263268	0.0320463560387172
0.138454275439601	0.131883220483006
-0.142939128504413	0.109320070400309
0.326099126088755	0.372441718640356
-0.545792911979897	0.641043067107723
-0.112584077428585	0.0871878267121459
0.866572757881775	1.4926727807081
-0.245743354092202	0.235302572651792
-0.848404226820899	1.01385638565497
1.37626375050475	2.56099495673133
0.326168337173051	0.372514778770573
0.389058292421442	0.433149474228846
-0.171068522069767	0.17895974294034
-0.96164411922118	1.65601900285815
-0.720216381406542	1.21466231196043
-0.0087526214441464	0.00777819387212626
-0.330092340008864	0.400223102262486
0.229236315383049	0.266209758529123
0.163544637841626	0.109096869962899
0.399122839161765	0.326057242657888
-0.218801889362082	0.162939654945433
-0.119094398900084	0.0729977419848567
-0.414052627618793	0.322226368680694
-0.329625070156605	0.285580755979885
0.128050498072516	0.117644541362178
0.561656747709316	0.61000193104547
-0.651236729142689	0.753235226397726
0.437121128466256	0.613503981567272
0.814878376741453	1.33564637979854
1.15797665280768	1.91703072281886
-0.0616742259918492	0.0488825246554011
0.012633318644369	0.0106646128939913
-0.731693235882963	1.13543268262003
0.104943453521849	0.102904584348055
0.263394663581256	0.280840536987563
-0.0553915461866344	0.0631549240023998
-0.0870258605179885	0.087089131244627
0.709995212937178	0.546527977701222
0.142332662718343	0.0893225200421159
-0.0399346675579546	0.0254125510266739
0.299854655153794	0.245368480882698
-0.592247425735906	0.64996674580467
-0.216851848653364	0.177765211664636
0.764952050554661	1.3395402799856
-0.170713020364973	0.178507306476633
-0.216433029862688	0.238553107032851
-0.896081033000111	1.36956505253361
0.575738610978194	0.968861247018379
-0.216879838215379	0.209352139005206
-0.286927574871402	0.251156822836801
0.399509810721916	0.29453711061933
-1.23399719341836	1.1747074029004
0.399320029932359	0.310202010656112
-0.884632253303745	0.58876380922075
-0.71450095527629	0.819051694887572
-0.0020416389319345	0.00223387032109705
0.480133195378548	0.745883452290826
0.0132589236686174	0.0131717824406178
-0.0939465998355111	0.0874035099794938
-0.337246875230993	0.339609879628346
-0.811833485434702	1.3599327851194
0.199797864126678	0.243537596518264
-0.265782220981856	0.290125432046548
-0.216605261345158	0.23871217819789
-0.00880893632964805	0.00782862768411779
-0.330349245151372	0.400575798267277
-0.302191960378552	0.306425452918961
0.251499032779264	0.333677503938649
-0.249695518890191	0.220939590781742
0.0165247148979145	0.0111541080537398
0.00539211960485481	0.00402489578604332
0.299705529032844	0.245217912571433
0.495471620372907	0.462083109703082
0.322121638963395	0.3453030155601
-0.409923205630924	0.463525115641582
0.389361444480965	0.433666921879952
0.0126333885088843	0.0106641633439114
0.00539949535557153	0.00403077325673769
0.517686717023635	0.657423296525036
0.21103897123826	0.223617892798272
0.0547472697618021	0.0565007899152583
-0.460465168808955	0.547671902049104
-0.287250601006897	0.25156640218827
0.0825196187898426	0.0554231027209738
0.495620312094624	0.462178484933769
-0.00363629838479012	0.00296822586363687
0.0585552342889372	0.0437070726783781
0.512445224094724	0.437695107521484
-0.374542054406773	0.425947235404837
0.286278728513805	0.363950128482699
0.0975671804706257	0.104542713281926
0.283089166303353	0.350309384907405
0.00630994682490828	0.00659117005502874
0.19721696129852	0.195578573790513
-0.7333273931832	0.73847404603294
0.299630931473857	0.245128496443394
0.142489319662021	0.089416780853008
1.15420901863633	1.11179327741843
-0.0496163561986371	0.0271235053217809
0.561924836449681	0.610546219820701
-0.27298982873221	0.351056252664909
0.455018658130189	0.542154268949584
-0.19451452084168	0.215312133645015
-0.423659261308106	0.506768317734512
0.0277045163922927	0.024296141025214
-0.250241274246475	0.355150528587155
0.497399750410212	0.91200934616255
0.156599535061675	0.184249347172676
-0.302677909297174	0.307130404060849
0.239192551488988	0.293813705265883
-0.470983639418272	0.59126302247221
-0.600172808829532	0.780571967606705
0.530314088595614	0.848742949891859
0.299780530349784	0.245308578943303
-0.0652582783312176	0.0463871573812747
0.235043984239462	0.209438593971843
0.796802734368179	1.33611663084263
-0.245603356082836	0.235072453563354
0.305150211832567	0.261194894200654
-0.313711419404232	0.295291930863616
-0.313866899661384	0.295480100236995
-0.0210316626457547	0.017016384598093
0.672015548013985	0.731934928754161
0.14939292427161	0.122159843041602
0.569377451891361	0.978216176509342
-0.434272087151073	0.458722179484847
0.293666259010815	0.229123924412129
0.39716316263073	0.355089737558116
-0.575361020021202	0.357592442111619
-0.0853748673330966	0.0668946310382139
0.309164130655245	0.276064860156104
0.399669700169903	0.310704766188227
-0.448514877051416	0.503876818964019
0.122292817554751	0.142587089706507
-0.123031598695379	0.153911275479484
-0.0414225007246366	0.0363048373374931
0.327663082738839	0.385440717780713
-0.649078309305516	0.839562134963501
0.710109729823419	0.546553077950813
-1.13578138472696	0.741904171244804
0.894934078877069	0.722981050286936
-0.829122506699366	0.606416348519176
-0.795557467610568	0.429227305973378
0.586535351400481	0.592740089160575
0.183008495340132	0.243450967039628
0.312547643888166	0.29051532600186
-0.015280580263772	0.0111590645653471
-0.595504588926484	0.694273328195405
0.253558020842037	0.25281677861806
-0.393915332332158	0.419406099299361
-0.246237415242272	0.23587941072882
-0.723222834105891	0.779142809633186
-0.733549674793338	0.739191871753291
0.399129788136014	0.326064768424135
-2.03748395155921	3.29958389213129
0.180964099493099	0.12774565073409
-0.538791164216194	0.59606325335297
0.398113190104567	0.340712018332791
-0.512211396425773	0.462619130751874
-0.216742180546873	0.193678870786769
-0.522107421443063	0.506954511050873
-0.0963731677092338	0.0675244675830752
-0.434452681653658	0.367565813123021
0.495322424037727	0.461872534017971
0.247899556572413	0.23846864350984
-0.300509948811267	0.240412684775865
-0.313810963101134	0.295386082961066
0.487838244179005	0.473486947168949
-0.660122828122298	0.627046007602893
-0.151974035288137	0.127235597303404
-1.16106837007117	1.49485449243555
-0.83099227397759	1.05202465712636
-0.435541882356544	0.54930409983771
-0.00906330735436617	0.00805416145357978
0.317953710999987	0.318421933089369
-0.39359618852091	0.418976537294225
-0.330311975852707	0.400527819843874
-1.06750620509872	1.0325143091984
-1.07160432659567	1.53676943923638
0.512663704968916	0.437798565572853
-0.324010489189422	0.34972981408926
-0.694144294672587	0.987621522813657
0.0239408423982036	0.0186845462667237
-0.597953000838524	0.737671682551792
-0.490745440002863	0.54708633030143
-0.00335405112217744	0.00273881048652994
0.142402398242811	0.0893691754404031
-0.665662576987659	0.585905827196088
0.116204798944121	0.0682148521997068
-0.224040681754411	0.149453967253873
0.18102859672174	0.127769154969037
-0.160461835139127	0.145968608190002
0.309080087868981	0.275984619569879
-0.182908870631634	0.151659129392724
-0.37531422194681	0.374782580938486
0.398846853823364	0.277820918046262
-1.22615528350604	1.32610501136738
0.495470233806295	0.46192970293621
0.116416853460594	0.0683500279560176
0.276848757227263	0.194245371711501
0.218322976649531	0.178724185019696
0.195339400836571	0.145364553141189
-0.216927938566898	0.177808444525597
0.396977175798824	0.260262280706806
-0.830483016679153	1.05146554975896
-0.708111208641935	0.861260993594336
0.116959631571343	0.103512571669273
0.0939817175290976	0.0890484878389115
0.437055246278038	0.613361490531372
-0.216779628518947	0.17771632513493
0.533005523712188	0.638381792416559
-0.885351164572774	1.17406505459477
-0.21701965658251	0.177921103850162
-0.240019571604309	0.263282741631854
0.397087814439311	0.3549478416754
-0.101363521363836	0.0866282355450523
-0.466738493178072	0.457698488706049
-0.963143856100792	1.46279080880892
0.0238983120556244	0.0186491963146392
-0.218652146384521	0.162816073711055
-0.171916249530567	0.103284333532777
0.573785508030264	0.601583172314322
0.891388355011504	1.04276780440878
-0.491085855265658	0.547728874918577
-0.448192651640256	0.503423116065937
-0.538896786428753	0.596463960649159
-0.328986058929017	0.284733696028573
0.116785719076153	0.103316110441948
-0.512137042306134	0.462545595862862
-0.0962240146484532	0.0674082921843669
0.972074207842765	1.05831921291306
-0.112418735598705	0.0870574257570471
0.972103817653691	1.05823939731018
-0.466708185713412	0.457597488122303
0.0908048547194429	0.0741262080255771
-0.324150561040834	0.349891925165801
0.2078085967291	0.162423985945647
-0.178132422034797	0.134446081471797
0.398986587271914	0.325944794418626
-0.0151568224837767	0.0110675259275842
-0.0094573383782908	0.00612301279668177
0.517475048239954	0.656784168193636
0.600892039381369	0.583930176537717
-0.05951858896028	0.05174735124464
0.0940240455538352	0.0890838481377075
0.4749682536051	0.496666673240118
-0.00335399376339844	0.00273853947424629
-0.242754096543864	0.249567251242842
0.223345298288691	0.251816550289095
0.561286032806555	0.798221993429218
0.0662470334107629	0.0645606351464985
0.418758577323373	0.71354058718071
0.515722867237835	1.03329757437956
0.520516056360923	0.869176320767163
0.320587117620436	0.332503888491517
0.128406285503173	0.117995170990305
0.394849219182632	0.382495939073943
-0.178059586574914	0.134408339528185
-0.39972913238057	0.36889389772174
-0.830645542686263	1.05171520394403
-0.702628525211476	0.903116852479654
-0.131859043557024	0.0909619648096179
-0.764211715971864	1.28470034887196
-0.446248380575387	0.59167204143421
-0.934775894713835	1.10617837249825
-0.516864900661043	0.679689676603274
0.0320173503258104	0.0310093443095911
0.385318437651037	0.510273180953526
-0.605850452442663	0.949651507510878
0.0413023919511524	0.0375578692867121
0.828826946888009	1.03487204229321
0.186458995466324	0.253395818834568
-0.125630709560154	0.106344489421853
0.024157722087798	0.018854604436062
0.156888768324001	0.159960044676334
-0.824944454381417	0.821419571277581
0.0905478789912742	0.104581663097127
0.447534633963912	0.564928949643801
0.578181282297536	0.780537438218505
0.0293799272299701	0.0174716600227109
-0.101298559409509	0.0865595149822621
0.338717595929333	0.479758824300185
-0.644678063162817	1.00773488327574
0.169064921306313	0.209590127757513
-0.640656554091134	1.16990080405593
-0.297964455717244	0.480502445583396
0.334610916133579	0.439838233509046
-0.00416496186194136	0.00426769973597496
0.00644444909345733	0.00673254130178456
0.193854658690663	0.229926436871777
0.387579058187235	0.459013104163778
0.331582080126741	0.413210165584323
0.385412151062525	0.496935441698926
0.227105022027022	0.194127205502688
-0.314036895238977	0.295667389042135
0.481468192559866	0.485597072012251
0.75772061036624	1.03228206835736
0.12078425269684	0.0900809409973345
0.114732515529924	0.116244309874613
-0.0703473874978766	0.0706986965592905
-0.512436119945842	0.462454696749101
0.436928911241458	0.612963349016735
0.387160269191119	0.45847961211645
-0.64101898761164	1.17131856928651
-0.243242111610806	0.250192137909301
-0.478190470740362	0.756486903586233
-0.517392416443467	0.883915348007142
-0.152646596063285	0.127949153174776
-0.171942958073269	0.103296434915017
0.249918996642399	0.155043388295526
0.149759794030102	0.122483811279701
-0.0962249782175186	0.0674194866323185
-0.434237204788678	0.458774531873003
-0.217061493094266	0.20950996171595
0.399587681769864	0.294665274894848
-0.16037271280332	0.145867751501439
0.258369161767151	0.266516126688775
-0.0156096952376979	0.0113999279180938
-0.177985206909693	0.134354969056989
0.389202411361086	0.433450505695003
-0.466652080058139	0.457581548173261
0.161328956279939	0.13767673859597
-0.0652665562166292	0.046394045694464
-0.413863910041994	0.321974730710854
0.398112051589412	0.34069566263114
0.230448835221244	0.133616924089533
-0.142846787168996	0.109227165773975
0.0389445564596515	0.027689302970282
-0.0402146669185509	0.0322123873449798
0.0908048547194429	0.0741262080255771
0.0548477224108491	0.0566093220818595
0.305005042544179	0.261049717384112
0.561767101317761	0.610301269894504
-0.0401310843790005	0.0321434858999316
-0.434419038398757	0.459057415741069
-0.182385948859972	0.151140980158555
0.128498654675261	0.11806857482052
0.3905799076882	0.421013963676265
0.0127722381656987	0.0107823981945802
0.857952122722263	1.0376444734797
-0.511988166548593	0.462346855374813
0.304988199590716	0.261072498670508
0.636013425180569	0.909900538181686
0.459573008857765	0.531009651555639
0.517968791751493	0.657967148453019
0.197287103539681	0.195633328433096
-0.278287681869889	0.264322375127015
0.104815737849242	0.089186356093505
0.18944845570376	0.181412528446286
-0.293694720456391	0.318896916761686
-0.423382024307993	0.506300310303822
0.0555883990732367	0.0471288870810368
0.0243188020739503	0.0189768606489697
-0.249795713629161	0.221021234468434
0.907600174480193	1.35058054382321
0.398036399995254	0.340567708171556
-0.585764291847603	0.562682821515099
-0.160298155806573	0.145795650065342
0.654422868642796	0.737864031121367
-0.112489909947635	0.087105099330821
-0.143252925022815	0.109577848115947
0.866722638869674	1.49246122158334
-0.218576887331128	0.162748581656782
0.223403922533139	0.251895388384813
-0.079539322974032	0.0685821360167008
-0.194459836293881	0.215224248289482
-0.166609531933105	0.16307424478016
-0.143015554338992	0.109389452543882
1.00694718885836	1.38021452888203
0.160895877778992	0.137254090997159
0.149180392145062	0.121935621659202
0.455107389306176	0.542270636319901
0.0908894755644296	0.0742020903200944
-0.104647554740401	0.104214667650847
-0.651583590402345	0.75379282278299
-0.245842943258614	0.235415923121533
-0.243032869235152	0.249946908052237
0.321944002420362	0.345014875563759
-0.538643538907246	0.596090973249904
-0.650019243594956	0.79656223922966
0.398925284356903	0.325873514145585
0.211301429765137	0.223936457296887
-0.125476730189986	0.106205302890871
0.263046012196525	0.280441987246319
0.127979943558347	0.117574069296749
0.241898395665256	0.224090224675087
0.271473101817676	0.308036038110555
0.319947219713448	0.331637282986549
0.25324004766276	0.252433934667769
-0.143184638853682	0.109521335087837
-0.651159062587869	0.753008587663007
-0.358597964167019	0.479592299131948
0.180909822388017	0.166943765875783
0.00126609420928537	0.00121587344157034
0.505627455830901	0.67848035728698
-0.194425216906568	0.215196215750379
0.115176926358562	0.130752943528138
-0.0403011124115637	0.0322816542942733
0.491421195085768	0.711715465760552
-0.293832663811655	0.319068798107045
0.189364609636535	0.181317956926808
0.518038717503589	0.657763194618927
-0.178207410534748	0.134545475390265
0.390591379137857	0.421048830729593
-0.249859007129028	0.221109701962749
0.013120943957715	0.0110795932193064
0.517898546901119	0.657791703805897
-0.217120398871617	0.224729388828836
-0.403099601681812	0.510506335700386
-0.561191062257044	0.771763694390616
0.738988137775734	1.03530256232538
0.1044094404343	0.0888173193276146
0.459508244576739	0.530993658380332
0.165302894279836	0.174035779521369
-0.14407834857658	0.141873082298684
0.624610355999862	0.915693855549574
-0.605710128319799	0.949117563662899
-0.600452398812826	0.78146162627941
1.12808646062427	2.70033726374356
-0.37563798141	0.375196159151397
0.23500677886943	0.209377441688336
-0.850374515183124	1.47688970199662
0.38814276617001	0.445952905944771
0.551538910736505	0.619953070161072
0.391797664374411	0.408236925400309
0.0239054378439679	0.0186565212844948
0.309320299797388	0.276210390008547
-0.0402007635989165	0.032200538190924
0.147925509618462	0.145860575070745
-0.423520069634981	0.5065550545814
0.0236815891426867	0.0184782362522336
0.0907903008801089	0.0741079932793984
-0.11428318406169	0.105582638116197
0.0554351453022574	0.0469930536341761
0.551282193384109	0.619647398868795
-0.479531819513756	0.502397108153328
-0.286105895819893	0.330326232435916
-0.217107204930408	0.209584683613103
0.738887579035941	1.03517569632355
-0.964181446420267	1.26720397366616
0.0692065357963365	0.0609614746894185
-0.389595669578515	0.468002942512333
-0.170922418841366	0.178808105045233
-0.135894347675186	0.124540660502119
0.481307960544446	0.485392450735255
-0.697524355971048	0.943701234713411
-0.18250161227449	0.151277187545404
-0.160213949078789	0.145695480397575
0.271635547160025	0.308297284920909
-0.342454415610173	0.391595449142796
0.120946248070199	0.0902137584655148
-0.466471786481134	0.457316999157472
1.06346780766118	1.24301533804761
0.180930148107039	0.16700992172992
0.321953801766972	0.345032866772585
-0.150057838578616	0.157628990162026
-0.50082913404107	0.592165995453723
-0.242684787023125	0.249476769231284
-0.64894838230622	0.839759157061631
-0.190487213789577	0.185185869886809
-0.38219405388668	0.55889698931551
-1.21927634701409	2.300369909332
-0.602842308526842	0.825339065037354
0.326029884346707	0.372347676316453
-0.399477778476846	0.36867432440125
0.617061203547723	0.575262497661858
0.218009058057231	0.17843160423025
-0.287039505531059	0.251266447374306
0.777497031436922	0.878470263138876
0.0239966401124538	0.0187297437638104
0.464311755500956	0.519652527066228
-0.884922858362963	1.17294971312294
-0.490939476897869	0.547413914690081
-0.113325616393709	0.120078093919932
-0.64878146331248	0.839394614130364
-0.216643312344097	0.193575740804567
0.475375977813465	0.496995276792556
-0.866173144788231	1.20987500451023
0.495548813388163	0.700285525803807
0.103343366488593	0.0732662494549315
0.586460230290349	0.592626072602763
0.96877112224574	0.89766278164044
0.586459873158913	0.592574859878317
0.293527201868422	0.228987220017428
-0.249773582389226	0.22102344035329
0.562065737350039	0.610407286562186
-0.722741303372382	0.778411584278021
0.318191864250162	0.318677470459561
-0.265824432726122	0.290212037439419
0.0559281349941483	0.0474206635467917
-0.160392163250121	0.145887848896652
-0.530889457728483	0.551410887268216
-0.352773164035232	0.278594621093881
0.729795669008131	1.18826803815565
-0.178058651797167	0.134402650666594
0.45131488982234	0.553683239223185
-0.409923205630924	0.463525115641582
-0.278294717578654	0.264346922341057
-0.0936709465893363	0.0871162999332351
-0.336989424831848	0.339309999552032
0.459493007364558	0.530933355352141
-1.2652040436636	2.1201651378414
0.304979687278488	0.261021556917432
0.275832900524636	0.322476846704797
-0.393715491058243	0.419007928921085
-1.11174863030885	1.51238932567135
-0.460394551334401	0.547564201387721
0.197076678078199	0.195407897790771
0.0555835785404964	0.0471209300098818
0.55146827060033	0.619817121636291
0.296609282283223	0.416475960375932
0.433239710360572	0.638292945586922
0.0239054378439679	0.0186565212844948
-0.0385394640113002	0.0277745674407058
0.149580266129672	0.122339456413055
-0.588917455323169	0.605849747480778
-1.34193354727227	2.59523329759516
0.27545607240766	0.321988576423696
-0.0597991194939771	0.0520067072258495
-0.500690042100173	0.591677537302407
-0.293485370223309	0.318520357366995
0.437175635987696	0.613676203747075
0.88834846687122	1.49617705890839
0.0553801531432218	0.0469334749600667
-0.585985884886808	0.562888045571862
0.45110452656133	0.55346745521486
0.939941929715746	1.66180358348658
0.451034316151299	0.553402804929678
0.217294472653934	0.237538305249309
0.779476850272156	1.18473591788113
-0.0757857296260691	0.0473392563197507
-1.67771161508001	2.48465761724533
-0.522252261186248	0.507075269632087
0.71443723000609	0.72220221113885
-0.329705542364298	0.285644742200668
-0.72565542534209	1.17491487684365
-0.418064856163445	0.413784094525824
-0.556717222717916	0.72860555478126
-0.242963979433505	0.249900081997669
0.33471565494144	0.440045098317815
-0.00895074583100628	0.00795430844067203
0.00548944752741454	0.0049667401768836
-0.057543356691496	0.0541924293326471
0.204363325130497	0.209610545133302
-0.64894838230622	0.839759157061631
0.189364609636535	0.181317956926808
0.752542186829176	0.879457256617199
0.0558254748690385	0.0473347099613842
-0.32962103969605	0.285574914097399
-0.266035721327979	0.195213893496089
0.121189046287318	0.0903905693263405
0.318030707148254	0.318515265039761
0.661193567441029	0.897129440323603
0.389207379289374	0.433454029944493
-0.329625070156605	0.285580755979885
-0.0150783738829864	0.011010220283863
-0.357149985974622	0.383009320297457
-0.446044932161473	0.591390719770002
0.069346847297508	0.0610967486252744
0.391558284857083	0.407826868220126
0.562058043008554	0.610525623411978
-0.653012137224751	0.71011447103989
0.13618414685936	0.106495167581624
0.464290239723562	0.519452290676574
0.654186452753182	0.737625529060002
-0.125560738830932	0.106288467259914
0.161066223347218	0.137432544408052
-0.434676678278251	0.36780870596413
-0.378022268660331	0.323736693263325
0.293591405006265	0.229052660702895
-0.460464916208783	0.547741492960808
0.481376069977865	0.485455087945391
0.586386392990369	0.592518008148373
-0.418150167530366	0.413915577439865
0.312686629528162	0.290469340448311
-0.0855457112197009	0.0670387683406584
0.116894906671851	0.103446920185055
-0.835667428391116	1.28396271807868
-0.648216584663326	0.882878086897052
0.0129819772254105	0.0109631759363538
-0.125742944989316	0.106456915140796
-0.041561676872648	0.0364269006927981
0.241990348516382	0.224205290565553
-0.0597990462998023	0.0520067038112225
-0.302583967669779	0.307045885267977
0.00555501379196479	0.00414582765823311
-0.830475965673261	1.05140891708444
-0.286630375413065	0.250857024003683
-0.0206588912007148	0.0167078455899879
0.384638842921303	0.562168360817043
-0.150209771936936	0.157855834505434
0.610522164202395	0.757090262957126
-0.435527245757076	0.54925539740142
-0.693729090240374	0.986745016525103
0.623773526355433	0.750540554446642
-0.245847920406282	0.235395003598097
0.104484679995458	0.0888895654599192
0.0554495733284327	0.0470050937648479
0.227057238141971	0.19411560493763
0.4749682536051	0.496666673240118
0.623703187683016	0.750388301130088
0.469583925819236	0.508048960298184
0.30499665135492	0.261082405476049
0.0818912969504578	0.0748628033600459
-0.879451301230326	1.40587404677843
-0.300657795963389	0.240568643910799
-0.216551332150609	0.177444340010888
0.495545753213182	0.462126731898161
0.676192880097523	0.892772780500417
-0.240300995632332	0.263698185693371
0.14942334254177	0.122197735393733
0.204571903416616	0.209864017844884
-0.58569076033142	0.562710150247518
-0.313689771156283	0.295225508415507
-0.144191941074056	0.142017633806126
0.500019861196186	0.68847230655668
0.444453134463206	0.576821439439296
0.339081164242175	0.480238489369891
-0.43577521353411	0.54960852874283
0.444417274322128	0.576744786807092
-0.478176392270636	0.756575769230607
-0.0550711410394264	0.0555542642518253
0.0415285690467582	0.0377774513308011
0.0405038771176495	0.032982255847065
0.495325063672865	0.461617626542352
0.48130394967176	0.485394290956038
-0.0382881369120995	0.027577852452749
0.180698622766587	0.127549465166757
0.0827370778507906	0.0555640691445785
-0.136341653933025	0.125028367469913
-0.393531064151701	0.418947048403009
-0.314036895238977	0.295667389042135
0.149845748075616	0.122545695652398
0.495322896609009	0.461883665257808
0.392973091460968	0.395061466094754
-0.418086693749333	0.413787519290276
0.398187070046679	0.340778916917413
0.163560042689512	0.109098501464748
0.495621123971531	0.462219975591173
-0.142935122380938	0.109318367930423
0.384997487685651	0.523196933507032
0.74501473098856	1.18737476039735
0.392756439458715	0.394649819847143
-0.579294019695555	0.476953543704619
0.299556792511659	0.245040014720692
-0.920752642554677	1.52808674436823
-0.024722310468948	0.0218237542160844
-0.595427625320838	0.694163946403827
-0.249695518890191	0.220939590781742
-0.0207690022279738	0.0167939550877911
0.197287103539681	0.195633328433096
-0.112159350162799	0.0868290220848525
0.000965390293722311	0.000928978360345312
-0.0414708143734775	0.0392739993600775
0.547257894755162	0.817451437553227
-0.265973054821543	0.290366538815231
-0.0750735409384853	0.0702769888389659
0.171768584893591	0.152586894449641
0.239452156324305	0.294115857738078
0.267634081500332	0.294564186675575
-0.217514766516232	0.225074995087079
0.267463399301093	0.294368552431751
-0.0792329997433623	0.0682904393981335
0.320267242750986	0.332151380495493
0.62358815205312	0.750230969535821
0.551282193384109	0.619647398868795
0.692671441481908	0.888673552255207
0.389281932079959	0.433565537339365
0.312914483842395	0.290831940614731
0.469362139818696	0.508249158090382
0.267392000023596	0.294275280562397
-0.745320586215598	1.05426117245727
-0.154819137300649	0.172594216402112
0.226970639576416	0.194020869668481
-0.101553442270784	0.0867737138545355
-0.0963742807781624	0.0675269254428528
-0.598106829620486	0.73800449921993
-0.0390079113788379	0.0281101007815181
0.120861037214257	0.0901450767496484
-0.983808604364809	1.62422969284813
-0.509453095327519	0.636251467297629
0.0759375707398521	0.0593629046415401
0.285974911811684	0.363382434789525
-0.647064433306426	0.92512269767713
0.524985253752384	0.647875405186191
-0.375377299248801	0.374913224069459
-0.0797114302857451	0.0687541394949778
0.0320412551144744	0.0310377720719127
-0.21702828397917	0.20949855857733
-0.0750662463628166	0.0702762532081691
0.441816731114389	0.589106903287173
-0.693729468059651	0.986617530234302
0.692594066495674	0.888575494434979
0.161066223347218	0.137432544408052
0.00564746718541392	0.00421512300157895
0.51255065418599	0.437795305807584
-0.300509345702295	0.240432939364334
0.331613426103035	0.413224315864357
0.197427208563623	0.195784674895792
-0.065432643644828	0.046517903859876
0.714444291469743	0.722344335297758
0.2078085967291	0.162423985945647
0.459482783197118	0.530807060387541
0.829135507003007	1.03518683573829
-0.50064381470716	0.418099309486099
-0.132200795986856	0.0912209999188318
0.635455845701495	0.566823503076293
0.309148248158577	0.276023677620587
-0.160382412235837	0.145887490064688
0.11682035861558	0.103364761356362
0.276802747767838	0.19419052935492
0.617262271526707	0.575429857364395
0.226962871938493	0.194019415500724
-0.358759883874993	0.48006049889257
-0.194751340595308	0.21553842452144
-0.656131378543654	0.668484408861679
-0.522340638416323	0.507209380046045
0.242047965913854	0.224244095960402
0.0693467835694638	0.0611018751211606
-0.434279108732765	0.458642706238745
-0.113134998076742	0.119843201559679
-0.216958769995683	0.209447959430219
-0.908148735252777	1.75302980725353
-0.104782471161185	0.104364943468452
-0.0274935223424221	0.0279621391127506
0.433398168439002	0.638584204359256
-0.0154749313037925	0.015796476136083
0.160981058618539	0.137345241837871
0.394510527526524	0.382186484799206
-0.278112725537479	0.264108114389036
0.22738806806726	0.194421706930683
-0.144369562118011	0.142216602979315
-0.171146547941383	0.179051833617633
-0.0205549963126858	0.0166256773775635
-0.423727374345535	0.506699085340059
0.157115065885568	0.160220204472079
-0.337233037881048	0.339619381210444
0.0408334987042229	0.0332543779821472
-0.479687294536709	0.502762433006396
0.393121772180987	0.39531337296265
0.573814250069298	0.601724654054444
-0.0413533642170966	0.0362406433397041
-0.0797114302857451	0.0687541394949778
-0.418398895981148	0.41419763988146
-0.479503075830427	0.502449080249271
0.46946213978331	0.508351890181724
-0.375546280857135	0.375105057181893
-0.996508705919668	1.23806250468781
-0.375560634129518	0.375108612777628
-0.0794745185358872	0.068532638246467
0.828571687825992	1.03410192441043
-0.44844034108819	0.503783520073109
-0.86405029622162	1.44116450847514
0.180860303196443	0.166925340494077
-0.303688118450069	0.369615947922837
-0.113934479147662	0.105231761208409
-0.0402362665691109	0.0322188700640666
-0.602635829811695	0.825084295006373
-0.414502312305738	0.551019641007192
-0.00876723556241338	0.00779118967124343
0.069627203352229	0.0613563645738987
0.106624547473637	0.11764550146691
0.551282193384109	0.619647398868795
0.993854598692794	1.6808983711945
0.322497543736386	0.345869291974973
0.856993342259657	1.34061065607482
0.610774769876139	0.757382613580248
0.258580628871076	0.266761050229842
0.0756810896651401	0.0591584922661304
-0.698160424616404	0.945550587714754
0.322260354737724	0.345563356956136
0.253006481798061	0.252072811326175
0.136119885935685	0.106440062612339
0.21807729586257	0.178509792928749
-0.870913810206034	0.979550675898538
0.475312730024293	0.497089791435293
1.14097121497706	1.74958999731979
0.0559092399510841	0.0474076384167568
-0.0791822617497594	0.0682157030081991
0.282945525047677	0.350081981936071
0.0906355684685537	0.0739687870456773
0.710609174880383	0.884929866523248
-0.592055360046847	0.649439321126774
-0.216963488362731	0.20945678202739
0.271338352872198	0.307741138227058
-0.217314868671771	0.224948805384562
-1.13886383762005	2.00860227892885
-0.0795582258647095	0.0686123846907227
-0.216488583674131	0.193401191731998
0.204779353327609	0.210022021915268
-0.302350666765801	0.306701351756573
-0.00321306658793223	0.00262399598992333
0.160958728928731	0.137301657537466
0.148155418238667	0.146077322197613
-0.738126238172048	1.09475398324429
-0.648855683928584	0.839544896156325
-0.0597990775389257	0.0520074226786096
-0.160625617167814	0.146123546828194
0.138593462471267	0.13202726305153
0.500203950897393	0.689030345197129
-0.136271236914175	0.124962057271056
-0.217050437872414	0.224606632091862
0.648092906598647	0.903449693152779
-0.00335428912392221	0.00273924247881454
0.013120943957715	0.0110795932193064
-0.166469838858202	0.162959968691961
0.691654813834724	1.04564420693939
-0.0868645429783252	0.0869181382885344
-0.0966843305338131	0.10281988014727
-0.330245630036053	0.400471436631521
-0.451737832273141	0.412613265317921
0.469291813878224	0.508111473753649
0.464157749623411	0.519505885920369
-0.173973781199978	0.193292953616024
-0.509592043282791	0.636445486041627
-0.303375476768036	0.369088050205379
-0.648855683928584	0.839544896156325
-0.689931625553948	1.02839100049096
0.223093244679678	0.251358896916944
-0.0548410140904514	0.0553226268651428
-0.38980242943981	0.468591598352272
-0.356839080196906	0.382515058036234
-0.250052225702185	0.2212625694073
0.058578400861692	0.0437326599436173
0.396120031929037	0.369023400098892
-0.52218382473596	0.507076245357685
-0.079321321343404	0.0683815432737509
0.398928692708786	0.325855079392772
0.242033654333429	0.224281575383332
-0.491252760512306	0.54794457393621
0.234943618860558	0.209353156444664
-0.551471072468518	0.684601367769304
-0.125644761615611	0.106369005870471
0.61498541878273	0.924519203013677
-0.246142522707191	0.235782944085514
0.384917777333883	0.536281590128996
-0.302812434933346	0.307280098527897
-0.823316551700432	1.32261297368888
0.386523691765003	0.471356685801395
0.398037008615632	0.340597937248287
0.551204105231029	0.619477216716568
0.38828357689235	0.44620970750403
0.05565780462651	0.0471812655083329
-0.879384503602671	1.4054058857418
-0.567632357969477	0.855143801952333
0.86673692922245	1.49276757615601
-0.237352050416008	0.276187116154017
-0.651314428759816	0.753397016105539
-0.330380463537436	0.400642922592416
0.156726271249589	0.159725379416247
0.846698432586093	1.49028666712549
0.623517881768732	0.750122824285006
-0.64877687572322	0.839341273646845
0.0388762607542871	0.027640028355485
0.320347225616589	0.332255043164787
-0.0400778343124251	0.0255041745155081
0.0694871261144675	0.0612305359859231
-0.552015148875351	0.685469763387581
-0.545050952283148	0.639221853759337
0.575894729809893	0.968977888295353
-0.435485369554173	0.549196534243086
-0.3241507020066	0.349893032155417
0.455107389306176	0.542270636319901
0.662393049260451	1.2248274129115
-0.604003437647866	0.867237244627983
0.459108312713155	0.530335508808466
0.623780945669331	0.750532062503015
0.21739988791111	0.237726233032911
0.11690468643458	0.103438810677289
-0.155151780175539	0.172966324649423
0.127909352849849	0.117497413898213
0.799010467608832	1.18450970918833
-0.0797066717824412	0.0687476607135991
-0.649838985123864	0.796143140754499
-0.12582703012742	0.106532416359206
0.104484679995458	0.0888895654599192
0.204433605964112	0.209688829885145
0.730371961085058	0.881655230962474
0.324467243089995	0.359289634088104
-0.285889247499362	0.329983849350686
1.3211570437557	2.3502602875691
0.455008922133363	0.542080289119763
0.247969621243504	0.238524759254916
0.459247799071612	0.530537509265283
-0.0618434437630875	0.0490181693692932
0.447673793870617	0.565225012282509
0.517545607803504	0.657021051185315
-0.708533164701043	0.8617957257052
0.390429404608449	0.420852016714932
0.247346830661006	0.237674225603744
-0.466392980196191	0.457145339023605
0.61498541878273	0.924519203013677
-1.08556765431318	1.70262252687897
-0.87924459954708	1.40566251702239
-0.302499796496634	0.306918988761445
0.267427523963718	0.294269874472753
-0.278918170829054	0.340559340380638
-0.786823671421387	0.893563951175095
-0.511988654928793	0.462329002687523
0.7449501456182	1.1867891663711
0.299855063563639	0.245379138134641
0.588103715857845	0.772493989622249
0.391536347164755	0.407853481428883
-0.409679110748415	0.463091239959486
0.578110922123613	0.780310590029826
-0.170873748798155	0.178740581049303
-0.216983867151321	0.224494122598736
-0.342661704984702	0.391927881717867
-0.602704771385279	0.825200622164189
-0.60395458828241	0.867064185649427
0.0237585700052379	0.0185408809280342
-0.0618653068735685	0.0490273506039531
-1.01925326513296	1.40108473611695
0.4803292097038	0.746267700414003
-0.850370932042355	1.47739673780327
-0.0795629829411586	0.0686147851103431
-0.154848753210292	0.172639462766344
-0.265895765326992	0.290296803383665
0.271544084411702	0.308142834104318
-0.605812555969628	0.949576012951714
0.525599202241841	0.85972683972879
-0.113934988754759	0.105228078516254
-0.216879838215379	0.209352139005206
-0.655901251062238	0.668248344146553
-0.286935248573546	0.251108552851731
-0.242894290122869	0.249801715105222
0.12833233741977	0.117929620703794
0.0194229247082607	0.0181932648161103
-0.00321311335059131	0.0026241879546837
0.821001872088294	1.18605183923368
-0.24296343644894	0.249897990134337
0.115047323830908	0.116602949640048
0.17108098391395	0.151827365195588
-0.434839097458167	0.459445423884347
0.0544129981306947	0.051267913707394
-0.604115920464677	0.867447291969404
0.327911874416225	0.385881351963388
-0.0414916683941179	0.0363673985173102
-0.0247439044069604	0.0218454410741148
-0.0705554988383871	0.0709197339737966
-0.414512389562616	0.551286184769539
-0.242963979433505	0.249900081997669
0.180691724430844	0.127538124511195
-0.53103884206727	0.551679831630797
0.0936976375811642	0.088763681455218
-0.0935326045558351	0.0869683402373468
0.333199391472648	0.426727300373068
-0.242824000351619	0.249695279922063
0.811725672723717	1.48936094157064
0.0937327900663074	0.088797362834728
0.0402741657828539	0.0327845376925646
-0.112418735598705	0.0870574257570471
-0.418733113204068	0.41440068707033
0.444495645191077	0.576949572723459
0.309335858164547	0.276119761134877
-0.345208526682715	0.440281598960256
-0.645759143482063	0.966544528313062
0.324397143897094	0.359229612709371
-0.16626150509124	0.16270097633026
-0.598190862948967	0.738211691956826
0.907453429459869	1.35024272864819
-0.216663940084686	0.238746620982437
0.524980239097889	0.647841401343824
-0.0243886156136652	0.0215259180091964
-0.764246019609228	1.28492281836059
0.459118547679981	0.530289901880709
0.635803940592233	0.909333803307962
-1.07194841144629	1.53732451286425
-0.466982553031322	0.457967439718921
0.588182817060619	0.772535799181796
-0.676833572707404	1.18922089646168
-0.479833952672197	0.633735105702787
-0.528292122228489	0.763905639212149
-0.0869265514272789	0.0869816134376884
0.901182057505817	1.19796447297531
-0.313016890498653	0.359699133400095
0.093463239095751	0.0884960366341221
-0.979622044320297	1.81612376194787
-0.885027933134154	1.1734064052697
0.525064803306646	0.648021153762433
0.57811117623477	0.780346846834067
-0.59813064304666	0.737870250702163
-0.0207187330598761	0.0167614895663177
-0.772499157514473	1.24631098884506
0.012772631122291	0.0107846212464654
-0.152583516099403	0.127885793533995
0.388968808927031	0.43302844321178
0.588192513317781	0.772663417159121
-0.136200763601202	0.124889340962668
-0.342660391760458	0.391837214336745
-0.358813622471278	0.433297124378018
0.96457181433316	1.9779989290103
0.0240877790161281	0.0188019307237191
-0.374333387367959	0.425594544263028
0.447743844929185	0.565259049244337
-0.418220940709862	0.413928710008167
0.0583819724432375	0.0435714505854067
-0.55657927936389	0.728285001833598
-0.123882034524931	0.122738589610966
-0.425105745514787	0.592616053157748
-0.193107940214354	0.200970140852366
1.07571868159056	1.56160249391745
-0.302499796496634	0.306918988761445
0.0554495733284327	0.0470050937648479
0.561869381813755	0.610422461217376
0.142349862152941	0.0893345297990725
1.01444510726457	1.22737325944848
-0.69807746850623	0.945479098411602
-0.0203913639701448	0.0164879642706883
0.395576595787204	0.368287695609872
0.204572633705685	0.209824364969402
-0.249881197923608	0.221107553531524
-0.731708053291639	1.1354151790037
0.0758520970017742	0.0592964473165962
-0.113934479147662	0.105231761208409
0.51146852144185	0.668056611272732
-0.564716876726778	0.813509817258465
-0.530624500125548	0.551001461425076
-0.0149439963455863	0.0109081986905179
-0.112512935646371	0.0871356676657386
0.469425001687425	0.508239703006344
0.121103976406696	0.0903312871044003
0.0192096164172038	0.0179942907858243
-0.0598691588864366	0.0520631205895794
0.605538581290536	0.931679018073883
-0.239968273297067	0.263027611990588
0.0663366528552473	0.0646518931535869
-0.136129912860385	0.124809486121765
0.262976276012115	0.280329462092664
0.390429404608449	0.420852016714932
1.04818417131451	1.39523200154259
0.503601134714946	0.450195698605282
0.322255488054628	0.345538836779644
-0.313781927010665	0.295374620728332
0.880787056424158	1.34440055204124
0.181100059968816	0.16717313107911
-0.64793734395116	0.882474642100549
0.197216932427805	0.195553848915732
0.610536580301368	0.757177406350481
-0.041284003376456	0.0361765356972124
-0.1017529221484	0.0869707097379934
-0.98891693004812	1.42987345492631
-1.62263597993099	2.9513392514985
-0.0654200782035109	0.0465101341519943
0.395805975789495	0.368742238396564
-0.656390550320896	0.66852789093563
0.136035862792827	0.106368998514529
0.439419073618915	0.601378157202537
0.116974356272139	0.103524296836463
0.721258602270481	1.03681686940912
-1.15509884189788	1.33471822284628
1.44721811004362	2.27330289541612
-0.980966181103539	0.89412276720419
0.691585674972716	1.04565815912407
-0.324220699599572	0.349971533914866
-0.655578370744447	0.667563289070932
-0.278948871288094	0.340580036725168
-0.0206392876666204	0.0166958427177888
-0.988610680367841	1.43012149984355
-0.460605097464135	0.547894656369437
0.464340233910539	0.519673234792117
0.0273660527412657	0.0239872042647287
0.586683791453248	0.592820816912359
0.104655532472499	0.0890479479916261
-0.0794650937535936	0.0685176611594574
0.891015898057593	1.04241338028625
0.390591379137857	0.421048830729593
-0.0856459864116871	0.0671259841935193
-0.0795534813208824	0.0686079725703387
0.207659532038569	0.16231750772279
0.692310576225945	0.888041188802118
0.309316374638606	0.27620522834674
-0.650192897463795	0.796815864850224
0.0556817792068562	0.0472144718561041
0.84494447068179	1.18826408759967
0.322176397580993	0.345416924952076
0.675935423111674	0.892023885718364
0.180914923613153	0.166968190623647
0.691586018456671	1.04562526874846
0.455167108920424	0.542280004547895
-0.937511253590184	1.29887272241313
-0.265994778119299	0.29044132595254
0.136047704753467	0.10634955886704
-0.135889765343495	0.124539929949456
-0.178355006740872	0.134659185964966
0.181010095914583	0.167092590559233
0.187175982346343	0.215770432341054
-0.193142598594434	0.201024658457358
0.393114264823961	0.3952879923492
-0.466730890877186	0.457709669571537
0.317869549207848	0.318302987318533
0.881011708918977	1.34459601098245
-0.323730012046545	0.34926722363061
0.0130432484531959	0.0129560310060762
-0.460534955113512	0.54783585072008
-0.342661028500418	0.391911012055623
-0.0853602272368832	0.0668666398181539
-0.329383799708971	0.285337435196613
-0.968616238364143	1.07690425018275
-0.773752970172861	0.933368703305829
0.551609546616587	0.619969202296818
0.752715978313391	0.879738713069919
0.828822907248581	1.03491776349331
-0.522171914231931	0.50700337312397
0.0664361885856424	0.0647591825076855
-0.144298277435463	0.142141705840998
-0.101458373868825	0.0867148696165747
-0.375292831502337	0.374802483398595
-0.246237415242272	0.23587941072882
-0.0151643292225007	0.0110738589137446
-0.131986974468929	0.0910729215082227
-0.423450463697949	0.506401374060285
0.320182137195745	0.3320188300375
0.32218127720572	0.345441451120949
0.856760890021951	1.34041688451889
0.394573799984859	0.382194138895274
0.136348236947105	0.106634776264399
-0.849921297839915	1.24688809106924
0.0691364347236704	0.060897099443635
0.180925086481335	0.167001088236483
-0.655816457673227	0.668142522118901
0.598586691825195	0.764053230841802
0.856691608092951	1.3402572439186
0.475054404200277	0.496801527060342
0.459183194444174	0.530499463576243
0.598801193231211	0.764793066345519
0.10478691391546	0.102704652998658
0.312562878209693	0.290535007496003
-0.160228433958076	0.145717699728708
0.312383052637214	0.290317261270167
-0.377874502873469	0.3235230056513
0.023772755737346	0.0185504195385655
0.387931241763077	0.445574069400913
0.459327842452081	0.530669377361476
0.389058292421442	0.433149474228846
-0.0591683583036991	0.0513961086611801
0.45960327768234	0.530973121810809
-0.277860929041677	0.26379055861275
-0.870833102746128	0.979466644696512
-0.0615824363999417	0.0488068081914744
-0.125644761615611	0.106369005870471
-0.409923196317471	0.463544367065029
0.181074896042497	0.167129084140226
0.967522912369798	1.51864644936777
-0.0263392491383232	0.0250633235290506
0.165305471394347	0.174086674435136
-0.0751792899397573	0.0703841576080075
-0.0938775967948795	0.0873354093822164
-0.470984024771486	0.591202529080728
0.392136107102389	0.408537388165337
-0.903426423419016	1.56273014892601
0.138454085006244	0.13188487666011
-0.242963979433505	0.249900081997669
0.569242114693035	0.788797137396484
0.799110071096315	1.1845700117144
-0.52226825136873	0.507114206355221
-0.647121162088638	0.925208302249116
-0.940287936994726	1.49405973876107
-0.101698167689949	0.0869329755253859
0.487928041426966	0.473641078802871
-1.03561903253377	1.21105343380805
1.22976908184062	1.63494057953073
0.0758372652912924	0.0592777195020113
-0.824955668660674	0.821594392722279
-0.414036868118326	0.322262802250047
0.0759301827748852	0.0593545310929021
-0.144120620748536	0.141925823460412
-0.375370181898662	0.37488649546255
-0.160298155806573	0.145795650065342
0.322186144448949	0.345455598511619
0.304919872292598	0.260994919724674
-0.143096010771681	0.109457396651977
-0.0400336772622149	0.0320620844173002
-0.602568111737696	0.824839386122505
-0.934940147178813	1.10638795485511
0.395950621384833	0.368815922182271
-0.418398895981148	0.41419763988146
0.117292067401385	0.103807506203642
0.447604035084447	0.565048952242683
0.066239369892207	0.0645507685744478
0.275545165349552	0.322175491778362
-0.373057646067205	0.474162566439746
0.324256842020154	0.359046590887329
-0.589332028165277	0.606404266563606
-0.125812849177626	0.106522462882457
0.638114582528008	0.743638372494594
0.0405938424314113	0.0330575731863346
0.19518887827622	0.145222075549947
1.1577922113978	1.91597034887635
-0.650262653693936	0.796988555856318
-0.333780249146456	0.447769093653685
0.148226028229246	0.146179226707586
-0.295726771356514	0.379281149287291
-0.112505243495227	0.0871288401869298
-0.217051942205198	0.20954382049556
-0.866252827188588	1.21009755831364
0.384943647271742	0.536487183266123
0.0821690834686368	0.0751349023594762
0.117128361842709	0.103670577782971
0.397961313524647	0.340455196933079
0.121018823253183	0.0902652298673594
0.385187932699474	0.51009699570309
0.320331931423973	0.332166360100984
-0.648864898859325	0.839608890658299
0.901197667329322	1.19778388239959
-0.824959429532809	0.821513445461906
0.163293832459908	0.10889037448867
-0.665702143119061	0.585882387551433
-0.530766583234854	0.551203292731868
-0.870837125926916	0.979451393627455
-0.284611534579334	0.186578592719199
-0.980844916590475	0.893435453850203
-0.567625602668305	0.855191898862889
-0.293693948454673	0.318893855928232
-0.921248340477475	1.5294289320951
-0.389703509691477	0.46834324470427
0.189216186672405	0.181135829349126
-0.595343735177198	0.694003281074365
0.475234257190919	0.497026972198284
0.305056490208498	0.261046191233445
-0.243102743742844	0.25006039642589
-0.402819379516901	0.509900255231826
0.312421139620268	0.290226347104582
-0.522171914231931	0.50700337312397
-0.218579146838867	0.16264600382073
0.32251672910839	0.345862346333708
0.73802610623057	1.34667691972717
0.0127029910137549	0.0107248685511856
-0.0577822244728362	0.0544236140428307
-0.0273701936468788	0.0278356387532041
-0.460464806080364	0.547741034388562
-0.170929783718954	0.178810112795941
0.676273364764093	0.892904249038291
0.532919765240152	0.638206466334607
-0.39376557272823	0.419301170944429
-0.0857389529510825	0.0671992665364641
0.116716158926563	0.103262960232577
0.441880319830572	0.589185837247241
0.0406137462914944	0.0330609889701578
0.388354164437183	0.446271580866654
-0.0797666827818273	0.0687692914438107
0.487061771441778	0.722510303740428
0.204502869009611	0.209781246689399
-0.97935701890163	1.81622692079954
0.324397143897094	0.359229612709371
0.0191376676891617	0.0179252561495851
-0.68639852395114	1.06951254534751
-0.272016668351952	0.277973164581023
0.730293097219521	0.881476361360786
0.235192750948979	0.209567531473947
-0.271431676298467	0.277374230180951
-0.522642140648246	0.721420817792283
-0.0800370780337675	0.0690356858633258
0.692210942504081	0.887589768386036
-0.0402146669185509	0.0322123873449798
-0.0656672088269411	0.0466892097383154
-0.143180557897292	0.109524014965309
0.666777577793758	1.05701764282441
0.388001438241244	0.445784594110002
0.189359777765579	0.181306185790327
-0.802601029544432	1.12892494700422
0.247507756801875	0.237937545261167
0.21807729586257	0.178509792928749
-0.182580060780969	0.151364776175478
0.0836487181970986	0.045700188709168
-0.173907389000014	0.118008469434144
0.320197438002535	0.332044807986454
0.439315445943941	0.601242012745539
0.505427582812173	0.67803478785194
-0.0669795810739947	0.071726379919997
0.532748088655095	0.637722649889335
0.241758198002179	0.224029354387729
0.103492900250407	0.073368400967649
-0.152576175903837	0.127885607723331
-0.249773582389226	0.22102344035329
0.391867769375693	0.408311152566049
-0.020649063658288	0.016702816444684
-0.375384432060867	0.374923176030912
-0.1825725767558	0.151357240365297
-0.418150167530366	0.413915577439865
-0.00952980218130052	0.00616987670809042
-0.255595831314127	0.207073709508308
-0.266058806219744	0.290511494283872
0.0908967115061711	0.0742077094981635
-0.86593416015206	1.20900035811328
0.390765534448782	0.421191916677971
0.49548543675815	0.700177143930854
-0.0262881590449372	0.0250168707278411
0.327826340614643	0.385775070603946
-0.02620922403999	0.024941535487998
0.475219011459507	0.496983046013078
0.745264484393145	1.18800154715645
0.578321532300359	0.780632979198107
0.464150588265455	0.519491818437392
-0.266100218536513	0.195265201004662
-0.41849897805415	0.414345348040468
0.104641606141168	0.0890313523871755
1.22954455246923	1.63440640231871
-0.472064591324512	0.329985339812347
-0.655973900222235	0.668378975943338
-0.722985856734274	0.778904149338307
0.147839773039606	0.145755871697577
-0.302653704306402	0.307099134096548
0.51125914880187	0.66763635251565
-0.698008109254178	0.945073164960159
-0.125392735801938	0.10611938724128
-0.745460923156696	1.05482399473768
-1.11202707572312	1.51252782367527
0.0938463814616219	0.088913165191358
0.0553849257869322	0.0469316052615593
-0.101543331279022	0.0867873401269472
-0.123762151315921	0.122611060563108
0.189038598161094	0.180890634211593
0.136176172774094	0.106464172220334
0.937010400212897	1.35833287574326
-0.0798790167344014	0.0689013392146511
-0.374333163809137	0.425585484546281
-0.249517428798845	0.220728592038244
0.541710189689684	0.628963002372972
-0.278224790013316	0.264278137619072
0.211372712450251	0.224016434627229
0.676042411780124	0.892348972895199
-0.104737505020523	0.104316783538215
-0.10162327698002	0.0868600476165678
0.0693468364880707	0.0610912962058299
-0.582412376127557	0.51971634705321
-0.02467989675699	0.0217888290892129
-0.0386955843911564	0.0278904020631821
-0.0203913639701448	0.0164879642706883
-0.337072920116759	0.339422418949051
0.437055246278038	0.613361490531372
-0.354128921611969	0.330208065041102
0.589825735719728	0.950458713674941
0.263254750623783	0.280634100534621
0.44746538788262	0.564837241614792
0.866715381062561	1.49277515886346
-0.18703946739303	0.168656944061278
-0.0799436128536156	0.0689558292368451
-0.655973900222235	0.668378975943338
-0.0655052114617816	0.0465740315099883
0.463736826280514	0.518703168366396
-0.314121917944042	0.295749299196683
0.93433351268774	1.20503076198623
0.0129821065485304	0.0109630455538443
-0.523056455007792	0.722243153551678
0.441682310161331	0.588795025092466
-0.598190862948967	0.738211691956826
0.901103202555134	1.19771165202949
-0.143096010771681	0.109457396651977
-0.357243040950551	0.383133926225434
-0.689995473689631	1.02855353069178
-0.249859007129028	0.221109701962749
-0.787051742399717	0.89387715616565
-0.303550592993394	0.369410268210774
0.714240860013033	0.721799910054453
0.721891383843083	1.03829268319513
0.837640933411749	0.87951960740071
-0.0793307681157161	0.068384250097319
-0.537290064171537	0.84658922600462
-1.50052236497254	1.96502660054728
-0.714221998786328	0.818298257956315
-0.434675804416911	0.367778171149588
-0.286912278333145	0.251208661365937
-0.714557360507584	0.819170765753616
-0.852489510307873	0.788714889740445
-0.0962994258340575	0.0674752213405199
-0.284664528881426	0.186618002727203
-0.389528428592558	0.276953055673641
-0.852421113607313	0.788529121838228
0.396977175798824	0.260262280706806
0.389182411858166	0.43330093740277
-0.166608138411244	0.163102024519346
0.385185492992278	0.523483131430696
-0.160074448328475	0.145528740112096
0.533031563425215	0.638285904700544
-0.538855154257646	0.596045447247943
1.03811898189713	2.00897978560799
0.798920739246598	1.18410554128343
0.671968806332267	0.731614374614075
0.276896961355122	0.19429431225879
0.397088773268492	0.355016190503553
-0.642078431954764	1.08839321207054
-0.0669751311572502	0.0717175985126328
0.258510046141715	0.266714635067948
-0.144291038264427	0.1421291549932
0.0879885165247684	0.0914509678534634
0.289409771240335	0.377663184971479
0.0153887888790552	0.0165038954073368
-0.463190653487592	0.673306924880604
-0.250016583475671	0.354710311735904
-0.113795385646514	0.105076254917725
0.136192064217714	0.106510236265683
0.227372663953751	0.194384248670523
-0.131723913288477	0.090831030520501
-0.693797978653441	0.987011061771997
-0.652832166532743	0.709700231157623
-0.020783536681552	0.0168127766506602
-0.288946635877997	0.389303970014732
0.655748096072506	1.06336550019987
0.103660612443607	0.125740105107878
-0.0811581984302432	0.0865996002764683
0.457054671006092	0.939866134878529
-0.0275692731205509	0.028036703462018
0.561751398228546	0.61024904735045
0.522633394904736	0.42556669118332
0.116337803549992	0.0683121911720951
0.503533382819964	0.450124236975337
-0.829123658632418	0.606478073255778
0.326099753817167	0.372430794596383
-0.159049211821022	0.187345252670673
0.758168038008721	1.03333408668967
-0.647936891071912	0.882305176281524
0.488085931096089	0.473909630758274
-0.0154375106688888	0.0112749272089788
0.241673543698384	0.223933241514349
0.181010095914583	0.167092590559233
0.80271288266934	1.03311756883786
-0.314121917944042	0.295749299196683
0.0828687824870932	0.0556449405912109
-0.178207410534748	0.134545475390265
-0.112772660582286	0.0873360570998905
0.888348588970119	1.49665243005172
0.474960560921127	0.496635706579918
0.227049491999865	0.194114174102218
-0.0413529024799978	0.0362412846124317
0.18069533978077	0.166739550830046
0.090720218983341	0.0740484499141116
0.0438173526077778	0.043834742924574
0.0416125237077278	0.0378475135158142
0.161587960699508	0.229226578412945
0.258651011974441	0.266857465543177
-0.00349514072335846	0.00285365382532389
0.623495361680146	0.749990572041842
-0.125231751652876	0.10594508199387
0.320736958938116	0.332561916408623
-0.112482268561902	0.0870875207347757
1.14904717627382	1.43543055277289
0.392779243816591	0.394768505952051
0.312469171440553	0.290428621462091
-0.25550275816347	0.206937841904932
0.389371312740524	0.433660225720519
0.459487901877642	0.530879143860218
-0.545468797892607	0.640531793070621
0.454781401925292	0.541722220943366
-0.50082913404107	0.592165995453723
0.24174362404557	0.22398916379574
0.0823080959299724	0.0752585318060748
-0.714750910476674	0.819632546035025
0.336469815059303	0.453936101339015
-0.026547971033348	0.0252621079871957
0.329571547558417	0.399238756914793
-0.104764897007686	0.104339513937454
-0.195457550258424	0.228928697929247
0.275242989574316	0.32162028890605
0.114866678707436	0.130382800975956
-0.265965829935036	0.290321846465967
-0.182666010520737	0.151449757228683
0.247989025972619	0.238562271251394
0.320347225616589	0.332255043164787
0.234958492873689	0.209356073526506
0.253801273954813	0.253024731286024
0.907376453540487	1.34988285166643
-0.15026827633561	0.157929505183628
0.447673958392139	0.565236415982732
0.204640370971228	0.209878821827876
-0.423312721006169	0.5061535633798
0.387229979430683	0.458585938862598
0.541717490435744	0.628957393376123
-0.491245898254246	0.547906855441513
-0.693728365572168	0.98684294736203
-0.0096051684801569	0.00621910491051498
-0.187032556899619	0.168655613176928
-0.104710138241761	0.104283301421187
0.392764056688906	0.394703690518926
-0.733623493784847	0.739288431069246
-0.399705993210986	0.368909797338799
-0.249695518890191	0.220939590781742
0.451174645375699	0.553520452210936
-0.271505572363771	0.277445205346117
-0.733400912496871	0.73885209109659
0.234951063827066	0.209358278190161
-0.240379266846098	0.26374713481907
0.0755955562884456	0.0590871430959956
-0.545459065482478	0.640481696059196
0.283044627124801	0.3502701520127
1.00362868594504	2.3069864749548
0.373756733011282	0.639449827318085
0.168820750612163	0.209236743857869
-0.414708347636257	0.551610496778657
-0.0747616625998706	0.0699688293112425
-0.24003921124369	0.26324048952048
0.636222914568369	0.910115496177189
-0.357071088125914	0.382894821846926
0.267470549555866	0.294363920771882
-0.600733045487904	0.781869603027751
-0.136254724661701	0.124881873671615
-0.266101093582659	0.290548385734458
-0.0936015996902231	0.0870454796467599
0.575606511476052	0.968358726547282
0.262976161881779	0.280341315440028
0.136272118620148	0.106576986028711
-0.152746373355096	0.128038143437692
0.322428132033205	0.345795288226378
-0.154935858912173	0.172750202632496
0.044376164141061	0.0481164060954819
-0.455275058708807	0.632856736421422
-0.113311683180878	0.12005815177182
0.088014454013987	0.0914796561285359
-0.375116879959001	0.374523702839273
0.941773931406048	1.81588889159874
-0.322096351977725	0.232700933060966
0.142488412305605	0.0894060016809689
0.393356071622081	0.395454486956049
0.0389567476887397	0.0276989190676644
0.128261833136959	0.117864501228992
0.397162596332304	0.355087665436893
-0.45199691583486	0.412819998615218
-0.889412472720336	0.760363970170551
-0.15248379643998	0.127799716099818
-0.479580753910845	0.502550538528512
-0.0413189193308037	0.0391234001304419
-0.602291582955658	0.82421492289834
0.28288015189819	0.350043101397423
-0.409614286919492	0.46310052971517
0.394589390810232	0.382272848747254
0.386587936857539	0.47142425717156
0.386545099318738	0.471299517931129
-0.136341714235389	0.125032065135156
0.24174362404557	0.22398916379574
-0.21711665717703	0.209625086572151
0.0319559508230048	0.0309532888584293
0.462987166376283	0.796875633332165
0.148157265811264	0.146108759076779
0.0133730571807986	0.013285262396889
1.02507724702499	1.69358360515275
-0.722913395468198	0.77864402356662
-1.01626552658048	0.731105199010459
-0.152583516099403	0.127885793533995
0.0388762607542871	0.027640028355485
0.121018823253183	0.0902652298673594
-0.329472223441036	0.285397149741929
0.1614286240229	0.137744847377106
0.635493749314852	0.56687520806473
0.195412208522844	0.14537437147323
-1.23405083533503	1.17469300783708
-0.0960755712496168	0.0672973334102832
-1.43518301704671	2.27153781819056
0.149494226786151	0.122265107836733
0.53556209339774	0.838169674641357
0.1494299169037	0.170987892759461
-0.512090818016238	0.841773042992282
-0.310326226286967	0.417098317994127
-0.190277518793819	0.184844750106568
0.315523140233099	0.304739519049607
0.391705723765303	0.408119256600622
-0.314066157980289	0.295679121031381
0.148295946234029	0.146215940763479
-0.538474785545833	0.595758853829308
0.0555189886394816	0.047070110613471
0.315445376396535	0.304659398072107
0.491448483135032	0.711773305836798
0.866522759866474	1.49253468704027
-0.445939766546783	0.591139514381121
0.173244510571615	0.188254177881971
-0.604915012474917	0.908264227432634
-0.490932637349719	0.547453875946935
-0.0574312399169619	0.0540761902057159
0.205071546672453	0.110351538960765
0.0416141194734673	0.0378509561367124
0.149494226786151	0.122265107836733
-0.17805850288913	0.134381076884398
-0.342453032459331	0.391446235186838
0.207659810858133	0.162324328356677
-0.112245788822285	0.0869076120743209
0.195564144321519	0.145532456718069
-0.171888342749426	0.103245439506017
-0.378170305715317	0.323900085164648
-0.50045091068996	0.417725030476116
0.180610263471811	0.166635472899546
-0.0869812131979287	0.0870424005042543
-0.0797999970356805	0.0688319036960125
0.473688890753368	0.768685890702747
0.0665570441615079	0.0648692091666974
0.0937472372324922	0.0888176116423122
0.0696970990084533	0.061408686593703
0.551304656935572	0.619520132370951
0.75247411222588	0.879304685530469
0.0909668480274627	0.0742681672176167
-0.144390209632153	0.14221284343999
-0.460604908151641	0.547916944646655
-0.0934622002517726	0.0868823357907374
-0.0206295632952109	0.0166870302835658
0.638309831178972	0.743932719318952
0.0586572492389441	0.0437916203626469
-0.293764048524195	0.318987814770795
-0.128048781169547	0.151680987238563
-0.403163002346313	0.51063627126865
0.243846423742964	0.307673360512812
-0.516956653536995	0.88238747342777
-0.216661825981922	0.209025303022973
-0.271593824481868	0.277598581510107
0.378516123801615	0.200369826875235
0.73054531950246	0.881894092985921
0.474983589972015	0.496674762066405
0.551345238091397	0.619696303326558
-0.479347718493901	0.502122004490112
-0.178058987667494	0.13442333695492
-0.399797451711814	0.369070454801936
-0.0616887145530317	0.0488902344094895
0.65418242139895	0.737615204581338
-0.598279737163519	0.738337189714094
-0.753778773074809	1.01462892179398
0.247502520250806	0.237941527962018
0.64802209901863	0.903356852106796
-0.0940165474550524	0.0874484884181063
-0.136271212095852	0.124962169250971
-0.0800082499052167	0.0689891255747604
-1.22043163927202	1.64305783633763
-0.249680852449085	0.220913797785195
0.322428132033205	0.345795288226378
0.475305119605123	0.497058908985934
-0.545548575225161	0.640689905952788
-0.152653923311293	0.127958632786248
0.64823397442938	0.903666056987207
0.271699349878891	0.308390338822422
1.05979677171817	1.70967759954992
0.331402118060182	0.412972421830519
0.0585860892015035	0.0437381964790696
0.3180163581414	0.318452356565739
-0.648934500501269	0.839726395448059
-0.0616670048034347	0.0488763270071166
1.06313335638284	1.2422562565136
-1.56187829649638	2.13463740943537
-0.745461302236276	1.0547638658713
0.635873801392486	0.909430049388774
0.241574229317982	0.223790328570802
-0.187358887608998	0.16897505806589
-0.0389477442837051	0.0280701816282411
0.393129263658769	0.395324956723731
0.541864947670874	0.629125310728948
-0.313725931391035	0.295272346019302
-0.522336628177849	0.507185724121419
0.389122882426012	0.433322084383343
0.844815808960052	1.18834696779988
-0.266039276987746	0.195215043174717
0.661680943829107	0.898187161480796
-0.152717020956211	0.127989966846062
0.0757442722613359	0.0591971254714202
-0.125630709560154	0.106344489421853
-0.0152427785548408	0.0111308876601605
0.149329701428666	0.122113075938061
-0.0153666611274268	0.0112222478037383
0.87160311571295	1.19260194664861
0.385232749314423	0.510192488064616
0.0879846438197426	0.0914408712787818
0.315552716617615	0.304759531566113
-0.0399501533949201	0.0319917761342575
1.0472706997749	1.85802858310604
0.624995713210558	0.916793648025448
-0.330308103621366	0.400587450113902
-0.0410746649497407	0.0359740151576391
-0.123727812990917	0.12256934480928
0.623703187683016	0.750388301130088
0.575693325763958	0.968695171117139
-0.216609056668729	0.238791344087442
-0.113194515643522	0.119924665762946
0.388212846939612	0.44610319345156
-0.176380679605034	0.207121990795706
-0.216963488362731	0.20945678202739
1.07366136928246	2.34386211692987
0.587960134724085	0.772471101050395
-0.302757339572018	0.307224642885265
0.171424967900617	0.152243127802268
0.234936157981007	0.209340910283248
-0.216532195107828	0.177441310403018
-0.353777982437103	0.329729980988001
-0.183111344177001	0.151811085048499
-0.19027690473502	0.184906464020436
-0.375652401387705	0.375166491811813
-0.745810465821791	1.05481046708307
0.241920218339886	0.224185067175273
0.390188001400483	0.420456572619859
0.156994678444282	0.160096026325479
0.605605917489116	0.932238221983621
-0.15026827633561	0.157929505183628
-0.243242613632674	0.25024561389628
0.551546355236883	0.61993472132327
-0.653271099725316	0.710568334521073
1.18530877813074	2.25379479013508
1.08084590560363	1.87539503697315
0.00549194997702731	0.00410000669530735
-0.14447588273847	0.142327685098259
-0.00888714575501192	0.00789812937166168
0.573551902177489	0.60150282678491
0.636083329957082	0.909865933633133
0.393043680283635	0.395209673242737
-0.112418735598705	0.0870574257570471
-0.545384172604071	0.640346793648268
0.837501044369214	0.879298320472259
-0.0244176089198741	0.0215517444001525
-0.160293326476185	0.145783328308854
-0.182322341470547	0.151083286052583
0.511468662588696	0.667979955977543
-0.216699664968556	0.177638004463691
-0.132125912431391	0.0911792007208255
0.248142298612605	0.238700212506904
-0.655816457673227	0.668142522118901
-0.266246880238984	0.195373332195862
-0.41832085111921	0.414142955612617
0.475241855457594	0.497021882131209
0.320352297286563	0.332263706764016
-0.597719901962421	0.736947988514689
-0.25592580985225	0.313414410505099
0.661919465749439	0.89817779588026
0.777570863376381	0.878552605650282
-0.374332748388165	0.425518340378201
-0.160546163365028	0.146049033816694
0.318198997047444	0.318703608528391
-0.00306959631822626	0.00250696406622295
-0.125399732230891	0.106126063559695
-0.451988573598709	0.41289637497593
0.758273943706528	1.03378937581536
0.326238632393306	0.372614689227865
0.128120936410489	0.117723995732623
0.638028384486927	0.743487914253973
-0.216720668610295	0.193644193936053
-0.592410752234382	0.650243039791352
-0.217052093876154	0.22462939119528
0.197216952205317	0.195569007721769
-0.21661292516633	0.238798751845087
0.435221174907438	0.626119279278815
-0.570119144991327	0.895720735173217
0.235192750948979	0.209567531473947
-0.113934191909915	0.105218840899156
-0.0594486605482688	0.051679838952049
-0.0403711686796741	0.03233952303542
-0.186858667666527	0.168459923396781
0.385059246300612	0.523262847730949
0.197216890678001	0.195561415902651
-0.0245094769323928	0.02163664611867
0.0240736412611185	0.018789042448816
0.262976276012115	0.280329462092664
-0.323870751390116	0.349470630835741
0.218089589409183	0.178512591840033
-0.448421067180914	0.503660599392119
-0.707949530689861	0.860896119764139
0.67186190973531	0.731775409368363
-0.358850342940293	0.433323222758355
-0.300881829189771	0.240730464955969
-0.522164047236093	0.50677275392427
0.395967123122974	0.368926328843822
0.138314867597589	0.131694625238602
-0.0963746779520042	0.06752202915468
-0.303808353871355	0.369693479668203
-0.0414260074875991	0.0392310595283997
-0.375792659534142	0.375290588454917
0.116726096030989	0.103279869756626
-0.434314548677995	0.36738039932792
0.9345923310286	1.20566230779684
0.161051389996197	0.137408082952552
-0.0207236284619807	0.0167652181283147
-0.447796123336213	0.502581098906341
-0.434412042201503	0.459046586224243
0.601116933006768	0.584102370231148
-0.352716576520713	0.278479711039231
-0.0656032089995511	0.0466315853120976
0.546147384416748	0.399851936730825
0.121027206881961	0.090275872255927
-0.0750170212710485	0.0702210609675437
-0.358434317465319	0.432535893981568
0.0936542855680541	0.0886877897116427
-0.522537509896866	0.721042601567986
-0.907600753953811	1.13877110872742
0.00522180613456338	0.0038975807978454
-0.585838384669145	0.562896632232536
0.573551902177489	0.60150282678491
0.142471212251469	0.0894083660387297
0.503533382819964	0.450124236975337
-0.592332717582466	0.650121876774775
-0.0649471800739752	0.046129509783119
0.0827370778507906	0.0555640691445785
0.0825909015274725	0.0554751195535152
-0.174141084260758	0.118191728703065
-0.766075554864748	0.664873621666668
-0.187199635013084	0.168827543975833
0.121023022646022	0.0902722288683574
-0.697920663748116	0.945092681589847
0.241750918710371	0.224012948799097
0.654354679333276	0.737762099062438
0.0388598964333656	0.0276251639155649
0.25339905104736	0.252639362027551
0.0318979424031073	0.0308941733075073
0.180775301348604	0.166835300032433
0.394439447057021	0.382061990251063
-0.0866758235964596	0.0866812820242832
-0.0968319056331987	0.102915549764302
-0.435286475216004	0.548617468214313
-0.509452887680788	0.636278292839982
0.67851808850278	1.05029936599627
0.661412107105833	0.897377484618351
0.180925086481335	0.167001088236483
0.38951551807101	0.43380938670943
-0.649175654339524	0.840196891478603
-0.33032566080395	0.400577230896583
-0.245987778622439	0.235622602569207
0.324116594229479	0.358765590992727
0.271819737719741	0.308529403758419
1.06003494018772	1.70965787373606
-0.479347718493901	0.502122004490112
-0.216643312344097	0.193575740804567
0.180545437663075	0.202201004424792
0.242026475332304	0.224287565650927
-0.271593837202688	0.277593301718505
0.0555883990732367	0.0471288870810368
-0.112332250670894	0.0869837050024185
0.21808550620529	0.178518477372963
-0.00609959066529759	0.00341188683804713
0.388213317698247	0.445999425618122
0.0238141725592186	0.018582270479575
0.385059246300612	0.523262847730949
-0.190697228180588	0.185430750543484
0.451244816177998	0.553703487871151
-0.530945559250059	0.55153326257598
0.090775685622032	0.0740801731791404
-0.803667120824519	0.85671464126411
-0.592518004766743	0.65029837185494
-0.178207175745063	0.134550389573874
-0.313696971265859	0.295260972735132
-0.249851642058686	0.22109216252321
-0.603966604042876	0.866868884113656
-1.01145158924315	1.05199940680737
0.586385269423932	0.592363105046035
-0.10431959113781	0.0558011663734158
0.313063907909744	0.290889956531299
0.0939672353997856	0.0890327365880573
0.390521727838578	0.420937298511035
0.0555285686816657	0.0470767975498281
-0.190487213789577	0.185185869886809
-0.324080415756288	0.34979138346767
-0.418250121660479	0.414057217745079
-0.240181100782662	0.263537642763376
0.25843965476977	0.266605030689183
0.161066223347218	0.137432544408052
-0.852505178649334	0.788696528043239
1.02266407898025	1.07105232396195
-0.414112923946222	0.322292915777682
1.14897587508328	1.4354347743094
0.0585706955927017	0.043725636522873
0.00539949535557153	0.00403077325673769
-2.51110718145012	3.57375595842298
1.11731249905812	1.89453445864385
0.475054404200277	0.496801527060342
-0.249695518890191	0.220939590781742
-0.152717020956211	0.127989966846062
0.0164497280888991	0.011102391087675
-0.216734994468333	0.193674747326862
0.554021921670223	0.807689683055061
-0.0204804232454393	0.0165634667051862
-0.480066324110443	0.634076516978151
-0.302985850515992	0.307486133203586
0.21808550620529	0.178518477372963
0.204433278449136	0.209708585876194
0.0277738416765726	0.0243591697166575
0.387299911696893	0.458714676929509
-0.15235758069193	0.127579062696045
0.941670013042651	1.81583173002842
-0.260834557737816	0.302392581885578
0.104313343180608	0.0887135392343895
-0.55678681850004	0.728726226626599
-0.556647620218999	0.72843622346796
0.83502692191987	1.33772418133243
-0.545797869957371	0.640990702361259
0.0819606947709004	0.0749335232014196
0.488102919506089	0.473732628551561
0.9699410108011	1.36780152411126
-0.570441007339584	0.896652335249643
0.388212730024035	0.446072908869657
-1.07715516332905	2.05507854453758
0.0648085294705287	0.0688983393097747
-0.417994067420342	0.413662001728708
0.0276355119712968	0.0242341724920132
0.336325195432763	0.453747226179885
-0.190487457147789	0.185155449270994
-0.322278433440018	0.232836540761441
0.038872191641775	0.0276378014665549
0.0774342255387902	0.0779761665844135
0.253150548624043	0.252298094731932
-0.234880369775959	0.288491566621834
-0.772331151053546	1.24591316321077
-0.560901268646717	0.77129424998063
0.738892740719294	1.03521251631382
-0.336989424831848	0.339309999552032
0.318254569184718	0.318611529597743
0.00562034870830761	0.00508458574568065
0.327989576251855	0.386007801672848
-0.144347839439377	0.142191154137523
-0.020783536681552	0.0168127766506602
-0.152435349798512	0.127690001266552
-0.00604819879927602	0.00338257228749844
0.286014279132614	0.211944550020452
0.578128702372086	0.376615585739378
0.481483941436617	0.485384309349719
0.387160269191119	0.45847961211645
-0.152398757950846	0.127715355196367
-0.582615032867435	0.519935151924383
-0.119137848815211	0.0730267568590352
0.120869474276004	0.0901490104585877
-0.00599518849190925	0.00335462823906744
0.0824590746522484	0.0553811943771136
-0.322180334167628	0.232692675673524
-0.753615455983633	1.01436727825308
0.217690859804848	0.178032676993963
-0.265646779504736	0.289910248403073
-0.5310239675245	0.551559162957927
0.133455339051455	0.144002189594419
-0.0574579311368789	0.0540972296358532
-0.075093694963926	0.0703085793305961
0.764830696839408	1.33883758664534
0.907361978075361	1.35000667999483
-0.541183319683336	0.887288513885855
-0.065586197255731	0.0466322764298693
0.333387961994869	0.426911824509887
-0.370933184882374	0.519486281516556
0.0907830009244032	0.0740953465090194
0.394518302222995	0.382190649601286
0.444403435783981	0.57666148146269
0.00561065735723934	0.00507685682002891
0.455023507500023	0.542166322731652
0.0556722268527894	0.0472051834071777
0.705843822627277	1.04116622959218
0.769989301138968	0.716113831531301
0.207585712847059	0.162256613820314
0.916518999588316	1.65467864686697
0.0817526463450996	0.0747152499231785
0.328082406181158	0.386112311108771
0.12819117863401	0.11778486324541
-0.170907711908532	0.178788860629557
-0.152683390972874	0.12794922166695
-0.849921297839915	1.24688809106924
-0.00328343677682487	0.00267998404896197
-0.020793290761034	0.0168225907465361
-0.781357211303124	1.20706246862327
0.0235974943285707	0.0184100868546811
0.589438667893058	0.949333733068879
-1.46354491497151	2.11516519178122
0.0665745106489725	0.0648757962476005
0.340411854168454	0.504526371797266
-0.160387281299592	0.145890075878424
0.138663051604161	0.132087718070756
0.601038599406501	0.583746107720221
0.0820998684320842	0.0750655941054362
-0.878554719449861	1.40235347388561
-0.15043381385629	0.158108967860106
0.00542883964542316	0.00405288933190774
0.263603914480067	0.280978932522714
-0.00314258025926787	0.00256652419255946
-1.04545943728127	0.878623755982339
0.0583128725169625	0.0369345744911006
0.142262901602764	0.0892555456311419
0.149344886266285	0.122115077804289
-0.242963787924811	0.249907792656909
0.226891790659558	0.193914071075606
-0.585690400627258	0.562436992705909
0.779054110364487	1.03268957076262
-0.487274898711952	0.373567025351344
-0.434526650721644	0.367666824780873
0.55111849396733	0.619300871494789
0.262906318399323	0.280225511039435
-0.313648177421258	0.295120201488914
0.320192350896399	0.332046551049607
-0.445941269636548	0.591113021232861
0.551267138380126	0.619616933704876
0.0543228821344849	0.0511814906999564
0.189300022656	0.181228774916413
0.267420591272981	0.294272603071807
-0.455418749676296	0.633004929303003
0.0910369797399371	0.0743174034791268
0.0321300176272412	0.0311234650196336
-0.435507403089787	0.549109406280632
-0.113935179653382	0.105220484570759
-0.0207187330598761	0.0167614895663177
0.235043984239462	0.209438593971843
0.149329701428666	0.122113075938061
-0.45189944589874	0.412804112548573
0.798965982722078	1.18358501973197
0.234757481193486	0.209136870518941
-0.278315914460733	0.264356788283983
-0.300286607677585	0.24015013669231
0.939664021630516	1.66060147470458
-1.80933591099782	3.35372384807955
0.0240877790161281	0.0188019307237191
0.077430647717849	0.0779708978838914
0.0585860892015035	0.0437381964790696
-0.773930746600436	0.933625091109361
-0.271664275886475	0.277678154633441
-0.50067602922758	0.591857093985883
-0.649166357122876	0.840044111390134
-0.137103186080716	0.153347298731262
-1.0377348963087	1.56404292935156
-0.896080616583053	1.36957686608348
0.181414650910218	0.167435929123387
-0.186851819667705	0.168446685873127
0.692395337688513	0.888229512516704
0.197216952205317	0.195569007721769
-0.217121072851483	0.22471708321043
-0.375391580327449	0.374916683249394
-0.166330868834948	0.162789887476322
0.241813699555894	0.224007562554254
0.120780005731755	0.0900772485542894
0.104635177093632	0.0890195344144463
0.61726573281211	0.575433846246952
0.691930638700998	0.726779284754591
-0.0614907134889612	0.0487284114585522
0.0755880889771901	0.0590787168199401
1.24386479153943	1.80580508605946
-0.287031941010422	0.251189460450441
0.503529836973558	0.450100212417168
-0.329460208395493	0.285421295469714
-0.0655010171954349	0.0465696507717836
0.241794363591694	0.223996976013117
-0.0386916760599891	0.0278862342546485
-0.49118303651063	0.547841601647007
0.517827689337711	0.657740804292423
-0.324080642235202	0.349812460623449
0.533086008381713	0.638489117149416
-0.30306528713282	0.307550392289844
0.161021533477169	0.137299994723425
0.309232349046838	0.276124910438044
0.624974260370331	0.91674527075972
0.172893717615514	0.187773059811166
0.77922462973166	1.03309788252702
0.217992557548897	0.17841440480488
0.104512866161481	0.102416408335402
0.388354164437183	0.446271580866654
0.337740314169244	0.467120995898175
0.128121016123096	0.117708649969112
-0.0209571207654028	0.0169563587762115
-0.266178848835042	0.195324141801361
0.241518810298777	0.223732229230676
0.3241866398732	0.35892444824031
-0.479609559608581	0.502600104592096
0.386530835871344	0.471350910123114
-0.600802886009053	0.782060752411701
-0.585764633623112	0.562815714233629
-0.329540611828013	0.285502354315867
-0.374821041403307	0.426349304881175
-0.500912707389733	0.592290411758533
0.396204618557925	0.369078088245629
-0.0619908888524336	0.0491254304156573
0.31811485893633	0.318614543019355
0.0775024097991403	0.0780422553423777
-0.0749516005554321	0.070145992868474
0.334858860400132	0.440333615452521
0.234865532827921	0.209269190176065
0.308750400791587	0.27552351257354
-0.132054634542926	0.0911255405130199
0.189843473987999	0.18177822217089
-0.271875574847152	0.277858935799188
0.0756030077041886	0.0590936540682095
-0.756810843632366	1.32316896818958
-0.271450030674479	0.277396242947828
-1.01171928162429	1.05221896830616
0.135883618495305	0.106204749226559
-0.579370212238267	0.477104027772707
-0.521846912519826	0.506467235992544
0.0404239338647632	0.0329143400817247
-0.830582176631271	1.05154547754801
0.799015506660533	1.1845328084378
0.89489373357189	0.722836439678964
0.00549927516529576	0.00410559741065387
0.730214236950291	0.881222961272498
-0.77397977548384	0.933086427712875
0.397163426798882	0.355068704737386
0.802642132550666	1.03320011119338
0.389371312740524	0.433660225720519
0.398857077938239	0.325780012043673
0.211187808544543	0.223812626960646
-1.06653444793023	1.89256655314188
0.227222664078753	0.194285170452353
0.309076105210823	0.275979398966077
-0.27812671276887	0.264168779049144
-0.600452566059723	0.781479551417491
0.387509275358693	0.45896087570403
-0.0599393049023846	0.0521306993645007
-0.470569170295423	0.590431951569759
0.0755880889771901	0.0590787168199401
1.12982736681323	2.37805039181095
-0.561112598189782	0.771699120952721
0.18960648629833	0.181574509122017
0.710180998606754	0.88410628468285
0.0755323690382042	0.0590279044959182
-0.136125292199601	0.124808722803785
0.623717984524579	0.750228715518202
-0.357307805515024	0.383210836841176
0.587940585886535	0.772214487086114
1.2853801313499	1.49603180241935
-0.218577750487416	0.1627359920468
0.326099126088755	0.372441718640356
0.0694870529218561	0.0612330664945605
0.758288302510008	1.03387057615297
-0.50074560811562	0.592000435624975
-0.0614907134889612	0.0487284114585522
-0.648869525274695	0.839577560081487
-0.0704941193670073	0.0708546094483889
0.676348612705738	0.892981016400116
-0.702698540286028	0.903365727182397
-0.114004075971396	0.105301447939245
0.0543375038924936	0.0511902164229449
-0.246162530672354	0.235788724842589
0.624817321679475	0.916384460101026
0.227049491999865	0.194114174102218
-0.277790873369945	0.263730729053709
1.09511472159006	1.41292283858389
1.12043574521013	1.58192525908252
-0.941269766308302	0.739849845050515
0.67586552550087	0.891871263062974
0.241651606181462	0.223861569263847
-0.187102279177393	0.168723009004005
-0.271440829070425	0.277405176220364
0.487851240387339	0.473450129235661
-0.595658499666922	0.694318599927976
-0.448430678340873	0.503768019694919
0.0556912815054003	0.0472183628949863
0.394604914072348	0.382295130157252
1.15812394518561	1.91751224465218
-0.265945262351198	0.290376934158281
-0.434602292738595	0.367728700261172
0.104248571861009	0.0886555653746673
0.161188084016562	0.13749328022452
0.661213735951951	0.897085907471111
0.324256814666277	0.359033479066362
-0.466817305387752	0.457813142084464
-1.32006018866403	1.32992829174441
-0.722901714795924	0.778755946394864
-0.830730391932855	1.05182379170028
-0.216859615034739	0.177789604069028
-0.0854824189838882	0.0669903903758017
-0.470913939535807	0.591196278146615
0.227041728971296	0.194105756817944
0.475054404200277	0.496801527060342
0.0587437799292682	0.0438563267067441
0.241695342995115	0.2239382418792
0.481460232994833	0.485582485598122
0.235122066338563	0.209516502241516
0.0909740814062067	0.0742760910797307
-0.216459913050658	0.177370608838091
0.320411947920013	0.332260000953788
0.533010758815432	0.638405508821818
0.0934839811477962	0.0884951189665888
-0.125483744038688	0.106211997335367
0.481444143809272	0.485324138533633
0.0753538437168586	0.0588749438031171
0.267434837421789	0.294221559023711
0.120852539643973	0.0901275992154435
-0.731918186756933	1.13594305419489
-0.216867438206728	0.177783415878953
0.0909812993687272	0.0742816947006075
-0.0203119823679947	0.0164207876581209
-0.0854972585257893	0.0669939587934418
-0.0797856445885489	0.0688185267667181
0.573644994503493	0.601672138345915
-0.260858200461023	0.302425564384741
-0.460324487994578	0.54744401078921
0.454712092254976	0.541550773116976
0.894832528715076	1.64966591308741
-0.940566826559873	1.49500253568266
-0.434503022482081	0.459159473352821
-0.112607218575585	0.0872084314781183
-0.989103641734158	1.43097926575299
0.161414036537641	0.137748142185397
0.180855253627805	0.16692667907895
0.312734969007817	0.290708515528625
-0.963143856100792	1.46279080880892
-0.538559154322066	0.59593362991723
-0.249539380456961	0.220726220669236
0.21816195545114	0.178592581516283
0.64795101921972	0.903056319112151
-0.538629469091893	0.595936157893491
-0.143273429600461	0.109563283482844
-0.522187824224777	0.507042196959266
-0.745530908206354	1.05498536854927
-0.848318010541318	1.01362832152361
-0.460534766492958	0.547812204702147
0.320507163153796	0.332431818746141
-0.471120484136556	0.591478282361597
-0.0759071302932135	0.0474225141389394
0.802642132550666	1.03320011119338
0.907698791438396	1.35071904539466
0.0237514547453784	0.0185352322640704
-0.136341760913085	0.125028113629127
-0.143015554338992	0.109389452543882
-0.216467234899362	0.193366724647831
-0.26571814776356	0.290033793309224
-1.12245720758908	1.67730342315846
-0.0855679105486066	0.0670616754773703
-0.522023083800768	0.506885252427454
0.136196001612068	0.106512081780114
0.0391136393587126	0.0278121239140578
-0.246007723818479	0.235592838534867
0.18090651018582	0.127710102939514
0.391727554552308	0.408092473205142
-0.934783580857387	1.1058753279775
-0.10144338985498	0.0867048430143474
0.391783100166008	0.408212707079526
0.138663343228841	0.132100735793765
-0.802832811832902	1.1292345721447
-0.0963738966784882	0.067528934286681
0.104662473823182	0.0890522113159344
-0.937846175648195	1.29998757723398
-0.132186435961252	0.091213636499472
-0.491016090737041	0.547597476682585
-0.491343125726548	0.548042863750911
-0.336836173899509	0.339020396516225
0.0827225827355128	0.0555587927730913
0.149572694695587	0.122327940564708
-0.551558467557593	0.684912806045816
0.161143981809062	0.137506058127056
0.24764773412872	0.23814123151429
-0.0152654103329342	0.0111488643587751
0.616986183394705	0.575108512207578
-0.545468797892607	0.640531793070621
-0.0416314833485153	0.0364813432090021
0.218306678989629	0.178652386315431
-0.423174829133388	0.505741784915012
0.692170613730354	0.887634347340474
0.271834207249385	0.308520187497789
0.263325241671123	0.2807697955248
-0.479819230628065	0.633680161791758
-0.0936699264259833	0.087122095558604
0.397014950938995	0.354916050478896
-0.0937991048343968	0.0872431422581047
-0.255604098238472	0.207054991171456
-0.0413189193308037	0.0391234001304419
-0.538981233159967	0.596555946390028
-0.491343125726548	0.548042863750911
-0.0410765140818323	0.035975179895052
-0.378391633930472	0.324041065820327
0.156881547445451	0.159958948500602
-0.466392980196191	0.457145339023605
0.263185489808779	0.280627655816269
0.180834913749392	0.127663244408338
-0.409992835603872	0.463498090842888
-0.41832085111921	0.414142955612617
0.304911408994311	0.261005654641599
-0.648007222515222	0.882644108599933
0.463967789456774	0.519145771100093
0.31578600527147	0.305000110075013
0.692006517228839	0.726790576705704
0.040444059362143	0.0329267058165226
-0.0387756209504899	0.0279488162148936
-0.522175869735686	0.507057851139362
-0.216703531003756	0.17763865363675
-0.216551332150609	0.177444340010888
-0.870428397917634	0.978500923149673
0.385925791660679	0.484145428105132
-0.246072617770855	0.235718610516475
0.0555093587625882	0.0470581658037272
-0.216636175233188	0.193556683153809
0.00549927516529576	0.00410559741065387
-0.0207041241830683	0.0167475178479549
0.24177271043529	0.224040214275568
-0.451657064792712	0.412497895949098
0.73864216751472	1.03430455693444
0.0388762607542871	0.027640028355485
-0.0600094226912605	0.0521900234538995
-0.329456232737608	0.285401411550747
-0.190557025873334	0.185270838720073
-0.0153590473281696	0.0112173204788979
0.0937048346311706	0.0887681693178022
0.0909668480274627	0.0742681672176167
0.218322976649531	0.178724185019696
-0.359369143638256	0.231145767097351
0.312578046962449	0.290512086947523
0.394691503195342	0.382385225115191
0.389202411361086	0.433450505695003
0.387439761774479	0.458771780128087
0.218234318645366	0.178639675549328
-0.061681462577646	0.0488871692807958
-0.216679229652928	0.19355804920185
-0.466817305387752	0.457813142084464
0.815087179428634	1.33634012395257
0.258580356174899	0.266771558739348
-0.357331516160194	0.383166139566101
-0.286904655507496	0.251216315979342
-0.88503491313945	1.1733167023935
-0.530766583234854	0.551203292731868
0.114957348275527	0.116512107967001
-0.0413533642170966	0.0362406433397041
0.391650191195405	0.407927384680801
-0.16031272132234	0.145803362830947
-0.24974429748386	0.220888479025018
0.638481956860486	0.74398519399895
0.180497257450909	0.202108949717522
-0.781478013107305	1.20745304998387
0.835026643694215	1.33731576958967
-0.101773052282594	0.0870011020905378
0.524900668011493	0.647673432599898
0.600892039381369	0.583930176537717
0.398113190104567	0.340712018332791
-1.06712583957334	1.03265956834532
0.247878718986033	0.238378814758947
0.315722918332357	0.304930403722684
-0.509243465634813	0.635886705478505
-0.336725409171461	0.338900270555258
0.171234957359626	0.15198461167919
0.3905799076882	0.421013963676265
-0.0796324519370765	0.0686817948468157
-0.0857539110458888	0.0672029105504881
0.00524399814034122	0.00391488426885574
0.320662035263567	0.332544920592254
-0.74532116988637	1.05442000967056
0.0129822254160275	0.0109626284520041
-0.509383225449678	0.636172183880132
-0.402856457003092	0.509924850407454
0.0555141799257551	0.0470647916987818
-0.125560738830932	0.106288467259914
-0.06534748510929	0.0464562395076661
0.312820982378366	0.290779258423455
0.907417139956066	1.34998294981465
-0.753466388769401	1.01407207723366
-0.357317252269835	0.383238878122174
-0.0853822113571566	0.0669045841842476
-0.915561055004844	1.33465956231515
-0.591899306687688	0.64912189560235
0.0391015245269617	0.0277995961374939
-0.825158112092758	0.821798708601
-0.733697518195547	0.739284409873691
0.136100032365288	0.106411793710612
1.14854449126703	2.22918206216795
0.451455237276892	0.553551467207653
1.09488716437082	1.41183360237695
-0.0385355799260275	0.0277714182993072
-0.0963746779520042	0.06752202915468
0.116810525648089	0.103366173269112
0.880722532772025	1.34404968096359
-0.216893991003788	0.209356954384188
-0.0964480013306475	0.0675798115435002
0.258727108584063	0.266920621461004
0.315382449251658	0.304548405404197
-0.00328351033646956	0.00268116413060515
-0.041838775017205	0.0366702982873445
0.0937823424647598	0.0888424862790059
0.0587030966871137	0.0438089220743558
-0.602429015375261	0.82462137071572
0.197287099990807	0.195662108426664
-0.293346638215101	0.318272215876095
-0.885266854747793	1.17393717391632
0.857857843769179	1.03743265605914
0.62375864022805	0.75047876280039
0.676257599878657	0.892763790509197
-0.152631989217973	0.127915384979387
-0.885027933134154	1.1734064052697
0.578040795361658	0.780203421074847
-0.480127039053421	0.503164226729548
0.441696831713253	0.588890019913428
0.00574558769261686	0.00519855013589179
0.117044021287659	0.103594388425342
0.128480205019379	0.118053286077072
-0.182587561268047	0.151366418505791
0.45959826601919	0.53102397650872
0.21817817882933	0.178552451584325
-0.551655106937598	0.684966374323867
-0.0414944238534517	0.0392869007628246
-0.0404567777520248	0.0324076105118208
0.0836937122363792	0.0457231254747843
0.149400553421018	0.122175601421026
-0.487274898711952	0.373567025351344
-0.125596044975388	0.106285081367795
0.500211148106989	0.689037160431418
-0.762546780328057	0.972822604214194
-0.266246880238984	0.195373332195862
-0.600732170075714	0.781744383741781
-0.00953282440001552	0.00617115231821822
-0.0412146447358928	0.0361116894766527
-0.60045224241363	0.781407150841159
-0.160784549808453	0.146262391261701
0.881022048997879	1.34486411542628
0.390338476496087	0.420700279880456
-0.0577602250507323	0.0544054753459859
-1.08556297921328	1.70265224065615
0.00505887866977452	0.00377582798474488
0.0390291375254258	0.0277516300505388
-0.313888709672603	0.295507807659853
0.0582398194686034	0.0434624277533218
0.309068097399606	0.275938248966954
-0.183010023050685	0.151749146934757
-0.659834181992894	0.62672110240036
-0.357307805515024	0.383210836841176
0.318129114015675	0.318635818015959
0.308995970021326	0.275884357834269
-0.37523685817233	0.374620404316688
0.714647562436699	0.722520245919673
-1.47885710349075	1.65423385754095
-0.378022416521905	0.323730735762261
-0.0385472748559664	0.027777948511627
-0.216488583674131	0.193401191731998
-0.467076686514735	0.458042761151143
-0.329379829492255	0.285331662507431
-0.101698167689949	0.0869329755253859
-0.589248217529536	0.606381987547602
0.578532094418	0.780604214644882
-0.0401800176601975	0.032175165239245
0.317792562349446	0.318179708277643
0.561299782648921	0.798069906415542
-0.152986971420894	0.128227858609436
-0.545623460370438	0.640821624351542
0.64823397442938	0.903666056987207
-0.00312967383216878	0.00255463659909261
-0.0616742259918492	0.0488825246554011
0.495247791525256	0.461736014200694
-0.538404454691346	0.595591717757792
-0.0655136453826924	0.0465774656117719
0.385366211927325	0.496829726172241
0.39723612285454	0.355092435814286
0.312383052637214	0.290317261270167
0.120711706605551	0.0900072790170115
0.547365631555435	0.817777462815407
-0.190627441827318	0.185342019872036
0.0910586721331053	0.0743481697588672
-0.0386995069200587	0.0278935808552492
0.0402589264081158	0.0327707666049486
0.0546885047814429	0.0564329422346719
0.392150465439243	0.4085050723161
0.397311045759794	0.355209434151376
-0.374612117272551	0.42609020632333
-0.968616090932025	1.07697393965126
-0.723138592855292	0.779015257145279
0.189443649380472	0.181406029958439
-0.915337486370047	1.33417533839417
0.312719817341192	0.290688919410375
-0.112411082000187	0.0870473317741486
0.27162830291624	0.308273246370018
-0.0398736531849888	0.0253711807858922
0.0405189478740111	0.032993025029562
0.676117642901934	0.892593620249579
-0.551641420434575	0.685083151943528
-0.286998751946523	0.251306883201809
-0.500986916796223	0.592410555894404
-0.600242377038211	0.780828864637314
0.104648576575627	0.0890409839784181
0.267839926424015	0.294667367702653
-0.020461138071228	0.0165440283251915
-0.104710138241761	0.104283301421187
0.561278875959093	0.798237976854968
0.275306327785511	0.321763270069657
-0.287242908559414	0.25156281754919
-0.0961502380328393	0.0673609277823441
-0.284585308684648	0.186549194271429
0.30499665135492	0.261082405476049
0.562034858527087	0.610700496316694
-0.88951788053511	0.760686453768118
0.573467008889127	0.601300063657103
0.0242488305519319	0.0189263626692815
-0.00960567108055117	0.00621970650637483
-0.579112084583071	0.476717378564671
-1.32024231962627	1.32967663384075
0.258510046141715	0.266714635067948
-0.190557183447711	0.185277596234332
-0.342179338224586	0.391012169081309
-0.521942750172757	0.50676598155001
-0.0655819820998196	0.0466278785011165
0.390521727838578	0.420937298511035
0.390439790999198	0.420830551976776
0.315360178543893	0.304548879474898
0.0557512389571137	0.0472737978709483
0.517898546901119	0.657791703805897
0.136119885935685	0.106440062612339
0.275496384603403	0.322095506932138
-0.653436258548606	0.710767287249163
-0.47994957695887	0.503065728805091
-0.815123778590446	1.08875140849817
-0.250055803555679	0.338356445232878
0.524736434639114	0.647215078508128
-0.560803020200177	0.770868906729361
0.39310674159482	0.395248639666757
-0.152739011470136	0.128033283837436
-0.143354038539744	0.109621955922212
-0.182628650919601	0.151345371106356
-0.653012137224751	0.71011447103989
-0.186955931006014	0.168564826941856
0.21824247824766	0.178661613876489
0.0417693427250639	0.0379976005046534
-0.0208825726708058	0.0168954954024883
-0.964174331505534	1.26717397514579
0.464080755200917	0.519378582684374
0.802398957522012	1.03253012568385
0.17151626132278	0.152344897632921
-0.041491875209214	0.036367533285041
0.104489859198381	0.088894881817317
-0.0399570481365729	0.0319981303161784
-0.418250121660479	0.414057217745079
-0.190416837225906	0.185094266346737
-0.152491101878512	0.127804522659674
-0.295195317913754	0.378434946387769
-0.190627188332722	0.185359173226435
-0.907600753953811	1.13877110872742
-0.723556504747867	0.77900213673446
0.661591445004317	0.898068879968979
-0.186782036584065	0.168366293626688
0.444559654948866	0.57704278483441
-0.277881775604394	0.263864622231327
-0.136271319645766	0.124950237076233
-0.0853114956823905	0.0668427130297345
0.075695937011662	0.0591695361176839
-0.136271198318624	0.124958385155988
0.512505716325533	0.437786395093717
0.120946248070199	0.0902137584655148
-0.585764772892394	0.562786736335271
0.561790529715841	0.61020415060981
0.217763156352268	0.178158132494955
0.00522180613456338	0.0038975807978454
-0.451737832273141	0.412613265317921
-0.0617515882913301	0.0489447094632901
-0.643061360102658	1.04738662226264
-0.403009693719246	0.510367736936525
0.141737346344692	0.157570724137268
-0.336975716071586	0.33929183749613
0.149134492905856	0.121904679424363
0.73014933473226	1.19068258202699
0.969745529422351	1.36746808744868
0.0406536794829726	0.0331039123785103
-0.389639427284913	0.468238813090965
-1.16692202178884	1.65816964382384
-0.0210514894622925	0.0170304859526203
0.0908967115061711	0.0742077094981635
-0.0795773292760576	0.0686093641384798
-0.0155159702719423	0.0113318857798502
-0.00953027204893413	0.00617070481358027
-0.413992346769303	0.322147145456777
0.293712379196265	0.229014882175689
0.390424191028992	0.420842066762161
-0.354472804993097	0.330532080677246
0.322260354737724	0.345563356956136
-0.0797114302857451	0.0687541394949778
-0.112497568260508	0.0871187239548986
-0.246307269545966	0.235949757775989
-1.40717250939666	1.95175110463681
-0.217052093876154	0.22462939119528
0.25843965476977	0.266605030689183
0.550916791386111	0.618810498070064
0.600741379089037	0.583676594215135
-0.19062734655947	0.185353923021227
-0.136263882731373	0.124930854980276
-0.125973889642221	0.106655347806983
-0.345188006122762	0.440136330623527
-0.600312978810225	0.781004578990176
-0.0595188397973399	0.0517452991985741
0.326029884346707	0.372347676316453
-0.731693235882963	1.13543268262003
-0.466730890877186	0.457709669571537
-0.530796147943734	0.551321777028795
-0.598037014548157	0.737881675242198
-0.500715362469742	0.418186791686408
0.399535076321272	0.294525450042611
0.230528840720756	0.133684195378615
-0.57678180079071	0.435376115104214
-0.0388517336294263	0.0280023094498649
0.635509061455864	0.566951367496272
-0.575273198865867	0.395479571147706
-0.0495954996091126	0.0271153340901365
-0.546261994700037	0.641346365785588
-0.556440036268519	0.727954174101777
0.267506150082829	0.29442493542468
-0.293763542730456	0.318996864678844
-0.021036600172923	0.0170206186974823
0.241673543698384	0.223933241514349
-0.160620706736824	0.146120918795223
-0.313951889107726	0.295577652876586
-0.123634937493992	0.122454009094525
-1.27038716127897	1.95604755131437
0.388142514989855	0.446023982281364
0.9648157034983	1.82355597914229
0.0276656897661158	0.0242613380310649
0.272095390820119	0.308692638092914
0.114857645213126	0.116376877706599
0.128332234552758	0.117918060256328
-0.166260772467106	0.162661442125048
-0.00335399376339844	0.00273853947424629
-0.466652080058139	0.457581548173261
0.395640548990036	0.368495140766523
-0.216889701234122	0.193804619694294
0.234764997376647	0.209156268602402
0.398113739090082	0.340698176105552
0.0239337914329721	0.0186801173069063
-0.06550942085866	0.0465766372043205
0.481048131869179	0.484878923788229
-0.934848402812919	1.10630453953438
-0.0413529024799978	0.0362412846124317
0.149565106836186	0.122312206132104
0.189438830589985	0.181394268337014
-0.0858095695819491	0.0672525150908552
-0.216601854880375	0.193436968565674
-0.830398324076984	1.05126721244862
0.204225030913692	0.209439380266281
-0.0594484105952804	0.0516775530533473
0.835027173106354	1.33759619810692
-0.112497568260508	0.0871187239548986
-0.0797856445885489	0.0688185267667181
0.322349095156486	0.345693250506457
1.02529669384068	1.69437348622981
0.541879523784868	0.629178438869023
0.395963019660704	0.368920271535548
0.0820294676766186	0.074994939021877
0.488312059978575	0.473998247979397
-0.830228996432266	1.05077519720204
-0.538664759960709	0.596085199225823
0.69144641798494	1.04506119057039
-0.0208727395860436	0.0168875359930353
0.325960315357322	0.372217655311322
-0.850164280768205	1.47658968128309
-0.18701191292071	0.168615459031587
-0.15026455853779	0.157898750696733
-0.136412089105361	0.125087788795412
0.171586120242158	0.152399506282119
-0.1503753509629	0.158042829222778
0.105129248923224	0.0894069084538772
0.67620856772582	0.892645066578372
0.390193246159681	0.420452941619809
0.207585416521699	0.162249780972389
0.149235981668827	0.122020652062781
-0.166469838858202	0.162959968691961
0.396940483470796	0.354813769552722
0.967662849729152	1.51940596654002
-0.246242451463918	0.235867764527443
-0.302490235066652	0.306844791710491
-0.374542634094915	0.42597429724619
-0.848734260119086	1.01447063938487
0.0320446812308389	0.0310400317828686
0.76147566442252	1.18519918742688
1.23506881306267	2.45133819490537
0.00540685524213857	0.00403651610986143
0.124581821042148	0.130372185043967
0.324326958725964	0.35910899981484
-0.0591683583036991	0.0513961086611801
-0.217042441336543	0.209547756558573
-0.160461835139127	0.145968608190002
-0.0597288679429778	0.051925699610283
0.475092519757108	0.496675551883483
-0.256013207413855	0.20738589618611
-0.23753249504683	0.139862904500148
-0.0403867532646962	0.0323485301680857
1.08227838567496	1.08850364398883
-0.500715362469742	0.418186791686408
-0.178207657976554	0.134534476528524
0.197287044045474	0.195653661044574
-0.53881944963651	0.596384108831384
0.971929010807357	1.21536779124395
0.21792850251253	0.17834471028325
-0.187123016605182	0.168744943999126
-0.659700008959551	0.626427092942793
1.08006013924046	1.87136025167919
-0.294041161134714	0.319291761413304
-0.374611761374554	0.42605598733383
0.187088635928867	0.215626329906691
0.239380747691806	0.294050065151858
-0.0749095176749732	0.0701185224640825
0.429842179792609	0.662725013973936
-0.079483993574835	0.068539426946793
-0.0597288666508309	0.0519325196239356
-0.602567694450569	0.824914446515207
0.999668874161533	1.53060152666043
0.2536374928906	0.25289442139395
-0.650283209345832	0.796842749134402
0.19735726164445	0.195686912176436
0.551110951033174	0.619319056458321
-1.34746127855223	1.79144057848304
0.0557512389571137	0.0472737978709483
0.173113897298138	0.1881098119509
0.241779943560913	0.224034292554004
-0.190907652941572	0.185641236725555
-0.961658932348382	1.65576276241244
-0.314114623128098	0.295713662042277
0.282965495103981	0.350105030889796
-0.0600094561243414	0.0521877517793901
0.115101991831925	0.116643897069221
0.610887443666697	0.757483678983022
-0.075108216402623	0.0703234330040041
-0.00883085151263668	0.00784784638893997
0.738647384304771	1.03437464340659
0.204155743473962	0.209332561692565
-0.243103944129345	0.250001163031642
0.0406587139248355	0.0331103666331847
-0.0854750231214141	0.0669851044533784
-0.803814562259832	0.856943648201482
1.1873841108348	1.28812500957194
0.388623453802359	0.222807132021994
0.936902488614019	1.35786318753631
-0.18720657853353	0.168828906014096
0.517898456360157	0.657836776477429
-0.0413189193308037	0.0391234001304419
0.331429382013666	0.412976839430842
0.758098284988206	1.03351085071714
0.0694169985158207	0.0611624345729442
0.25331459457734	0.252532564621517
-0.00605595616184998	0.00338810510091568
0.2418645290467	0.224123703248498
-0.353886124941741	0.329824968723138
-0.182994864359061	0.151727837342675
0.24780869829776	0.238346578325358
-0.040061410057057	0.0320818361847404
-0.659834181992894	0.62672110240036
0.573390521615706	0.601206674296474
-0.530867147414862	0.551458450371637
-1.01159087669514	1.05228493549629
0.10327030995343	0.0732156231778245
0.638208435069619	0.7438142835417
-0.00321306658793223	0.00262399598992333
0.388283492696194	0.446206107637336
-0.112339899538876	0.0869904934105667
0.437082431464982	0.613322881023357
0.0235832104357222	0.0183993073347703
-0.217120076795254	0.224724849019212
0.517968791751493	0.657967148453019
-0.650012456275739	0.796567930635102
-0.249788320604105	0.221031102345957
-1.15530371084423	1.33524884539779
1.1172319896577	1.89424051628574
-0.020793290761034	0.0168225907465361
0.104746027790469	0.0891260545060183
0.0163761851704626	0.0110535143507751
0.856444337852018	1.33922406827306
0.38643087793572	0.471112799549832
-0.216629053589884	0.193529402953681
0.0696269177495243	0.061341994001141
0.0585706955927017	0.043725636522873
0.846783698958577	1.49044675106004
0.2418645290467	0.224123703248498
-0.567615246529253	0.855277478587013
-0.530751899870246	0.550917485628098
0.769981765549915	0.716195722852475
0.217742123349741	0.178084956286241
0.481536371308824	0.485619543069808
0.292322546921747	0.391321580169615
0.189680723342138	0.181641567309201
-0.114074092706089	0.105380513734257
0.148087358009184	0.146041600981051
-0.598349483353024	0.738475681425176
-0.240075862107176	0.263376979850305
0.871595590593011	1.19259781215015
0.541772923324861	0.628971126447456
0.802634395556193	1.03310265224924
0.511468710444534	0.667721133369596
0.588093943705974	0.772265750686819
0.234850587466812	0.209251785109729
-0.522552405346207	0.720988790555114
-0.13184441982907	0.0909369827302047
-0.223988826737222	0.149434181804037
0.180971127250423	0.127757103206751
0.891165112583378	1.04274510130931
0.928772166267562	1.04959892888534
0.0390291375254258	0.0277516300505388
-0.352641638769217	0.278452938974389
-0.418157450761389	0.413936482932152
1.24369818442532	1.80564109883911
0.0165976106967297	0.0112010002374672
0.573649111201901	0.601644825716268
-0.0388596410686443	0.0280097185552913
0.858110044908976	1.03813627286256
0.309400324654361	0.276263724445098
-1.38461269508554	2.10890218342959
0.39597121193004	0.368918041910322
-0.112599487966961	0.0872048113713574
0.455181615965227	0.542365952140248
-0.455172393090221	0.632655838579411
-0.653271099725316	0.710568334521073
0.133615693716853	0.144160472643848
-0.246232392228144	0.235882268577112
0.189443649380472	0.181406029958439
0.704158266742343	1.19981810558192
0.234455529428965	0.280151151400063
-0.271362343705128	0.277296252295484
0.386452299722161	0.471242099650323
0.386530835871344	0.471350910123114
-0.0613719484086361	0.0486034524931699
0.312618482555253	0.290546172367344
0.171705721104467	0.152519730948878
-0.435704101770049	0.549541378305358
0.495161793471076	0.699295838867514
0.013120943957715	0.0110795932193064
-0.240274106356325	0.263583736662272
0.0273090027729494	0.0239331617146978
-0.154981177767737	0.172779410873846
0.104661891831141	0.102614655541033
0.279537619142737	0.336301561216006
0.124465175089851	0.130228627817402
0.692225800446139	0.887815784291524
0.0696272769559349	0.0613575942197652
-0.358693717298413	0.43306108068089
0.258722467527264	0.266916830462729
-0.448043535215503	0.50314448587007
0.294581694190216	0.404005801105083
-0.216896892484827	0.193823753710836
0.171691582601708	0.152518482486895
-0.389441573574805	0.276848884457398
0.398188170278312	0.340795237780609
0.39949498202232	0.310533248522844
-0.132197188898705	0.0912256905845449
0.464066413269965	0.519367737101517
-0.246462032330846	0.236063808749115
0.0585860892015035	0.0437381964790696
-0.512062455446983	0.462451583721377
0.286066978594424	0.211994931791177
0.0589243904166954	0.0439883945737785
0.0581297574163462	0.0433691702656741
0.777421710722735	0.878142223136868
-0.708533164701043	0.8617957257052
0.267484825289466	0.294330041978464
0.189453249550641	0.181413711115723
-1.07184316097689	1.53776973697027
0.173279545117442	0.188279169509238
-0.71514296219366	1.25382969305406
-0.460604997437132	0.547917362489973
-0.522929651055591	0.72212970361637
-0.0797808853912777	0.0688099109890688
-0.988360997522778	1.42911408557039
-0.101523268147612	0.0867794585638548
0.573733743831199	0.601673052548567
-0.194477193814892	0.215195830407268
-0.0593785793401479	0.0516110313036625
-0.093532973072113	0.0869639924069253
0.0758668648740573	0.0593074248055123
-0.150344215562473	0.15801647922477
0.451385147584478	0.553839163345928
-0.152887133792356	0.128129350723243
0.390591379137857	0.421048830729593
-0.605853649757424	0.949851573581822
0.0165973555753278	0.011199055852104
-0.171146547941383	0.179051833617633
-0.802526824357944	1.12877327968286
-0.647938102369132	0.882409128868163
-0.122808130398299	0.153554277116452
0.138524050437797	0.131958252997513
-0.448356138219213	0.503684204875094
0.757888996382312	1.03292262574254
0.228975763675463	0.265864455319378
-0.260507131897177	0.301882260267309
0.218254607585464	0.178643269794242
0.392973091460968	0.395061466094754
0.0587284051613219	0.0438378097546137
0.450683577951178	0.552490211673933
-0.300509948811267	0.240412684775865
0.394518302222995	0.382190649601286
-0.143164380550435	0.109489263674605
-0.659770939622715	0.626560929982829
-0.101373468333142	0.0866376176835027
-0.0151568224837767	0.0110675259275842
0.136199924810125	0.106509996258702
-0.52249748381046	0.507246747357969
0.23513682899443	0.209504226023885
0.464143411999364	0.519460587609107
-0.849999618224056	1.24714477169445
-0.285781502974048	0.329884460944065
-0.174164791750184	0.193502535514058
0.254833856106185	0.346274074786376
0.721807449911602	1.03823730555234
-0.0799580437671289	0.0689692816160918
0.223538892541788	0.252058281359628
0.0405888332919793	0.0330539842619367
0.263185662548005	0.280615854341931
-0.545952584638193	0.64121045799434
0.691169243766836	1.04404877661165
-0.645695713056076	0.966395813480224
-0.0415614591700355	0.0364287043899267
0.181085001382867	0.167161947545569
0.866858276150277	1.49263128775885
0.447535363314904	0.564987575568931
-0.738261454736749	1.09488099381057
0.0939176661811349	0.0889885695901686
0.104936143543334	0.102896290927276
-0.00897059037665176	0.00797234681008152
0.635873772470877	0.909573737751213
0.569241276782613	0.788929423712752
0.234561459857966	0.280246538474032
0.0663738351977042	0.0646930414388549
0.227026152277743	0.19406817177262
0.0584995559067885	0.043671029789833
0.22364256510102	0.252143872234212
-0.240455213107307	0.263853483123567
-0.190417279620821	0.185083632157443
0.573487937572378	0.601401565374699
0.636470021291913	1.07822469061447
0.0552221776374374	0.0467849178976489
0.393021099244173	0.395133306235607
-0.12579872804219	0.106497860181704
-0.460324389266472	0.547373320100117
0.29353073002704	0.228985597544691
-0.216963488362731	0.20945678202739
-0.178059811561864	0.134390650209485
0.573628381408141	0.601543546983499
-0.286810642672353	0.251107195814439
-0.143007545925059	0.109372531808092
0.459423196551059	0.530894800798428
-0.0249214701001651	0.0219987577044552
0.517616164092361	0.657233629661252
0.241596174223661	0.223839713831771
-0.278860147963039	0.340446451022764
0.197357204131343	0.195735193347701
-0.085389571356615	0.066912153339921
-0.144241480310679	0.14207686190281
0.320517235627576	0.332438632055682
0.464003766472039	0.519215429340405
-0.358850342940293	0.433323222758355
-0.33705917808058	0.339404208267548
0.856919125269729	1.34066720200234
0.45110448715393	0.553528197524402
-0.150285733200622	0.157944497858269
-0.154660506928666	0.172362160322907
-0.0937392641923377	0.0871959437011169
-0.556578624620593	0.728315167410833
-0.0614978831921022	0.0487361488903617
0.999783127109335	1.53091633625866
0.138244723047409	0.131637348629876
0.14950180250088	0.1222724900835
0.387300127761842	0.458528065330428
0.587653559817986	0.771760202335109
-0.125315734732731	0.106037186790982
0.610522164202395	0.757090262957126
0.24798205845584	0.238556652660787
0.454865369751363	0.5418956522564
0.292307113042476	0.391320949176059
-0.337309641726263	0.339690070045011
0.578251484111036	0.780589291032177
0.318177553804898	0.318592941556656
-0.012353448250241	0.0118115706957813
0.173158718629307	0.188163898314958
0.261475338706938	0.379373488014191
-0.113528178345652	0.120285046673992
-0.0673006881735346	0.0720631311109161
0.294325269840163	0.403572639371985
-0.676992033255796	1.18960448003179
0.0518941024211738	0.0627360151880483
-0.0457091309608027	0.0523086496794647
0.0193472670275619	0.0181243769676982
0.124684839311627	0.130479678010503
0.187263356971269	0.215897503408719
0.141793023777045	0.157663875559897
0.197076678078199	0.195407897790771
-0.516645123778925	0.679422888499401
-0.278140760041706	0.264185709589127
0.14177726014501	0.157634164601637
0.165290862590319	0.174084642478856
1.06693744729372	2.02306694374031
-0.313095309161831	0.359875457373748
0.3905799076882	0.421013963676265
-0.13113532880201	0.138392385541246
0.217250999444851	0.237511313052352
-0.318549751027175	0.469272706536261
0.279420683949885	0.336235555650453
0.0973396190677766	0.115260250318372
0.447535237628676	0.565008499859917
-0.0398597790832334	0.0319133992590421
-0.0154375106688888	0.0112749272089788
0.189601706332745	0.181568036302215
-0.0208629578840376	0.0168776926159533
-0.0853822113571566	0.0669045841842476
0.180925086481335	0.167001088236483
0.0401789411578237	0.0327006108104061
-0.374612117272551	0.42609020632333
0.80562316161105	0.878424566411616
-0.0245022536381456	0.0216294076141554
0.1609661879616	0.137320755896416
-0.216627432210046	0.177548210160013
0.120942042883871	0.0902100985739986
-0.509382635438505	0.636088308827206
-0.12377677209915	0.122628050619783
-0.333678312582435	0.44757751652742
0.298417048732233	0.428541814270113
0.204433605964112	0.209688829885145
-0.342592035710736	0.39180938016669
-0.682545249865404	1.10807202032573
-0.357558900192426	0.383463821581899
-0.131111508319812	0.138367945238516
-0.154979401195524	0.17280111280443
-0.0748747695230968	0.0700903636124
-0.125567770047078	0.106295179606774
-0.293486453341579	0.318591645935335
-0.0938772841177801	0.0873373509688977
-0.0385394640113002	0.0277745674407058
-0.538559154322066	0.59593362991723
-0.600592735380128	0.781780460369954
0.865852143556529	1.79997439727391
0.322432935297021	0.345788427190728
-0.423520348797217	0.506566191105705
0.247797598431096	0.320764500068756
-0.676964137267809	1.18965906395157
-0.020793290761034	0.0168225907465361
0.671716242716991	1.21813637186121
-0.323870365970307	0.349528708334282
-0.142943149318897	0.109317350349286
0.234887831614498	0.209238568081006
0.181005048679675	0.167083769151199
0.120780005731755	0.0900772485542894
0.561759258184829	0.610286457150618
-0.278035747723857	0.26404527201631
0.241658934031534	0.223893028229673
0.802548154966174	1.03290196724665
-0.53103884206727	0.551679831630797
0.880626917361929	1.34374323061807
0.569380105152704	0.789153314027283
-0.337309641726263	0.339690070045011
0.969980963361084	1.36776475776933
-0.313696971265859	0.295260972735132
0.745243073676516	1.18783725631219
-0.104917333269191	0.104497942127633
0.692317964729582	0.888107296166115
0.234772497697308	0.209168547841216
0.655685395464069	1.06329196891782
0.0826904920789844	0.0930084408439753
0.0542935476725613	0.0511494705149734
-0.374820898497146	0.426324127672339
-0.324080555994906	0.349818345290125
-0.375116879959001	0.374523702839273
-0.786823671421387	0.893563951175095
0.253394105798891	0.252631838467883
-0.694074718079159	0.98756988967483
-0.302677909297174	0.307130404060849
-0.187449615285252	0.169048423642047
-0.600523305379124	0.781332444466414
0.223317986536275	0.251771281429092
-0.323940650906389	0.349608343759882
-0.988584099434792	1.42909771903527
-0.645766575452551	0.96649857827776
-0.144234234723605	0.142064306350705
0.561392564995162	0.798396155619435
-0.745320964457204	1.05442211559896
0.0585629733999502	0.0437171259336171
0.207585996530988	0.162257118564401
-0.377948257216489	0.323624577466198
0.20788218776708	0.162492422050585
0.550939631779068	0.618889401466024
0.600666924731012	0.583489073755
0.692502098110762	0.888487988541637
0.247400907166663	0.237754510924733
0.672267458009402	0.73224019708014
0.525313284509193	0.648327080263169
0.740182187660841	0.718478320163722
0.692080634284512	0.726908896565689
0.0694870002052726	0.0612318584200223
0.0128424891101176	0.0108444322368767
-0.182479222761074	0.151254527170061
0.610733446235049	0.757267452889693
0.320027239002146	0.331781083254737
0.247894367577354	0.238457616357441
-0.29397159618934	0.319227913187121
0.263255260913674	0.280708454840781
0.075673642112914	0.0591500785896937
-0.374962158397344	0.374263615948181
0.573382037627012	0.601045361345168
0.0238426546391847	0.018608190548158
0.292005157559065	0.390747601077627
0.189541779290429	0.181482677969741
-0.400041387474783	0.369239467117606
-0.152498423227896	0.127804694038599
-1.27714068070721	1.79473291661005
1.20369033215429	1.94432294668336
0.247798222390046	0.238286268376659
-0.521782157059761	0.506476818677954
0.562050331753917	0.61061118187776
-0.278294717578654	0.264346922341057
0.495545309312301	0.462076158024737
0.503668868622319	0.450244741495881
-0.216636175233188	0.193556683153809
-0.592518004766743	0.65029837185494
-0.600381919131966	0.780991740268584
0.623610569235733	0.750284420507276
-0.302906422252946	0.307414121630054
-0.0403167335619592	0.0322844496375388
0.469417526578423	0.508162914625916
0.844716215765108	1.18789426466293
0.79930866268043	1.18451975863923
-0.125490772924444	0.106215127598549
-0.330308103621366	0.400587450113902
-0.896010661906404	1.36937750476164
-0.491002422136916	0.547599767603969
0.799249176520991	1.1849493856355
-0.393785396891626	0.419258649130195
-0.11407382433172	0.105373799876321
-0.143176491584672	0.109522263304488
-0.64779859604247	0.882112120009246
-0.65157635040789	0.753818457422567
0.171586120242158	0.152399506282119
-0.460114319509946	0.547002570444103
0.820776151159572	1.1857229350682
-0.53846078904159	0.595604281945828
0.0389607821014514	0.0277000615461241
0.395882438101681	0.368835369454039
-0.907928938156492	1.13905580455235
-0.136200929790477	0.124849338721548
0.171509120289289	0.152332148548838
0.0130515675968369	0.0110220574596889
0.135697261443084	0.106020394602854
0.326378247830905	0.372494729381516
-0.0851406528858609	0.0666876013882145
-0.375461782403822	0.375014062510974
-0.00284784401063424	0.00232603960369725
0.329833091235873	0.399556851919581
0.217490749002639	0.237877375987127
-0.0414225007246366	0.0363048373374931
0.488239527964797	0.474052739907906
0.517827555253576	0.657724914995425
1.07543521581322	1.56156403399853
-0.300360425470894	0.240248155326998
-0.0940274020915121	0.087463677340026
0.242089457607049	0.224328001573615
-0.693866254814824	0.987108175684375
0.614631635471114	0.923321713913978
-0.530796147943734	0.551321777028795
-0.600732605637389	0.782042516606972
-0.329371933151941	0.285276534251233
-0.358828287297783	0.433353260354326
0.320352297286563	0.332263706764016
0.0320310187418209	0.0310250476986414
-0.0208678423077792	0.0168828572836122
0.180700417968848	0.166738248757546
-0.545638207102935	0.640757610316513
0.149220657545941	0.121993301476498
-0.0386116815707049	0.0278271224263494
0.64802178717335	0.903311337233704
-0.114213557601725	0.105518636679122
0.161236504018789	0.137595655331542
-0.0576288555592452	0.0542648685779623
-0.21656595069454	0.19349469619399
0.857101531026783	1.3404725146245
0.0405888332919793	0.0330539842619367
-0.00915402238599902	0.00813484333037564
0.317932158720345	0.318343165713643
0.389117888120661	0.433305127741883
-0.653522650115481	0.710832721552674
1.45436267966947	2.10392895092959
0.189443649380472	0.181406029958439
0.104388582205648	0.0887798436529734
-0.00328351033646956	0.00268116413060515
0.228985674055749	0.265899985773402
-0.702942701616231	0.903744487203063
-0.60066259026814	0.781930198795914
-0.731896091266502	1.13556404321902
-0.160069622141238	0.145531008443291
0.661198628583954	0.897161561202383
-0.500685358537216	0.591766343350616
0.0553561033720026	0.0469202891245646
0.195262743540265	0.14526878953593
0.48113952648193	0.485095053897948
-0.0854676432068503	0.0669775159374287
0.127979865655484	0.117576497798733
0.0390250791632646	0.0277474487060311
-0.079725780734446	0.0687613781942349
-0.866243215430992	1.20998569945748
-0.160298155806573	0.145795650065342
-1.15537847821282	1.33521389362303
1.1712282989647	1.60523929877086
-0.674353215160564	0.547253277290427
0.312390702747037	0.290322011408601
-0.302569564031105	0.306953720524926
-0.322225469224447	0.232796786569538
0.97178100193461	1.21515226433767
0.881006519214404	1.34439408726041
0.389520443924216	0.433826270010352
-0.389632521229558	0.277000815543855
0.218166033293205	0.178593576438673
0.104559925552179	0.088956991735103
0.0587437799292682	0.0438563267067441
0.226781737035334	0.19380253986587
-0.186942157806002	0.168556268341055
0.661342635333534	0.897458462995931
0.464150588265455	0.519491818437392
0.934422697005644	1.20548454894655
0.235099802654138	0.20947986962437
0.391896764499088	0.408303148658248
-0.041146144269987	0.0360377271451635
-0.589168305916306	0.606298400075168
-0.12573586422761	0.106453741096629
-0.00306036692801486	0.00249889589353473
0.227136089417379	0.194202786841527
0.17151626132278	0.152344897632921
-0.375461782403822	0.375014062510974
-0.143091979144323	0.109451237444929
0.0418824938824873	0.0380968535277619
-0.249851642058686	0.22109216252321
-1.22584686787746	1.32459457913947
0.0405888332919793	0.0330539842619367
0.393036169125338	0.395198067877578
-0.0654284400212417	0.0465170881398583
0.964624429203806	1.82302026663376
-0.112411082000187	0.0870473317741486
-0.0386039460041757	0.0278155270735099
0.0820298932582775	0.0750021112963789
-0.101438421748638	0.0866959716393628
0.317609746966803	0.317869535304077
-0.45189944589874	0.412804112548573
-1.16690067348996	1.6578150956558
-0.600522570400403	0.78164905046292
0.386950942075001	0.458024272136387
-0.479694538898529	0.502737459062565
0.388283763399311	0.446138523329345
-0.271593824481868	0.277598581510107
-0.0245167083410551	0.0216433589241965
0.31776371995616	0.318095345264419
0.226876229346138	0.193918440568871
-0.588848890292961	0.605777017002962
0.0131219887845408	0.0110788372677077
0.672207571369624	0.732040767397606
0.104648576575627	0.0890409839784181
0.474811308247303	0.496347903884498
-0.595490752236568	0.694091123292517
0.241496858051131	0.223704814853709
0.463996600807232	0.51923650801124
0.0554591297583241	0.0470061708866099
-0.166608789367883	0.163111268203825
-0.70301265161557	0.903800947596412
-0.409923195459606	0.46354412049792
-0.448122878431373	0.503298110797204
0.00574558769261686	0.00519855013589179
-0.373092390821409	0.474317208941607
0.394226874865344	0.381691701224593
-0.0855530950647794	0.0670487655200815
0.299929573610909	0.245439923173578
-0.538911027232855	0.596490448022661
0.0585629733999502	0.0437171259336171
-0.29348705652894	0.318560031637907
-0.598438431182115	0.738564002265778
-0.114422874264821	0.105708091887518
-0.216647756021494	0.209042383943269
0.39068889820956	0.42111248601051
0.858110044908976	1.03813627286256
0.324327005869928	0.359140644036107
-0.602497555212262	0.824757008754002
-0.314206957111328	0.295823253577105
-0.466456763560352	0.457268201772412
0.253090972596612	0.252192494590607
0.293790912338305	0.229198573769734
-0.907507770384485	1.13855289686344
0.0400292014423869	0.0325680563265195
0.24798205845584	0.238556652660787
0.0163764422924326	0.0110537142938994
-0.143188734449654	0.109513992602323
0.005484608895458	0.00409427698737607
0.0238213154747204	0.0185896027993478
-0.104755111783933	0.104331466768366
0.454958954863165	0.541973560421438
-0.144234234723605	0.142064306350705
0.14950936179859	0.122275658997519
-0.329464198734583	0.28542709151496
0.218322976649531	0.178724185019696
-0.0417001987260496	0.0365505478262525
0.171614585906375	0.152440925652133
0.610466776177256	0.757004515758592
-0.217209924042522	0.209711489928672
0.104655532472499	0.0890479479916261
0.279204419764645	0.335934546394581
-0.170795604858355	0.17864624276052
-0.455230569700681	0.632799517569397
-0.194528207233314	0.215319064437615
0.52515923042229	0.648123500921158
0.46424902328725	0.519608196579436
-0.293556071014418	0.318693988631877
-0.0853748673330966	0.0668946310382139
-0.136482680577144	0.125163966913839
-0.166401278200299	0.162857412948012
-0.479503075830427	0.502449080249271
-0.182744456149668	0.151523076828162
-0.330114543800394	0.400287093439439
0.661447342036708	0.89780680826053
-0.582479910199614	0.519807916154847
0.149673818345621	0.122417360952475
0.32786874575264	0.385803721839872
0.396128173356239	0.369049551695268
0.189522681645733	0.181489441337562
0.463975014580734	0.519194357148281
-0.603988680765391	0.867203198638914
-0.374542054406773	0.425947235404837
-0.303536890246966	0.369404538622507
0.965924459443641	1.67066094738699
-0.245907930205042	0.235526651491199
0.541695542168631	0.628909786467158
-0.0619280749154219	0.0490842288308878
-0.850331036565981	1.24762933834564
0.469347231419737	0.50818668645969
-0.393727084892532	0.601277316886733
-0.406494527060706	0.701746529720086
0.149500939223037	0.171086627016392
-0.537018002278666	0.8459431455659
0.133489591938712	0.14406817192731
0.241765461913114	0.22403847281652
-0.255868283527486	0.313304664061482
1.06452335864533	2.49787972409445
0.0974681408777554	0.104399769681782
-0.0598691896637745	0.0520695936230677
-0.352510260022982	0.278252854001902
-0.516645123778925	0.679422888499401
0.761545748879369	1.18580594096409
0.0402690991505577	0.032780896552701
-0.500671383498121	0.591862289519213
0.127980010484893	0.117568228349558
0.451385147584478	0.553839163345928
-0.152717020956211	0.127989966846062
0.390338476496087	0.420700279880456
0.322358715453543	0.345668583614989
0.103119837188829	0.073102331006772
-0.302653704306402	0.307099134096548
-0.079483993574835	0.068539426946793
0.0240248647797454	0.018750962581371
-0.144263265896048	0.142090007018828
-0.173960126172135	0.193271642869216
0.01565462517849	0.0167986277208347
-1.01874512433872	1.39968737977679
0.0132420633592662	0.0131554096300601
-0.490932637349719	0.547453875946935
-0.47056959134469	0.59042181440539
-0.425062058447775	0.592541823249375
-0.323940650906389	0.349608343759882
0.447187833935053	0.564146438114361
0.605651361499712	0.932319313424415
0.706194631823712	1.04165858067326
-0.337052328954744	0.339373758381849
0.271507962869837	0.308063496334595
0.147797054661626	0.14570885923486
0.117029260791266	0.10356456625446
-0.166470341403367	0.162951251783388
-0.645527676846841	0.96580933325385
0.161166104348588	0.137522378980357
0.691724690129102	1.04587490978853
0.0126335360224181	0.0106610834445258
-0.0388556802670781	0.0280065105831378
-0.35420735660536	0.330300488291369
-0.00321306658793223	0.00262399598992333
0.391683754809187	0.408020972310388
0.229061364186885	0.266018896354939
-0.137158810946513	0.153421902469934
0.0125636142818347	0.0106038589334209
0.114908363058586	0.116446734787187
-0.0701323157147503	0.0704385568257326
-0.00321303085531642	0.00262374386460435
-1.02567240634972	1.75642593765244
-0.878970421275946	1.40491367952788
-0.314143897571587	0.295777226904326
0.561838128495435	0.610410243816152
-0.217119764650905	0.224713232511565
0.561385387545441	0.798389909098375
-0.0207138505402383	0.0167573023490361
0.0388598964333656	0.0276251639155649
-0.216963488362731	0.20945678202739
-0.651074322004345	0.7527837131643
0.104162883362025	0.0885658646406311
0.481616487964099	0.485668919461689
0.149400553421018	0.122175601421026
-0.2430333192368	0.249999777731539
0.148018033094543	0.145961754422626
-0.329464198734583	0.28542709151496
0.180765134009596	0.166822619052292
-0.0596587196085512	0.0518682142607124
1.00663861553974	1.37971953977989
0.716423602125474	1.19400233707487
-0.848670552380182	1.01423250449985
0.638028384486927	0.743487914253973
-0.18701191292071	0.168615459031587
-0.0857389529510825	0.0671992665364641
0.13611198702608	0.106440265549991
-0.0401034019244222	0.0321158988705441
0.0559139825803693	0.0474129080511208
-0.101523268147612	0.0867794585638548
-0.237410223870468	0.276249233170631
0.189206508112216	0.181128065535449
0.802563653388282	1.03305906127945
-0.313959162107695	0.295599602430527
-0.287329430482257	0.251632477384379
0.171424967900617	0.152243127802268
0.189453249550641	0.181413711115723
-0.096373525654891	0.0675281411305145
0.0558302433562184	0.0473413047284722
-0.500592520550481	0.591687174213644
-0.375413117779609	0.374790595845431
-0.150178636120846	0.15781352752395
-1.26105072820634	2.28370527832262
-0.516538899773369	0.679198569231939
-0.104809855722055	0.104387663239922
0.463813808203812	0.518886887287501
-0.166469838858202	0.162959968691961
-0.0617515882913301	0.0489447094632901
-0.357061771585536	0.382802072994239
-0.040138041369609	0.0321479673371074
-0.448341743912974	0.503558166322786
0.834676175257774	1.33665553997469
0.149587821132337	0.122346821074545
0.0276942964406623	0.0242758294069517
-0.249951852617181	0.221198484219907
-0.0614133452907599	0.0486643249615131
0.459668151630607	0.531125113306751
-0.186782036584065	0.168366293626688
-0.551567529611234	0.684929756053731
0.253781743680005	0.252979708121699
0.207586267570818	0.162251167312488
0.532925028796983	0.638251034022532
1.04825232178254	1.39492250301305
0.116810525648089	0.103366173269112
-0.240154216144115	0.263447659686045
-0.935100662285959	1.10656021015845
-0.216863519524265	0.17779028861735
0.392701153062113	0.394607236951524
0.0164504848151241	0.0111042083011439
0.0587284051613219	0.0438378097546137
0.136203833807151	0.10650366457134
-0.500597152776057	0.591681957622526
0.820609866118417	1.18526957489246
-0.246142522707191	0.235782944085514
0.116800641409529	0.103355266461448
0.234865532827921	0.209269190176065
0.561884907325245	0.610279713535454
-0.359366029703826	0.231147371654073
-0.114003829597022	0.10528213772042
0.247829487139199	0.238375632582502
0.0905362427462842	0.0738688736123062
-0.00952980218130052	0.00616987670809042
0.00573985020020039	0.00428413202998861
-0.582554844646493	0.519800220205912
0.0555285686816657	0.0470767975498281
-0.287062300811037	0.251387323458485
0.858118628931574	1.03794667725127
0.189541779290429	0.181482677969741
0.386323759486537	0.470827361109739
-0.249339516402014	0.220481478071529
-1.13886465579056	2.00844050162246
0.894782122746661	1.64902891232528
-0.160322496184118	0.145783730424715
-0.460324848973521	0.547514149003054
0.321929211101175	0.344909218644938
-0.0599392942083731	0.0521299978126241
1.25468557848976	1.9749711604656
0.0240948253816979	0.0188075248337235
0.676042411780124	0.892348972895199
-0.393700566904743	0.419183689752639
0.395717024787218	0.368602568809093
0.319851642653379	0.331393728284719
0.0586572492389441	0.0437916203626469
-0.337072920116759	0.339422418949051
0.103566989411952	0.0734088812677305
0.561932653644928	0.610583592551887
0.317905257006973	0.318218050889539
0.0556265138830267	0.0471426522258055
0.672109601014712	0.732192640831776
-0.445972547043226	0.591112905105091
0.779123896060291	1.18374949840213
0.320362400983349	0.332249373942636
0.934329248012634	1.20479216790263
-0.314044187107094	0.295689366831435
-0.336892267178869	0.339170657372348
0.617187204968945	0.575315592097054
0.121010379009922	0.0902407129213826
-0.576588825025321	0.435398633028466
0.777497031436922	0.878470263138876
0.308919833077418	0.275784939103967
-0.762476660466298	0.9725424005035
0.104801848478385	0.0891644356452792
-1.47880465833201	1.65431265845501
0.317814038142373	0.318130647445043
0.0132607411287592	0.0111977528059517
0.779039034035847	1.03257157435938
0.393330019981414	0.395411601283702
0.541879523784868	0.629178438869023
-0.479743377735785	0.502731537456964
-0.27135321652487	0.277265352871571
-0.994199812918334	1.97483106100264
-0.26580990384167	0.290171753993762
0.133342884695092	0.143883701509457
0.0820300908022653	0.0750026851851847
0.739057918328797	1.03553743078026
-0.085389571356615	0.066912153339921
0.138593169824214	0.132006496036341
0.390499440970095	0.42092331084931
0.173020382073248	0.18796434288968
-0.104737505020523	0.104316783538215
0.551483119612503	0.619654281941494
0.500097994965245	0.688732874235151
0.24798205845584	0.238556652660787
0.518180486609475	0.658125191386537
0.610298414707834	0.756599819733591
-1.3676380859567	2.91783972006374
-0.0208727395860436	0.0168875359930353
0.124640154567325	0.130435480070183
0.541610817408568	0.628765788205482
0.156824986326339	0.159885240517901
0.62336238117608	0.749646628573169
-0.374751336296019	0.426269586122967
-0.224153265320875	0.149532636220532
-0.178059374261935	0.13441935721446
-0.286881888865775	0.251171883875543
-0.174573431544604	0.0912716571979923
0.10455473416905	0.0889463254176402
0.324326986538346	0.359132576606699
0.207734135780892	0.162386837541232
0.389127863966589	0.433325626248681
0.714508525966852	0.722391614043727
-0.112403445342955	0.0870337324181371
-0.246152500212565	0.23580325764796
0.0163018161869349	0.0110020568254543
0.197427327572801	0.195804580140134
0.511328960971926	0.667795623718734
-0.447889629053711	0.502769372236895
-0.265930742983353	0.290355608877524
0.0910442259637115	0.0743300260697662
0.171621664922485	0.152439064240466
0.0822378051729154	0.0751973931415917
-0.243451456325461	0.250414028081095
-0.150285733200622	0.157944497858269
0.211187808544543	0.223812626960646
-0.399565326561894	0.368747625001805
0.282763909745405	0.349839551205787
-0.434576815524003	0.633351304228577
0.315389841180022	0.304526018970973
0.124492489699161	0.130270641670374
-0.915397984701049	1.33413464692214
-0.24310319530586	0.250087657099102
-0.192901855092114	0.200702634852057
-0.234606861467535	0.288115853515764
0.716628220961834	1.1952162973739
0.0910586721331053	0.0743481697588672
-0.324080555994906	0.349818345290125
-0.143091979144323	0.109451237444929
0.692005672837996	0.726879132340871
-0.389773335840345	0.468435974515615
-0.0411442908948185	0.0360435011680205
0.0648019578101279	0.0688710619199271
0.327925549292204	0.385890897849539
-0.198448523655676	0.257505959709621
-0.125490772924444	0.106215127598549
-0.434265080595351	0.458776061248665
0.395725365949942	0.368628924435409
-0.00968008963281656	0.00626733742134901
-0.414338627737853	0.322474630815157
-0.359355529732364	0.231141735117536
0.0757814109340394	0.059239289262095
-0.460255136699161	0.54731139493098
0.320357355745009	0.332261925225732
0.263394916622657	0.280844601446126
-0.217190866787598	0.209690202727115
0.586460574804023	0.592652671459171
-0.160868992536858	0.14632432129363
0.00565478642946822	0.00422096639794685
-0.354043004211791	0.330103858548205
0.128049874256229	0.117614980628407
-0.479672853642692	0.502738187568387
-0.246137553833402	0.235759186662847
-0.216855724742876	0.177781370344769
0.207660077023786	0.162324817839809
-0.650269491011452	0.796982961033202
0.0694168935335681	0.0611675288066697
1.11507818164425	2.20858795095499
0.318037859284284	0.318531090452108
0.0556529722690511	0.0471703984047853
-0.041284003376456	0.0361765356972124
0.173244510571615	0.188254177881971
-0.0968685920070051	0.10298810909172
-0.310283220953896	0.417007836719011
0.459508244576739	0.530993658380332
0.241750918710371	0.224012948799097
-0.40326769633239	0.510739804791324
0.333082795657207	0.426493052634356
-0.0551320051539883	0.0556468574732732
-0.112497568260508	0.0871187239548986
0.0976122644230125	0.104581687328891
0.0192679194410987	0.0180494981026713
0.525611265388622	0.859651135858797
0.385460930802752	0.497020056783725
-0.125588953749838	0.106293545876926
0.447257142109793	0.564325093221915
0.104669400619123	0.0890536691066387
0.692594066495674	0.888575494434979
-0.988520788674935	1.42975135665482
0.189359777765579	0.181306185790327
-0.136482827957118	0.125152198172364
-0.650179241464509	0.796869391616833
-0.451733777099129	0.412569528498867
-0.0400475145282993	0.0320738752052
-0.595434563852923	0.694160300526773
-0.600662216033756	0.781765483530958
-0.0243112952439133	0.0214517054216046
-0.0811596469983657	0.086605098341583
-0.0797952004198916	0.0688294713349077
0.447951841865397	0.565456645557232
-0.265745845931911	0.290048337114224
-0.174224899261233	0.118243474270309
0.149587821132337	0.122346821074545
-0.352570385580839	0.278365413609118
-0.255830205101545	0.207285870665757
-0.101847930747573	0.0870644533857128
0.389698872021316	0.433848450716624
-0.216495730921439	0.193397919223383
0.262976317543017	0.280311686019615
-0.166469838858202	0.162959968691961
0.165339614915632	0.174140797341009
0.455018658130189	0.542154268949584
0.0588226303663056	0.0439111806472398
0.541864947670874	0.629125310728948
0.0276014496131155	0.0242043990117018
0.262906381299215	0.280231418492149
0.267334928228242	0.294189392881255
-0.233269946189875	0.301478752111806
-0.217229060750649	0.224794399160222
0.524925681433321	0.647637051406228
-0.463305755352423	0.673585360774511
0.737957017918136	1.34640441041302
-0.603932423185356	0.867069628204932
0.0279125125937024	0.0244819099531519
0.454939579864915	0.542027587744058
-0.040541937983057	0.0410687910246418
-0.0867441916230189	0.086773219263194
0.69260866122684	1.20548964033391
0.0128425986717299	0.010844285648083
0.138454185429336	0.131885830825962
-0.602566502625687	0.824911207725788
0.327925549292204	0.385890897849539
-0.0412830825854638	0.0361740262532188
0.247975076406833	0.238543557350314
0.136180166905109	0.106481798849354
-0.313966451012273	0.295608778878723
0.744978964470435	1.18731464604644
-0.271523391856046	0.277492190334331
-0.389766082809387	0.468351212326789
0.0555980027391331	0.0471408151086027
0.171530498596283	0.152356052570949
0.19707666246965	0.195388145255902
0.171775659356346	0.152594835184466
0.451244746155505	0.55363920280148
0.173213311286117	0.188208387783279
-0.186935293115929	0.168543006885961
-0.509522365555202	0.636368962969203
0.495443929936817	0.700134196810596
0.39588656154595	0.368841448683099
0.0237300194910506	0.0185149199474191
0.13618414685936	0.106495167581624
-0.585838134235168	0.562769702862387
0.0664399888014728	0.0647564379762323
-0.491252760512306	0.54794457393621
0.286296611165031	0.363970981055638
0.0401942232027795	0.0327144135252191
-0.0938076596952063	0.087264202887031
0.054252176761754	0.0511121943037663
-1.33148003598901	1.94937380024655
0.692141010463977	0.887552237081714
0.561917002395598	0.610485947558868
0.500479621121608	0.689402348112794
0.148018327818931	0.145968754704859
0.779547282966086	1.18483792215335
-0.556717525600595	0.728606529325485
-0.645490554450471	0.96517353769445
-0.0941275069244004	0.0875662024706189
0.385791003190948	0.483791467853298
-0.915733735837585	1.33491341264654
0.253259809981662	0.252384003742963
-0.216464319039729	0.238591966954019
-0.193164458056484	0.201035228034446
-0.500348968903839	0.757136029190705
-0.470707072458902	0.59078043234068
-1.28896624143054	2.7660671746091
-0.020381775478034	0.016477320834725
-0.0535480010584597	0.0575207993443583
0.180682620157402	0.20230974518447
0.217892330713398	0.238244691533395
-0.0272989487417492	0.0314659197830367
0.122542886385696	0.142900485745408
-0.604115920464677	0.867447291969404
-0.522873639995414	0.722022868486383
0.455008922133363	0.542080289119763
-0.423173456382996	0.505818411282864
-0.329383799708971	0.285337435196613
-0.647099259410306	0.925160984583282
-0.648851095430094	0.839445868884122
0.117202932554637	0.103736219279898
0.393222283273153	0.395423882677367
0.758288302510008	1.03387057615297
1.00662794253146	1.3798343439387
-0.130827154743618	0.137995398575378
0.286221124183547	0.363878938652463
-0.237352050416008	0.276187116154017
0.385655897948148	0.497086935330544
0.211266270220411	0.223908193985211
-0.278042731478031	0.264069734574391
-0.698068445034796	0.945504725388021
-0.708026864149964	0.861082199751076
-0.37846501587381	0.32379647416304
-0.271452939853939	0.277374481896759
0.149438453286569	0.122190449178065
0.247829487139199	0.238375632582502
-0.509452690527275	0.636277599630464
0.433194228461797	0.638120206871378
0.589821970445326	0.950365704506157
0.655793078834308	1.0634274640819
0.393214827436251	0.395426291283518
0.234936157981007	0.209340910283248
0.0239824378688193	0.0187156891172509
0.029241498857113	0.0173844871519685
0.322530986796118	0.345734067051707
-0.245902991707891	0.235512173724496
0.0937823424647598	0.0888424862790059
-0.545369678589598	0.640120892576816
-0.150123909663579	0.157719490230129
-0.99594729611543	1.23662969044481
-0.445968703526913	0.591253916017968
-0.192923740829662	0.200749409770367
-0.00320357086410324	0.00261435274951126
0.180309265419971	0.201874452114517
0.64809278859467	0.903496503873917
0.32446731776454	0.359313245799839
0.93859236709964	1.50977814710583
-0.0593785793401479	0.0516110313036625
0.0319832452036151	0.030981180437457
-0.551493632559362	0.684727938603493
0.324326990920157	0.359122151874018
-0.166330868834948	0.162789887476322
-0.190627262063678	0.185359562754753
-0.358997088505333	0.433563024136683
0.204780742740812	0.210032334096717
-0.136120683733369	0.124804116950252
0.116964552662657	0.103519500423377
0.0529162519069533	0.0589430155955369
-0.556648235024145	0.728469941801807
0.128332166553014	0.117907193784865
-0.0573191104481019	0.053955596076302
-0.83587555088584	1.28481866393816
0.0695572190165252	0.061295605947074
0.0822378051729154	0.0751973931415917
-0.0413675261766151	0.0391734502549352
0.171362282815378	0.152174005283942
-0.192916437607294	0.200739781049845
-0.714493611425559	0.819107838679278
-0.324150626158223	0.349898934311455
0.0694169979722991	0.0611569854350192
-0.271450030674479	0.277396242947828
-0.434349071152657	0.458902229739975
-0.644678063162817	1.00773488327574
0.00537732053999537	0.00401272673853254
-0.00889974644473545	0.00790826220017998
0.730453825555656	1.19139210570526
0.16521283906655	0.173981903132048
-1.21971444672954	1.97035154714418
-0.271366925645812	0.277296721628315
-0.564575489728807	0.813687198214315
-0.830836894663934	1.05187143467878
1.20326122831039	1.94221397678897
-0.337072920116759	0.339422418949051
0.325890753224823	0.372066753082773
-0.302668188594906	0.307153496227361
-0.125812849177626	0.106522462882457
-0.216983116542718	0.22453689119038
1.06665982701114	2.02176226573532
-0.255434158051039	0.206885799457124
-0.182923988105148	0.1516803958464
0.241850083353625	0.224127927728413
-0.21887629628638	0.162995812343899
-0.118999301999105	0.0729288051592891
0.120856795990952	0.0901380497241981
-0.266032177461801	0.195202305625568
0.393192364505622	0.395350029998297
0.459508244576739	0.530993658380332
-0.136056004241644	0.124719750899171
0.320272328747358	0.332160059379262
-0.271122399669147	0.276917325395159
0.517898456360157	0.657836776477429
0.799343646253832	1.18494541985514
-0.937923106737248	1.30001069178126
-0.370949909660549	0.519412551876412
0.193651377975967	0.229650374941958
0.253712066203665	0.252956605693929
-0.131053349299147	0.138290844575312
0.441873061046805	0.589178542830035
-1.53231286137184	2.60695284856693
-0.237454707044355	0.276301309763656
0.624831590259509	0.916528314876834
-0.606430558554949	0.990280526550345
0.15704400129893	0.160154175445423
0.309152240055966	0.276049414083489
0.475069699527103	0.496809562161726
-0.0153137088718785	0.0111800068106016
1.04762449525136	1.85763635373598
-0.39375574042892	0.419212309471176
0.104815737849242	0.089186356093505
-0.646844847395265	0.924498844701364
0.385291890385723	0.523596527470652
0.223345298288691	0.251816550289095
0.173110014722489	0.188091970570737
0.45499913652342	0.541937405503161
-0.160789500337984	0.146260223166105
-0.190487108327558	0.185191477691516
0.395657193970709	0.368430264199706
0.0824697093179286	0.0553743320395207
-0.00945540041656866	0.00612213876557071
-0.359435544098484	0.231227533097986
-0.112426406133226	0.0870642338145599
0.0127728410118642	0.0107845967747011
-0.166262625563184	0.162683366881637
0.511398808352546	0.667908245648043
-0.0402959325373359	0.0322786523375947
-0.216954064183335	0.209431731960449
0.12078848454642	0.0900812175859169
0.661113968590973	0.89683628646597
-0.075080843458621	0.0702755087760628
-0.123762151315921	0.122611060563108
-0.293417431007586	0.318461616283295
0.0549652666130536	0.0567166634705267
0.0559139825803693	0.0474129080511208
-0.093531559084649	0.0869668426385643
0.171439269229995	0.152263891153213
0.197216947401912	0.195581233476051
-0.466284232022905	0.456930843407619
-1.34179215715549	2.5940781425716
-0.313937390848941	0.295491150696893
-0.216731367801163	0.20915559082503
0.16513478423112	0.173833954992061
0.0403691769061605	0.0328585130492258
-0.0152352674846998	0.0111241409844588
0.138384226199035	0.131802304210652
0.661437338575796	0.897828066418047
0.0557512389571137	0.0472737978709483
0.0773997721736424	0.0779308260446981
0.247824310321401	0.238379700195224
0.475046732004282	0.496770577512027
-0.509313142175029	0.636022689022087
-0.466911388508782	0.457892142778819
-1.16154519411978	1.49546273438784
-0.0851479848916104	0.0666905276948461
0.204641302423505	0.209933025959024
0.217405293695398	0.237709383432158
-0.792116048702064	1.43437535714884
-0.278757737263841	0.340233806252164
-0.193248404382773	0.201127285710748
-0.0031427210973503	0.00256689869781545
0.0541961268767063	0.0510555169530487
1.01429866096043	1.22712404467748
0.180999988213552	0.167069906447419
0.39956237414227	0.294502291817757
0.263255260913674	0.280708454840781
0.600817601327241	0.583775658772914
-0.112757164042509	0.0873189927836497
0.533086008381713	0.638489117149416
-0.136056004241644	0.124719750899171
-0.329464198734583	0.28542709151496
1.00701526967084	1.37970279017855
-0.104317955751367	0.0557991159685809
0.329622129866209	0.399103945727581
0.65418242139895	0.737615204581338
0.189369429063545	0.18132446782071
-0.25621498188051	0.313815552904695
-0.655804447296865	0.667963792584277
-0.522027043117798	0.506851162433887
0.128350826283753	0.117917921613334
1.22961570201683	1.6339775921074
0.398983127444017	0.325918186866682
-0.300509948811267	0.240412684775865
-0.00945494978717442	0.00612132540462965
0.970082590971021	1.36806920090931
-0.295697346368146	0.379254556667074
-0.179633448754156	0.222370449868409
0.575754293461583	0.968776513434211
-0.0785523761900532	0.0889824105396795
-0.0810287606423718	0.0864427328316767
0.180775301348604	0.166835300032433
-0.409540383745453	0.46296627196455
-0.0123546421621991	0.00578834044022463
-0.243033671676805	0.24999276733973
0.87158804962282	1.19255138139128
-0.448351327195119	0.503665520704233
0.752707691508131	0.879749460361996
-0.451980291859896	0.412880101399186
-0.079483993574835	0.068539426946793
-0.434237204788678	0.458774531873003
-0.579196115953673	0.476925694052005
-0.69807746850623	0.945479098411602
1.28314789111898	2.6534928695175
0.156938111501536	0.160029212082772
0.338661160982169	0.479558195862288
-0.18250161227449	0.151277187545404
0.481299924654006	0.485377772397247
0.315274964664659	0.304428597500849
-1.40146877231383	1.48956869231508
-0.182400783875187	0.151174372268173
-0.27812671276887	0.264168779049144
0.522609769165947	0.425271794927506
0.934125223311264	1.20434331928212
-0.738677772357562	1.09583002128796
0.545033407289876	1.00964727118344
0.547324725254285	0.817652916455446
-0.915514956129095	1.33333760856666
-0.345311196391641	0.440441319892799
0.160717985128748	0.137049652272379
-0.487309490250497	0.373670893306532
-0.98094891809474	0.894028807658213
0.00546987908075044	0.00408240630465841
0.503536917274688	0.450127990067861
0.481464219867173	0.485598962448396
-1.03591405453315	1.21235780624502
0.770050510899467	0.71619428732256
-0.898563370093503	0.946864110238672
0.180633863778404	0.12748250592325
1.37842555006627	2.05372481388007
-0.372809743381824	0.473685883797299
-0.160302998063419	0.145803028917746
0.322418488103287	0.345777455228833
0.189759732574805	0.181709665595453
-0.530788732032748	0.551337360241558
0.171530498596283	0.152356052570949
0.399426499638321	0.310435087923059
-0.580349831282464	0.322341566730602
0.195490653491746	0.14545499131533
0.656751596641622	0.559375696683591
0.600967028586896	0.584018992172419
-0.260475980137003	0.301834901732544
-0.541384288491931	0.888149559246654
0.104703617236152	0.102657774845238
0.187076562708235	0.215527331888373
-0.920752642554677	1.52808674436823
-0.521613991345044	0.506092479099521
0.691708229389794	0.726178761609577
1.24278856746268	1.14731528241447
0.463828251877867	0.518897869240781
-0.353849022156115	0.329812974827474
-1.67772242690887	2.48396637573841
0.180763318493983	0.127605932868814
-0.217011813532659	0.177896625412956
-0.178281208989642	0.134607349890525
0.0757666032733103	0.0592282784308387
0.0694168935335681	0.0611675288066697
0.193769528574041	0.229826772939555
-0.265760371462601	0.290107760536668
-0.766066919696178	0.664990047838034
-0.302336350699161	0.306647303188143
-0.278147806173802	0.264178522434808
-0.178280969316959	0.134606343512753
-0.687509652607351	0.510321545292853
0.394423871600778	0.382067998727886
0.777498001828961	0.878316095944694
0.0165983000107752	0.0112040399746906
-0.243172752091174	0.250168665469231
-0.324360855996509	0.350092150856505
0.54719383012201	0.817148009214169
-0.0120038171521669	0.0114750825279278
0.239234239894174	0.293868016056807
-0.451588453785966	0.412358317735148
-0.32946820375106	0.28541918191126
0.804577847656175	0.715556578615741
0.459418103137622	0.53087468296892
-0.653012137224751	0.71011447103989
0.161321619736272	0.137671291381048
1.30578112100099	1.83978582656005
-0.0857314977153456	0.0671939316370113
-0.187269316737962	0.168886803905427
0.00602349038735828	0.00449414933367006
0.326655005497854	0.372897310418925
0.27560124065985	0.322251451721574
-0.463350944622667	0.673730834781384
0.740037991147356	0.718000210246802
0.533166482701006	0.638571882758875
0.309144242087346	0.275987064573636
-0.714650400304315	0.81944374538867
-0.249866388134425	0.22111805597275
-0.13213677998709	0.0911643968986301
-0.266175313793709	0.195333903227793
-1.30999844313536	2.27505232380229
0.318198997047444	0.318703608528391
-0.895801067002154	1.36860222600392
-0.370947121179939	0.519492165966371
0.704170395390513	1.20022839590247
-0.266093865197967	0.290523544432413
0.647951373911316	0.903156881441554
0.805548725469797	0.878226077196509
0.029189441395062	0.0173568414063851
0.0585706955927017	0.043725636522873
-0.132125912431391	0.0911792007208255
0.163597652775617	0.109126763570233
0.195414340112744	0.145426129864849
0.495547006421147	0.462159972240821
0.0390169184283159	0.0277360045298
-0.479495987899634	0.502398851678931
-0.302528791572825	0.306846190552256
-0.0398529302637349	0.0319050592689761
0.396792107929088	0.354551133633168
0.318037859284284	0.318531090452108
0.24773345385049	0.238265800744103
0.149266433688348	0.122024132325206
-0.50050790836077	0.417900539489111
-0.336885451449631	0.339140275435139
-0.651802227772134	0.753684735154966
0.0759227788359348	0.0593442023153179
0.258580498358339	0.266790921820213
0.384735934170136	0.562545784885489
0.124657509349495	0.130443809114735
-0.372837184949662	0.473752205822025
0.692989223984919	1.36332062140598
0.136027897332436	0.106361453168202
0.834886740860898	1.33748701220977
-0.655986127825527	0.668287703493406
0.562105959191426	0.610777341560381
-1.09979306930838	1.35168451442963
0.503476136098804	0.449982600235372
1.25478021026716	1.97524646810652
0.503536917274688	0.450127990067861
-0.733549674793338	0.739191871753291
-0.193199132118848	0.201085759834218
-0.516645123778925	0.679422888499401
0.138593593092018	0.132031872281601
0.21824247824766	0.178661613876489
-0.132264872250224	0.0912693510664326
0.227057238141971	0.19411560493763
0.394510527526524	0.382186484799206
-0.487326787931181	0.37368176141879
0.0582603064206482	0.0369038600074208
-0.352844425349452	0.278652187353416
0.390364551284688	0.420679724984269
0.308915812303052	0.275779680660086
-0.303523193624216	0.369387172485109
-0.0869265514272789	0.0869816134376884
-0.176322151947744	0.207052157177863
0.0545398290215934	0.0513884927624652
0.104559925552179	0.088956991735103
0.0237656703386572	0.0185459549149714
-0.453449761195745	0.286766668269298
0.598646304813864	0.76452827823282
-0.448122878431373	0.503298110797204
0.678411666149896	1.05014140291609
-0.249524730008608	0.22073685260685
-0.648851095430094	0.839445868884122
-0.390029486470676	0.468910284830027
0.0390169184283159	0.0277360045298
0.18960648629833	0.181574509122017
-0.46688850244522	0.457854110690278
0.495397929272994	0.461990951824768
0.258805657043519	0.266979682793131
0.138384417829282	0.131807818770651
-0.144532663878486	0.142381151800976
0.0557416629852289	0.0472592493289296
0.399648360072255	0.294722245354068
0.104906205414937	0.0892622372012635
-0.50074560811562	0.592000435624975
-0.216695813163969	0.177629813274431
-0.313930165603708	0.295421507320399
-0.166539682998167	0.163029500184949
0.464234749727433	0.519597441973802
-0.414797645761307	0.551722605500032
-1.21944373522541	2.13486223539558
0.19972541308889	0.243460393604688
0.32950073081067	0.399065862920828
-0.293555241443261	0.318690840493287
0.157051248223458	0.160159348129161
0.635577545485527	0.567038561366388
-0.112380637070599	0.0869646689208442
0.163377633259296	0.108956590161776
-0.409771197743569	0.463348169792389
-0.193002217690089	0.200818719087443
0.525109237396141	0.647284098924279
-0.313866899661384	0.295480100236995
-0.249951852617181	0.221198484219907
-0.645423097693249	0.965297086712129
0.598625762751699	0.764417161831942
0.533015980346705	0.638408386250472
0.124632585465247	0.1303726356731
0.217639724435326	0.237987410640608
0.104774507283871	0.102736998615667
0.0556123146015982	0.0471487359955978
-0.154878374550335	0.17267738946442
0.730198513352225	0.881250725275372
-0.70870205409026	0.861837471831585
-0.30281727790202	0.307310523509332
-0.448505212355053	0.503816619066219
0.390521727838578	0.420937298511035
-0.278294717578654	0.264346922341057
-0.101293580546209	0.0865589204155278
-0.866257653126411	1.21004293736528
-0.0150858762743941	0.0110161735161859
-0.0704941193670073	0.0708546094483889
-0.389617511583874	0.468200436470269
-0.353856409699378	0.329846523958666
-0.697920663748116	0.945092681589847
-0.885280877844372	1.17398743524898
0.149924208722994	0.122594945563841
-0.0401310843790005	0.0321434858999316
0.0391940729543404	0.0278685352741982
-0.650095842289312	0.796729256149507
0.0293539036123117	0.0174570183041585
-1.11181263976109	1.51245981697247
-0.665806806792134	0.586214883858626
-0.650082278092244	0.796611815560562
-0.787294794018951	0.894331264941822
0.00541419925738024	0.00404212194045957
0.258653194723275	0.266848265145714
0.333213023480528	0.426750944382073
0.0404988270767269	0.0329767463785829
0.128193818138992	0.1177684357735
-0.277958764408832	0.263963895325632
-0.324080361743357	0.349758156418264
-0.0576407945403871	0.054288496587829
0.189388582147465	0.181295009377967
0.318458394195815	0.318917694403069
0.00567664855506983	0.00423763880127388
-0.434817895584224	0.459347512762137
0.55151648172246	0.619874597994583
0.104662473823182	0.0890522113159344
0.814739807055376	1.33534252111986
0.934511719903762	1.20567555678859
-0.434440116984644	0.458962426729963
0.503533382819964	0.450124236975337
-0.21687514576195	0.209335934674065
-0.399633738786831	0.368888135478087
0.60589026976929	0.932685063361137
0.241511508199566	0.223730425116802
0.447812624553347	0.56537739517218
-0.451903558257979	0.412823577634468
-0.240286359248072	0.263668559236283
0.331302554272725	0.412751062575125
-0.0869055875103066	0.0869541572913876
-0.762895925264138	0.973568954633499
0.207658619683137	0.162256014315278
-0.762755905136808	0.972407008869251
0.195414340112744	0.145426129864849
-0.650082278092244	0.796611815560562
0.805697597942491	0.878532025657693
-0.594987859508994	0.692941272918264
0.0756104432174997	0.0590982196639525
0.120694665642155	0.0899995656590287
-0.131196973608763	0.138472967631891
0.385609047025937	0.510347771217328
0.569102441775363	0.788601629290842
0.241835576014497	0.224102435284799
-0.374473184555308	0.425831865779497
0.0696970990084533	0.061408686593703
-0.556856711695761	0.728732721973386
0.32589058885683	0.372031417020904
-0.324080555994906	0.349818345290125
-0.337253815698925	0.339583734864295
0.00565478642946822	0.00422096639794685
-0.762399690800929	0.972153218623875
0.907376453540487	1.34988285166643
-0.35420735660536	0.330300488291369
-0.243033671676805	0.24999276733973
0.029371177674185	0.017466505112097
0.104479487195186	0.0888815871437514
0.511328960971926	0.667795623718734
0.0544496653752576	0.0512988485401682
0.055602785853935	0.0471448153947061
0.258369096817236	0.266534132856658
0.761685470338327	1.18534690149888
0.393285451661811	0.395476245623977
0.136344309536134	0.106625369995602
0.180909978356055	0.12770167975108
-0.0150933951263039	0.0110217792034266
-0.576563180698532	0.435331683334382
0.234958492873689	0.209356073526506
0.0293539036123117	0.0174570183041585
0.104669400619123	0.0890536691066387
-0.114283544711073	0.105578782517286
0.315545346308303	0.304770416881364
-0.538896786428753	0.596463960649159
-0.375785467527034	0.375245813059698
0.149386660627392	0.170923073114816
-0.522698169695755	0.721591703523389
-0.375307076326927	0.37480589500467
-0.487746148578971	0.675946473360935
-0.282542203742254	0.417902019720249
-0.564610710252225	0.813810896011271
0.0818218974186525	0.0747905210456793
0.320512206019087	0.332440450416113
0.96987021435737	1.36723118296288
0.393058654999778	0.395190458074402
-0.101847930747573	0.0870644533857128
0.0278425208146475	0.0244186606282356
0.14786127858819	0.145788228762224
0.331519365396924	0.413116696732645
-0.266073332417513	0.290493793955196
0.227136089417379	0.194202786841527
-0.358947975002047	0.480314513931692
0.148156982731619	0.146113345531873
-0.277958764408832	0.263963895325632
-1.01165869943758	1.05235309967389
0.495770448102227	0.462233997929529
0.149494226786151	0.122265107836733
-0.829125832982878	0.606496399181627
-0.659841868762283	0.626620343676158
-0.649101453983406	0.840089541325664
-0.0243813876349501	0.0215181416102485
0.730298374198063	1.19106801325554
-0.409697305913071	0.463236521740417
0.721975271739901	1.03826383314166
-0.863798783381823	1.44083629810923
-0.166399999516219	0.162867096293901
0.444587717399352	0.577026318804179
-0.330029107782896	0.400107474155414
-0.81192666154546	1.3598661992102
0.394408228720969	0.382017635770344
0.533750830561223	0.412952542023222
-1.45022307596246	1.35229662165663
-0.329625070156605	0.285580755979885
0.226993841235479	0.193978061117899
-0.722821496655077	0.778596973808915
-0.592574095671252	0.65040823613057
-0.216786915136628	0.209178446772086
-0.603988680765391	0.867203198638914
-0.216560307021942	0.238648525808813
0.994101714143297	1.68140597007188
0.0661885524826755	0.0644934356084747
0.207437452046483	0.162104337112537
-0.143096010771681	0.109457396651977
0.180838377537588	0.127660535387965
-0.174104139717133	0.118163526524318
-0.255599957191731	0.207069261387599
1.15415676985689	1.11177479222723
0.142531886827214	0.089431917333878
-0.0244454358040731	0.0215778693435588
0.535578148054549	0.838234397046484
0.511538151596058	0.668104336525391
0.331474370622585	0.41305187765605
0.0940385406038528	0.0890996124457265
-0.286020403396677	0.330275988184364
0.248149247652212	0.23871327535008
0.38736917687706	0.458656322212864
-0.0578796270186756	0.05451715738661
-0.250205350924285	0.35507534268636
0.138663473321406	0.132101721306238
0.120622154288226	0.0899368367941582
-0.178281726259423	0.134591460907915
0.396047660424809	0.368996157019411
-0.33705917808058	0.339404208267548
-0.187276247668116	0.168900154481506
0.503547452292205	0.450017332454993
-0.460465168808955	0.547671902049104
0.476871786309289	0.757687444645028
0.47684248348289	0.757595320432512
0.0543228821344849	0.0511814906999564
0.889041455080327	1.95681424369907
0.610360943137506	0.756800391973252
-0.152398757950846	0.127715355196367
0.917881063656079	0.888853448975152
0.656725304781844	0.559411616515847
0.74527329935711	0.543470117704628
2.03674589251125	1.92895273831291
-0.418057609008037	0.41374252027302
-0.234447585763737	0.287800041014058
0.0131711647334399	0.0130852882247303
0.0131696354265837	0.0130819451338679
-0.192980278803031	0.200826794057853
0.117282374995959	0.103802824568431
0.253553103099723	0.252809283370623
-0.0273767312009512	0.0278417404522715
0.0939104274861304	0.0889795742000195
-0.237249361222476	0.276044163101457
0.189251784303235	0.262449401017667
0.0240736412611185	0.018789042448816
0.103119837188829	0.073102331006772
0.495172614245972	0.461546589413147
-0.435718717203996	0.549548460357477
-0.182494132619584	0.15127556268451
-0.354050483002661	0.330091102339923
0.142385191288702	0.0893472609315053
-0.434388380477482	0.633110134993797
-0.442967817111278	0.67358561425851
0.530256673097539	0.848549397297922
0.124684839311627	0.130479678010503
0.427371181584922	0.672785965328736
0.253468664312443	0.252709025090911
0.218327014349961	0.178725141322108
-0.378096184654674	0.323826608197241
-0.453448946127104	0.286791526836624
0.398850258110096	0.32577261267554
-0.825026877009966	0.821611328027008
-0.509243259380826	0.635831339307549
-1.35594072871795	3.07817154844707
0.189522681645733	0.181489441337562
0.149306801372403	0.12207833145269
0.309060032962418	0.275853129215554
0.610291192997699	0.756619857723482
0.469469519860777	0.508319994309294
-0.787127763745817	0.893759416451351
-0.104886067065812	0.104468257141462
-0.470982898616339	0.591307948390116
-0.556787122004894	0.728694950652233
0.197146814274169	0.195496958917638
-1.17636463299998	1.98790305643172
0.116944791257547	0.103473447300173
0.524741502304405	0.647269539787437
-0.0616742259918492	0.0488825246554011
0.18075984729333	0.127597395083118
0.309160181309217	0.276070000728968
0.551375269468544	0.619756639949329
-0.190697228180588	0.185430750543484
0.165155930200581	0.173862942368964
0.065040943412539	0.0691471458333832
-0.285803626476288	0.329951963055065
-0.144611137562944	0.142431907006798
-0.286132463100161	0.330404033203278
-0.00923808753337685	0.00598001363956412
0.181110032645377	0.167153728606384
0.234865532827921	0.209269190176065
-0.434237204788678	0.458774531873003
0.322186144448949	0.345455598511619
-0.885273858552366	1.17400052411151
0.0938184719634418	0.0888876751292259
0.315304701824119	0.304405844941707
-0.385861186706832	0.514903800544941
-0.337386239829369	0.339737679024297
0.14950936179859	0.122275658997519
0.624731629976913	0.916195723486786
0.10473216359715	0.0891148573576077
-0.686523645637221	1.06969421097282
-0.830419597983537	1.05102835134986
0.467147703732881	0.789265371403779
0.258369161767151	0.266516126688775
-0.393605962176557	0.419065251888936
-0.313951889107726	0.295577652876586
-0.59558154704584	0.694326264847968
-0.218577750487416	0.1627359920468
0.138384226199035	0.131802304210652
0.553825635280139	0.807411294048798
0.133381418988706	0.143887060401666
0.625059958401088	0.916895445944397
0.156711873100419	0.1597273181673
0.672118126577847	0.732152709921683
-0.830822454318187	1.05195945158464
-0.434314176990955	0.458846007554663
-0.245748263254167	0.235317001870372
0.299929183554533	0.245429281334513
-0.342800338419689	0.392065414819323
-0.345194851523535	0.440235517604633
0.31578600527147	0.305000110075013
0.38814276617001	0.445952905944771
0.0661672818952925	0.0644782815202288
-0.359405016484501	0.527010584666524
0.0438572839107182	0.0438722201500991
-0.516886709122221	0.679775257494192
-0.105521911504432	0.140569043817385
0.439315445943941	0.601242012745539
0.0586878820478435	0.0438104313389275
-0.287227574359902	0.251521641966835
-0.500647396185377	0.41811134629459
0.779546723805009	1.18464200600209
-0.0614978831921022	0.0487361488903617
0.474803607328705	0.496352843286215
0.165093420531726	0.173815514955373
-0.535854982907526	1.02291355225502
-0.284257578413742	0.459543428626833
-0.371107123975539	0.519784748374288
-0.0538553189425132	0.0578714833065875
0.271790703447791	0.308449316299726
-0.0384633560526948	0.027716112096618
-0.0667944220131614	0.0715129621457993
0.26311586933696	0.280527622268705
0.385322401378818	0.510344626943065
0.0936687685965243	0.0887230627375521
0.0542595010062827	0.0511195686828955
-0.190627262063678	0.185359562754753
0.439360433000221	0.601305092160946
0.541879523784868	0.629178438869023
-0.509522365555202	0.636368962969203
-1.36733705470614	2.91616236684239
0.525064803306646	0.648021153762433
-0.17414888457398	0.118202425873135
0.533668738015448	0.412985803670079
0.770027834647173	0.716327481018392
-0.803888842213564	0.856818671064711
-0.160442432342634	0.145907831524466
-0.660198526824521	0.626915797308153
0.76819868458864	1.49398370513343
0.506546109520024	0.89696723637822
-0.33194479729078	0.50986960188531
-0.357159379590438	0.383037269485002
-0.020783536681552	0.0168127766506602
-0.182658505693495	0.151442199828274
0.254758111916433	0.346235265306471
-0.393925222880954	0.419495085432397
0.315700872658956	0.30493115205533
0.441647760781308	0.588791645575769
-0.12362258955231	0.122437837465771
0.0755731066962753	0.0590559283687321
-0.271734707900043	0.277746737212833
0.0756104432174997	0.0590982196639525
-0.190557025873334	0.185270838720073
-0.125581877514528	0.106297841917074
0.820824945828453	1.18551904686874
-0.313046096023844	0.359795247514041
0.648233381630515	0.903622021106715
-0.479418314912323	0.502281934890263
0.0585149250519935	0.0436773959607515
-0.300582856850449	0.24044237056904
-0.0617515882913301	0.0489447094632901
-0.123818447052208	0.122670924114644
0.317785374019764	0.318174163138499
-0.0938705474228042	0.0873278243096465
-0.375355993613315	0.374777082842137
0.655685395464069	1.06329196891782
-0.059799015939607	0.0520009289163333
0.0240248647797454	0.018750962581371
0.398788852383504	0.32567098954555
0.705984127817565	1.04150673608856
-1.13543903355759	2.84605341445893
-0.00867663580305667	0.00770810746276353
-0.255830205101545	0.207285870665757
-0.190627262063678	0.185359562754753
-0.402946262574203	0.510241576048222
0.78189443332969	1.49260098034481
-0.302276092858085	0.306562339134491
0.325960745517759	0.372225071669902
-0.313803680170712	0.295402252618855
-0.240061178336645	0.263347301263559
0.532930278813132	0.638274766716413
-0.0797209847708517	0.0687609992905717
-0.0795534813208824	0.0686079725703387
-0.302509409769206	0.306942889019619
0.136336412072238	0.106594410022235
-0.0938633607467742	0.0873155828923282
0.104484679995458	0.0888895654599192
-0.260758629886227	0.302323650578062
0.429415788772274	0.661840680928444
0.0415009710524263	0.0377439544105653
-0.249819826242869	0.337920151427181
-0.708272891940372	0.861477954024131
1.09813678031499	1.72830529651361
-0.522171914231931	0.50700337312397
0.304838864189453	0.260908425931686
0.0555045251592834	0.0470502035281516
-0.0207981871078701	0.0168267898829949
-0.470923734745653	0.714857053097612
0.535578148054549	0.838234397046484
-0.697916171662924	0.945129612529171
-0.150389017805513	0.158064186261072
-0.173915766234399	0.193214660606218
-0.217120076795254	0.224724849019212
-0.286042504533867	0.330279907928364
0.239178643203927	0.29378204826183
0.561364323232298	0.798130255670426
0.11491630336638	0.11645190983254
0.0588607464269978	0.0439383146102274
0.189300022656	0.181228774916413
0.623495361680146	0.749990572041842
0.171607491922076	0.152437776611353
1.28307829364496	2.65367801689587
0.705914029115809	1.04126919982157
0.124506137869973	0.130287031697281
-0.374472960173517	0.425855679568319
0.00111125888302293	0.00106852040881018
0.0239196445677968	0.0186694528108248
-0.849990763801047	1.24680977139139
0.320192350896399	0.332046551049607
-0.418513751656548	0.414328134856248
0.730458651515286	0.881795933550943
-0.25568501614626	0.207138751682174
0.398037603734218	0.340613371009304
-0.435436197077909	0.549069934937623
0.463890795933241	0.519034196472329
0.239117450476144	0.293649198236124
0.326515741993496	0.372872035155081
0.318234436450037	0.318675351592614
-0.00919775957107262	0.00817019179416028
1.01138164785366	1.99686749530588
-0.455107376687951	0.632516745416515
0.327904706464866	0.385894812026366
0.0388762607542871	0.027640028355485
-0.487587978051889	0.675413313872056
-0.112764903884134	0.0873291727933505
0.999499279304164	1.53000093111416
0.10319514807498	0.0731660225180905
-0.182385948859972	0.151140980158555
0.267092383986536	0.293723966410501
0.171523387427902	0.152352885246562
-0.545792911979897	0.641043067107723
0.00566930896023382	0.00512980530804493
-0.674569051165826	1.2302707239058
-0.674320362379158	1.22940104806787
0.386123039442029	0.484256193035288
-0.0935990849848156	0.086991193481318
-1.17168559724013	1.82193452360956
-0.414210048790277	0.32241284136923
-0.446041128737214	0.591412666394319
-0.0273139932184504	0.0277763187350156
-0.179875094058271	0.222703129406884
0.0415358246134079	0.0377839217789538
0.0275016175460741	0.0241095046808198
0.114867396875746	0.116411837891581
0.3848096877011	0.549527933307778
-0.05951858896028	0.05174735124464
-0.234622323516698	0.288118569166048
-0.217380221923533	0.295707020652106
-0.358700697482168	0.479933755226675
0.234679387823075	0.209054367819408
1.03043748262447	0.912443525259986
-0.39410496712147	0.419604722595311
0.0909111371781611	0.0742116526653676
0.532779807193467	0.637929254616532
0.299780530349784	0.245308578943303
0.0738512188266277	0.0807652007834292
0.582702186745088	1.12760637729742
-0.403106973136524	0.510547881776297
-0.130618056826252	0.137622756538245
0.0436709876581937	0.0436841818974794
0.157022212944666	0.160113954243559
-0.100976096516812	0.12022417093291
-0.101128898563948	0.0863915719353273
-0.190977682671951	0.185708186300216
-0.00945634231034822	0.00612306024168895
0.398186499645551	0.340748706219064
-0.12573586422761	0.106453741096629
-0.132193593198485	0.0912258759784421
-0.293972045193267	0.319218769430455
-0.150285733200622	0.157944497858269
0.327719894600026	0.38556846245039
-1.38078538340654	2.75595891055151
1.025531680141	1.69414971906193
0.573653213261514	0.601591942408131
0.0937688473111075	0.0888310703840993
0.463982224852937	0.519225616952599
1.28525783152676	1.49628894551262
0.241666246539859	0.223916822698944
0.533000275045368	0.638337236126166
0.447534955996272	0.5650019560084
0.0440195529231341	0.0440351557521903
-0.358890505657442	0.480243771739384
0.0542107567103225	0.0510690524660952
-0.0209571207654028	0.0169563587762115
0.53548830106733	0.837845423102391
0.386137576457202	0.484381014437803
-0.166747948713571	0.163231665318216
0.147975425676149	0.145923476966824
0.0278443602738903	0.0244184955110726
0.0877439735274169	0.0911284539263176
-0.579082799368353	0.476670281090594
-0.313781927010665	0.295374620728332
0.0280508915315073	0.024601046503308
-0.214953938019224	0.264707825288358
-0.237529983647541	0.276385074112901
0.267406312152687	0.294289990057931
-1.17957001808147	2.1529087995054
0.394454955042962	0.381994278209246
-0.255846929845918	0.207287351321458
0.300003688742209	0.245479519236654
-0.7146651223027	0.819482612131145
0.692079363787394	0.726900332168059
-0.358842983266175	0.433349059890787
0.318360133464881	0.318822381064478
-0.425076037091558	0.592561815062717
-0.697911691871172	0.945118416221174
0.253150548624043	0.252298094731932
0.263185489808779	0.280627655816269
-0.0398735206242913	0.0319270466889664
-0.187123016605182	0.168744943999126
0.267463399301093	0.294368552431751
0.0239196445677968	0.0186694528108248
0.459363504029411	0.53068744825666
0.51261887757322	0.437882888474264
0.638545258775319	0.743846433727223
0.0662432369764314	0.0645630393620067
-0.561056095398225	0.771615522764302
-0.506278583276752	0.799239701408529
-0.160134580710509	0.145604071482055
-0.160209146688762	0.145677941326777
0.0689961383477564	0.0607545179470406
-0.00319898559889092	0.00260995998702723
-1.14285340787432	1.02407675170765
0.207807441611083	0.162422368123609
0.0759301827748852	0.0593545310929021
-0.21667201531562	0.193577176062349
-0.216405641457546	0.238486840293941
0.251678996890277	0.334002225126446
0.0191203241627273	0.0179077166488321
0.234192839426505	0.279789050321843
-0.293418074249095	0.318406128599907
-0.040193833738696	0.0321931559302311
0.488252257464019	0.474073337464288
0.14905601867117	0.12182809453436
0.661437338575796	0.897828066418047
1.17137481726121	1.60589572679845
-0.166123667729512	0.162505944092638
0.133224223946288	0.143712878978279
-0.268819710839526	0.363044950380205
0.645693781311321	1.07050730279524
-0.085389571356615	0.066912153339921
0.211515264274593	0.224086321463667
-0.240026931222347	0.263285396426938
1.14891500635769	1.43517500935774
1.14905067248826	1.43533602522224
-0.00876723556241338	0.00779118967124343
0.276879043977232	0.194233847049711
-0.0401241419306285	0.0321380517406309
0.173113897298138	0.1881098119509
0.149719007404945	0.17132898444515
-0.556647620218999	0.72843622346796
-0.385666878173104	0.514555600217717
-0.470912875568887	0.591084168446656
-0.293763790526477	0.318997915356604
-0.41461191716234	0.551474115125737
-0.409461933479558	0.462813576641435
0.234424754668883	0.280099890337642
-0.237321238600325	0.276129673251313
0.676283806876596	0.892850154147382
-0.0245384512994829	0.0216602884214559
-0.169484587809372	0.22122602733637
0.0880182775164165	0.0914742035649706
-0.336899097551259	0.3391866527059
-0.00890700886477027	0.00791538989468783
-0.105425595692154	0.118658071000404
-0.152824115961494	0.128104702707116
0.0821688771877415	0.0751362605634078
-0.603959260743772	0.866673257089778
0.388212730024035	0.446072908869657
-0.0700571392589212	0.0703496235247
0.907460642931819	1.35015726660368
-1.01893540677759	1.39939323355312
-0.0595887606484214	0.0518145601058125
0.326098751460071	0.37238235156298
-0.194590126463639	0.215399025280147
0.0129819772254105	0.0109631759363538
0.138523719612982	0.131955293772521
0.197146758331853	0.195469544927028
-0.50938344313389	0.636145384260731
0.705703536175955	1.04063868366175
-0.448122878431373	0.503298110797204
-0.538650597088101	0.596119177775132
0.0444596720418425	0.0482218544750141
0.0129123538769149	0.0109037702269257
-0.423590238675244	0.50663958679132
-0.0203119823679947	0.0164207876581209
0.487991881104081	0.473713634710421
-0.940428080646982	1.49426784929568
0.901063861020314	1.197589558747
-0.81586719558092	1.09036114324249
0.38793102118084	0.445635231541257
0.0777523352298484	0.0782856915487222
-0.278921579454313	0.340462849332852
-0.389937829388536	0.468702100466639
-0.330259357670764	0.400453474750763
-0.908232805650122	1.75277166921684
0.019360943030291	0.0181379591766055
0.0695572190165252	0.061295605947074
0.49125545131799	0.71171007253247
1.27118146232105	2.31408803862609
0.223448906442811	0.251955405674067
0.0237514547453784	0.0185352322640704
0.427790998644066	0.674028245543126
-0.403043563562704	0.5104072954905
-0.491002422136916	0.547599767603969
-0.598097395161751	0.737787917042811
-1.21689927700082	2.78961031928289
-0.600523105355738	0.781476463553547
-0.374682604752224	0.426055503692789
-0.243173236626224	0.250145052731614
0.0818218974186525	0.0747905210456793
0.469525099182445	0.508429265312518
0.019360943030291	0.0181379591766055
-0.342522049587694	0.3915653313265
-0.0705111571313843	0.0708752527393091
-0.738402229800941	1.09542505946234
0.173468793600479	0.188438277559897
0.334654738608197	0.439947628922786
0.530589398295611	0.849136654830932
-0.598125854419592	0.73797255110303
0.761475926397404	1.18553527377557
-0.864218973122566	1.44120114408716
-0.342455557946747	0.391557063636206
-0.152916635923906	0.128177693658697
-0.0596587196085512	0.0518682142607124
0.0820300908022653	0.0750026851851847
0.0192951959562532	0.0180729996962767
-0.217047185513801	0.209549392732378
-0.216949370934485	0.209407651019152
-0.0205695992340777	0.0166367956054759
0.751154273432818	1.34285425589396
0.147932659941785	0.145859848972843
0.672105315561482	0.732168202846751
0.24773345385049	0.238265800744103
-0.0120754334711915	0.0115446309695075
-0.425193098869432	0.592730531741684
-0.336878650371646	0.339094351859909
0.38935649109505	0.433650005723126
0.318191864250162	0.318677470459561
0.0776087115833079	0.0781631427193821
0.124506137869973	0.130287031697281
-0.0244103483755787	0.0215460805260354
-0.460604997437132	0.547917362489973
-0.5167441071874	0.679473073505827
-0.500550707113354	0.757976532707393
-0.302425234648643	0.306820137119968
-0.0411820484902372	0.0443770899281874
-0.255897915869354	0.31335067966732
0.389609716069926	0.433875200828216
0.0240807176399423	0.0187957698213814
-0.803814562259832	0.856943648201482
-0.0389517665662323	0.0280703640009902
-0.374611934076597	0.426081202460114
0.624610355999862	0.915693855549574
-0.698003579741424	0.945211836099513
-0.114213979111998	0.105505346033868
-0.500666750397027	0.591841051697344
0.226378080777832	0.324462107404316
-0.602497555212262	0.824757008754002
-0.179315441435918	0.22188870840801
0.148363463787401	0.146296895192773
-0.791609978777781	1.16848681076835
-0.409993636612351	0.463559978253411
-0.223997400649952	0.149417113869312
-0.154660506928666	0.172362160322907
1.00670662826122	1.38004111388236
-0.50122838849355	0.592663289349216
0.197357237093764	0.195736631731591
0.0132605507158116	0.0111972502056163
0.2269316327833	0.193943729283352
-0.178206953610041	0.134549398707864
0.299780530349784	0.245308578943303
0.161158746033845	0.137521513360107
0.447673434403986	0.565151926225882
-0.479920468190976	0.503015663866194
-0.187199635013084	0.168827543975833
-0.166608789367883	0.163111268203825
-0.500898687236937	0.59222545098979
-0.0413531282462781	0.0362414364534345
0.0131726319029016	0.0130860530960766
0.0407536231225068	0.03318958867143
0.0911288375669665	0.074400128453796
0.331402118060182	0.412972421830519
0.50027492459771	0.689146840908078
-0.988604013072791	1.43004423219899
0.180860303196443	0.166925340494077
0.491220235239859	0.711527606612123
0.0693467835694638	0.0611018751211606
0.14939292427161	0.122159843041602
-0.33706604180402	0.339420258737218
-0.0964492085451161	0.0675737358168837
0.0129123538769149	0.0109037702269257
0.692487437841306	0.88844683542894
-0.142693974289474	0.109084263304078
-0.551874291878705	0.685402417513705
0.83495671113745	1.33761052998872
0.0695572606276234	0.061293529109271
0.0652533288712855	0.0694064024722401
0.165073889040476	0.173796337812192
-0.649017953458368	0.839939882306879
0.705843700859674	1.04120714901791
0.0409833341752086	0.0333731777166179
0.500388107931377	0.689328433429586
0.387090426204924	0.4583275155234
-0.749801200706359	1.3612217929276
-0.237252862205567	0.276025342436377
0.393300371504068	0.395513125680797
-0.321914419340628	0.232480962655044
-0.302583967669779	0.307045885267977
0.395708625235921	0.368518343796956
1.03557716111211	1.54502405477442
-0.448038767305935	0.503147803897645
-0.0402843258507466	0.0322687077456409
0.725832500750935	1.35101057371276
0.0439184354917666	0.0439370303169839
-0.113865285984982	0.105151227252641
-0.835738199012317	1.28436273493276
0.104822660662293	0.0891932918989493
-0.136129912860385	0.124809486121765
-0.0614907134889612	0.0487284114585522
-0.602638308038168	0.824462515864019
-0.0797019257840662	0.0687390621071899
0.0823767962469584	0.0753232807464808
-0.358813622471278	0.433297124378018
0.0694169358674311	0.0611687260196023
0.971928309058573	1.21520355910772
-0.0615896395971775	0.0488129899245312
-0.152576175903837	0.127885607723331
0.103269621139616	0.0732206800130946
-0.660271993749405	0.627100312666124
-0.354315919171753	0.330347317838296
0.227380374487898	0.194406479102793
-0.0797761386850659	0.0687990253116154
0.165200594401766	0.173942713185026
0.189532255485104	0.181497094581218
0.0276014496131155	0.0242043990117018
0.104669164805515	0.1026204078009
0.00586295633201855	0.00530374467992752
-0.123634937493992	0.122454009094525
-0.0855604948433322	0.0670563730995047
-0.522929651055591	0.72212970361637
0.320347225616589	0.332255043164787
-0.131039707068724	0.138261483980871
-0.0575167907027726	0.0541507506183932
0.454954129744524	0.542013237097341
-0.271357773995143	0.277285889228337
0.304992433043026	0.261082531038845
0.0759227788359348	0.0593442023153179
-0.125812849177626	0.106522462882457
0.104489859198381	0.088894881817317
0.304924081245125	0.260972916249706
-0.434251112593251	0.458817259205655
-0.105172154983553	0.118333455320826
0.253656979510972	0.252844053007059
-0.271205394440307	0.277057865664799
0.09140400894978	0.0746203365993278
-0.589168305916306	0.606298400075168
-0.142616244953649	0.168364907643977
1.56452463615293	3.62663036881439
-0.0403063058792859	0.0322836700401266
-0.101523268147612	0.0867794585638548
-0.0936009111710169	0.0870468770224035
0.551095817730722	0.619288496410797
-0.803814436743034	0.856620181085059
0.117128361842709	0.103670577782971
-0.802925554698168	1.1294620167558
-0.83779322469677	1.51237527997246
0.328068024420957	0.386128699654655
0.777496682737556	0.878447739384342
0.894945215558233	1.65018514240184
0.279414827585592	0.336221291136453
0.324186677406401	0.35893756695412
0.275791420946295	0.322417149226613
0.227112814214553	0.194156831525499
-0.337323482958566	0.339708422736815
0.0053069709694705	0.00396128428995151
0.315297291231034	0.304428195206812
-0.86640255199403	1.21033364599604
-1.21935423114378	1.80515443582826
0.0281199231803342	0.0246598716222403
-0.651335978080261	0.75331856553946
-0.0576141176575387	0.0542598082124333
0.578111146686825	0.780386719741018
-0.53872793919282	0.596231566313949
0.503732992326317	0.450244769893095
0.0166726554321227	0.0112533649556851
-0.585838028015432	0.562629227577634
-0.144248734032107	0.142085372360777
-0.166331664844083	0.16278434874386
0.989750007964279	1.83249429212111
-0.545229527341908	0.639948873868756
-0.0399501533949201	0.0319917761342575
-0.94049694706166	1.49491836823491
0.389127863966589	0.433325626248681
-0.418662458655941	0.414458849316671
-0.423382672638102	0.506220794088475
-0.835668184098365	1.28416564325119
-0.650109464979075	0.796675673012617
0.128402756548314	0.117980102353115
0.00584664523025715	0.0043637366992957
-0.329713687168412	0.285614910362891
-1.50138549558569	2.76366101110685
-0.354229917550714	0.330261544835035
-0.83046893022023	1.05128018399307
0.447395974126084	0.56468369862497
0.204225030913692	0.209439380266281
-0.0207884072826799	0.0168179257063066
-0.293485891259508	0.318578429712349
0.241644262997809	0.223821910350432
0.138454185429336	0.131885830825962
-0.0617515882913301	0.0489447094632901
-0.786736659618597	0.893220696642475
-0.101363521363836	0.0866282355450523
-0.564352387742069	0.812951027604166
0.691446680536682	1.04525846207036
-0.471312857116256	0.591629732867783
0.00558433449032032	0.0041689692150332
-0.0575360087312013	0.0541850200567518
0.241758198002179	0.224029354387729
0.394423871600778	0.382067998727886
0.104474280805848	0.0888709133760152
0.573403138306968	0.601267616824933
0.732177552082445	1.50287273905848
-0.29376431673122	0.318966130244002
0.578040795361658	0.780203421074847
0.320437300469928	0.332355501904909
-0.389639427284913	0.468238813090965
0.149430906118529	0.122196504166857
-0.166747095201606	0.163249667770829
-0.00307212300785473	0.00250918868903275
0.00576165537612876	0.00430075730316661
-0.655905321085326	0.6681738929318
-0.375292831502337	0.374802483398595
-0.218651271803761	0.162812799843715
-0.357247782380663	0.383109926545342
0.121027206881961	0.090275872255927
-0.0853114956823905	0.0668427130297345
-0.158857263916602	0.18706842095943
0.0607951432551156	0.0694777908282763
0.517898118930314	0.65784915175038
-0.402826779638799	0.509941807902086
-0.170578736249613	0.178328699968774
-0.150402690834606	0.158081356078379
0.10476721495048	0.102728724545962
-0.714736146693726	0.819593595113602
-0.43414638442563	0.458581543374032
0.394234764219403	0.381738287300064
-0.160069622141238	0.145531008443291
0.326237929684784	0.372625528318268
0.969753275999923	1.36747164329012
-0.142854714991279	0.10924399933741
-0.0655010171954349	0.0465696507717836
-0.152384232738941	0.127691725171036
0.875165297200344	1.64618309187783
-0.35163649986865	0.539362211260864
-0.53060976857264	0.551003491086338
-0.216846782737602	0.22421458543836
-0.113795385646514	0.105076254917725
-0.848843237651139	1.01440704335951
-0.45189944589874	0.412804112548573
-0.418435691044094	0.41420379597162
-0.0595185269250058	0.0517451710735711
0.312914483842395	0.290831940614731
0.90759293547041	1.35048375239428
0.38911288105973	0.433274755849624
0.880621696812108	1.34367447007817
-0.653177222036916	0.710442513426153
0.395708625235921	0.368518343796956
-0.352502829289619	0.278267265453349
0.234445394712529	0.280127799995573
0.114943672938445	0.116494916457461
-0.0402907662648493	0.0322746927740929
-0.166746561407518	0.163210227961336
-0.286983479839062	0.251311005180949
0.394518302222995	0.382190649601286
0.116711171218725	0.103249952578069
0.761406041091003	1.18541397130946
-0.65621217956092	0.668533195296029
0.39050465314885	0.420946759187622
0.588029487812331	0.772495706551172
-0.546107292998971	0.641330799848789
-0.0653433175835537	0.0464536639746662
-0.193213684941207	0.201098926709912
0.737940595366499	1.34657052671642
-0.0854602792468112	0.0669675405447771
-0.448187881538498	0.503381780072514
-0.136130417050053	0.124773851552974
0.0435403926068909	0.0435405893262914
0.258298046293061	0.266408927044343
-0.781485353053744	1.20743908740458
0.247824310321401	0.238379700195224
-0.143083959896563	0.109424462780107
0.279576688214913	0.336396740473699
-0.217363126562142	0.209865428824012
-0.216567960335631	0.238744321966536
0.104527458493503	0.102451671605448
-0.166538756805926	0.163027123599779
0.114935642447709	0.116455815739181
-0.166469838858202	0.162959968691961
0.573326667938187	0.601051914696082
-0.302822133742027	0.307328493329865
0.459508244576739	0.530993658380332
-0.182666010520737	0.151449757228683
-0.193304938315312	0.201180261579437
-0.0398735206242913	0.0319270466889664
-0.522191838367434	0.50697714495193
-0.354263361883372	0.330210258191919
-0.12598099199538	0.106665781700855
