x	y	clickSelects
0.06387476499941	0.680075755177531	89
0.06411609166176	0.680234581521496	3
0.08671578232145	1.2026905210236	3
0.06425944574235	0.680329466157843	3
0.06425944574235	0.680329466157843	3
0.08637822902329	1.20191504598454	3
0.06425944574235	0.680329466157843	3
0.0644026170857199	0.680176970712483	3
0.08687648660533	1.20254338962645	3
0.06411609166176	0.680234581521496	120
0.06411609166176	0.680234581521496	3
0.06387476499941	0.680075755177531	325
0.0637310931097299	0.679980770809146	8
0.06425944574235	0.680329466157843	8
0.06425944574235	0.680329466157843	89
0.06387476499941	0.680075755177531	89
-0.0934794731272199	1.51878150571712	484
0.08662755581056	1.20280584359077	449
0.0639725545215499	0.67990876897634	3
0.0639725545215499	0.67990876897634	3
0.06411609166176	0.680234581521496	120
0.06387476499941	0.680075755177531	3
0.06425944574235	0.680329466157843	3
0.06425944574235	0.680329466157843	3
0.06411609166176	0.680234581521496	3
0.0640182535977001	0.679923493619259	3
0.0637310931097299	0.679980770809146	3
-0.0936644403940701	1.51973031777427	243
0.0637310931097299	0.679980770809146	3
0.0644026170857199	0.680176970712483	3
0.0644026170857199	0.680176970712483	370
0.06387476499941	0.680075755177531	370
0.0635872376051401	0.679654979238607	89
-0.0197956566539701	1.91955698762359	244
0.0644026170857199	0.680176970712483	89
0.0867000753534799	1.20229488782196	447
0.06411609166176	0.680234581521496	3
0.08662755581056	1.20280584359077	643
0.06411609166176	0.680234581521496	120
0.0635872376051401	0.679654979238607	3
0.06425944574235	0.680329466157843	187
0.06425944574235	0.680329466157843	187
0.06387476499941	0.680075755177531	3
0.0637310931097299	0.679980770809146	243
0.0644026170857199	0.680176970712483	3
0.06411609166176	0.680234581521496	3
0.06411609166176	0.680234581521496	3
0.06387476499941	0.680075755177531	3
0.06387476499941	0.680075755177531	3
0.06425944574235	0.680329466157843	3
0.0640182535977001	0.679923493619259	3
0.06425944574235	0.680329466157843	3
0.06425944574235	0.680329466157843	89
0.0635872376051401	0.679654979238607	89
0.06425944574235	0.680329466157843	89
0.06387476499941	0.680075755177531	447
0.06387476499941	0.680075755177531	89
-0.09363982788596	1.51846555390571	154
0.08620081103178	1.20166581977859	694
0.0867000753534799	1.20229488782196	3
0.06425944574235	0.680329466157843	120
0.06425944574235	0.680329466157843	3
0.0639725545215499	0.67990876897634	3
0.06387476499941	0.680075755177531	187
0.0637310931097299	0.679980770809146	3
0.06387476499941	0.680075755177531	243
0.06387476499941	0.680075755177531	3
0.0637310931097299	0.679980770809146	3
0.0640182535977001	0.679923493619259	3
0.06425944574235	0.680329466157843	370
0.0870522849164099	1.2019697673576	89
0.0637310931097299	0.679980770809146	89
0.06425944574235	0.680329466157843	89
0.06411609166176	0.680234581521496	8
0.0644026170857199	0.680176970712483	447
0.06411609166176	0.680234581521496	275
0.06425944574235	0.680329466157843	275
0.06425944574235	0.680329466157843	89
0.0637310931097299	0.679980770809146	3
0.0637310931097299	0.679980770809146	3
0.06411609166176	0.680234581521496	3
0.06411609166176	0.680234581521496	3
0.0635872376051401	0.679654979238607	3
0.0644026170857199	0.680176970712483	3
0.0644026170857199	0.680176970712483	3
0.0644026170857199	0.680176970712483	3
0.0639725545215499	0.67990876897634	3
0.0637310931097299	0.679980770809146	3
0.06411609166176	0.680234581521496	243
0.0637310931097299	0.679980770809146	3
0.06411609166176	0.680234581521496	3
0.08678835771213	1.20249190202203	73
0.0637310931097299	0.679980770809146	73
0.0639725545215499	0.67990876897634	73
0.06387476499941	0.680075755177531	3
0.0637310931097299	0.679980770809146	3
0.0644026170857199	0.680176970712483	370
0.0640182535977001	0.679923493619259	89
0.0637310931097299	0.679980770809146	89
0.0637310931097299	0.679980770809146	8
0.06425944574235	0.680329466157843	89
-0.0198651850691001	1.919428532414	484
0.08671578232145	1.2026905210236	120
0.0637310931097299	0.679980770809146	120
0.06425944574235	0.680329466157843	3
0.0639725545215499	0.67990876897634	187
0.0637310931097299	0.679980770809146	3
0.0635872376051401	0.679654979238607	243
0.06411609166176	0.680234581521496	9
-0.0938734044079499	1.51938293684477	34
-0.0938734044079499	1.51938293684477	73
0.06411609166176	0.680234581521496	3
0.06387476499941	0.680075755177531	3
0.0635872376051401	0.679654979238607	325
0.0644026170857199	0.680176970712483	89
-0.03772961814914	1.36321927778566	447
-0.09381613609235	1.51922594945174	447
0.0637310931097299	0.679980770809146	89
0.0640182535977001	0.679923493619259	89
0.06387476499941	0.680075755177531	275
0.0644026170857199	0.680176970712483	3
0.08653917569843	1.20275414765063	3
0.0431274023303001	1.7777837141532	120
0.0867000753534799	1.20229488782196	120
0.0635872376051401	0.679654979238607	3
0.0637310931097299	0.679980770809146	187
0.0637310931097299	0.679980770809146	3
0.06425944574235	0.680329466157843	3
0.06411609166176	0.680234581521496	3
0.06387476499941	0.680075755177531	370
0.08645064175416	1.20255680724847	370
0.06425944574235	0.680329466157843	370
0.06425944574235	0.680329466157843	89
0.06425944574235	0.680329466157843	89
0.06425944574235	0.680329466157843	89
0.06411609166176	0.680234581521496	89
0.0644026170857199	0.680176970712483	89
0.08653917569843	1.20275414765063	8
-0.0381511182457199	1.36228420029561	447
0.06425944574235	0.680329466157843	275
0.08687648660533	1.20254338962645	3
0.08645064175416	1.20255680724847	3
0.06425944574235	0.680329466157843	3
0.06387476499941	0.680075755177531	3
0.0639725545215499	0.67990876897634	243
0.08653917569843	1.20275414765063	3
0.06387476499941	0.680075755177531	73
0.06425944574235	0.680329466157843	3
0.06425944574235	0.680329466157843	3
0.06425944574235	0.680329466157843	3
0.06411609166176	0.680234581521496	370
0.0639725545215499	0.67990876897634	89
0.0637310931097299	0.679980770809146	325
0.06411609166176	0.680234581521496	259
0.06411609166176	0.680234581521496	89
0.06425944574235	0.680329466157843	275
0.0644026170857199	0.680176970712483	3
0.08653917569843	1.20275414765063	187
0.0644026170857199	0.680176970712483	3
0.06425944574235	0.680329466157843	3
-0.0374950181503599	1.3638852905252	209
0.08637822902329	1.20191504598454	243
-0.03760070891178	1.36398339516012	243
0.0639725545215499	0.67990876897634	73
0.08653917569843	1.20275414765063	73
0.06425944574235	0.680329466157843	3
0.06411609166176	0.680234581521496	89
0.0637310931097299	0.679980770809146	89
0.0637310931097299	0.679980770809146	8
0.06411609166176	0.680234581521496	89
0.06425944574235	0.680329466157843	89
-0.0376830007228499	1.36387533336544	259
0.0869644622634	1.20242799259416	447
0.06411609166176	0.680234581521496	89
0.06425944574235	0.680329466157843	275
0.06425944574235	0.680329466157843	3
0.06387476499941	0.680075755177531	187
0.0637310931097299	0.679980770809146	187
0.0637310931097299	0.679980770809146	3
0.0639725545215499	0.67990876897634	3
0.06387476499941	0.680075755177531	3
0.06411609166176	0.680234581521496	243
0.06411609166176	0.680234581521496	3
0.0640182535977001	0.679923493619259	3
0.0637310931097299	0.679980770809146	370
0.06425944574235	0.680329466157843	3
0.06425944574235	0.680329466157843	3
0.06387476499941	0.680075755177531	89
0.0640182535977001	0.679923493619259	325
0.08662755581056	1.20280584359077	325
0.06425944574235	0.680329466157843	259
0.0637310931097299	0.679980770809146	275
0.0644026170857199	0.680176970712483	643
0.06411609166176	0.680234581521496	3
0.08662755581056	1.20280584359077	120
0.06411609166176	0.680234581521496	120
0.0637310931097299	0.679980770809146	3
0.06425944574235	0.680329466157843	3
0.0637310931097299	0.679980770809146	3
0.0635872376051401	0.679654979238607	3
0.06425944574235	0.680329466157843	3
0.0637310931097299	0.679980770809146	243
0.0639725545215499	0.67990876897634	3
0.0635872376051401	0.679654979238607	370
0.06387476499941	0.680075755177531	370
0.0639725545215499	0.67990876897634	325
0.0640182535977001	0.679923493619259	89
0.0635872376051401	0.679654979238607	259
0.06387476499941	0.680075755177531	275
-0.0936644403940701	1.51973031777427	643
-0.0377652885180799	1.36258062015855	120
0.0639725545215499	0.67990876897634	3
0.06387476499941	0.680075755177531	3
0.06425944574235	0.680329466157843	3
0.0644026170857199	0.680176970712483	187
0.0637310931097299	0.679980770809146	187
0.0863619537467	1.20219405785639	187
0.06387476499941	0.680075755177531	3
0.0637310931097299	0.679980770809146	3
0.06425944574235	0.680329466157843	243
0.06425944574235	0.680329466157843	221
0.06411609166176	0.680234581521496	370
0.06425944574235	0.680329466157843	89
0.0635872376051401	0.679654979238607	89
0.0644026170857199	0.680176970712483	89
0.0637310931097299	0.679980770809146	8
0.08645064175416	1.20255680724847	447
0.0637310931097299	0.679980770809146	89
0.06411609166176	0.680234581521496	275
0.06425944574235	0.680329466157843	89
-0.0938610236986199	1.51943823476646	130
0.0640182535977001	0.679923493619259	120
0.06387476499941	0.680075755177531	120
0.0637310931097299	0.679980770809146	3
0.06411609166176	0.680234581521496	3
0.06425944574235	0.680329466157843	3
0.06425944574235	0.680329466157843	3
-0.0377652885180799	1.36258062015855	187
0.0637310931097299	0.679980770809146	3
0.06411609166176	0.680234581521496	3
0.08645064175416	1.20255680724847	3
-0.0378118624486701	1.36379252078282	243
0.06425944574235	0.680329466157843	3
0.0637310931097299	0.679980770809146	73
0.06425944574235	0.680329466157843	3
0.0637310931097299	0.679980770809146	370
-0.0937341399892	1.51972600313093	325
0.0639725545215499	0.67990876897634	89
0.0635872376051401	0.679654979238607	89
0.06425944574235	0.680329466157843	259
0.0644026170857199	0.680176970712483	89
0.06425944574235	0.680329466157843	275
-0.03747159478219	1.36406648304809	130
0.0637310931097299	0.679980770809146	120
0.0639725545215499	0.67990876897634	3
0.0640182535977001	0.679923493619259	187
0.08678835771213	1.20249190202203	3
0.08671578232145	1.2026905210236	3
-0.03760070891178	1.36398339516012	209
0.0639725545215499	0.67990876897634	3
0.06425944574235	0.680329466157843	3
0.06387476499941	0.680075755177531	73
0.08645064175416	1.20255680724847	73
0.06425944574235	0.680329466157843	221
0.0635872376051401	0.679654979238607	221
0.0637310931097299	0.679980770809146	3
0.0644026170857199	0.680176970712483	370
0.06425944574235	0.680329466157843	370
0.0639725545215499	0.67990876897634	370
-0.0373657776251	1.36396851822526	370
0.06425944574235	0.680329466157843	89
0.06425944574235	0.680329466157843	325
0.06387476499941	0.680075755177531	89
0.0637310931097299	0.679980770809146	8
0.06387476499941	0.680075755177531	8
0.06387476499941	0.680075755177531	447
0.06411609166176	0.680234581521496	447
0.06387476499941	0.680075755177531	275
-0.03794051963478	1.36302875890498	130
-0.0938610236986199	1.51943823476646	130
0.06425944574235	0.680329466157843	120
0.06411609166176	0.680234581521496	120
0.06425944574235	0.680329466157843	3
0.0644026170857199	0.680176970712483	3
0.0640182535977001	0.679923493619259	3
0.0637310931097299	0.679980770809146	3
0.06387476499941	0.680075755177531	73
0.06387476499941	0.680075755177531	3
0.06411609166176	0.680234581521496	221
0.0640182535977001	0.679923493619259	370
0.0637310931097299	0.679980770809146	226
0.0637310931097299	0.679980770809146	89
0.0640182535977001	0.679923493619259	89
0.06411609166176	0.680234581521496	259
0.0637310931097299	0.679980770809146	275
0.0640182535977001	0.679923493619259	120
0.0637310931097299	0.679980770809146	3
0.0635872376051401	0.679654979238607	3
0.0635872376051401	0.679654979238607	315
0.06387476499941	0.680075755177531	3
0.06411609166176	0.680234581521496	3
0.0867000753534799	1.20229488782196	243
0.0639725545215499	0.67990876897634	221
0.06387476499941	0.680075755177531	370
0.06425944574235	0.680329466157843	89
0.06425944574235	0.680329466157843	226
0.06425944574235	0.680329466157843	89
0.0637310931097299	0.679980770809146	275
0.08653917569843	1.20275414765063	275
0.08671578232145	1.2026905210236	315
0.0869644622634	1.20242799259416	3
0.0862895971270801	1.20186314230777	221
-0.03770632364852	1.36394954299998	221
0.06425944574235	0.680329466157843	196
-0.03760070891178	1.36398339516012	196
0.06387476499941	0.680075755177531	370
0.0639725545215499	0.67990876897634	89
-0.0198651850691001	1.919428532414	244
0.06387476499941	0.680075755177531	89
0.0644026170857199	0.680176970712483	89
0.06387476499941	0.680075755177531	8
0.06425944574235	0.680329466157843	89
0.08678835771213	1.20249190202203	259
-0.03765964939379	1.36303723451158	315
-0.0936644403940701	1.51973031777427	359
0.0637310931097299	0.679980770809146	395
0.06425944574235	0.680329466157843	3
0.06425944574235	0.680329466157843	416
0.08662755581056	1.20280584359077	221
0.06411609166176	0.680234581521496	196
0.0644026170857199	0.680176970712483	325
0.08662755581056	1.20280584359077	259
0.06387476499941	0.680075755177531	275
-0.09353714009418	1.5194631519215	639
-0.03772961814914	1.36321927778566	113
-0.09360695659911	1.51957354788367	113
-0.03794051963478	1.36302875890498	180
0.0640182535977001	0.679923493619259	3
0.06425944574235	0.680329466157843	416
0.0637310931097299	0.679980770809146	73
0.0640182535977001	0.679923493619259	221
0.06411609166176	0.680234581521496	221
0.0637310931097299	0.679980770809146	221
0.06387476499941	0.680075755177531	226
0.0637310931097299	0.679980770809146	8
-0.09382846516657	1.51818399932506	259
0.06411609166176	0.680234581521496	259
-0.0197751138492399	1.91944648312124	113
0.0868038554614401	1.20223209864398	315
-0.0375773357854301	1.36403249253072	359
0.06411609166176	0.680234581521496	416
0.0430169432977801	1.77782672458408	732
-0.0936767280733899	1.51956912472479	73
0.06411609166176	0.680234581521496	73
0.0637310931097299	0.679980770809146	221
0.08662755581056	1.20280584359077	196
0.0644026170857199	0.680176970712483	226
-0.0935824226740101	1.51920325643792	244
0.06425944574235	0.680329466157843	325
0.06387476499941	0.680075755177531	89
0.0644026170857199	0.680176970712483	8
0.0637310931097299	0.679980770809146	8
0.06425944574235	0.680329466157843	8
0.06387476499941	0.680075755177531	259
0.06387476499941	0.680075755177531	259
0.06411609166176	0.680234581521496	275
0.0639725545215499	0.67990876897634	275
0.0860590573297599	2.17324394849291	113
-0.09388577271826	1.51886573025681	315
-0.09353714009418	1.5194631519215	315
0.0640182535977001	0.679923493619259	416
0.08645064175416	1.20255680724847	640
-0.03770632364852	1.36394954299998	221
0.0644026170857199	0.680176970712483	89
0.06387476499941	0.680075755177531	89
0.0637310931097299	0.679980770809146	8
0.0430169432977801	1.77782672458408	259
0.08661163929862	1.20193259965012	259
0.06411609166176	0.680234581521496	275
-0.03760070891178	1.36398339516012	639
0.0859273383691299	2.17352612717136	315
-0.09359469582083	1.51961977629055	209
-0.0379173254004499	1.36350371897319	209
0.0637310931097299	0.679980770809146	640
0.0637310931097299	0.679980770809146	221
0.0639725545215499	0.67990876897634	196
-0.0377885896824399	1.36358639614156	701
-0.0373657776251	1.36396851822526	701
0.08662755581056	1.20280584359077	8
0.08678835771213	1.20249190202203	259
0.08687648660533	1.20254338962645	259
0.08653917569843	1.20275414765063	259
0.08598071811377	2.17345208937227	359
0.08653917569843	1.20275414765063	221
0.08620081103178	1.20166581977859	221
-0.0938037946469199	1.51961173035875	221
-0.0937341399892	1.51972600313093	701
0.08678835771213	1.20249190202203	389
0.0868038554614401	1.20223209864398	639
0.08662755581056	1.20280584359077	315
-0.0938734044079499	1.51938293684477	315
-0.09393056174379	1.51920956909812	315
0.06387476499941	0.680075755177531	180
0.06411609166176	0.680234581521496	9
0.0862895971270801	1.20186314230777	732
-0.0938734044079499	1.51938293684477	701
0.0640182535977001	0.679923493619259	325
0.06425944574235	0.680329466157843	259
0.0432418128306999	1.7764762279232	180
0.0867000753534799	1.20229488782196	180
0.06411609166176	0.680234581521496	3
-0.0373657776251	1.36396851822526	416
0.0639725545215499	0.67990876897634	640
0.06387476499941	0.680075755177531	370
0.0635872376051401	0.679654979238607	226
0.06387476499941	0.680075755177531	226
-0.0378118624486701	1.36379252078282	325
0.06411609166176	0.680234581521496	8
0.06411609166176	0.680234581521496	259
0.06411609166176	0.680234581521496	275
0.06425944574235	0.680329466157843	275
-0.03770632364852	1.36394954299998	389
-0.0656289145203299	2.07517573920858	180
0.0644026170857199	0.680176970712483	226
-0.03772961814914	1.36321927778566	73
0.06387476499941	0.680075755177531	226
0.0640182535977001	0.679923493619259	226
0.06425944574235	0.680329466157843	325
0.08678835771213	1.20249190202203	8
-0.03802271259188	1.36304693849517	334
-0.0376830007228499	1.36387533336544	49
-0.0378118624486701	1.36379252078282	180
0.06387476499941	0.680075755177531	3
0.0635872376051401	0.679654979238607	226
0.08678835771213	1.20249190202203	221
0.08645064175416	1.20255680724847	196
0.06387476499941	0.680075755177531	226
0.0635872376051401	0.679654979238607	8
0.08592791607328	2.17350087875892	141
0.06387476499941	0.680075755177531	180
-0.09393056174379	1.51920956909812	180
-0.03770632364852	1.36394954299998	359
0.06425944574235	0.680329466157843	395
0.0637310931097299	0.679980770809146	3
0.06411609166176	0.680234581521496	226
0.06387476499941	0.680075755177531	221
0.06425944574235	0.680329466157843	196
0.06425944574235	0.680329466157843	370
0.06425944574235	0.680329466157843	370
0.06387476499941	0.680075755177531	89
0.0639725545215499	0.67990876897634	226
0.08653917569843	1.20275414765063	325
0.0639725545215499	0.67990876897634	8
0.0644026170857199	0.680176970712483	307
0.0644026170857199	0.680176970712483	275
0.0635872376051401	0.679654979238607	275
0.0635872376051401	0.679654979238607	315
-0.0377885896824399	1.36358639614156	315
0.0862895971270801	1.20186314230777	180
0.0640182535977001	0.679923493619259	180
0.06411609166176	0.680234581521496	3
0.06387476499941	0.680075755177531	3
0.08637822902329	1.20191504598454	192
0.0637310931097299	0.679980770809146	221
0.0869644622634	1.20242799259416	196
0.06425944574235	0.680329466157843	226
-0.03770632364852	1.36394954299998	325
0.0644026170857199	0.680176970712483	8
0.06425944574235	0.680329466157843	8
0.0637310931097299	0.679980770809146	8
0.06411609166176	0.680234581521496	8
0.06411609166176	0.680234581521496	259
0.0640182535977001	0.679923493619259	307
0.08637822902329	1.20191504598454	259
0.0639725545215499	0.67990876897634	49
0.0637310931097299	0.679980770809146	49
0.0637310931097299	0.679980770809146	49
0.0640182535977001	0.679923493619259	49
0.06425944574235	0.680329466157843	49
0.06425944574235	0.680329466157843	49
0.06387476499941	0.680075755177531	315
0.08637822902329	1.20191504598454	180
0.08637822902329	1.20191504598454	180
-0.0379173254004499	1.36350371897319	615
0.0637310931097299	0.679980770809146	192
0.06387476499941	0.680075755177531	226
0.0644026170857199	0.680176970712483	226
0.06411609166176	0.680234581521496	73
0.0637310931097299	0.679980770809146	221
0.06425944574235	0.680329466157843	221
0.0637310931097299	0.679980770809146	226
0.06411609166176	0.680234581521496	8
0.06411609166176	0.680234581521496	8
0.06425944574235	0.680329466157843	8
0.06411609166176	0.680234581521496	307
-0.0938610236986199	1.51943823476646	598
0.0637310931097299	0.679980770809146	49
0.0644026170857199	0.680176970712483	49
0.06425944574235	0.680329466157843	49
-0.03755393425058	1.36332606361527	209
0.06387476499941	0.680075755177531	395
0.0639725545215499	0.67990876897634	3
0.0637310931097299	0.679980770809146	221
0.06411609166176	0.680234581521496	221
0.06425944574235	0.680329466157843	221
0.06387476499941	0.680075755177531	221
-0.03802271259188	1.36304693849517	196
0.06387476499941	0.680075755177531	89
0.0635872376051401	0.679654979238607	226
0.06387476499941	0.680075755177531	226
0.06387476499941	0.680075755177531	8
0.0637310931097299	0.679980770809146	8
0.06411609166176	0.680234581521496	8
0.08645064175416	1.20255680724847	389
-0.10176620756299	2.23495729281434	113
0.0430980040895901	1.77762892936041	130
-0.0375773357854301	1.36403249253072	49
0.0637310931097299	0.679980770809146	49
0.0637310931097299	0.679980770809146	49
0.0862895971270801	1.20186314230777	180
0.06425944574235	0.680329466157843	180
0.06411609166176	0.680234581521496	221
0.06425944574235	0.680329466157843	89
0.06387476499941	0.680075755177531	89
0.0635872376051401	0.679654979238607	226
0.06425944574235	0.680329466157843	226
0.08620081103178	1.20166581977859	226
-0.0381280241111199	1.36221865664997	325
0.08678835771213	1.20249190202203	8
-0.03747159478219	1.36406648304809	259
0.06411609166176	0.680234581521496	307
-0.01983042900579	1.91954839108287	130
-0.0378941027522199	1.36312948218763	49
-0.03760070891178	1.36398339516012	49
0.04284830426454	1.77640116942864	247
0.08620081103178	1.20166581977859	192
-0.09394296931307	1.51902271107243	732
0.08645064175416	1.20255680724847	226
0.06387476499941	0.680075755177531	226
0.06387476499941	0.680075755177531	221
0.08637822902329	1.20191504598454	196
0.06411609166176	0.680234581521496	370
0.0635872376051401	0.679654979238607	226
0.06411609166176	0.680234581521496	226
0.06387476499941	0.680075755177531	332
0.08627311144463	1.20149505605475	389
0.0635872376051401	0.679654979238607	389
0.0637310931097299	0.679980770809146	389
-0.0376830007228499	1.36387533336544	49
0.06425944574235	0.680329466157843	4
-0.0378118624486701	1.36379252078282	359
0.0639725545215499	0.67990876897634	3
-0.0656117918593899	2.07504580862344	296
0.0635872376051401	0.679654979238607	221
0.08662755581056	1.20280584359077	196
0.08637822902329	1.20191504598454	196
0.0635872376051401	0.679654979238607	226
0.06425944574235	0.680329466157843	332
0.0644026170857199	0.680176970712483	275
0.06387476499941	0.680075755177531	389
-0.09388577271826	1.51886573025681	154
0.0637310931097299	0.679980770809146	49
0.06425944574235	0.680329466157843	49
-0.0376830007228499	1.36387533336544	49
0.0637310931097299	0.679980770809146	3
-0.0937914408099401	1.51955240277114	732
0.0637310931097299	0.679980770809146	73
0.0637310931097299	0.679980770809146	221
0.0644026170857199	0.680176970712483	221
0.0644026170857199	0.680176970712483	226
0.0637310931097299	0.679980770809146	501
0.08620081103178	1.20166581977859	501
0.08687648660533	1.20254338962645	259
0.06387476499941	0.680075755177531	307
0.06387476499941	0.680075755177531	307
0.06411609166176	0.680234581521496	275
-0.03760070891178	1.36398339516012	389
0.08645064175416	1.20255680724847	389
0.0862895971270801	1.20186314230777	240
0.0431015813258	1.77762844569721	130
0.0640182535977001	0.679923493619259	49
0.06425944574235	0.680329466157843	395
0.06411609166176	0.680234581521496	226
0.06425944574235	0.680329466157843	221
0.08645064175416	1.20255680724847	196
0.06425944574235	0.680329466157843	370
-0.09359469582083	1.51961977629055	244
0.06425944574235	0.680329466157843	501
0.0639725545215499	0.67990876897634	259
0.08645064175416	1.20255680724847	259
0.06387476499941	0.680075755177531	307
0.0637310931097299	0.679980770809146	275
0.06411609166176	0.680234581521496	389
0.0637310931097299	0.679980770809146	49
-0.0376830007228499	1.36387533336544	466
0.0637310931097299	0.679980770809146	259
0.0859273383691299	2.17352612717136	130
0.0637310931097299	0.679980770809146	4
0.08678835771213	1.20249190202203	49
0.0644026170857199	0.680176970712483	4
0.0862895971270801	1.20186314230777	4
-0.0376830007228499	1.36387533336544	615
0.0644026170857199	0.680176970712483	221
0.0637310931097299	0.679980770809146	196
0.06425944574235	0.680329466157843	370
0.0869644622634	1.20242799259416	501
0.06411609166176	0.680234581521496	501
0.0640182535977001	0.679923493619259	501
0.06411609166176	0.680234581521496	8
0.06425944574235	0.680329466157843	307
0.0644026170857199	0.680176970712483	4
0.06387476499941	0.680075755177531	4
0.06411609166176	0.680234581521496	4
0.06425944574235	0.680329466157843	4
0.06387476499941	0.680075755177531	4
-0.0377885896824399	1.36358639614156	247
0.06411609166176	0.680234581521496	395
0.06425944574235	0.680329466157843	3
0.06387476499941	0.680075755177531	226
0.06411609166176	0.680234581521496	221
0.06411609166176	0.680234581521496	89
0.0635872376051401	0.679654979238607	226
0.06387476499941	0.680075755177531	226
0.0637310931097299	0.679980770809146	332
0.0637310931097299	0.679980770809146	332
0.08653917569843	1.20275414765063	259
0.0637310931097299	0.679980770809146	275
0.08653917569843	1.20275414765063	130
0.06387476499941	0.680075755177531	4
0.0637310931097299	0.679980770809146	4
0.0637310931097299	0.679980770809146	4
0.0639725545215499	0.67990876897634	4
0.06425944574235	0.680329466157843	180
-0.0937914408099401	1.51955240277114	395
0.0637310931097299	0.679980770809146	395
0.06425944574235	0.680329466157843	395
0.06387476499941	0.680075755177531	395
0.06425944574235	0.680329466157843	9
0.0635872376051401	0.679654979238607	3
0.06387476499941	0.680075755177531	3
0.0637310931097299	0.679980770809146	226
-0.01975063434561	1.91955834813948	73
0.06387476499941	0.680075755177531	221
0.0640182535977001	0.679923493619259	226
0.08671578232145	1.2026905210236	370
0.0637310931097299	0.679980770809146	501
0.08645064175416	1.20255680724847	325
0.06425944574235	0.680329466157843	332
-0.0934672785181301	1.51922059465679	259
0.0637310931097299	0.679980770809146	307
-0.0378941027522199	1.36312948218763	389
0.0635872376051401	0.679654979238607	4
-0.0381511182457199	1.36228420029561	315
0.06411609166176	0.680234581521496	4
0.06411609166176	0.680234581521496	395
-0.0379173254004499	1.36350371897319	192
0.06411609166176	0.680234581521496	226
0.06387476499941	0.680075755177531	226
-0.0937341399892	1.51972600313093	73
0.08687648660533	1.20254338962645	370
0.06425944574235	0.680329466157843	226
0.06425944574235	0.680329466157843	226
-0.0376830007228499	1.36387533336544	259
0.0637310931097299	0.679980770809146	275
0.06425944574235	0.680329466157843	275
0.0644026170857199	0.680176970712483	307
-0.10166750453618	2.23515679308287	130
0.06425944574235	0.680329466157843	4
0.0637310931097299	0.679980770809146	180
0.06387476499941	0.680075755177531	4
0.0639725545215499	0.67990876897634	4
-0.0375773357854301	1.36403249253072	395
0.06411609166176	0.680234581521496	3
0.06387476499941	0.680075755177531	221
0.06387476499941	0.680075755177531	196
0.0644026170857199	0.680176970712483	226
0.08662755581056	1.20280584359077	325
0.06387476499941	0.680075755177531	332
0.06411609166176	0.680234581521496	307
0.06411609166176	0.680234581521496	275
0.0640182535977001	0.679923493619259	180
0.0637310931097299	0.679980770809146	4
0.06425944574235	0.680329466157843	4
0.06425944574235	0.680329466157843	4
-0.0938037946469199	1.51961173035875	615
0.08662755581056	1.20280584359077	196
0.06425944574235	0.680329466157843	226
0.06425944574235	0.680329466157843	89
0.06425944574235	0.680329466157843	501
0.0639725545215499	0.67990876897634	8
0.08662755581056	1.20280584359077	8
0.06387476499941	0.680075755177531	275
-0.0374950181503599	1.3638852905252	240
0.08645064175416	1.20255680724847	130
0.0637310931097299	0.679980770809146	49
0.06387476499941	0.680075755177531	4
0.06411609166176	0.680234581521496	49
0.06411609166176	0.680234581521496	4
0.06425944574235	0.680329466157843	4
0.06425944574235	0.680329466157843	4
0.06387476499941	0.680075755177531	4
0.0868038554614401	1.20223209864398	296
0.0644026170857199	0.680176970712483	192
0.0637310931097299	0.679980770809146	226
0.0635872376051401	0.679654979238607	221
0.0637310931097299	0.679980770809146	221
0.0635872376051401	0.679654979238607	226
0.06425944574235	0.680329466157843	275
0.06425944574235	0.680329466157843	4
0.08662755581056	1.20280584359077	180
0.06411609166176	0.680234581521496	395
0.0644026170857199	0.680176970712483	395
0.06425944574235	0.680329466157843	3
0.08687648660533	1.20254338962645	192
0.0637310931097299	0.679980770809146	370
0.0637310931097299	0.679980770809146	226
0.0644026170857199	0.680176970712483	332
0.0644026170857199	0.680176970712483	332
0.0637310931097299	0.679980770809146	8
0.06425944574235	0.680329466157843	259
0.08653917569843	1.20275414765063	275
0.08662755581056	1.20280584359077	275
0.06425944574235	0.680329466157843	275
0.0640182535977001	0.679923493619259	275
0.08662755581056	1.20280584359077	130
0.0637310931097299	0.679980770809146	4
0.0644026170857199	0.680176970712483	4
0.06425944574235	0.680329466157843	4
-0.0374950181503599	1.3638852905252	247
0.06411609166176	0.680234581521496	3
0.0640182535977001	0.679923493619259	3
0.08678835771213	1.20249190202203	732
0.08620081103178	1.20166581977859	73
0.06387476499941	0.680075755177531	221
0.0635872376051401	0.679654979238607	370
0.06411609166176	0.680234581521496	226
0.06387476499941	0.680075755177531	325
0.0644026170857199	0.680176970712483	307
0.0644026170857199	0.680176970712483	275
0.0637310931097299	0.679980770809146	275
0.0639725545215499	0.67990876897634	275
0.0640182535977001	0.679923493619259	275
0.0637310931097299	0.679980770809146	240
-0.09372181303681	1.51955663487069	49
0.06411609166176	0.680234581521496	4
0.06387476499941	0.680075755177531	4
0.06387476499941	0.680075755177531	4
0.0640182535977001	0.679923493619259	4
0.06387476499941	0.680075755177531	4
0.0644026170857199	0.680176970712483	4
0.0640182535977001	0.679923493619259	4
0.08678835771213	1.20249190202203	4
0.04296176249817	1.77766741706154	209
0.0863619537467	1.20219405785639	395
0.0644026170857199	0.680176970712483	296
0.0637310931097299	0.679980770809146	73
0.06425944574235	0.680329466157843	221
0.06425944574235	0.680329466157843	221
0.0640182535977001	0.679923493619259	89
0.0644026170857199	0.680176970712483	89
0.0644026170857199	0.680176970712483	226
0.08645064175416	1.20255680724847	275
-0.01964623960182	1.91847920945303	130
0.06425944574235	0.680329466157843	4
0.0637310931097299	0.679980770809146	4
0.08687648660533	1.20254338962645	49
0.06411609166176	0.680234581521496	4
0.0640182535977001	0.679923493619259	4
0.0644026170857199	0.680176970712483	4
-0.0376830007228499	1.36387533336544	395
0.06387476499941	0.680075755177531	221
0.06387476499941	0.680075755177531	226
0.0640182535977001	0.679923493619259	226
0.0644026170857199	0.680176970712483	370
0.06387476499941	0.680075755177531	370
0.0644026170857199	0.680176970712483	89
0.06411609166176	0.680234581521496	226
-0.0377885896824399	1.36358639614156	325
0.0635872376051401	0.679654979238607	259
0.0644026170857199	0.680176970712483	275
0.0637310931097299	0.679980770809146	4
0.06411609166176	0.680234581521496	4
-0.03770632364852	1.36394954299998	49
0.06387476499941	0.680075755177531	49
0.06425944574235	0.680329466157843	4
0.06425944574235	0.680329466157843	4
0.06387476499941	0.680075755177531	4
0.0639725545215499	0.67990876897634	4
-0.03747159478219	1.36406648304809	3
0.08653917569843	1.20275414765063	192
0.08602277531758	1.20060512958913	226
0.08678835771213	1.20249190202203	226
0.06411609166176	0.680234581521496	226
0.08653917569843	1.20275414765063	226
0.06387476499941	0.680075755177531	370
0.06411609166176	0.680234581521496	89
0.0635872376051401	0.679654979238607	501
0.06387476499941	0.680075755177531	259
0.06387476499941	0.680075755177531	259
0.0637310931097299	0.679980770809146	275
0.06425944574235	0.680329466157843	4
0.0640182535977001	0.679923493619259	49
0.0635872376051401	0.679654979238607	4
0.06387476499941	0.680075755177531	4
0.06425944574235	0.680329466157843	3
0.06425944574235	0.680329466157843	226
0.06411609166176	0.680234581521496	226
0.08653917569843	1.20275414765063	196
0.06425944574235	0.680329466157843	226
0.0640182535977001	0.679923493619259	501
0.0640182535977001	0.679923493619259	325
0.06411609166176	0.680234581521496	325
0.08687648660533	1.20254338962645	259
0.06425944574235	0.680329466157843	259
-0.03770632364852	1.36394954299998	8
0.08653917569843	1.20275414765063	275
-0.0378941027522199	1.36312948218763	49
0.06425944574235	0.680329466157843	4
0.0640182535977001	0.679923493619259	4
0.06387476499941	0.680075755177531	4
0.06411609166176	0.680234581521496	4
0.0635872376051401	0.679654979238607	49
0.0862895971270801	1.20186314230777	4
0.0637310931097299	0.679980770809146	3
0.08678835771213	1.20249190202203	296
-0.09400005498634	1.5188494975897	34
0.06425944574235	0.680329466157843	192
0.0644026170857199	0.680176970712483	226
-0.0376830007228499	1.36387533336544	370
0.08678835771213	1.20249190202203	501
0.08662755581056	1.20280584359077	325
0.0644026170857199	0.680176970712483	332
0.0644026170857199	0.680176970712483	332
0.06425944574235	0.680329466157843	8
0.06411609166176	0.680234581521496	307
0.0637310931097299	0.679980770809146	307
-0.0657675686444401	2.07513712711134	141
-0.03770632364852	1.36394954299998	130
0.0637310931097299	0.679980770809146	130
0.06387476499941	0.680075755177531	49
0.06387476499941	0.680075755177531	49
0.06411609166176	0.680234581521496	49
-0.03760070891178	1.36398339516012	315
0.06411609166176	0.680234581521496	4
0.08637822902329	1.20191504598454	4
0.04296176249817	1.77766741706154	522
0.0862895971270801	1.20186314230777	395
-0.0377885896824399	1.36358639614156	192
0.06425944574235	0.680329466157843	226
0.08687648660533	1.20254338962645	370
0.0644026170857199	0.680176970712483	89
0.06387476499941	0.680075755177531	89
0.06387476499941	0.680075755177531	226
-0.0937914408099401	1.51955240277114	226
-0.0381511182457199	1.36228420029561	466
0.06387476499941	0.680075755177531	501
0.06387476499941	0.680075755177531	8
-0.03772961814914	1.36321927778566	259
0.0637310931097299	0.679980770809146	307
0.08637822902329	1.20191504598454	275
0.06387476499941	0.680075755177531	275
0.0635872376051401	0.679654979238607	275
0.08653917569843	1.20275414765063	130
0.0639725545215499	0.67990876897634	4
0.06411609166176	0.680234581521496	4
0.06425944574235	0.680329466157843	4
0.0637310931097299	0.679980770809146	4
0.06425944574235	0.680329466157843	49
-0.0378118624486701	1.36379252078282	49
0.06411609166176	0.680234581521496	4
0.0637310931097299	0.679980770809146	4
0.0644026170857199	0.680176970712483	192
0.0639725545215499	0.67990876897634	226
0.0637310931097299	0.679980770809146	221
0.0644026170857199	0.680176970712483	226
0.06425944574235	0.680329466157843	325
0.0637310931097299	0.679980770809146	8
0.06387476499941	0.680075755177531	275
-0.0378351067953999	1.36318552916065	4
0.0640182535977001	0.679923493619259	4
0.0867000753534799	1.20229488782196	49
0.0635872376051401	0.679654979238607	395
0.0637310931097299	0.679980770809146	3
0.06387476499941	0.680075755177531	192
0.06425944574235	0.680329466157843	226
0.06411609166176	0.680234581521496	73
0.06387476499941	0.680075755177531	370
0.06411609166176	0.680234581521496	89
0.06387476499941	0.680075755177531	89
0.06387476499941	0.680075755177531	332
0.06411609166176	0.680234581521496	8
0.0635872376051401	0.679654979238607	8
0.06411609166176	0.680234581521496	307
-0.09377907456115	1.51881861211547	130
0.06411609166176	0.680234581521496	4
0.0640182535977001	0.679923493619259	4
0.06411609166176	0.680234581521496	4
0.08678835771213	1.20249190202203	49
0.0637310931097299	0.679980770809146	3
0.06387476499941	0.680075755177531	3
0.06425944574235	0.680329466157843	226
0.06411609166176	0.680234581521496	226
0.0635872376051401	0.679654979238607	370
0.06411609166176	0.680234581521496	325
0.06387476499941	0.680075755177531	466
0.0639725545215499	0.67990876897634	8
0.08662755581056	1.20280584359077	259
0.06425944574235	0.680329466157843	259
0.0640182535977001	0.679923493619259	307
-0.09372181303681	1.51955663487069	599
0.08678835771213	1.20249190202203	49
0.06411609166176	0.680234581521496	4
0.06387476499941	0.680075755177531	4
0.0639725545215499	0.67990876897634	49
0.06411609166176	0.680234581521496	4
0.06425944574235	0.680329466157843	226
0.0640182535977001	0.679923493619259	221
0.08687648660533	1.20254338962645	196
0.06387476499941	0.680075755177531	370
0.0635872376051401	0.679654979238607	370
0.06387476499941	0.680075755177531	501
0.0644026170857199	0.680176970712483	325
0.0640182535977001	0.679923493619259	259
0.06411609166176	0.680234581521496	259
0.08687648660533	1.20254338962645	4
0.06387476499941	0.680075755177531	4
0.06425944574235	0.680329466157843	4
0.0640182535977001	0.679923493619259	49
0.06425944574235	0.680329466157843	4
0.06411609166176	0.680234581521496	4
0.06387476499941	0.680075755177531	4
-0.0197956566539701	1.91955698762359	615
0.06387476499941	0.680075755177531	3
0.0635872376051401	0.679654979238607	192
0.06411609166176	0.680234581521496	226
0.06411609166176	0.680234581521496	73
0.06411609166176	0.680234581521496	73
0.0637310931097299	0.679980770809146	221
0.06411609166176	0.680234581521496	196
0.08678835771213	1.20249190202203	370
0.06411609166176	0.680234581521496	370
0.0637310931097299	0.679980770809146	370
0.0637310931097299	0.679980770809146	226
0.06411609166176	0.680234581521496	226
0.08653917569843	1.20275414765063	226
0.06411609166176	0.680234581521496	332
0.08678835771213	1.20249190202203	259
0.06425944574235	0.680329466157843	307
0.06425944574235	0.680329466157843	275
0.08653917569843	1.20275414765063	275
0.0644026170857199	0.680176970712483	49
0.06411609166176	0.680234581521496	4
0.06425944574235	0.680329466157843	4
0.08687648660533	1.20254338962645	4
0.0861118705058801	1.20130334321723	4
0.06411609166176	0.680234581521496	180
0.06387476499941	0.680075755177531	4
0.06411609166176	0.680234581521496	3
0.0862895971270801	1.20186314230777	226
0.06411609166176	0.680234581521496	89
0.06425944574235	0.680329466157843	332
0.0637310931097299	0.679980770809146	8
0.06425944574235	0.680329466157843	8
0.0635872376051401	0.679654979238607	8
0.06411609166176	0.680234581521496	259
0.06411609166176	0.680234581521496	259
0.06387476499941	0.680075755177531	275
0.08678835771213	1.20249190202203	240
0.06411609166176	0.680234581521496	4
-0.0376830007228499	1.36387533336544	395
0.08662755581056	1.20280584359077	3
0.06411609166176	0.680234581521496	3
0.06411609166176	0.680234581521496	226
0.08662755581056	1.20280584359077	221
0.06425944574235	0.680329466157843	226
0.06387476499941	0.680075755177531	89
0.06425944574235	0.680329466157843	89
0.0639725545215499	0.67990876897634	226
0.0644026170857199	0.680176970712483	226
-0.0376830007228499	1.36387533336544	556
0.06387476499941	0.680075755177531	332
-0.0377885896824399	1.36358639614156	8
-0.03747159478219	1.36406648304809	8
0.0640182535977001	0.679923493619259	307
0.06425944574235	0.680329466157843	275
0.06411609166176	0.680234581521496	275
0.06425944574235	0.680329466157843	539
0.06387476499941	0.680075755177531	295
0.0637310931097299	0.679980770809146	180
0.06387476499941	0.680075755177531	4
0.08653917569843	1.20275414765063	192
0.0862895971270801	1.20186314230777	192
0.06425944574235	0.680329466157843	192
-0.0379173254004499	1.36350371897319	196
0.06425944574235	0.680329466157843	226
0.0637310931097299	0.679980770809146	332
-0.0657940939063	2.07502736811937	295
-0.03760070891178	1.36398339516012	295
-0.09372181303681	1.51955663487069	247
0.04304280950461	1.77771081118664	615
-0.03760070891178	1.36398339516012	34
0.0861118705058801	1.20130334321723	192
0.08645064175416	1.20255680724847	192
0.08653917569843	1.20275414765063	73
0.06425944574235	0.680329466157843	89
0.06411609166176	0.680234581521496	89
0.06411609166176	0.680234581521496	226
0.0637310931097299	0.679980770809146	226
0.0862895971270801	1.20186314230777	226
0.08653917569843	1.20275414765063	332
0.06411609166176	0.680234581521496	8
-0.0378118624486701	1.36379252078282	334
-0.09384863057022	1.51881441870016	480
0.06387476499941	0.680075755177531	186
0.08671578232145	1.2026905210236	574
0.0635872376051401	0.679654979238607	4
0.0637310931097299	0.679980770809146	3
0.08662755581056	1.20280584359077	192
0.06411609166176	0.680234581521496	192
0.06387476499941	0.680075755177531	192
0.06387476499941	0.680075755177531	226
0.0640182535977001	0.679923493619259	226
0.0635872376051401	0.679654979238607	226
0.06411609166176	0.680234581521496	89
0.06411609166176	0.680234581521496	226
0.0635872376051401	0.679654979238607	8
0.06411609166176	0.680234581521496	332
0.06411609166176	0.680234581521496	275
0.06387476499941	0.680075755177531	275
0.06387476499941	0.680075755177531	186
0.06425944574235	0.680329466157843	186
0.06425944574235	0.680329466157843	574
0.08653917569843	1.20275414765063	4
0.0635872376051401	0.679654979238607	4
0.0639725545215499	0.67990876897634	4
0.06411609166176	0.680234581521496	295
0.06387476499941	0.680075755177531	4
0.06425944574235	0.680329466157843	180
0.0637310931097299	0.679980770809146	180
0.06425944574235	0.680329466157843	180
0.0644026170857199	0.680176970712483	180
0.0637310931097299	0.679980770809146	395
0.06387476499941	0.680075755177531	395
0.0640182535977001	0.679923493619259	3
0.0637310931097299	0.679980770809146	192
0.06387476499941	0.680075755177531	8
0.08653917569843	1.20275414765063	4
-0.0376830007228499	1.36387533336544	494
-0.03804585675548	1.36274036780702	4
-0.0375773357854301	1.36403249253072	295
0.06425944574235	0.680329466157843	295
0.08661163929862	1.20193259965012	295
0.06425944574235	0.680329466157843	4
0.08671578232145	1.2026905210236	180
0.06411609166176	0.680234581521496	4
0.06387476499941	0.680075755177531	395
0.0644026170857199	0.680176970712483	3
0.06411609166176	0.680234581521496	3
0.06411609166176	0.680234581521496	226
0.0640182535977001	0.679923493619259	226
0.06425944574235	0.680329466157843	332
0.0644026170857199	0.680176970712483	332
0.06425944574235	0.680329466157843	8
0.0639725545215499	0.67990876897634	332
0.06425944574235	0.680329466157843	332
0.06411609166176	0.680234581521496	332
0.0869644622634	1.20242799259416	8
0.06425944574235	0.680329466157843	8
0.0644026170857199	0.680176970712483	275
0.0640182535977001	0.679923493619259	307
-0.10164454155542	2.23565013787835	494
0.08662755581056	1.20280584359077	295
-0.0376830007228499	1.36387533336544	295
0.08662755581056	1.20280584359077	4
-0.0938734044079499	1.51938293684477	180
-0.03772961814914	1.36321927778566	180
0.0430980040895901	1.77762892936041	180
0.06425944574235	0.680329466157843	180
0.0637310931097299	0.679980770809146	3
0.08662755581056	1.20280584359077	3
0.0640182535977001	0.679923493619259	3
0.06411609166176	0.680234581521496	3
-0.0198509000670399	1.91812702623977	55
0.0637310931097299	0.679980770809146	55
0.06387476499941	0.680075755177531	226
0.06411609166176	0.680234581521496	226
0.06411609166176	0.680234581521496	226
0.0639725545215499	0.67990876897634	226
0.06387476499941	0.680075755177531	226
0.0637310931097299	0.679980770809146	226
-0.09393056174379	1.51920956909812	8
0.04285149819519	1.77693914701903	8
-0.03760070891178	1.36398339516012	8
0.08661163929862	1.20193259965012	8
-0.0198754583171501	1.9190104153355	494
-0.06582062969297	2.07451313182539	494
0.0637310931097299	0.679980770809146	180
-0.06582833422488	2.07452332153479	3
-0.03760070891178	1.36398339516012	17
0.08645064175416	1.20255680724847	55
0.0640182535977001	0.679923493619259	61
0.0637310931097299	0.679980770809146	61
0.06387476499941	0.680075755177531	61
0.0639725545215499	0.67990876897634	226
0.0637310931097299	0.679980770809146	226
0.06411609166176	0.680234581521496	89
0.0637310931097299	0.679980770809146	8
0.06411609166176	0.680234581521496	8
-0.03760070891178	1.36398339516012	539
0.08662755581056	1.20280584359077	539
-0.0937914408099401	1.51955240277114	295
0.08678835771213	1.20249190202203	17
0.08678835771213	1.20249190202203	17
-0.0379173254004499	1.36350371897319	17
0.0637310931097299	0.679980770809146	226
0.0640182535977001	0.679923493619259	226
0.06387476499941	0.680075755177531	226
-0.0197403712269799	1.91934366152496	230
0.0869644622634	1.20242799259416	230
0.0639725545215499	0.67990876897634	8
0.06411609166176	0.680234581521496	8
0.0429910849340101	1.77743020942842	280
-0.0377885896824399	1.36358639614156	539
0.04287742041084	1.7772245011858	494
0.0864667069515901	1.20180019114119	295
-0.09393056174379	1.51920956909812	295
-0.0376240536077499	1.36312122864312	180
-0.03744814300057	1.36348326496174	17
0.08662755581056	1.20280584359077	61
0.0635872376051401	0.679654979238607	226
0.08687648660533	1.20254338962645	230
0.08662755581056	1.20280584359077	8
0.0637310931097299	0.679980770809146	8
0.08678835771213	1.20249190202203	539
-0.0938734044079499	1.51938293684477	295
-0.0937341399892	1.51972600313093	721
0.06425944574235	0.680329466157843	4
-0.0937914408099401	1.51955240277114	13
0.06411609166176	0.680234581521496	3
0.06387476499941	0.680075755177531	3
0.0639725545215499	0.67990876897634	55
0.08645064175416	1.20255680724847	55
0.0644026170857199	0.680176970712483	226
0.06411609166176	0.680234581521496	226
0.06387476499941	0.680075755177531	226
0.08620081103178	1.20166581977859	226
-0.0198651850691001	1.919428532414	230
0.06411609166176	0.680234581521496	8
0.08620081103178	1.20166581977859	8
0.06387476499941	0.680075755177531	8
-0.0379173254004499	1.36350371897319	280
0.0637310931097299	0.679980770809146	280
0.0637310931097299	0.679980770809146	134
0.06425944574235	0.680329466157843	134
0.0637310931097299	0.679980770809146	55
0.08645064175416	1.20255680724847	73
0.0644026170857199	0.680176970712483	61
0.08678835771213	1.20249190202203	226
0.0640182535977001	0.679923493619259	226
0.08653917569843	1.20275414765063	226
0.06411609166176	0.680234581521496	755
0.08687648660533	1.20254338962645	8
0.08662755581056	1.20280584359077	8
0.08671578232145	1.2026905210236	8
0.06425944574235	0.680329466157843	8
-0.03760070891178	1.36398339516012	8
0.0867000753534799	1.20229488782196	8
-0.09400005498634	1.5188494975897	494
0.0429876473814701	1.77767205964485	494
0.0867000753534799	1.20229488782196	180
-0.0657769759434399	2.07510986373743	247
0.06387476499941	0.680075755177531	3
0.08653917569843	1.20275414765063	3
0.0637310931097299	0.679980770809146	17
0.06387476499941	0.680075755177531	55
0.06387476499941	0.680075755177531	55
0.06411609166176	0.680234581521496	226
0.0635872376051401	0.679654979238607	226
0.06411609166176	0.680234581521496	226
0.06387476499941	0.680075755177531	226
-0.0374950181503599	1.3638852905252	230
0.0637310931097299	0.679980770809146	8
0.06387476499941	0.680075755177531	8
0.04296176249817	1.77766741706154	280
0.08645064175416	1.20255680724847	8
0.0644026170857199	0.680176970712483	134
-0.0198895992005499	1.91929613555507	494
-0.01984455028382	1.91931815662508	721
-0.0379173254004499	1.36350371897319	180
0.0644026170857199	0.680176970712483	457
0.06425944574235	0.680329466157843	3
0.06387476499941	0.680075755177531	3
-0.06571620713803	2.07538857504614	55
-0.03725988422613	1.36370213045735	55
0.06425944574235	0.680329466157843	226
0.06411609166176	0.680234581521496	226
0.0637310931097299	0.679980770809146	8
0.06425944574235	0.680329466157843	151
0.08653917569843	1.20275414765063	8
0.06411609166176	0.680234581521496	8
0.06425944574235	0.680329466157843	8
0.0862895971270801	1.20186314230777	539
0.06411609166176	0.680234581521496	404
0.08678835771213	1.20249190202203	404
0.06387476499941	0.680075755177531	180
0.06425944574235	0.680329466157843	457
0.0637310931097299	0.679980770809146	180
0.0637310931097299	0.679980770809146	457
-0.0375773357854301	1.36403249253072	180
-0.0936521403384301	1.51944603411736	13
0.06411609166176	0.680234581521496	3
0.06411609166176	0.680234581521496	3
0.06425944574235	0.680329466157843	3
-0.01978539997826	1.91966117759799	17
0.06425944574235	0.680329466157843	61
0.0640182535977001	0.679923493619259	55
0.08637822902329	1.20191504598454	55
-0.0375773357854301	1.36403249253072	61
0.06387476499941	0.680075755177531	226
0.0637310931097299	0.679980770809146	226
-0.03794051963478	1.36302875890498	230
0.0644026170857199	0.680176970712483	8
0.08645064175416	1.20255680724847	280
0.0637310931097299	0.679980770809146	307
0.06411609166176	0.680234581521496	404
0.06411609166176	0.680234581521496	152
0.06387476499941	0.680075755177531	152
0.06411609166176	0.680234581521496	457
0.06387476499941	0.680075755177531	3
0.06411609166176	0.680234581521496	61
0.06387476499941	0.680075755177531	55
0.0637310931097299	0.679980770809146	89
0.06425944574235	0.680329466157843	226
0.06411609166176	0.680234581521496	8
0.06387476499941	0.680075755177531	8
-0.09372181303681	1.51955663487069	280
0.0640182535977001	0.679923493619259	307
0.06425944574235	0.680329466157843	134
0.0869644622634	1.20242799259416	124
0.06411609166176	0.680234581521496	404
0.06411609166176	0.680234581521496	404
0.08662755581056	1.20280584359077	404
0.0863619537467	1.20219405785639	721
-0.09353714009418	1.5194631519215	17
0.0637310931097299	0.679980770809146	55
0.06387476499941	0.680075755177531	55
0.06425944574235	0.680329466157843	61
0.06425944574235	0.680329466157843	55
0.06387476499941	0.680075755177531	226
0.06411609166176	0.680234581521496	226
0.0639725545215499	0.67990876897634	226
0.06387476499941	0.680075755177531	151
0.0644026170857199	0.680176970712483	8
0.06425944574235	0.680329466157843	307
0.0637310931097299	0.679980770809146	134
0.06425944574235	0.680329466157843	134
-0.09375875676247	1.51854395688775	539
0.06425944574235	0.680329466157843	731
0.08662755581056	1.20280584359077	404
0.0867000753534799	1.20229488782196	295
0.0637310931097299	0.679980770809146	38
0.0644026170857199	0.680176970712483	38
0.08653917569843	1.20275414765063	152
0.08662755581056	1.20280584359077	180
0.06425944574235	0.680329466157843	3
-0.0936192050295599	1.51888704554856	17
0.0639725545215499	0.67990876897634	61
0.08662755581056	1.20280584359077	73
0.0644026170857199	0.680176970712483	55
0.08678835771213	1.20249190202203	61
0.0637310931097299	0.679980770809146	226
0.0865550311427901	1.20134277363669	8
0.06387476499941	0.680075755177531	151
0.06387476499941	0.680075755177531	151
0.0637310931097299	0.679980770809146	307
0.06411609166176	0.680234581521496	731
0.0867000753534799	1.20229488782196	404
0.0867000753534799	1.20229488782196	38
0.06411609166176	0.680234581521496	38
0.06411609166176	0.680234581521496	457
0.0640182535977001	0.679923493619259	457
-0.0379173254004499	1.36350371897319	13
0.06425944574235	0.680329466157843	3
0.06411609166176	0.680234581521496	17
0.0868038554614401	1.20223209864398	364
0.0637310931097299	0.679980770809146	89
0.06411609166176	0.680234581521496	226
0.06411609166176	0.680234581521496	226
0.06425944574235	0.680329466157843	151
0.0867000753534799	1.20229488782196	402
0.0644026170857199	0.680176970712483	641
0.06425944574235	0.680329466157843	731
0.0639725545215499	0.67990876897634	38
0.06387476499941	0.680075755177531	152
0.0639725545215499	0.67990876897634	457
-0.09394296931307	1.51902271107243	17
0.08678835771213	1.20249190202203	61
0.06411609166176	0.680234581521496	61
0.06411609166176	0.680234581521496	61
0.0635872376051401	0.679654979238607	55
0.0637310931097299	0.679980770809146	55
0.06411609166176	0.680234581521496	226
0.06411609166176	0.680234581521496	8
0.06387476499941	0.680075755177531	8
0.08687648660533	1.20254338962645	8
0.06425944574235	0.680329466157843	8
0.06425944574235	0.680329466157843	8
0.06411609166176	0.680234581521496	307
0.06425944574235	0.680329466157843	307
0.06411609166176	0.680234581521496	134
0.0637310931097299	0.679980770809146	134
0.06425944574235	0.680329466157843	134
0.06425944574235	0.680329466157843	134
0.06425944574235	0.680329466157843	134
0.0635872376051401	0.679654979238607	404
0.0637310931097299	0.679980770809146	152
0.06387476499941	0.680075755177531	152
-0.0936644403940701	1.51973031777427	13
0.06425944574235	0.680329466157843	3
-0.03770632364852	1.36394954299998	615
0.0867000753534799	1.20229488782196	17
0.06425944574235	0.680329466157843	55
0.0637310931097299	0.679980770809146	55
0.06411609166176	0.680234581521496	55
0.06411609166176	0.680234581521496	55
0.06425944574235	0.680329466157843	55
0.0640182535977001	0.679923493619259	89
0.0639725545215499	0.67990876897634	151
0.08678835771213	1.20249190202203	8
0.06425944574235	0.680329466157843	8
-0.0938037946469199	1.51961173035875	280
0.06425944574235	0.680329466157843	8
0.06387476499941	0.680075755177531	307
0.06411609166176	0.680234581521496	402
0.0862895971270801	1.20186314230777	402
0.0867000753534799	1.20229488782196	402
0.06411609166176	0.680234581521496	641
0.06411609166176	0.680234581521496	404
0.08687648660533	1.20254338962645	404
0.06425944574235	0.680329466157843	38
0.08637822902329	1.20191504598454	61
0.06411609166176	0.680234581521496	55
0.0635872376051401	0.679654979238607	364
0.06387476499941	0.680075755177531	364
0.06411609166176	0.680234581521496	55
0.0635872376051401	0.679654979238607	55
0.0640182535977001	0.679923493619259	226
0.06425944574235	0.680329466157843	8
0.0644026170857199	0.680176970712483	8
0.06425944574235	0.680329466157843	402
-0.03770632364852	1.36394954299998	494
-0.0376830007228499	1.36387533336544	494
0.06425944574235	0.680329466157843	731
0.06425944574235	0.680329466157843	404
0.0869644622634	1.20242799259416	295
0.0644026170857199	0.680176970712483	152
0.0639725545215499	0.67990876897634	152
0.0639725545215499	0.67990876897634	457
0.08662755581056	1.20280584359077	615
0.06387476499941	0.680075755177531	55
0.06425944574235	0.680329466157843	55
0.0644026170857199	0.680176970712483	55
0.08687648660533	1.20254338962645	89
0.06425944574235	0.680329466157843	89
0.06411609166176	0.680234581521496	226
0.0644026170857199	0.680176970712483	8
0.0635872376051401	0.679654979238607	8
0.06425944574235	0.680329466157843	8
0.06425944574235	0.680329466157843	151
0.06425944574235	0.680329466157843	8
-0.09391814174822	1.51870041013883	124
0.06425944574235	0.680329466157843	124
0.06387476499941	0.680075755177531	731
0.06411609166176	0.680234581521496	404
0.06425944574235	0.680329466157843	404
0.06411609166176	0.680234581521496	404
0.06411609166176	0.680234581521496	404
-0.0938610236986199	1.51943823476646	494
0.06425944574235	0.680329466157843	404
0.06387476499941	0.680075755177531	38
0.06387476499941	0.680075755177531	152
0.04296176249817	1.77766741706154	13
0.06425944574235	0.680329466157843	3
0.0644026170857199	0.680176970712483	3
0.06411609166176	0.680234581521496	61
0.06425944574235	0.680329466157843	55
0.08637822902329	1.20191504598454	61
0.0635872376051401	0.679654979238607	8
0.0635872376051401	0.679654979238607	8
0.06387476499941	0.680075755177531	8
-0.0938610236986199	1.51943823476646	494
0.06387476499941	0.680075755177531	404
0.0640182535977001	0.679923493619259	404
0.0640182535977001	0.679923493619259	152
0.06425944574235	0.680329466157843	180
0.08662755581056	1.20280584359077	61
0.06425944574235	0.680329466157843	55
0.08661163929862	1.20193259965012	55
0.08662755581056	1.20280584359077	55
0.0640182535977001	0.679923493619259	55
0.0637310931097299	0.679980770809146	55
0.06411609166176	0.680234581521496	55
0.0640182535977001	0.679923493619259	55
0.06425944574235	0.680329466157843	61
0.06411609166176	0.680234581521496	89
0.0635872376051401	0.679654979238607	89
0.0644026170857199	0.680176970712483	151
0.0637310931097299	0.679980770809146	8
-0.0381511182457199	1.36228420029561	439
0.0640182535977001	0.679923493619259	8
0.06387476499941	0.680075755177531	307
0.06411609166176	0.680234581521496	134
0.04279641463689	1.77629332065664	494
0.08687648660533	1.20254338962645	404
0.06387476499941	0.680075755177531	404
0.0867000753534799	1.20229488782196	404
0.0639725545215499	0.67990876897634	295
0.06411609166176	0.680234581521496	152
-0.0373657776251	1.36396851822526	13
-0.0376830007228499	1.36387533336544	13
0.08620081103178	1.20166581977859	17
0.08653917569843	1.20275414765063	61
0.0640182535977001	0.679923493619259	55
0.0644026170857199	0.680176970712483	55
0.0644026170857199	0.680176970712483	55
0.0637310931097299	0.679980770809146	226
0.06387476499941	0.680075755177531	226
0.0637310931097299	0.679980770809146	151
0.0637310931097299	0.679980770809146	151
0.06387476499941	0.680075755177531	151
0.06387476499941	0.680075755177531	8
-0.09388577271826	1.51886573025681	439
0.08678835771213	1.20249190202203	439
0.08678835771213	1.20249190202203	8
0.0637310931097299	0.679980770809146	8
0.06387476499941	0.680075755177531	8
-0.03760070891178	1.36398339516012	124
0.0639725545215499	0.67990876897634	124
-0.01988570214484	1.91800725800116	124
0.08671578232145	1.2026905210236	404
0.06387476499941	0.680075755177531	152
-0.03804585675548	1.36274036780702	180
0.06411609166176	0.680234581521496	3
0.06411609166176	0.680234581521496	3
0.04323799145615	1.77720824362819	61
0.0639725545215499	0.67990876897634	55
0.06425944574235	0.680329466157843	55
0.0640182535977001	0.679923493619259	55
0.06387476499941	0.680075755177531	89
0.06387476499941	0.680075755177531	151
0.06411609166176	0.680234581521496	151
0.0637310931097299	0.679980770809146	307
0.06411609166176	0.680234581521496	307
-0.0381511182457199	1.36228420029561	124
-0.0937341399892	1.51972600313093	124
-0.03770632364852	1.36394954299998	124
0.0644026170857199	0.680176970712483	38
0.0639725545215499	0.67990876897634	38
0.06411609166176	0.680234581521496	38
0.06387476499941	0.680075755177531	152
0.06387476499941	0.680075755177531	152
0.0635872376051401	0.679654979238607	61
0.0637310931097299	0.679980770809146	55
0.0639725545215499	0.67990876897634	55
0.06411609166176	0.680234581521496	89
0.0637310931097299	0.679980770809146	8
0.0640182535977001	0.679923493619259	151
0.06411609166176	0.680234581521496	151
0.06411609166176	0.680234581521496	8
0.0639725545215499	0.67990876897634	8
0.0640182535977001	0.679923493619259	151
0.06425944574235	0.680329466157843	27
0.0640182535977001	0.679923493619259	307
0.0640182535977001	0.679923493619259	307
0.06411609166176	0.680234581521496	307
0.0637310931097299	0.679980770809146	307
0.08678835771213	1.20249190202203	124
0.0865550311427901	1.20134277363669	124
-0.03794051963478	1.36302875890498	731
0.0637310931097299	0.679980770809146	731
0.0635872376051401	0.679654979238607	404
0.08662755581056	1.20280584359077	38
0.08662755581056	1.20280584359077	152
0.0644026170857199	0.680176970712483	152
0.06425944574235	0.680329466157843	152
0.06387476499941	0.680075755177531	152
-0.0376830007228499	1.36387533336544	180
0.08678835771213	1.20249190202203	55
0.0637310931097299	0.679980770809146	364
0.08653917569843	1.20275414765063	55
0.06387476499941	0.680075755177531	55
0.06411609166176	0.680234581521496	8
0.06387476499941	0.680075755177531	8
-0.01983042900579	1.91954839108287	439
0.0644026170857199	0.680176970712483	307
0.06425944574235	0.680329466157843	307
-0.03770632364852	1.36394954299998	124
0.0637310931097299	0.679980770809146	404
0.0640182535977001	0.679923493619259	152
0.06411609166176	0.680234581521496	55
0.08678835771213	1.20249190202203	61
0.08653917569843	1.20275414765063	134
0.08645064175416	1.20255680724847	124
0.0863619537467	1.20219405785639	731
0.06387476499941	0.680075755177531	731
0.0644026170857199	0.680176970712483	404
-0.0935824226740101	1.51920325643792	180
0.0637310931097299	0.679980770809146	152
0.0637310931097299	0.679980770809146	152
-0.0375773357854301	1.36403249253072	13
-0.03760070891178	1.36398339516012	61
0.0637310931097299	0.679980770809146	55
0.0637310931097299	0.679980770809146	55
0.06425944574235	0.680329466157843	55
0.06425944574235	0.680329466157843	55
0.06411609166176	0.680234581521496	89
-0.0375773357854301	1.36403249253072	689
0.06411609166176	0.680234581521496	307
0.08671578232145	1.2026905210236	38
0.06425944574235	0.680329466157843	38
0.0429358854647699	1.77714176834868	38
0.06411609166176	0.680234581521496	152
0.08645064175416	1.20255680724847	13
0.06411609166176	0.680234581521496	364
0.06425944574235	0.680329466157843	364
0.08653917569843	1.20275414765063	61
0.08671578232145	1.2026905210236	89
0.08645064175416	1.20255680724847	731
0.06425944574235	0.680329466157843	731
0.06411609166176	0.680234581521496	404
0.0861118705058801	1.20130334321723	38
0.0867000753534799	1.20229488782196	38
-0.03770632364852	1.36394954299998	38
0.04290661413978	1.7773789623566	721
0.0637310931097299	0.679980770809146	152
0.0640182535977001	0.679923493619259	55
0.0639725545215499	0.67990876897634	55
0.06411609166176	0.680234581521496	55
0.06411609166176	0.680234581521496	55
0.0640182535977001	0.679923493619259	55
0.0639725545215499	0.67990876897634	55
0.0644026170857199	0.680176970712483	151
0.0644026170857199	0.680176970712483	151
0.0637310931097299	0.679980770809146	151
0.0639725545215499	0.67990876897634	307
0.06425944574235	0.680329466157843	307
0.0644026170857199	0.680176970712483	134
0.0637310931097299	0.679980770809146	134
0.08645064175416	1.20255680724847	731
0.06425944574235	0.680329466157843	731
0.06387476499941	0.680075755177531	731
0.06387476499941	0.680075755177531	295
0.08653917569843	1.20275414765063	61
0.06387476499941	0.680075755177531	55
0.0635872376051401	0.679654979238607	364
0.06387476499941	0.680075755177531	89
0.0639725545215499	0.67990876897634	89
0.0637310931097299	0.679980770809146	151
0.06425944574235	0.680329466157843	8
0.0635872376051401	0.679654979238607	8
-0.01980984019744	1.91943794220021	163
0.0635872376051401	0.679654979238607	163
0.0637310931097299	0.679980770809146	163
0.08598013848433	2.17372200579686	494
0.06425944574235	0.680329466157843	731
0.06387476499941	0.680075755177531	404
0.0637310931097299	0.679980770809146	404
-0.0375773357854301	1.36403249253072	38
0.06387476499941	0.680075755177531	152
0.06425944574235	0.680329466157843	152
0.0639725545215499	0.67990876897634	80
0.06425944574235	0.680329466157843	55
0.0637310931097299	0.679980770809146	226
0.08645064175416	1.20255680724847	412
0.06425944574235	0.680329466157843	151
-0.0379173254004499	1.36350371897319	27
0.0639725545215499	0.67990876897634	134
0.06425944574235	0.680329466157843	134
0.08678835771213	1.20249190202203	134
0.06425944574235	0.680329466157843	731
0.06387476499941	0.680075755177531	731
0.06425944574235	0.680329466157843	731
0.0644026170857199	0.680176970712483	731
0.0635872376051401	0.679654979238607	38
0.06411609166176	0.680234581521496	38
0.06411609166176	0.680234581521496	152
0.06411609166176	0.680234581521496	17
0.06411609166176	0.680234581521496	55
0.06387476499941	0.680075755177531	226
0.06425944574235	0.680329466157843	552
0.06387476499941	0.680075755177531	8
0.06425944574235	0.680329466157843	8
0.0639725545215499	0.67990876897634	27
0.06411609166176	0.680234581521496	134
0.06425944574235	0.680329466157843	494
0.06425944574235	0.680329466157843	731
0.06387476499941	0.680075755177531	731
0.0429876473814701	1.77767205964485	295
0.0644026170857199	0.680176970712483	38
0.06411609166176	0.680234581521496	152
0.06425944574235	0.680329466157843	152
0.06425944574235	0.680329466157843	529
0.0640182535977001	0.679923493619259	529
0.06387476499941	0.680075755177531	529
0.06387476499941	0.680075755177531	489
0.06387476499941	0.680075755177531	89
0.06387476499941	0.680075755177531	89
-0.01976479826023	1.91861613990654	344
0.06411609166176	0.680234581521496	8
0.06425944574235	0.680329466157843	134
-0.0937341399892	1.51972600313093	494
0.08678835771213	1.20249190202203	124
0.06387476499941	0.680075755177531	404
0.06411609166176	0.680234581521496	152
0.0637310931097299	0.679980770809146	162
0.04290661413978	1.7773789623566	17
0.08671578232145	1.2026905210236	17
0.0639725545215499	0.67990876897634	61
0.06425944574235	0.680329466157843	364
0.0640182535977001	0.679923493619259	55
0.06411609166176	0.680234581521496	55
0.0637310931097299	0.679980770809146	55
0.06387476499941	0.680075755177531	151
-0.0372363318284401	1.36341980635859	280
0.08671578232145	1.2026905210236	161
0.08653917569843	1.20275414765063	731
0.06411609166176	0.680234581521496	295
0.0637310931097299	0.679980770809146	152
0.06425944574235	0.680329466157843	152
-0.0374950181503599	1.3638852905252	162
0.08637822902329	1.20191504598454	162
0.08637822902329	1.20191504598454	61
0.08687648660533	1.20254338962645	364
0.06411609166176	0.680234581521496	55
0.06425944574235	0.680329466157843	151
0.0644026170857199	0.680176970712483	439
0.04290661413978	1.7773789623566	439
0.06411609166176	0.680234581521496	8
0.06387476499941	0.680075755177531	161
0.06411609166176	0.680234581521496	152
-0.0373422755558199	1.36351743813113	180
0.0862895971270801	1.20186314230777	13
0.0637310931097299	0.679980770809146	80
0.08687648660533	1.20254338962645	55
0.0635872376051401	0.679654979238607	61
0.06387476499941	0.680075755177531	230
0.08645064175416	1.20255680724847	439
0.0644026170857199	0.680176970712483	307
0.06425944574235	0.680329466157843	307
0.06425944574235	0.680329466157843	134
0.0639725545215499	0.67990876897634	161
0.0637310931097299	0.679980770809146	161
0.06411609166176	0.680234581521496	731
0.08678835771213	1.20249190202203	404
0.0869644622634	1.20242799259416	404
0.0644026170857199	0.680176970712483	38
0.0867000753534799	1.20229488782196	38
0.0637310931097299	0.679980770809146	152
0.06425944574235	0.680329466157843	152
0.0637310931097299	0.679980770809146	457
0.0640182535977001	0.679923493619259	152
0.06387476499941	0.680075755177531	152
0.0862895971270801	1.20186314230777	162
0.0637310931097299	0.679980770809146	3
0.06425944574235	0.680329466157843	61
0.06411609166176	0.680234581521496	529
0.06425944574235	0.680329466157843	55
0.0644026170857199	0.680176970712483	364
0.0639725545215499	0.67990876897634	364
0.08678835771213	1.20249190202203	226
0.08662755581056	1.20280584359077	230
0.06425944574235	0.680329466157843	582
0.0862895971270801	1.20186314230777	8
-0.03770632364852	1.36394954299998	8
0.06425944574235	0.680329466157843	307
0.0639725545215499	0.67990876897634	307
-0.09360695659911	1.51957354788367	163
0.0859018162813301	2.17320077152464	124
0.0644026170857199	0.680176970712483	404
0.06387476499941	0.680075755177531	38
0.06387476499941	0.680075755177531	152
0.0639725545215499	0.67990876897634	152
0.0637310931097299	0.679980770809146	529
0.06411609166176	0.680234581521496	364
0.0635872376051401	0.679654979238607	55
0.08678835771213	1.20249190202203	61
0.08662755581056	1.20280584359077	61
0.0640182535977001	0.679923493619259	89
0.06425944574235	0.680329466157843	8
-0.0936644403940701	1.51973031777427	439
0.0644026170857199	0.680176970712483	486
-0.0937464545575999	1.51945477894097	27
0.06387476499941	0.680075755177531	8
0.0637310931097299	0.679980770809146	307
-0.0937094736800499	1.51870809885327	134
0.06425944574235	0.680329466157843	161
0.06387476499941	0.680075755177531	161
0.06425944574235	0.680329466157843	161
-0.0376830007228499	1.36387533336544	38
0.06411609166176	0.680234581521496	152
0.06425944574235	0.680329466157843	152
0.06425944574235	0.680329466157843	152
0.06411609166176	0.680234581521496	3
0.06387476499941	0.680075755177531	364
-0.03738925127615	1.36361876117946	412
0.06411609166176	0.680234581521496	151
0.08662755581056	1.20280584359077	27
0.0864667069515901	1.20180019114119	731
-0.0378118624486701	1.36379252078282	38
0.08678835771213	1.20249190202203	152
0.06387476499941	0.680075755177531	457
0.06425944574235	0.680329466157843	152
0.08678835771213	1.20249190202203	152
0.0859006628026	2.17302037535586	13
-0.0376830007228499	1.36387533336544	162
0.0635872376051401	0.679654979238607	77
0.0640182535977001	0.679923493619259	17
0.08645064175416	1.20255680724847	61
0.04304280950461	1.77771081118664	61
0.06411609166176	0.680234581521496	529
0.06411609166176	0.680234581521496	364
0.0640182535977001	0.679923493619259	364
0.06411609166176	0.680234581521496	61
0.0640182535977001	0.679923493619259	61
0.08678835771213	1.20249190202203	61
0.08645064175416	1.20255680724847	89
0.0635872376051401	0.679654979238607	226
0.0859273383691299	2.17352612717136	689
0.0640182535977001	0.679923493619259	486
0.0637310931097299	0.679980770809146	134
0.08653917569843	1.20275414765063	134
0.06425944574235	0.680329466157843	134
0.0859546202627599	2.17328107851707	163
-0.0378351067953999	1.36318552916065	124
0.06425944574235	0.680329466157843	161
0.0637310931097299	0.679980770809146	731
0.06425944574235	0.680329466157843	731
0.0637310931097299	0.679980770809146	731
0.0637310931097299	0.679980770809146	152
0.06411609166176	0.680234581521496	152
0.06387476499941	0.680075755177531	152
0.0639725545215499	0.67990876897634	152
0.06411609166176	0.680234581521496	77
0.06387476499941	0.680075755177531	529
0.08687648660533	1.20254338962645	55
0.08662755581056	1.20280584359077	364
0.06411609166176	0.680234581521496	61
0.0637310931097299	0.679980770809146	89
0.06425944574235	0.680329466157843	226
0.06411609166176	0.680234581521496	552
0.0637310931097299	0.679980770809146	552
0.0637310931097299	0.679980770809146	151
0.0640182535977001	0.679923493619259	307
0.06411609166176	0.680234581521496	307
0.06387476499941	0.680075755177531	134
0.0644026170857199	0.680176970712483	134
0.06411609166176	0.680234581521496	161
0.06411609166176	0.680234581521496	404
0.0639725545215499	0.67990876897634	404
0.0639725545215499	0.67990876897634	404
0.08645064175416	1.20255680724847	38
0.0640182535977001	0.679923493619259	180
0.06387476499941	0.680075755177531	152
0.06411609166176	0.680234581521496	3
0.06387476499941	0.680075755177531	162
0.06425944574235	0.680329466157843	162
0.06425944574235	0.680329466157843	3
0.0640182535977001	0.679923493619259	529
0.08620081103178	1.20166581977859	529
0.0867000753534799	1.20229488782196	364
0.0637310931097299	0.679980770809146	55
0.06387476499941	0.680075755177531	226
0.0861118705058801	1.20130334321723	582
0.06425944574235	0.680329466157843	8
0.06387476499941	0.680075755177531	124
0.0640182535977001	0.679923493619259	161
0.0637310931097299	0.679980770809146	404
0.0639725545215499	0.67990876897634	38
0.0635872376051401	0.679654979238607	38
0.08687648660533	1.20254338962645	180
0.0867000753534799	1.20229488782196	152
0.06411609166176	0.680234581521496	3
0.06425944574235	0.680329466157843	55
-0.0374950181503599	1.3638852905252	689
0.08678835771213	1.20249190202203	582
0.08637822902329	1.20191504598454	439
0.0637310931097299	0.679980770809146	486
0.06387476499941	0.680075755177531	486
0.06411609166176	0.680234581521496	486
0.06411609166176	0.680234581521496	8
0.0644026170857199	0.680176970712483	134
0.08678835771213	1.20249190202203	161
0.0640182535977001	0.679923493619259	124
0.06425944574235	0.680329466157843	161
0.06425944574235	0.680329466157843	403
0.0637310931097299	0.679980770809146	38
0.08662755581056	1.20280584359077	38
-0.0376830007228499	1.36387533336544	180
0.06387476499941	0.680075755177531	529
-0.03794051963478	1.36302875890498	55
0.0639725545215499	0.67990876897634	489
0.06425944574235	0.680329466157843	489
0.08620081103178	1.20166581977859	226
0.06411609166176	0.680234581521496	552
0.0644026170857199	0.680176970712483	552
0.0644026170857199	0.680176970712483	151
0.06425944574235	0.680329466157843	8
0.0430169432977801	1.77782672458408	439
0.08662755581056	1.20280584359077	486
0.06411609166176	0.680234581521496	307
0.06411609166176	0.680234581521496	134
0.08662755581056	1.20280584359077	124
0.06425944574235	0.680329466157843	403
0.0644026170857199	0.680176970712483	403
0.06387476499941	0.680075755177531	403
0.06411609166176	0.680234581521496	38
0.08645064175416	1.20255680724847	38
0.06425944574235	0.680329466157843	38
0.0644026170857199	0.680176970712483	152
0.0429910849340101	1.77743020942842	13
0.08687648660533	1.20254338962645	162
0.0635872376051401	0.679654979238607	61
0.06387476499941	0.680075755177531	529
0.08662755581056	1.20280584359077	61
0.06387476499941	0.680075755177531	226
0.0644026170857199	0.680176970712483	755
0.0637310931097299	0.679980770809146	134
0.0644026170857199	0.680176970712483	307
-0.01971585241341	1.91933834584611	540
-0.03744814300057	1.36348326496174	124
0.0644026170857199	0.680176970712483	404
0.06425944574235	0.680329466157843	404
0.06411609166176	0.680234581521496	38
0.08671578232145	1.2026905210236	38
0.08662755581056	1.20280584359077	152
-0.0376830007228499	1.36387533336544	162
-0.0198651850691001	1.919428532414	77
0.06411609166176	0.680234581521496	61
0.0637310931097299	0.679980770809146	529
0.0637310931097299	0.679980770809146	529
0.0862895971270801	1.20186314230777	529
0.06425944574235	0.680329466157843	529
0.08653917569843	1.20275414765063	55
0.06425944574235	0.680329466157843	364
0.06411609166176	0.680234581521496	489
0.0639725545215499	0.67990876897634	230
0.06387476499941	0.680075755177531	552
0.0644026170857199	0.680176970712483	8
0.0865230493165401	1.20123433607259	8
0.0635872376051401	0.679654979238607	134
0.06425944574235	0.680329466157843	134
-0.03747159478219	1.36406648304809	133
0.08620081103178	1.20166581977859	161
0.08662755581056	1.20280584359077	38
0.06411609166176	0.680234581521496	180
0.06411609166176	0.680234581521496	152
0.0862895971270801	1.20186314230777	162
0.06387476499941	0.680075755177531	529
-0.0376830007228499	1.36387533336544	55
-0.03765964939379	1.36303723451158	55
0.06425944574235	0.680329466157843	55
0.06425944574235	0.680329466157843	55
0.06387476499941	0.680075755177531	364
0.06387476499941	0.680075755177531	61
0.0644026170857199	0.680176970712483	226
0.06387476499941	0.680075755177531	151
0.08645064175416	1.20255680724847	280
0.0637310931097299	0.679980770809146	27
0.06387476499941	0.680075755177531	134
0.0640182535977001	0.679923493619259	134
-0.0373422755558199	1.36351743813113	133
0.0637310931097299	0.679980770809146	161
0.06411609166176	0.680234581521496	403
0.0635872376051401	0.679654979238607	161
0.0635872376051401	0.679654979238607	38
0.06425944574235	0.680329466157843	152
0.0644026170857199	0.680176970712483	3
0.06411609166176	0.680234581521496	529
0.06411609166176	0.680234581521496	529
0.0644026170857199	0.680176970712483	55
0.06387476499941	0.680075755177531	364
0.0637310931097299	0.679980770809146	55
0.06411609166176	0.680234581521496	489
0.08687648660533	1.20254338962645	552
0.0868038554614401	1.20223209864398	552
0.06425944574235	0.680329466157843	582
0.08653917569843	1.20275414765063	486
0.0644026170857199	0.680176970712483	307
0.06411609166176	0.680234581521496	134
0.0644026170857199	0.680176970712483	134
0.08653917569843	1.20275414765063	133
0.06425944574235	0.680329466157843	161
0.0637310931097299	0.679980770809146	161
0.0637310931097299	0.679980770809146	161
0.06411609166176	0.680234581521496	731
0.06425944574235	0.680329466157843	404
0.06425944574235	0.680329466157843	38
0.0869644622634	1.20242799259416	180
0.06411609166176	0.680234581521496	152
0.06425944574235	0.680329466157843	152
0.08662755581056	1.20280584359077	61
0.06425944574235	0.680329466157843	55
0.0639725545215499	0.67990876897634	364
0.06411609166176	0.680234581521496	61
0.0640182535977001	0.679923493619259	226
0.0637310931097299	0.679980770809146	151
-0.0374950181503599	1.3638852905252	439
0.06411609166176	0.680234581521496	8
0.06425944574235	0.680329466157843	307
0.06425944574235	0.680329466157843	134
0.06411609166176	0.680234581521496	134
0.0639725545215499	0.67990876897634	134
-0.0375773357854301	1.36403249253072	124
0.0635872376051401	0.679654979238607	403
0.0644026170857199	0.680176970712483	404
0.0862895971270801	1.20186314230777	38
0.06387476499941	0.680075755177531	38
0.08687648660533	1.20254338962645	38
0.06411609166176	0.680234581521496	152
0.0637310931097299	0.679980770809146	152
0.06425944574235	0.680329466157843	152
0.06425944574235	0.680329466157843	457
0.06411609166176	0.680234581521496	457
0.06411609166176	0.680234581521496	3
0.06411609166176	0.680234581521496	529
0.06411609166176	0.680234581521496	55
0.08687648660533	1.20254338962645	55
0.0637310931097299	0.679980770809146	55
0.06387476499941	0.680075755177531	55
0.06411609166176	0.680234581521496	55
0.0637310931097299	0.679980770809146	364
0.06425944574235	0.680329466157843	489
0.08661163929862	1.20193259965012	230
0.06387476499941	0.680075755177531	552
-0.03747159478219	1.36406648304809	27
-0.09384863057022	1.51881441870016	27
0.0637310931097299	0.679980770809146	134
-0.03770632364852	1.36394954299998	134
0.0867000753534799	1.20229488782196	133
0.08653917569843	1.20275414765063	176
-0.0375773357854301	1.36403249253072	124
-0.01970561231847	1.9191236993954	124
-0.0938734044079499	1.51938293684477	124
0.0637310931097299	0.679980770809146	161
0.06387476499941	0.680075755177531	161
0.06387476499941	0.680075755177531	403
0.06387476499941	0.680075755177531	403
0.06425944574235	0.680329466157843	38
0.06411609166176	0.680234581521496	38
-0.03760070891178	1.36398339516012	38
0.06411609166176	0.680234581521496	152
-0.0379173254004499	1.36350371897319	13
0.0639725545215499	0.67990876897634	162
0.06425944574235	0.680329466157843	3
0.0637310931097299	0.679980770809146	61
0.0640182535977001	0.679923493619259	552
0.06411609166176	0.680234581521496	582
0.0637310931097299	0.679980770809146	151
0.06425944574235	0.680329466157843	8
0.06387476499941	0.680075755177531	307
-0.03770632364852	1.36394954299998	124
0.06411609166176	0.680234581521496	124
0.0640182535977001	0.679923493619259	404
-0.0378118624486701	1.36379252078282	180
0.06387476499941	0.680075755177531	152
0.06387476499941	0.680075755177531	3
0.0429876473814701	1.77767205964485	61
0.08637822902329	1.20191504598454	61
0.08662755581056	1.20280584359077	55
0.06411609166176	0.680234581521496	364
0.06387476499941	0.680075755177531	61
0.06425944574235	0.680329466157843	61
0.06425944574235	0.680329466157843	489
0.08603293664125	2.17343362863489	344
0.0635872376051401	0.679654979238607	552
0.04304631687858	1.77758954909223	582
0.0637310931097299	0.679980770809146	151
0.06411609166176	0.680234581521496	486
0.06411609166176	0.680234581521496	486
0.08645064175416	1.20255680724847	134
0.0637310931097299	0.679980770809146	134
0.06387476499941	0.680075755177531	176
0.06411609166176	0.680234581521496	403
0.0644026170857199	0.680176970712483	404
0.08662755581056	1.20280584359077	38
0.0637310931097299	0.679980770809146	152
0.0640182535977001	0.679923493619259	152
0.06425944574235	0.680329466157843	152
0.06425944574235	0.680329466157843	152
0.0644026170857199	0.680176970712483	162
0.0637310931097299	0.679980770809146	3
0.0637310931097299	0.679980770809146	55
0.06425944574235	0.680329466157843	55
0.0637310931097299	0.679980770809146	364
0.08687648660533	1.20254338962645	55
0.06425944574235	0.680329466157843	489
0.0644026170857199	0.680176970712483	89
0.0635872376051401	0.679654979238607	8
0.06411609166176	0.680234581521496	8
-0.0937341399892	1.51972600313093	8
-0.0379173254004499	1.36350371897319	27
0.0637310931097299	0.679980770809146	134
0.08678835771213	1.20249190202203	176
0.06425944574235	0.680329466157843	161
0.06411609166176	0.680234581521496	161
0.06387476499941	0.680075755177531	457
0.06387476499941	0.680075755177531	162
0.06387476499941	0.680075755177531	3
-0.03794051963478	1.36302875890498	61
0.06411609166176	0.680234581521496	529
0.06425944574235	0.680329466157843	55
0.06387476499941	0.680075755177531	55
0.06425944574235	0.680329466157843	89
0.0637310931097299	0.679980770809146	489
0.0637310931097299	0.679980770809146	489
0.0644026170857199	0.680176970712483	151
0.06387476499941	0.680075755177531	486
0.06425944574235	0.680329466157843	486
-0.03804585675548	1.36274036780702	486
0.0639725545215499	0.67990876897634	307
0.06425944574235	0.680329466157843	134
0.06425944574235	0.680329466157843	133
0.06387476499941	0.680075755177531	176
-0.0378118624486701	1.36379252078282	124
-0.03794051963478	1.36302875890498	124
0.06411609166176	0.680234581521496	161
0.06411609166176	0.680234581521496	161
0.0644026170857199	0.680176970712483	161
0.06411609166176	0.680234581521496	38
0.08662755581056	1.20280584359077	38
0.06387476499941	0.680075755177531	457
0.0644026170857199	0.680176970712483	529
0.08662755581056	1.20280584359077	55
0.06425944574235	0.680329466157843	55
0.0637310931097299	0.679980770809146	89
0.06425944574235	0.680329466157843	89
0.0637310931097299	0.679980770809146	226
0.06425944574235	0.680329466157843	8
0.06387476499941	0.680075755177531	8
0.06425944574235	0.680329466157843	134
0.06425944574235	0.680329466157843	161
0.06411609166176	0.680234581521496	161
0.06425944574235	0.680329466157843	161
-0.03772961814914	1.36321927778566	38
0.08653917569843	1.20275414765063	38
0.0867000753534799	1.20229488782196	38
0.08662755581056	1.20280584359077	38
0.08678835771213	1.20249190202203	152
0.0644026170857199	0.680176970712483	457
0.06387476499941	0.680075755177531	152
0.08637822902329	1.20191504598454	483
0.06387476499941	0.680075755177531	364
0.06411609166176	0.680234581521496	489
-0.02089260587761	2.4796487719758	344
0.0635872376051401	0.679654979238607	552
0.06425944574235	0.680329466157843	151
0.0635872376051401	0.679654979238607	8
0.08662755581056	1.20280584359077	486
0.0637310931097299	0.679980770809146	134
0.0640182535977001	0.679923493619259	134
0.08627311144463	1.20149505605475	161
0.0861118705058801	1.20130334321723	161
0.0637310931097299	0.679980770809146	161
0.0639725545215499	0.67990876897634	404
0.0644026170857199	0.680176970712483	38
0.0862895971270801	1.20186314230777	457
-0.06570680345242	2.07537250938193	219
0.06411609166176	0.680234581521496	162
0.0644026170857199	0.680176970712483	529
0.08645064175416	1.20255680724847	529
0.0644026170857199	0.680176970712483	364
0.0640182535977001	0.679923493619259	364
0.06425944574235	0.680329466157843	55
0.08671578232145	1.2026905210236	552
0.06411609166176	0.680234581521496	552
0.06387476499941	0.680075755177531	552
0.0635872376051401	0.679654979238607	151
0.06411609166176	0.680234581521496	151
0.06387476499941	0.680075755177531	38
0.0862895971270801	1.20186314230777	38
0.08653917569843	1.20275414765063	38
0.06387476499941	0.680075755177531	152
0.06425944574235	0.680329466157843	152
-0.03770632364852	1.36394954299998	162
0.06425944574235	0.680329466157843	77
-0.0197956566539701	1.91955698762359	123
0.0639725545215499	0.67990876897634	364
0.06387476499941	0.680075755177531	55
0.06425944574235	0.680329466157843	489
0.0635872376051401	0.679654979238607	489
0.0640182535977001	0.679923493619259	151
0.06387476499941	0.680075755177531	151
0.06387476499941	0.680075755177531	8
0.06387476499941	0.680075755177531	8
0.0640182535977001	0.679923493619259	486
0.0868038554614401	1.20223209864398	486
0.08671578232145	1.2026905210236	27
0.06425944574235	0.680329466157843	134
-0.09360695659911	1.51957354788367	163
0.08662755581056	1.20280584359077	161
0.0640182535977001	0.679923493619259	38
-0.0938037946469199	1.51961173035875	180
-0.03770632364852	1.36394954299998	180
0.08661163929862	1.20193259965012	152
0.06387476499941	0.680075755177531	457
0.0862895971270801	1.20186314230777	162
0.06411609166176	0.680234581521496	3
0.06411609166176	0.680234581521496	529
0.0644026170857199	0.680176970712483	552
0.06411609166176	0.680234581521496	552
0.0637310931097299	0.679980770809146	151
-0.03804585675548	1.36274036780702	8
0.0637310931097299	0.679980770809146	134
0.06425944574235	0.680329466157843	134
0.06425944574235	0.680329466157843	133
0.06411609166176	0.680234581521496	161
0.06387476499941	0.680075755177531	404
0.0640182535977001	0.679923493619259	38
0.06425944574235	0.680329466157843	38
0.08678835771213	1.20249190202203	180
0.06411609166176	0.680234581521496	3
0.0639725545215499	0.67990876897634	483
0.06387476499941	0.680075755177531	55
0.06425944574235	0.680329466157843	151
0.0637310931097299	0.679980770809146	486
0.06411609166176	0.680234581521496	486
0.06425944574235	0.680329466157843	307
0.06387476499941	0.680075755177531	134
0.06425944574235	0.680329466157843	134
0.08678835771213	1.20249190202203	161
0.06425944574235	0.680329466157843	161
0.06425944574235	0.680329466157843	403
0.06411609166176	0.680234581521496	731
0.0644026170857199	0.680176970712483	404
0.0640182535977001	0.679923493619259	404
0.08671578232145	1.2026905210236	38
0.06411609166176	0.680234581521496	38
0.06411609166176	0.680234581521496	457
0.06425944574235	0.680329466157843	80
0.06425944574235	0.680329466157843	3
0.06387476499941	0.680075755177531	61
0.08645064175416	1.20255680724847	55
0.0635872376051401	0.679654979238607	364
0.06425944574235	0.680329466157843	89
0.06411609166176	0.680234581521496	489
0.0635872376051401	0.679654979238607	226
0.0644026170857199	0.680176970712483	307
0.08645064175416	1.20255680724847	307
0.06387476499941	0.680075755177531	161
0.06411609166176	0.680234581521496	731
0.06425944574235	0.680329466157843	404
0.0635872376051401	0.679654979238607	404
-0.03802271259188	1.36304693849517	180
0.06425944574235	0.680329466157843	152
0.08678835771213	1.20249190202203	162
0.06387476499941	0.680075755177531	162
0.06411609166176	0.680234581521496	3
0.06425944574235	0.680329466157843	61
0.06387476499941	0.680075755177531	529
0.06425944574235	0.680329466157843	55
0.06425944574235	0.680329466157843	89
0.0639725545215499	0.67990876897634	151
0.06387476499941	0.680075755177531	8
0.06425944574235	0.680329466157843	280
0.0637310931097299	0.679980770809146	486
0.06411609166176	0.680234581521496	307
0.06411609166176	0.680234581521496	134
0.06425944574235	0.680329466157843	176
0.06425944574235	0.680329466157843	176
0.0635872376051401	0.679654979238607	161
0.0869644622634	1.20242799259416	180
-0.0375773357854301	1.36403249253072	180
0.06425944574235	0.680329466157843	152
0.06387476499941	0.680075755177531	152
0.08678835771213	1.20249190202203	162
0.06387476499941	0.680075755177531	162
0.08671578232145	1.2026905210236	55
0.0637310931097299	0.679980770809146	55
0.08671578232145	1.2026905210236	55
0.0644026170857199	0.680176970712483	489
0.0639725545215499	0.67990876897634	552
0.06387476499941	0.680075755177531	307
0.06387476499941	0.680075755177531	307
0.06387476499941	0.680075755177531	134
0.06387476499941	0.680075755177531	134
0.0639725545215499	0.67990876897634	133
0.08620081103178	1.20166581977859	161
-0.0379173254004499	1.36350371897319	124
0.0637310931097299	0.679980770809146	161
0.06425944574235	0.680329466157843	161
0.08653917569843	1.20275414765063	161
0.0639725545215499	0.67990876897634	38
0.06411609166176	0.680234581521496	3
0.06425944574235	0.680329466157843	529
0.06387476499941	0.680075755177531	529
0.0637310931097299	0.679980770809146	364
0.06387476499941	0.680075755177531	55
0.06425944574235	0.680329466157843	89
0.0635872376051401	0.679654979238607	226
0.06425944574235	0.680329466157843	552
0.0640182535977001	0.679923493619259	582
0.06387476499941	0.680075755177531	151
0.06425944574235	0.680329466157843	486
0.08645064175416	1.20255680724847	124
0.04313108379429	1.7767686987179	124
0.06387476499941	0.680075755177531	731
0.06425944574235	0.680329466157843	404
0.06425944574235	0.680329466157843	404
0.0644026170857199	0.680176970712483	404
0.0635872376051401	0.679654979238607	38
0.06425944574235	0.680329466157843	38
-0.01996935564952	1.91830208644638	180
0.06425944574235	0.680329466157843	152
0.0637310931097299	0.679980770809146	152
0.06425944574235	0.680329466157843	152
0.06411609166176	0.680234581521496	3
-0.0936767280733899	1.51956912472479	77
0.06425944574235	0.680329466157843	55
0.0644026170857199	0.680176970712483	89
0.06411609166176	0.680234581521496	226
0.04304280950461	1.77771081118664	230
-0.03802271259188	1.36304693849517	582
0.06387476499941	0.680075755177531	151
0.0637310931097299	0.679980770809146	8
-0.01978539997826	1.91966117759799	280
0.08653917569843	1.20275414765063	486
0.0637310931097299	0.679980770809146	307
0.0867000753534799	1.20229488782196	134
0.08653917569843	1.20275414765063	124
0.0431015813258	1.77762844569721	124
0.06411609166176	0.680234581521496	403
0.06411609166176	0.680234581521496	404
0.0637310931097299	0.679980770809146	404
0.0861118705058801	1.20130334321723	38
0.0644026170857199	0.680176970712483	38
0.08678835771213	1.20249190202203	180
-0.03770632364852	1.36394954299998	180
0.08662755581056	1.20280584359077	152
0.0639725545215499	0.67990876897634	3
0.0864667069515901	1.20180019114119	61
0.0637310931097299	0.679980770809146	529
0.06425944574235	0.680329466157843	55
0.0862895971270801	1.20186314230777	582
0.0637310931097299	0.679980770809146	151
0.06425944574235	0.680329466157843	486
0.0637310931097299	0.679980770809146	27
0.0637310931097299	0.679980770809146	8
0.0637310931097299	0.679980770809146	8
0.06425944574235	0.680329466157843	161
0.06411609166176	0.680234581521496	404
0.08653917569843	1.20275414765063	38
-0.0375773357854301	1.36403249253072	180
0.0637310931097299	0.679980770809146	457
0.08645064175416	1.20255680724847	77
0.0644026170857199	0.680176970712483	61
0.06425944574235	0.680329466157843	529
0.0637310931097299	0.679980770809146	55
0.06411609166176	0.680234581521496	55
-0.0377885896824399	1.36358639614156	61
0.0637310931097299	0.679980770809146	89
0.06411609166176	0.680234581521496	489
0.06411609166176	0.680234581521496	582
0.06411609166176	0.680234581521496	552
0.0637310931097299	0.679980770809146	552
0.06411609166176	0.680234581521496	8
0.06425944574235	0.680329466157843	8
0.06425944574235	0.680329466157843	8
0.06411609166176	0.680234581521496	486
0.0635872376051401	0.679654979238607	307
0.06425944574235	0.680329466157843	134
0.08671578232145	1.2026905210236	124
0.0639725545215499	0.67990876897634	161
0.0639725545215499	0.67990876897634	38
-0.0377885896824399	1.36358639614156	180
-0.0378118624486701	1.36379252078282	180
0.0637310931097299	0.679980770809146	152
0.06425944574235	0.680329466157843	3
0.06411609166176	0.680234581521496	529
0.06387476499941	0.680075755177531	364
0.06387476499941	0.680075755177531	364
0.0640182535977001	0.679923493619259	364
0.06387476499941	0.680075755177531	61
0.0640182535977001	0.679923493619259	89
0.0639725545215499	0.67990876897634	489
0.06425944574235	0.680329466157843	226
0.04287742041084	1.7772245011858	689
-0.0375773357854301	1.36403249253072	230
0.08678835771213	1.20249190202203	8
0.06425944574235	0.680329466157843	27
0.0637310931097299	0.679980770809146	307
0.06411609166176	0.680234581521496	134
0.0644026170857199	0.680176970712483	124
0.06411609166176	0.680234581521496	161
0.0637310931097299	0.679980770809146	161
0.0861118705058801	1.20130334321723	161
0.06411609166176	0.680234581521496	403
0.06425944574235	0.680329466157843	38
0.06411609166176	0.680234581521496	38
0.08662755581056	1.20280584359077	162
0.0867000753534799	1.20229488782196	77
0.0637310931097299	0.679980770809146	529
0.08687648660533	1.20254338962645	529
0.06425944574235	0.680329466157843	364
0.06425944574235	0.680329466157843	55
0.08653917569843	1.20275414765063	61
0.06425944574235	0.680329466157843	151
0.06425944574235	0.680329466157843	151
0.06387476499941	0.680075755177531	151
0.06425944574235	0.680329466157843	486
-0.0937464545575999	1.51945477894097	163
0.08653917569843	1.20275414765063	176
0.06387476499941	0.680075755177531	124
-0.0379173254004499	1.36350371897319	124
0.06425944574235	0.680329466157843	161
0.0637310931097299	0.679980770809146	161
0.06425944574235	0.680329466157843	38
0.06411609166176	0.680234581521496	38
0.06387476499941	0.680075755177531	152
0.06411609166176	0.680234581521496	152
0.0640182535977001	0.679923493619259	3
0.0637310931097299	0.679980770809146	529
0.06425944574235	0.680329466157843	55
0.06425944574235	0.680329466157843	151
0.06411609166176	0.680234581521496	8
0.08637822902329	1.20191504598454	8
0.06411609166176	0.680234581521496	8
0.0637310931097299	0.679980770809146	8
0.0640182535977001	0.679923493619259	307
0.0644026170857199	0.680176970712483	133
0.06411609166176	0.680234581521496	403
0.06425944574235	0.680329466157843	38
0.06411609166176	0.680234581521496	152
0.06387476499941	0.680075755177531	364
0.0867000753534799	1.20229488782196	89
0.06411609166176	0.680234581521496	489
0.0637310931097299	0.679980770809146	307
0.06425944574235	0.680329466157843	134
0.0637310931097299	0.679980770809146	133
0.06411609166176	0.680234581521496	161
0.06387476499941	0.680075755177531	404
0.0644026170857199	0.680176970712483	404
0.08662755581056	1.20280584359077	38
0.0637310931097299	0.679980770809146	152
0.08620081103178	1.20166581977859	162
0.08645064175416	1.20255680724847	162
0.06411609166176	0.680234581521496	3
0.06387476499941	0.680075755177531	80
0.0868038554614401	1.20223209864398	17
0.06425944574235	0.680329466157843	55
0.06387476499941	0.680075755177531	552
0.0637310931097299	0.679980770809146	552
0.08678835771213	1.20249190202203	27
-0.03770632364852	1.36394954299998	27
-0.03772961814914	1.36321927778566	705
-0.02068347855838	2.48032134072672	70
0.0637310931097299	0.679980770809146	133
0.08662755581056	1.20280584359077	38
-0.0378351067953999	1.36318552916065	180
0.0639725545215499	0.67990876897634	152
0.06425944574235	0.680329466157843	457
0.08653917569843	1.20275414765063	162
0.06387476499941	0.680075755177531	3
0.0639725545215499	0.67990876897634	483
0.06425944574235	0.680329466157843	55
0.0637310931097299	0.679980770809146	55
0.0644026170857199	0.680176970712483	552
0.0644026170857199	0.680176970712483	552
0.0637310931097299	0.679980770809146	582
0.06387476499941	0.680075755177531	8
0.0868038554614401	1.20223209864398	8
0.06411609166176	0.680234581521496	134
0.0637310931097299	0.679980770809146	161
0.06411609166176	0.680234581521496	161
0.0637310931097299	0.679980770809146	161
0.0635872376051401	0.679654979238607	38
0.0637310931097299	0.679980770809146	38
0.06411609166176	0.680234581521496	152
0.06411609166176	0.680234581521496	457
0.0640182535977001	0.679923493619259	77
0.0644026170857199	0.680176970712483	77
0.0637310931097299	0.679980770809146	61
0.06387476499941	0.680075755177531	55
0.06425944574235	0.680329466157843	55
0.0637310931097299	0.679980770809146	55
0.06387476499941	0.680075755177531	489
0.06411609166176	0.680234581521496	8
0.06411609166176	0.680234581521496	307
0.0644026170857199	0.680176970712483	134
0.0430169432977801	1.77782672458408	124
0.06411609166176	0.680234581521496	161
0.06411609166176	0.680234581521496	161
0.06411609166176	0.680234581521496	38
0.06387476499941	0.680075755177531	38
0.06411609166176	0.680234581521496	152
0.06387476499941	0.680075755177531	55
-0.03747159478219	1.36406648304809	61
0.0637310931097299	0.679980770809146	552
-0.03770632364852	1.36394954299998	582
0.06425944574235	0.680329466157843	8
0.04293251769273	1.77751284299719	27
0.08671578232145	1.2026905210236	133
0.0637310931097299	0.679980770809146	404
0.0637310931097299	0.679980770809146	38
-0.03755393425058	1.36332606361527	180
0.08645064175416	1.20255680724847	38
0.06425944574235	0.680329466157843	152
0.06387476499941	0.680075755177531	457
0.0644026170857199	0.680176970712483	457
-0.0378351067953999	1.36318552916065	162
0.0640182535977001	0.679923493619259	483
0.06387476499941	0.680075755177531	364
0.0644026170857199	0.680176970712483	151
0.0637310931097299	0.679980770809146	8
0.08637822902329	1.20191504598454	27
0.06411609166176	0.680234581521496	161
-0.0937464545575999	1.51945477894097	180
0.06411609166176	0.680234581521496	152
0.0637310931097299	0.679980770809146	457
0.06411609166176	0.680234581521496	152
0.06411609166176	0.680234581521496	3
0.0867000753534799	1.20229488782196	77
0.0644026170857199	0.680176970712483	364
0.06425944574235	0.680329466157843	55
0.08653917569843	1.20275414765063	55
0.06425944574235	0.680329466157843	55
0.0639725545215499	0.67990876897634	489
0.06425944574235	0.680329466157843	226
0.08678835771213	1.20249190202203	151
0.06425944574235	0.680329466157843	8
-0.0936521403384301	1.51944603411736	27
-0.0376830007228499	1.36387533336544	486
0.0870522849164099	1.2019697673576	27
0.06411609166176	0.680234581521496	134
0.0862895971270801	1.20186314230777	124
0.0637310931097299	0.679980770809146	161
0.0644026170857199	0.680176970712483	161
0.08645064175416	1.20255680724847	404
0.06411609166176	0.680234581521496	404
0.0637310931097299	0.679980770809146	404
0.06387476499941	0.680075755177531	152
0.06411609166176	0.680234581521496	152
-0.03770632364852	1.36394954299998	152
0.0637310931097299	0.679980770809146	529
0.0640182535977001	0.679923493619259	364
0.0867000753534799	1.20229488782196	55
0.0637310931097299	0.679980770809146	489
0.06387476499941	0.680075755177531	226
0.06425944574235	0.680329466157843	412
0.08678835771213	1.20249190202203	412
0.08662755581056	1.20280584359077	582
0.06425944574235	0.680329466157843	151
-0.0378118624486701	1.36379252078282	27
0.06387476499941	0.680075755177531	307
0.06425944574235	0.680329466157843	134
-0.0378351067953999	1.36318552916065	163
0.08645064175416	1.20255680724847	133
-0.09360695659911	1.51957354788367	540
-0.01980984019744	1.91943794220021	540
0.06425944574235	0.680329466157843	38
0.06411609166176	0.680234581521496	152
-0.0378118624486701	1.36379252078282	162
0.0637310931097299	0.679980770809146	55
0.0644026170857199	0.680176970712483	364
0.0637310931097299	0.679980770809146	55
0.06387476499941	0.680075755177531	55
0.06411609166176	0.680234581521496	55
-0.09400005498634	1.5188494975897	61
0.06387476499941	0.680075755177531	8
0.06387476499941	0.680075755177531	8
0.06425944574235	0.680329466157843	8
0.0644026170857199	0.680176970712483	307
0.08653917569843	1.20275414765063	134
0.08671578232145	1.2026905210236	176
0.0637310931097299	0.679980770809146	404
0.06387476499941	0.680075755177531	38
0.06411609166176	0.680234581521496	38
0.08653917569843	1.20275414765063	180
-0.0373657776251	1.36396851822526	180
0.06425944574235	0.680329466157843	155
0.0637310931097299	0.679980770809146	3
0.06411609166176	0.680234581521496	364
0.06425944574235	0.680329466157843	55
0.06411609166176	0.680234581521496	61
0.0635872376051401	0.679654979238607	489
0.0644026170857199	0.680176970712483	89
0.06387476499941	0.680075755177531	89
0.0635872376051401	0.679654979238607	412
0.08653917569843	1.20275414765063	552
0.0639725545215499	0.67990876897634	151
0.06425944574235	0.680329466157843	151
0.06411609166176	0.680234581521496	486
-0.0375773357854301	1.36403249253072	486
-0.0378118624486701	1.36379252078282	27
0.0644026170857199	0.680176970712483	161
0.06387476499941	0.680075755177531	404
0.06411609166176	0.680234581521496	404
0.0637310931097299	0.679980770809146	180
0.08671578232145	1.2026905210236	152
0.06411609166176	0.680234581521496	3
0.08653917569843	1.20275414765063	436
0.06411609166176	0.680234581521496	61
0.0637310931097299	0.679980770809146	55
0.06387476499941	0.680075755177531	226
-0.02072386926307	2.47926093760827	452
0.0637310931097299	0.679980770809146	151
0.0639725545215499	0.67990876897634	8
0.0640182535977001	0.679923493619259	371
0.08620081103178	1.20166581977859	180
0.0640182535977001	0.679923493619259	436
0.06387476499941	0.680075755177531	3
0.08620081103178	1.20166581977859	17
0.08645064175416	1.20255680724847	61
0.06387476499941	0.680075755177531	55
0.0639725545215499	0.67990876897634	55
0.06387476499941	0.680075755177531	55
0.0637310931097299	0.679980770809146	364
0.0637310931097299	0.679980770809146	364
0.0863619537467	1.20219405785639	55
0.0637310931097299	0.679980770809146	489
0.0637310931097299	0.679980770809146	226
0.0639725545215499	0.67990876897634	226
0.0637310931097299	0.679980770809146	582
0.06411609166176	0.680234581521496	151
0.06425944574235	0.680329466157843	151
0.06387476499941	0.680075755177531	8
0.0639725545215499	0.67990876897634	134
0.06387476499941	0.680075755177531	134
0.06425944574235	0.680329466157843	134
0.08620081103178	1.20166581977859	124
0.08653917569843	1.20275414765063	124
0.08661163929862	1.20193259965012	155
0.02591717622599	2.32530075360303	218
0.06425944574235	0.680329466157843	3
0.08687648660533	1.20254338962645	450
0.08678835771213	1.20249190202203	55
0.06387476499941	0.680075755177531	489
0.06387476499941	0.680075755177531	89
-0.0936767280733899	1.51956912472479	27
0.0637310931097299	0.679980770809146	134
-0.03770632364852	1.36394954299998	371
0.08645064175416	1.20255680724847	161
0.08678835771213	1.20249190202203	124
0.08645064175416	1.20255680724847	180
0.06425944574235	0.680329466157843	180
0.06411609166176	0.680234581521496	3
-0.0936767280733899	1.51956912472479	17
0.06425944574235	0.680329466157843	55
0.0862895971270801	1.20186314230777	55
0.08645064175416	1.20255680724847	55
-0.0378118624486701	1.36379252078282	61
-0.09391814174822	1.51870041013883	61
0.0639725545215499	0.67990876897634	489
0.0637310931097299	0.679980770809146	489
0.0644026170857199	0.680176970712483	89
0.0637310931097299	0.679980770809146	582
-0.0375773357854301	1.36403249253072	124
0.0865230493165401	1.20123433607259	124
0.08671578232145	1.2026905210236	180
0.0637310931097299	0.679980770809146	180
0.0862895971270801	1.20186314230777	180
0.08678835771213	1.20249190202203	155
0.08637822902329	1.20191504598454	450
0.0865550311427901	1.20134277363669	450
0.0635872376051401	0.679654979238607	55
0.06411609166176	0.680234581521496	89
0.06411609166176	0.680234581521496	489
0.0637310931097299	0.679980770809146	151
-0.03770632364852	1.36394954299998	134
0.06411609166176	0.680234581521496	134
-0.0378118624486701	1.36379252078282	180
-0.0376240536077499	1.36312122864312	218
0.06425944574235	0.680329466157843	436
0.0870522849164099	1.2019697673576	17
0.08671578232145	1.2026905210236	61
0.0639725545215499	0.67990876897634	55
0.0637310931097299	0.679980770809146	55
0.06425944574235	0.680329466157843	489
0.06425944574235	0.680329466157843	226
0.06425944574235	0.680329466157843	226
0.06411609166176	0.680234581521496	151
0.06387476499941	0.680075755177531	134
0.06387476499941	0.680075755177531	134
0.08637822902329	1.20191504598454	180
-0.0936767280733899	1.51956912472479	180
-0.0373422755558199	1.36351743813113	155
0.08687648660533	1.20254338962645	61
0.06387476499941	0.680075755177531	55
0.06411609166176	0.680234581521496	55
0.06387476499941	0.680075755177531	55
0.06411609166176	0.680234581521496	489
0.06387476499941	0.680075755177531	89
0.06411609166176	0.680234581521496	489
-0.09372181303681	1.51955663487069	260
0.0640182535977001	0.679923493619259	27
0.06411609166176	0.680234581521496	134
0.0644026170857199	0.680176970712483	134
0.0637310931097299	0.679980770809146	134
0.0864667069515901	1.20180019114119	124
0.08645064175416	1.20255680724847	180
0.0637310931097299	0.679980770809146	152
0.0637310931097299	0.679980770809146	3
0.06387476499941	0.680075755177531	61
0.08687648660533	1.20254338962645	55
0.06411609166176	0.680234581521496	55
0.0644026170857199	0.680176970712483	55
0.08662755581056	1.20280584359077	55
0.06411609166176	0.680234581521496	489
0.0644026170857199	0.680176970712483	89
0.0639725545215499	0.67990876897634	489
0.0640182535977001	0.679923493619259	89
0.06387476499941	0.680075755177531	226
0.0867000753534799	1.20229488782196	226
0.0637310931097299	0.679980770809146	582
-0.01984455028382	1.91931815662508	27
0.0637310931097299	0.679980770809146	134
0.06387476499941	0.680075755177531	134
0.06411609166176	0.680234581521496	401
0.06387476499941	0.680075755177531	180
0.06411609166176	0.680234581521496	404
-0.0375773357854301	1.36403249253072	180
0.06387476499941	0.680075755177531	152
0.06411609166176	0.680234581521496	155
0.06387476499941	0.680075755177531	155
0.0637310931097299	0.679980770809146	61
0.0644026170857199	0.680176970712483	722
0.08653917569843	1.20275414765063	61
0.08653917569843	1.20275414765063	61
0.0640182535977001	0.679923493619259	89
0.0639725545215499	0.67990876897634	412
0.06425944574235	0.680329466157843	151
0.06425944574235	0.680329466157843	151
0.0429910849340101	1.77743020942842	27
0.08653917569843	1.20275414765063	124
0.0637310931097299	0.679980770809146	401
0.0640182535977001	0.679923493619259	404
0.06387476499941	0.680075755177531	404
0.06425944574235	0.680329466157843	180
0.08653917569843	1.20275414765063	155
0.06411609166176	0.680234581521496	155
0.0258039073793901	2.32427402788292	77
-0.0373657776251	1.36396851822526	123
0.06411609166176	0.680234581521496	61
0.0867000753534799	1.20229488782196	55
0.06411609166176	0.680234581521496	61
0.08678835771213	1.20249190202203	489
0.06387476499941	0.680075755177531	412
0.0637310931097299	0.679980770809146	582
0.06411609166176	0.680234581521496	582
0.06425944574235	0.680329466157843	151
0.0640182535977001	0.679923493619259	151
0.06411609166176	0.680234581521496	375
0.08620081103178	1.20166581977859	371
0.06425944574235	0.680329466157843	404
0.06411609166176	0.680234581521496	180
0.08645064175416	1.20255680724847	155
0.08687648660533	1.20254338962645	457
0.06425944574235	0.680329466157843	3
0.0639725545215499	0.67990876897634	3
0.08671578232145	1.2026905210236	77
0.0640182535977001	0.679923493619259	55
0.06425944574235	0.680329466157843	151
0.0637310931097299	0.679980770809146	8
0.06425944574235	0.680329466157843	134
-0.0936644403940701	1.51973031777427	180
0.06425944574235	0.680329466157843	180
0.0640182535977001	0.679923493619259	457
0.06387476499941	0.680075755177531	436
0.08653917569843	1.20275414765063	123
0.08687648660533	1.20254338962645	722
0.06425944574235	0.680329466157843	55
0.06411609166176	0.680234581521496	582
0.08653917569843	1.20275414765063	8
0.0635872376051401	0.679654979238607	8
0.08678835771213	1.20249190202203	371
0.0635872376051401	0.679654979238607	401
0.06387476499941	0.680075755177531	404
-0.0376830007228499	1.36387533336544	180
0.0637310931097299	0.679980770809146	180
-0.0375773357854301	1.36403249253072	152
0.06411609166176	0.680234581521496	152
0.06411609166176	0.680234581521496	457
0.06411609166176	0.680234581521496	457
0.0635872376051401	0.679654979238607	155
0.0644026170857199	0.680176970712483	436
0.06425944574235	0.680329466157843	77
0.0644026170857199	0.680176970712483	55
0.06425944574235	0.680329466157843	55
0.0635872376051401	0.679654979238607	89
0.06411609166176	0.680234581521496	89
0.08662755581056	1.20280584359077	412
0.08671578232145	1.2026905210236	8
0.0639725545215499	0.67990876897634	8
-0.09372181303681	1.51955663487069	27
0.08687648660533	1.20254338962645	134
0.06425944574235	0.680329466157843	134
-0.09384863057022	1.51881441870016	199
0.08687648660533	1.20254338962645	199
0.0639725545215499	0.67990876897634	404
0.0640182535977001	0.679923493619259	404
0.08637822902329	1.20191504598454	155
0.06411609166176	0.680234581521496	457
0.06411609166176	0.680234581521496	155
-0.0377885896824399	1.36358639614156	149
0.06411609166176	0.680234581521496	636
0.06387476499941	0.680075755177531	61
0.08645064175416	1.20255680724847	55
0.0640182535977001	0.679923493619259	55
0.06425944574235	0.680329466157843	55
0.06411609166176	0.680234581521496	55
0.0637310931097299	0.679980770809146	61
0.08620081103178	1.20166581977859	15
0.06425944574235	0.680329466157843	151
0.06425944574235	0.680329466157843	8
0.0639725545215499	0.67990876897634	8
0.06425944574235	0.680329466157843	8
0.06387476499941	0.680075755177531	134
0.0637310931097299	0.679980770809146	375
0.06425944574235	0.680329466157843	375
0.08620081103178	1.20166581977859	180
0.06411609166176	0.680234581521496	152
-0.03770632364852	1.36394954299998	218
0.0637310931097299	0.679980770809146	162
0.06411609166176	0.680234581521496	3
0.06387476499941	0.680075755177531	722
-0.0375773357854301	1.36403249253072	55
0.06425944574235	0.680329466157843	55
0.06387476499941	0.680075755177531	55
0.0637310931097299	0.679980770809146	55
0.06425944574235	0.680329466157843	226
0.06411609166176	0.680234581521496	401
0.08637822902329	1.20191504598454	401
0.06411609166176	0.680234581521496	404
0.0635872376051401	0.679654979238607	180
0.0637310931097299	0.679980770809146	180
0.06425944574235	0.680329466157843	457
0.08637822902329	1.20191504598454	218
-0.0376830007228499	1.36387533336544	162
0.0640182535977001	0.679923493619259	671
0.06425944574235	0.680329466157843	671
0.0637310931097299	0.679980770809146	55
0.08678835771213	1.20249190202203	55
0.06411609166176	0.680234581521496	89
0.06387476499941	0.680075755177531	582
0.06411609166176	0.680234581521496	8
0.0644026170857199	0.680176970712483	134
0.0637310931097299	0.679980770809146	134
0.06425944574235	0.680329466157843	331
0.0640182535977001	0.679923493619259	401
0.06411609166176	0.680234581521496	457
0.0635872376051401	0.679654979238607	457
0.0637310931097299	0.679980770809146	162
0.06387476499941	0.680075755177531	390
0.06425944574235	0.680329466157843	390
0.0640182535977001	0.679923493619259	55
-0.0376830007228499	1.36387533336544	61
0.08671578232145	1.2026905210236	55
0.0635872376051401	0.679654979238607	55
0.06387476499941	0.680075755177531	55
0.06411609166176	0.680234581521496	489
0.06387476499941	0.680075755177531	245
0.04304631687858	1.77758954909223	452
0.06425944574235	0.680329466157843	582
0.06425944574235	0.680329466157843	8
0.0864667069515901	1.20180019114119	27
0.06411609166176	0.680234581521496	27
0.0637310931097299	0.679980770809146	134
0.08637822902329	1.20191504598454	134
-0.0657675686444401	2.07513712711134	101
0.0635872376051401	0.679654979238607	404
0.06425944574235	0.680329466157843	180
0.0644026170857199	0.680176970712483	152
0.08653917569843	1.20275414765063	152
0.06425944574235	0.680329466157843	152
0.06387476499941	0.680075755177531	457
0.0637310931097299	0.679980770809146	457
0.0639725545215499	0.67990876897634	162
0.08653917569843	1.20275414765063	17
0.0639725545215499	0.67990876897634	722
0.06425944574235	0.680329466157843	61
0.06411609166176	0.680234581521496	61
0.06425944574235	0.680329466157843	55
0.0644026170857199	0.680176970712483	55
0.06411609166176	0.680234581521496	55
0.08645064175416	1.20255680724847	55
0.06425944574235	0.680329466157843	55
0.06387476499941	0.680075755177531	89
0.06425944574235	0.680329466157843	226
0.06387476499941	0.680075755177531	151
0.06387476499941	0.680075755177531	8
0.08687648660533	1.20254338962645	27
0.06425944574235	0.680329466157843	134
0.06387476499941	0.680075755177531	371
0.0639725545215499	0.67990876897634	371
0.0863619537467	1.20219405785639	371
0.0867000753534799	1.20229488782196	124
0.06387476499941	0.680075755177531	401
0.06425944574235	0.680329466157843	401
0.06425944574235	0.680329466157843	404
0.08653917569843	1.20275414765063	180
0.08653917569843	1.20275414765063	357
0.0644026170857199	0.680176970712483	152
0.06425944574235	0.680329466157843	457
0.04290661413978	1.7773789623566	636
0.06387476499941	0.680075755177531	55
0.06387476499941	0.680075755177531	55
0.0640182535977001	0.679923493619259	89
0.0639725545215499	0.67990876897634	151
0.04304280950461	1.77771081118664	27
0.06425944574235	0.680329466157843	371
0.08645064175416	1.20255680724847	124
0.06425944574235	0.680329466157843	404
0.0637310931097299	0.679980770809146	218
-0.03760070891178	1.36398339516012	636
0.06425944574235	0.680329466157843	722
0.0639725545215499	0.67990876897634	55
0.06411609166176	0.680234581521496	582
0.06425944574235	0.680329466157843	27
0.06411609166176	0.680234581521496	134
0.08653917569843	1.20275414765063	371
0.08645064175416	1.20255680724847	152
-0.0377885896824399	1.36358639614156	43
0.06387476499941	0.680075755177531	457
0.08637822902329	1.20191504598454	218
0.06387476499941	0.680075755177531	436
0.0644026170857199	0.680176970712483	390
0.06387476499941	0.680075755177531	671
-0.03760070891178	1.36398339516012	61
0.06425944574235	0.680329466157843	89
0.06425944574235	0.680329466157843	89
0.0640182535977001	0.679923493619259	89
0.06411609166176	0.680234581521496	151
0.06425944574235	0.680329466157843	151
-0.0376830007228499	1.36387533336544	371
0.06387476499941	0.680075755177531	371
0.0639725545215499	0.67990876897634	375
-0.03802271259188	1.36304693849517	401
-0.0378351067953999	1.36318552916065	124
0.06387476499941	0.680075755177531	457
0.0868038554614401	1.20223209864398	457
-0.0208991349949701	2.47955479427046	218
0.08662755581056	1.20280584359077	671
0.0862895971270801	1.20186314230777	55
0.08653917569843	1.20275414765063	61
0.06411609166176	0.680234581521496	349
0.0644026170857199	0.680176970712483	89
0.0640182535977001	0.679923493619259	89
0.0640182535977001	0.679923493619259	89
0.06387476499941	0.680075755177531	412
-0.02064013470615	2.479963411285	83
0.0867000753534799	1.20229488782196	582
0.08645064175416	1.20255680724847	8
0.06387476499941	0.680075755177531	375
0.0644026170857199	0.680176970712483	436
-0.03799954002023	1.36230107098186	390
0.06425944574235	0.680329466157843	349
0.06411609166176	0.680234581521496	89
0.0644026170857199	0.680176970712483	349
0.0639725545215499	0.67990876897634	489
0.06425944574235	0.680329466157843	248
-0.03760070891178	1.36398339516012	371
-0.0197751138492399	1.91944648312124	124
0.0637310931097299	0.679980770809146	442
0.08653917569843	1.20275414765063	671
0.06387476499941	0.680075755177531	61
0.08662755581056	1.20280584359077	61
0.06425944574235	0.680329466157843	61
0.06387476499941	0.680075755177531	27
0.0637310931097299	0.679980770809146	134
0.06425944574235	0.680329466157843	134
-0.02075536511656	2.48044809695745	101
0.0860335182032299	2.17257636854675	43
0.08645064175416	1.20255680724847	155
0.0644026170857199	0.680176970712483	618
-0.03770632364852	1.36394954299998	17
0.08687648660533	1.20254338962645	55
0.06387476499941	0.680075755177531	89
0.08687648660533	1.20254338962645	582
0.0640182535977001	0.679923493619259	8
-0.02076877228786	2.48012814133524	101
-0.03770632364852	1.36394954299998	101
0.06387476499941	0.680075755177531	436
0.08662755581056	1.20280584359077	390
0.0637310931097299	0.679980770809146	390
0.06425944574235	0.680329466157843	390
0.06425944574235	0.680329466157843	17
0.06411609166176	0.680234581521496	349
0.0637310931097299	0.679980770809146	349
0.08653917569843	1.20275414765063	582
0.0644026170857199	0.680176970712483	151
0.06425944574235	0.680329466157843	248
-0.0373657776251	1.36396851822526	371
0.02597784531959	2.32503267571501	101
0.0431274023303001	1.7777837141532	101
0.06411609166176	0.680234581521496	442
0.08645064175416	1.20255680724847	390
0.06411609166176	0.680234581521496	61
-0.0373657776251	1.36396851822526	55
0.06425944574235	0.680329466157843	61
0.0640182535977001	0.679923493619259	349
0.06411609166176	0.680234581521496	89
0.06425944574235	0.680329466157843	582
0.06411609166176	0.680234581521496	15
0.08645064175416	1.20255680724847	27
-0.0936644403940701	1.51973031777427	371
0.0637310931097299	0.679980770809146	371
0.0639725545215499	0.67990876897634	371
-0.09375875676247	1.51854395688775	357
0.06387476499941	0.680075755177531	436
0.06411609166176	0.680234581521496	55
-0.0938734044079499	1.51938293684477	55
-0.0374950181503599	1.3638852905252	349
0.06387476499941	0.680075755177531	245
0.08645064175416	1.20255680724847	245
0.06411609166176	0.680234581521496	245
0.0644026170857199	0.680176970712483	412
0.06425944574235	0.680329466157843	248
0.06425944574235	0.680329466157843	371
0.0637310931097299	0.679980770809146	436
0.0637310931097299	0.679980770809146	436
0.0637310931097299	0.679980770809146	390
0.06387476499941	0.680075755177531	671
0.06387476499941	0.680075755177531	61
0.08661163929862	1.20193259965012	61
-0.0378941027522199	1.36312948218763	61
0.0644026170857199	0.680176970712483	349
0.06425944574235	0.680329466157843	349
-0.01984455028382	1.91931815662508	582
-0.0375773357854301	1.36403249253072	15
0.0639725545215499	0.67990876897634	151
0.0637310931097299	0.679980770809146	8
0.0637310931097299	0.679980770809146	8
0.0430721565660399	1.77786554640018	33
0.06425944574235	0.680329466157843	27
0.0637310931097299	0.679980770809146	213
0.06425944574235	0.680329466157843	371
0.08592791607328	2.17350087875892	101
-0.0377885896824399	1.36358639614156	717
0.02595155475728	2.32524272319282	166
0.08687648660533	1.20254338962645	61
0.08687648660533	1.20254338962645	55
0.0639725545215499	0.67990876897634	349
-0.0376830007228499	1.36387533336544	27
0.06425944574235	0.680329466157843	213
0.08662755581056	1.20280584359077	371
-0.03760070891178	1.36398339516012	101
0.0864667069515901	1.20180019114119	61
0.08662755581056	1.20280584359077	55
0.0637310931097299	0.679980770809146	582
0.08653917569843	1.20275414765063	15
0.0644026170857199	0.680176970712483	213
0.06411609166176	0.680234581521496	213
0.06425944574235	0.680329466157843	43
0.06411609166176	0.680234581521496	155
0.06387476499941	0.680075755177531	618
0.08687648660533	1.20254338962645	61
0.06425944574235	0.680329466157843	55
0.06387476499941	0.680075755177531	245
0.06425944574235	0.680329466157843	245
0.06425944574235	0.680329466157843	8
-0.03725988422613	1.36370213045735	248
0.06411609166176	0.680234581521496	213
0.08678835771213	1.20249190202203	371
-0.0938037946469199	1.51961173035875	42
0.06425944574235	0.680329466157843	17
0.0429358854647699	1.77714176834868	17
-0.03770632364852	1.36394954299998	61
0.0635872376051401	0.679654979238607	61
0.0640182535977001	0.679923493619259	61
0.0639725545215499	0.67990876897634	245
0.06425944574235	0.680329466157843	151
0.0639725545215499	0.67990876897634	151
0.08687648660533	1.20254338962645	27
0.06411609166176	0.680234581521496	213
0.06425944574235	0.680329466157843	371
0.06411609166176	0.680234581521496	717
-0.0376830007228499	1.36387533336544	436
0.0637310931097299	0.679980770809146	436
0.0637310931097299	0.679980770809146	55
0.06387476499941	0.680075755177531	245
0.06387476499941	0.680075755177531	245
0.0640182535977001	0.679923493619259	151
0.06425944574235	0.680329466157843	213
0.0637310931097299	0.679980770809146	213
0.0644026170857199	0.680176970712483	213
0.06411609166176	0.680234581521496	213
0.06411609166176	0.680234581521496	213
0.06425944574235	0.680329466157843	717
0.06425944574235	0.680329466157843	3
0.06411609166176	0.680234581521496	314
0.0644026170857199	0.680176970712483	349
0.08678835771213	1.20249190202203	349
0.0640182535977001	0.679923493619259	349
0.06425944574235	0.680329466157843	245
0.0644026170857199	0.680176970712483	245
0.06425944574235	0.680329466157843	151
0.0637310931097299	0.679980770809146	8
0.06411609166176	0.680234581521496	248
0.0644026170857199	0.680176970712483	180
0.06411609166176	0.680234581521496	43
0.06387476499941	0.680075755177531	43
0.0869644622634	1.20242799259416	43
0.06411609166176	0.680234581521496	717
0.06387476499941	0.680075755177531	198
0.06425944574235	0.680329466157843	349
0.06411609166176	0.680234581521496	349
0.0637310931097299	0.679980770809146	245
0.0637310931097299	0.679980770809146	582
0.06387476499941	0.680075755177531	8
0.08671578232145	1.2026905210236	248
0.08678835771213	1.20249190202203	42
0.0640182535977001	0.679923493619259	42
0.06387476499941	0.680075755177531	42
0.08645064175416	1.20255680724847	180
0.06425944574235	0.680329466157843	717
0.0635872376051401	0.679654979238607	436
0.0635872376051401	0.679654979238607	436
0.06425944574235	0.680329466157843	314
0.0644026170857199	0.680176970712483	314
-0.09393056174379	1.51920956909812	61
0.08687648660533	1.20254338962645	61
0.0637310931097299	0.679980770809146	61
0.06425944574235	0.680329466157843	198
0.06411609166176	0.680234581521496	245
0.06411609166176	0.680234581521496	245
0.0639725545215499	0.67990876897634	582
0.06425944574235	0.680329466157843	8
0.0637310931097299	0.679980770809146	213
-0.03751841308301	1.36285495772823	371
0.0644026170857199	0.680176970712483	371
0.0859795951379201	2.17350769417371	719
0.08587572409043	2.17275528852128	180
-0.0377652885180799	1.36258062015855	354
0.0639725545215499	0.67990876897634	436
-0.03770632364852	1.36394954299998	17
0.06425944574235	0.680329466157843	61
0.06411609166176	0.680234581521496	55
-0.03770632364852	1.36394954299998	61
0.0639725545215499	0.67990876897634	198
0.06411609166176	0.680234581521496	198
0.06387476499941	0.680075755177531	349
0.0639725545215499	0.67990876897634	349
0.0637310931097299	0.679980770809146	245
0.08662755581056	1.20280584359077	8
0.0864667069515901	1.20180019114119	248
-0.09359469582083	1.51961977629055	33
0.0637310931097299	0.679980770809146	213
0.06387476499941	0.680075755177531	371
-0.03765964939379	1.36303723451158	354
-0.03755393425058	1.36332606361527	354
0.08645064175416	1.20255680724847	43
0.06425944574235	0.680329466157843	436
0.06411609166176	0.680234581521496	3
0.08653917569843	1.20275414765063	17
-0.0375773357854301	1.36403249253072	55
0.06411609166176	0.680234581521496	198
0.0637310931097299	0.679980770809146	349
0.06411609166176	0.680234581521496	245
0.0640182535977001	0.679923493619259	245
-0.03770632364852	1.36394954299998	582
0.08653917569843	1.20275414765063	582
0.06387476499941	0.680075755177531	582
0.06425944574235	0.680329466157843	8
0.06425944574235	0.680329466157843	8
-0.06575044667568	2.07532975595585	218
0.08671578232145	1.2026905210236	436
0.0431274023303001	1.7777837141532	149
0.06387476499941	0.680075755177531	618
0.06425944574235	0.680329466157843	314
0.08645064175416	1.20255680724847	61
0.06387476499941	0.680075755177531	349
0.0637310931097299	0.679980770809146	349
0.0637310931097299	0.679980770809146	245
0.08637822902329	1.20191504598454	83
-0.03804585675548	1.36274036780702	15
0.06411609166176	0.680234581521496	8
0.08645064175416	1.20255680724847	8
0.06387476499941	0.680075755177531	8
0.06387476499941	0.680075755177531	248
0.0637310931097299	0.679980770809146	248
0.08653917569843	1.20275414765063	27
0.06425944574235	0.680329466157843	27
0.08653917569843	1.20275414765063	371
-0.09388577271826	1.51886573025681	101
0.0428223555082701	1.77678482447236	218
0.0640182535977001	0.679923493619259	314
0.08653917569843	1.20275414765063	17
0.06387476499941	0.680075755177531	61
0.0640182535977001	0.679923493619259	55
-0.03772961814914	1.36321927778566	61
0.06411609166176	0.680234581521496	349
0.08645064175416	1.20255680724847	15
0.06411609166176	0.680234581521496	8
0.0644026170857199	0.680176970712483	8
0.06425944574235	0.680329466157843	8
-0.03770632364852	1.36394954299998	248
0.0637310931097299	0.679980770809146	27
0.06387476499941	0.680075755177531	213
0.08662755581056	1.20280584359077	213
0.0258039073793901	2.32427402788292	42
-0.03747159478219	1.36406648304809	719
0.0869644622634	1.20242799259416	287
0.04287742041084	1.7772245011858	354
0.08671578232145	1.2026905210236	354
0.08653917569843	1.20275414765063	43
-0.0656896804035601	2.07545503389663	339
0.0635872376051401	0.679654979238607	436
0.06411609166176	0.680234581521496	61
0.06425944574235	0.680329466157843	198
0.0644026170857199	0.680176970712483	198
0.06425944574235	0.680329466157843	198
0.06411609166176	0.680234581521496	349
0.0640182535977001	0.679923493619259	30
-0.03770632364852	1.36394954299998	15
0.0867000753534799	1.20229488782196	8
0.06411609166176	0.680234581521496	213
0.08645064175416	1.20255680724847	371
0.08678835771213	1.20249190202203	371
0.0868038554614401	1.20223209864398	719
-0.10171299882312	2.2353683249447	229
0.0869644622634	1.20242799259416	436
0.0870522849164099	1.2019697673576	17
0.06411609166176	0.680234581521496	55
0.06425944574235	0.680329466157843	245
0.06425944574235	0.680329466157843	245
0.0637310931097299	0.679980770809146	15
0.06425944574235	0.680329466157843	15
0.08627311144463	1.20149505605475	27
0.06411609166176	0.680234581521496	213
0.0639725545215499	0.67990876897634	213
0.02591717622599	2.32530075360303	101
-0.0379173254004499	1.36350371897319	719
-0.09400005498634	1.5188494975897	357
0.06411609166176	0.680234581521496	43
0.06425944574235	0.680329466157843	166
0.08662755581056	1.20280584359077	61
0.06387476499941	0.680075755177531	198
0.06411609166176	0.680234581521496	30
0.0635872376051401	0.679654979238607	30
-0.0938734044079499	1.51938293684477	15
-0.0938037946469199	1.51961173035875	33
0.0431015813258	1.77762844569721	27
0.0430169432977801	1.77782672458408	371
0.08662755581056	1.20280584359077	371
0.0859285300121999	2.1729810531246	125
0.08678835771213	1.20249190202203	42
0.06411609166176	0.680234581521496	43
0.0637310931097299	0.679980770809146	155
-0.01983042900579	1.91954839108287	219
0.0644026170857199	0.680176970712483	3
0.0637310931097299	0.679980770809146	61
0.06387476499941	0.680075755177531	61
0.0637310931097299	0.679980770809146	55
-0.03747159478219	1.36406648304809	61
0.06411609166176	0.680234581521496	349
0.06411609166176	0.680234581521496	245
0.0637310931097299	0.679980770809146	245
0.06411609166176	0.680234581521496	245
0.0644026170857199	0.680176970712483	582
0.0640182535977001	0.679923493619259	15
0.0640182535977001	0.679923493619259	151
0.06425944574235	0.680329466157843	213
-0.09381613609235	1.51922594945174	101
0.0867000753534799	1.20229488782196	354
-0.0198201493235199	1.91965261386049	357
0.06411609166176	0.680234581521496	346
0.0639725545215499	0.67990876897634	17
0.06411609166176	0.680234581521496	314
0.06387476499941	0.680075755177531	61
0.06425944574235	0.680329466157843	30
0.0644026170857199	0.680176970712483	245
0.06411609166176	0.680234581521496	245
0.06425944574235	0.680329466157843	15
0.06425944574235	0.680329466157843	151
0.0635872376051401	0.679654979238607	8
0.06425944574235	0.680329466157843	8
0.06411609166176	0.680234581521496	8
-0.09381613609235	1.51922594945174	33
0.06411609166176	0.680234581521496	213
0.06387476499941	0.680075755177531	346
0.0430169432977801	1.77782672458408	218
-0.09391814174822	1.51870041013883	17
0.08637822902329	1.20191504598454	17
0.08620081103178	1.20166581977859	61
0.06425944574235	0.680329466157843	198
0.06387476499941	0.680075755177531	349
0.0637310931097299	0.679980770809146	245
0.08687648660533	1.20254338962645	412
0.0861118705058801	1.20130334321723	15
0.08662755581056	1.20280584359077	151
-0.03755393425058	1.36332606361527	27
0.0639725545215499	0.67990876897634	213
0.08662755581056	1.20280584359077	213
-0.09353714009418	1.5194631519215	719
-0.0937341399892	1.51972600313093	43
0.0639725545215499	0.67990876897634	436
0.0867000753534799	1.20229488782196	17
0.0639725545215499	0.67990876897634	198
0.06425944574235	0.680329466157843	30
-0.09354936161978	1.51889161882706	15
-0.03770632364852	1.36394954299998	15
0.06387476499941	0.680075755177531	151
0.06387476499941	0.680075755177531	213
0.0640182535977001	0.679923493619259	371
-0.0936767280733899	1.51956912472479	166
0.0639725545215499	0.67990876897634	3
0.0644026170857199	0.680176970712483	436
0.06387476499941	0.680075755177531	3
0.0637310931097299	0.679980770809146	415
0.0644026170857199	0.680176970712483	252
-0.0376830007228499	1.36387533336544	61
0.06411609166176	0.680234581521496	30
0.0867000753534799	1.20229488782196	245
0.06425944574235	0.680329466157843	245
0.0644026170857199	0.680176970712483	245
0.0640182535977001	0.679923493619259	151
0.0639725545215499	0.67990876897634	8
0.0640182535977001	0.679923493619259	213
0.0637310931097299	0.679980770809146	213
0.08678835771213	1.20249190202203	213
0.0644026170857199	0.680176970712483	371
0.06387476499941	0.680075755177531	371
0.08620081103178	1.20166581977859	371
0.08671578232145	1.2026905210236	287
0.0640182535977001	0.679923493619259	287
0.0258473971790001	2.3249467049061	155
0.0637310931097299	0.679980770809146	276
0.08687648660533	1.20254338962645	61
0.06411609166176	0.680234581521496	30
0.06387476499941	0.680075755177531	30
0.06411609166176	0.680234581521496	151
0.06411609166176	0.680234581521496	213
0.06387476499941	0.680075755177531	213
0.06425944574235	0.680329466157843	213
0.06387476499941	0.680075755177531	213
0.08671578232145	1.2026905210236	321
0.0865550311427901	1.20134277363669	43
0.0637310931097299	0.679980770809146	43
0.06425944574235	0.680329466157843	346
-0.03787085171133	1.3617529314576	155
0.06411609166176	0.680234581521496	415
-0.03770632364852	1.36394954299998	276
0.08662755581056	1.20280584359077	314
0.06425944574235	0.680329466157843	61
0.06387476499941	0.680075755177531	610
0.06425944574235	0.680329466157843	61
0.0868038554614401	1.20223209864398	610
0.08671578232145	1.2026905210236	61
0.06425944574235	0.680329466157843	610
0.06425944574235	0.680329466157843	61
0.06411609166176	0.680234581521496	198
0.06425944574235	0.680329466157843	30
0.0644026170857199	0.680176970712483	30
0.06425944574235	0.680329466157843	30
0.06425944574235	0.680329466157843	30
0.06411609166176	0.680234581521496	583
0.08662755581056	1.20280584359077	583
0.06387476499941	0.680075755177531	15
0.08653917569843	1.20275414765063	248
-0.0378118624486701	1.36379252078282	27
-0.0937341399892	1.51972600313093	27
0.0637310931097299	0.679980770809146	213
0.06411609166176	0.680234581521496	371
0.06387476499941	0.680075755177531	42
0.06411609166176	0.680234581521496	321
0.06425944574235	0.680329466157843	287
0.06425944574235	0.680329466157843	287
0.06425944574235	0.680329466157843	287
0.06387476499941	0.680075755177531	43
0.06411609166176	0.680234581521496	346
-0.0199139217200801	1.91871516233136	155
0.06411609166176	0.680234581521496	3
0.0640182535977001	0.679923493619259	30
0.06425944574235	0.680329466157843	583
0.0637310931097299	0.679980770809146	151
0.06411609166176	0.680234581521496	151
0.06425944574235	0.680329466157843	8
0.08620081103178	1.20166581977859	248
0.08687648660533	1.20254338962645	27
-0.01980984019744	1.91943794220021	33
-0.03794051963478	1.36302875890498	27
0.0637310931097299	0.679980770809146	213
-0.06570680345242	2.07537250938193	101
0.06411609166176	0.680234581521496	567
0.06387476499941	0.680075755177531	321
0.0637310931097299	0.679980770809146	346
0.06411609166176	0.680234581521496	346
0.02570886789273	2.32249067931529	219
0.0869644622634	1.20242799259416	35
-0.0207005740191499	2.48032691292797	123
0.0637310931097299	0.679980770809146	314
0.06387476499941	0.680075755177531	610
0.06411609166176	0.680234581521496	30
0.06387476499941	0.680075755177531	245
0.08653917569843	1.20275414765063	245
0.0639725545215499	0.67990876897634	583
0.0639725545215499	0.67990876897634	213
-0.0378351067953999	1.36318552916065	309
0.08678835771213	1.20249190202203	321
0.08687648660533	1.20254338962645	287
-0.03747159478219	1.36406648304809	354
0.08671578232145	1.2026905210236	357
0.06411609166176	0.680234581521496	382
-0.0936767280733899	1.51956912472479	43
-0.0378118624486701	1.36379252078282	218
0.08653917569843	1.20275414765063	35
0.06387476499941	0.680075755177531	436
0.0861118705058801	1.20130334321723	149
0.08653917569843	1.20275414765063	415
-0.10169774341252	2.23537842542152	123
-0.0938037946469199	1.51961173035875	17
0.06425944574235	0.680329466157843	610
0.08662755581056	1.20280584359077	198
0.06411609166176	0.680234581521496	198
0.0637310931097299	0.679980770809146	198
0.06425944574235	0.680329466157843	151
0.0644026170857199	0.680176970712483	27
0.08645064175416	1.20255680724847	213
0.06411609166176	0.680234581521496	213
0.0637310931097299	0.679980770809146	213
0.06425944574235	0.680329466157843	213
0.04288071844353	1.77670202031803	42
0.0640182535977001	0.679923493619259	321
0.08662755581056	1.20280584359077	321
0.0639725545215499	0.67990876897634	287
-0.09359469582083	1.51961977629055	753
-0.03794051963478	1.36302875890498	149
0.08687648660533	1.20254338962645	610
0.08620081103178	1.20166581977859	30
0.0644026170857199	0.680176970712483	30
0.06387476499941	0.680075755177531	245
-0.0656914080641999	2.07386084296745	27
0.06387476499941	0.680075755177531	213
0.0644026170857199	0.680176970712483	213
-0.01975063434561	1.91955834813948	101
-0.06575044667568	2.07532975595585	101
0.08653917569843	1.20275414765063	42
0.06411609166176	0.680234581521496	42
0.06387476499941	0.680075755177531	321
-0.0377885896824399	1.36358639614156	321
0.06411609166176	0.680234581521496	287
0.0639725545215499	0.67990876897634	287
0.0640182535977001	0.679923493619259	287
0.08637822902329	1.20191504598454	43
0.0637310931097299	0.679980770809146	346
0.06411609166176	0.680234581521496	346
0.06425944574235	0.680329466157843	436
0.06387476499941	0.680075755177531	314
0.0863619537467	1.20219405785639	61
0.06387476499941	0.680075755177531	30
0.0639725545215499	0.67990876897634	30
0.06425944574235	0.680329466157843	30
-0.06582833422488	2.07452332153479	83
0.06411609166176	0.680234581521496	583
0.0639725545215499	0.67990876897634	15
0.0637310931097299	0.679980770809146	151
0.06411609166176	0.680234581521496	287
0.06411609166176	0.680234581521496	346
-0.01980588388352	1.91913889914792	339
0.08653917569843	1.20275414765063	218
0.0637310931097299	0.679980770809146	298
0.06411609166176	0.680234581521496	298
0.0635872376051401	0.679654979238607	415
0.06387476499941	0.680075755177531	610
0.0868038554614401	1.20223209864398	610
0.08653917569843	1.20275414765063	610
0.06411609166176	0.680234581521496	30
0.08645064175416	1.20255680724847	245
0.06425944574235	0.680329466157843	151
0.06425944574235	0.680329466157843	213
0.0640182535977001	0.679923493619259	213
0.08620081103178	1.20166581977859	287
0.08687648660533	1.20254338962645	287
-0.0937914408099401	1.51955240277114	229
-0.09391814174822	1.51870041013883	354
0.06411609166176	0.680234581521496	346
0.0862895971270801	1.20186314230777	149
0.08653917569843	1.20275414765063	415
0.06425944574235	0.680329466157843	252
-0.0378118624486701	1.36379252078282	83
0.06411609166176	0.680234581521496	8
0.06425944574235	0.680329466157843	8
0.06425944574235	0.680329466157843	213
0.06411609166176	0.680234581521496	213
0.0635872376051401	0.679654979238607	321
0.0637310931097299	0.679980770809146	321
0.0862895971270801	1.20186314230777	321
0.0640182535977001	0.679923493619259	287
0.0637310931097299	0.679980770809146	43
0.08661163929862	1.20193259965012	346
0.0644026170857199	0.680176970712483	346
0.06425944574235	0.680329466157843	415
0.08653917569843	1.20275414765063	276
0.0637310931097299	0.679980770809146	583
0.0637310931097299	0.679980770809146	8
0.06425944574235	0.680329466157843	213
0.0862895971270801	1.20186314230777	287
-0.0378118624486701	1.36379252078282	287
0.0637310931097299	0.679980770809146	43
0.06411609166176	0.680234581521496	346
0.0430721565660399	1.77786554640018	218
0.0861118705058801	1.20130334321723	3
-0.0936192050295599	1.51888704554856	276
0.0635872376051401	0.679654979238607	314
0.0644026170857199	0.680176970712483	314
0.06425944574235	0.680329466157843	610
0.0637310931097299	0.679980770809146	610
0.0640182535977001	0.679923493619259	252
0.0644026170857199	0.680176970712483	198
0.06425944574235	0.680329466157843	30
0.06411609166176	0.680234581521496	30
0.06411609166176	0.680234581521496	245
0.06425944574235	0.680329466157843	245
0.0863619537467	1.20219405785639	245
0.0640182535977001	0.679923493619259	15
0.06411609166176	0.680234581521496	151
0.06425944574235	0.680329466157843	8
0.06425944574235	0.680329466157843	43
0.06411609166176	0.680234581521496	436
0.06411609166176	0.680234581521496	17
0.06387476499941	0.680075755177531	314
0.06425944574235	0.680329466157843	314
0.0864667069515901	1.20180019114119	61
0.08645064175416	1.20255680724847	610
0.06387476499941	0.680075755177531	30
0.06387476499941	0.680075755177531	245
0.06387476499941	0.680075755177531	245
0.06411609166176	0.680234581521496	151
0.0637310931097299	0.679980770809146	213
0.08662755581056	1.20280584359077	321
0.06387476499941	0.680075755177531	35
0.06425944574235	0.680329466157843	436
0.08662755581056	1.20280584359077	149
0.0863619537467	1.20219405785639	610
0.06425944574235	0.680329466157843	610
0.06425944574235	0.680329466157843	61
0.0870522849164099	1.2019697673576	198
-0.0374950181503599	1.3638852905252	61
0.0637310931097299	0.679980770809146	30
0.0635872376051401	0.679654979238607	583
0.06411609166176	0.680234581521496	151
0.06411609166176	0.680234581521496	151
0.0639725545215499	0.67990876897634	151
0.06425944574235	0.680329466157843	8
-0.09393056174379	1.51920956909812	33
0.0644026170857199	0.680176970712483	213
-0.03747159478219	1.36406648304809	42
-0.09400005498634	1.5188494975897	42
0.0431015813258	1.77762844569721	354
-0.02075536511656	2.48044809695745	219
0.06411609166176	0.680234581521496	436
0.06387476499941	0.680075755177531	436
-0.06575044667568	2.07532975595585	123
0.0431568783029099	1.77754673088308	123
0.06425944574235	0.680329466157843	61
0.06387476499941	0.680075755177531	61
0.0637310931097299	0.679980770809146	30
0.06425944574235	0.680329466157843	245
0.0635872376051401	0.679654979238607	245
0.06425944574235	0.680329466157843	8
-0.03794051963478	1.36302875890498	8
0.0862895971270801	1.20186314230777	248
0.0640182535977001	0.679923493619259	649
0.06425944574235	0.680329466157843	502
0.06387476499941	0.680075755177531	213
0.0637310931097299	0.679980770809146	502
-0.0379173254004499	1.36350371897319	42
-0.03770632364852	1.36394954299998	714
0.06411609166176	0.680234581521496	43
0.0635872376051401	0.679654979238607	155
0.06387476499941	0.680075755177531	298
-0.09393056174379	1.51920956909812	123
-0.03765964939379	1.36303723451158	123
0.0637310931097299	0.679980770809146	314
0.08653917569843	1.20275414765063	61
0.0862895971270801	1.20186314230777	198
0.0635872376051401	0.679654979238607	198
0.0640182535977001	0.679923493619259	30
0.0635872376051401	0.679654979238607	30
0.06425944574235	0.680329466157843	30
0.0644026170857199	0.680176970712483	30
0.06387476499941	0.680075755177531	30
0.06425944574235	0.680329466157843	30
0.06411609166176	0.680234581521496	245
0.06425944574235	0.680329466157843	151
0.08645064175416	1.20255680724847	248
0.06387476499941	0.680075755177531	436
0.06411609166176	0.680234581521496	3
0.06411609166176	0.680234581521496	30
0.06425944574235	0.680329466157843	30
0.06425944574235	0.680329466157843	30
0.06387476499941	0.680075755177531	126
0.0640182535977001	0.679923493619259	151
0.08662755581056	1.20280584359077	248
0.06425944574235	0.680329466157843	213
0.06387476499941	0.680075755177531	213
-0.03770632364852	1.36394954299998	287
0.06387476499941	0.680075755177531	610
0.08687648660533	1.20254338962645	610
0.06425944574235	0.680329466157843	30
0.06425944574235	0.680329466157843	30
0.0635872376051401	0.679654979238607	30
0.06425944574235	0.680329466157843	30
0.0639725545215499	0.67990876897634	245
-0.0937914408099401	1.51955240277114	83
0.06411609166176	0.680234581521496	151
0.06425944574235	0.680329466157843	151
0.0862895971270801	1.20186314230777	8
0.0867000753534799	1.20229488782196	248
-0.0382563041937201	1.36145697850979	33
-0.0657940939063	2.07502736811937	33
0.0637310931097299	0.679980770809146	213
-0.0376830007228499	1.36387533336544	714
-0.09372181303681	1.51955663487069	229
-0.0938037946469199	1.51961173035875	229
0.0639725545215499	0.67990876897634	43
0.0637310931097299	0.679980770809146	155
0.06425944574235	0.680329466157843	436
0.06387476499941	0.680075755177531	314
0.06425944574235	0.680329466157843	314
-0.0374950181503599	1.3638852905252	610
0.06425944574235	0.680329466157843	252
0.0637310931097299	0.679980770809146	30
0.06411609166176	0.680234581521496	30
0.06387476499941	0.680075755177531	30
0.0637310931097299	0.679980770809146	245
-0.0937094736800499	1.51870809885327	33
0.0644026170857199	0.680176970712483	213
-0.0935249062287999	1.51937703102019	714
-0.09381613609235	1.51922594945174	415
-0.0374950181503599	1.3638852905252	17
0.08662755581056	1.20280584359077	314
0.0637310931097299	0.679980770809146	314
0.08645064175416	1.20255680724847	61
-0.0376830007228499	1.36387533336544	61
0.06411609166176	0.680234581521496	198
0.06425944574235	0.680329466157843	151
-0.0378118624486701	1.36379252078282	287
0.06425944574235	0.680329466157843	287
0.08653917569843	1.20275414765063	287
-0.0656554387119701	2.07530135227177	354
0.0429910849340101	1.77743020942842	357
0.08678835771213	1.20249190202203	43
0.06425944574235	0.680329466157843	436
0.0644026170857199	0.680176970712483	298
-0.0379173254004499	1.36350371897319	314
0.06411609166176	0.680234581521496	610
0.0635872376051401	0.679654979238607	610
0.0867000753534799	1.20229488782196	198
0.06411609166176	0.680234581521496	30
0.06425944574235	0.680329466157843	245
0.0637310931097299	0.679980770809146	245
0.06425944574235	0.680329466157843	303
0.0644026170857199	0.680176970712483	15
0.0637310931097299	0.679980770809146	8
0.0637310931097299	0.679980770809146	213
-0.0378118624486701	1.36379252078282	287
0.06411609166176	0.680234581521496	382
0.06387476499941	0.680075755177531	346
-0.0378118624486701	1.36379252078282	155
0.0862895971270801	1.20186314230777	149
0.06387476499941	0.680075755177531	149
0.08662755581056	1.20280584359077	276
0.0644026170857199	0.680176970712483	61
0.0639725545215499	0.67990876897634	30
0.0644026170857199	0.680176970712483	30
-0.0375773357854301	1.36403249253072	15
0.0431568783029099	1.77754673088308	15
0.0637310931097299	0.679980770809146	151
0.06425944574235	0.680329466157843	8
0.0640182535977001	0.679923493619259	502
0.0644026170857199	0.680176970712483	213
0.0867000753534799	1.20229488782196	42
0.06411609166176	0.680234581521496	287
0.06387476499941	0.680075755177531	287
0.06425944574235	0.680329466157843	354
-0.0376830007228499	1.36387533336544	382
0.0862895971270801	1.20186314230777	155
0.06425944574235	0.680329466157843	149
0.0640182535977001	0.679923493619259	314
0.06425944574235	0.680329466157843	252
0.0637310931097299	0.679980770809146	252
0.0637310931097299	0.679980770809146	30
0.06387476499941	0.680075755177531	30
0.0635872376051401	0.679654979238607	30
0.0639725545215499	0.67990876897634	245
0.0640182535977001	0.679923493619259	30
0.0640182535977001	0.679923493619259	151
0.06411609166176	0.680234581521496	8
0.08645064175416	1.20255680724847	27
0.06387476499941	0.680075755177531	213
0.0637310931097299	0.679980770809146	502
-0.03751841308301	1.36285495772823	502
0.06425944574235	0.680329466157843	213
-0.03772961814914	1.36321927778566	42
0.06425944574235	0.680329466157843	287
0.06425944574235	0.680329466157843	287
-0.09360695659911	1.51957354788367	354
-0.0375773357854301	1.36403249253072	713
0.06411609166176	0.680234581521496	382
0.06387476499941	0.680075755177531	346
0.0644026170857199	0.680176970712483	346
0.08595402347227	2.17367193722447	123
0.0637310931097299	0.679980770809146	314
0.06425944574235	0.680329466157843	610
0.0637310931097299	0.679980770809146	252
0.06411609166176	0.680234581521496	198
0.0639725545215499	0.67990876897634	30
0.0644026170857199	0.680176970712483	30
-0.03744814300057	1.36348326496174	126
-0.0937341399892	1.51972600313093	33
0.06411609166176	0.680234581521496	27
0.04323799145615	1.77720824362819	42
0.06425944574235	0.680329466157843	321
0.06411609166176	0.680234581521496	321
0.06387476499941	0.680075755177531	354
0.0639725545215499	0.67990876897634	3
0.0640182535977001	0.679923493619259	3
0.0644026170857199	0.680176970712483	276
0.0869644622634	1.20242799259416	17
0.0863619537467	1.20219405785639	17
0.08620081103178	1.20166581977859	610
-0.03794051963478	1.36302875890498	198
0.0640182535977001	0.679923493619259	30
0.0639725545215499	0.67990876897634	245
0.0637310931097299	0.679980770809146	303
0.0637310931097299	0.679980770809146	151
0.08653917569843	1.20275414765063	33
0.06411609166176	0.680234581521496	213
0.06387476499941	0.680075755177531	213
-0.01975063434561	1.91955834813948	42
-0.0374950181503599	1.3638852905252	42
-0.0198895992005499	1.91929613555507	357
0.08645064175416	1.20255680724847	713
0.08645064175416	1.20255680724847	382
0.06411609166176	0.680234581521496	346
0.06387476499941	0.680075755177531	346
0.0639725545215499	0.67990876897634	346
0.0431015813258	1.77762844569721	219
0.0431015813258	1.77762844569721	219
-0.0938037946469199	1.51961173035875	218
0.08653917569843	1.20275414765063	61
0.08653917569843	1.20275414765063	61
0.06425944574235	0.680329466157843	198
0.06425944574235	0.680329466157843	245
0.06411609166176	0.680234581521496	126
-0.0378118624486701	1.36379252078282	126
0.0637310931097299	0.679980770809146	303
0.06387476499941	0.680075755177531	151
0.06425944574235	0.680329466157843	151
0.0640182535977001	0.679923493619259	151
0.0637310931097299	0.679980770809146	248
0.06387476499941	0.680075755177531	213
0.06425944574235	0.680329466157843	213
0.0637310931097299	0.679980770809146	502
0.06425944574235	0.680329466157843	287
0.0637310931097299	0.679980770809146	287
0.08662755581056	1.20280584359077	382
0.0864667069515901	1.20180019114119	155
0.06411609166176	0.680234581521496	346
0.06411609166176	0.680234581521496	346
0.06387476499941	0.680075755177531	314
0.06425944574235	0.680329466157843	610
0.08637822902329	1.20191504598454	610
0.0637310931097299	0.679980770809146	61
0.06425944574235	0.680329466157843	245
0.06411609166176	0.680234581521496	27
0.06411609166176	0.680234581521496	213
0.0637310931097299	0.679980770809146	502
0.06387476499941	0.680075755177531	502
0.0430980040895901	1.77762892936041	714
-0.0377885896824399	1.36358639614156	354
0.0637310931097299	0.679980770809146	346
0.02587369582564	2.32525743945119	123
0.0637310931097299	0.679980770809146	198
0.0637310931097299	0.679980770809146	245
0.06387476499941	0.680075755177531	245
0.06411609166176	0.680234581521496	151
0.08653917569843	1.20275414765063	248
0.06387476499941	0.680075755177531	213
0.08678835771213	1.20249190202203	42
0.0867000753534799	1.20229488782196	287
0.08678835771213	1.20249190202203	354
-0.0936644403940701	1.51973031777427	713
0.0640182535977001	0.679923493619259	346
0.0869644622634	1.20242799259416	155
0.06387476499941	0.680075755177531	3
0.06425944574235	0.680329466157843	314
0.0639725545215499	0.67990876897634	61
0.0637310931097299	0.679980770809146	30
0.0639725545215499	0.67990876897634	245
0.06387476499941	0.680075755177531	213
-0.0376830007228499	1.36387533336544	714
0.08662755581056	1.20280584359077	714
0.04304280950461	1.77771081118664	714
0.06425944574235	0.680329466157843	287
0.0637310931097299	0.679980770809146	3
0.0637310931097299	0.679980770809146	30
0.06425944574235	0.680329466157843	30
0.06411609166176	0.680234581521496	30
0.0637310931097299	0.679980770809146	245
0.06425944574235	0.680329466157843	213
0.0639725545215499	0.67990876897634	42
0.06425944574235	0.680329466157843	321
0.0640182535977001	0.679923493619259	354
0.06387476499941	0.680075755177531	382
0.0637310931097299	0.679980770809146	382
-0.03760070891178	1.36398339516012	166
0.0640182535977001	0.679923493619259	276
0.08678835771213	1.20249190202203	61
0.06387476499941	0.680075755177531	61
-0.01983042900579	1.91954839108287	20
0.08653917569843	1.20275414765063	198
0.0869644622634	1.20242799259416	248
0.06425944574235	0.680329466157843	213
0.06387476499941	0.680075755177531	502
-0.0937464545575999	1.51945477894097	42
-0.0198999248560401	1.91919188727168	357
0.06411609166176	0.680234581521496	346
-0.0377885896824399	1.36358639614156	276
0.0644026170857199	0.680176970712483	314
0.08687648660533	1.20254338962645	61
0.06425944574235	0.680329466157843	198
-0.03747159478219	1.36406648304809	198
0.06411609166176	0.680234581521496	248
0.06387476499941	0.680075755177531	68
0.0639725545215499	0.67990876897634	68
0.0639725545215499	0.67990876897634	213
0.0639725545215499	0.67990876897634	502
0.08678835771213	1.20249190202203	714
-0.03770632364852	1.36394954299998	354
-0.0375773357854301	1.36403249253072	382
0.04296176249817	1.77766741706154	17
0.0637310931097299	0.679980770809146	252
0.0863619537467	1.20219405785639	61
0.0862895971270801	1.20186314230777	61
0.06387476499941	0.680075755177531	198
0.06425944574235	0.680329466157843	151
0.0637310931097299	0.679980770809146	248
-0.09372181303681	1.51955663487069	68
0.06387476499941	0.680075755177531	213
0.0637310931097299	0.679980770809146	213
0.08653917569843	1.20275414765063	229
0.08687648660533	1.20254338962645	382
0.06411609166176	0.680234581521496	346
0.06425944574235	0.680329466157843	276
-0.09393056174379	1.51920956909812	276
0.08671578232145	1.2026905210236	61
0.06387476499941	0.680075755177531	30
0.0637310931097299	0.679980770809146	30
0.0644026170857199	0.680176970712483	30
0.06411609166176	0.680234581521496	15
0.08653917569843	1.20275414765063	15
0.06411609166176	0.680234581521496	213
0.0644026170857199	0.680176970712483	213
0.06411609166176	0.680234581521496	213
0.0639725545215499	0.67990876897634	321
0.08687648660533	1.20254338962645	714
0.06387476499941	0.680075755177531	346
0.0640182535977001	0.679923493619259	436
0.0637310931097299	0.679980770809146	436
0.08678835771213	1.20249190202203	533
-0.0377885896824399	1.36358639614156	314
0.0644026170857199	0.680176970712483	314
0.06425944574235	0.680329466157843	198
-0.03772961814914	1.36321927778566	248
0.0640182535977001	0.679923493619259	248
0.08620081103178	1.20166581977859	27
0.0257786478239299	2.32411898714984	357
0.08637822902329	1.20191504598454	155
-0.03804585675548	1.36274036780702	35
-0.0377885896824399	1.36358639614156	533
0.06425944574235	0.680329466157843	61
0.06425944574235	0.680329466157843	30
0.02601222578746	2.32474654586011	33
-0.0378351067953999	1.36318552916065	27
0.08662755581056	1.20280584359077	68
0.06387476499941	0.680075755177531	213
0.06387476499941	0.680075755177531	213
0.06411609166176	0.680234581521496	714
-0.03747159478219	1.36406648304809	714
0.06411609166176	0.680234581521496	714
-0.06571620713803	2.07538857504614	679
0.08678835771213	1.20249190202203	166
0.0640182535977001	0.679923493619259	382
-0.03760070891178	1.36398339516012	166
0.06411609166176	0.680234581521496	298
-0.01980984019744	1.91943794220021	17
0.04312385946452	1.77659373857448	20
0.0639725545215499	0.67990876897634	30
0.06425944574235	0.680329466157843	151
0.08678835771213	1.20249190202203	27
0.06411609166176	0.680234581521496	213
0.08678835771213	1.20249190202203	502
-0.01983042900579	1.91954839108287	153
0.06411609166176	0.680234581521496	35
0.06411609166176	0.680234581521496	3
0.06425944574235	0.680329466157843	298
0.0644026170857199	0.680176970712483	610
0.06411609166176	0.680234581521496	30
0.06411609166176	0.680234581521496	151
0.06425944574235	0.680329466157843	151
0.08598013848433	2.17372200579686	33
-0.0378118624486701	1.36379252078282	68
0.0862895971270801	1.20186314230777	714
0.0640182535977001	0.679923493619259	436
0.0639725545215499	0.67990876897634	3
0.08678835771213	1.20249190202203	276
0.08653917569843	1.20275414765063	610
-0.03770632364852	1.36394954299998	61
0.06411609166176	0.680234581521496	252
0.06411609166176	0.680234581521496	30
0.0640182535977001	0.679923493619259	30
0.08662755581056	1.20280584359077	15
0.06411609166176	0.680234581521496	151
0.06425944574235	0.680329466157843	213
0.0637310931097299	0.679980770809146	68
0.06411609166176	0.680234581521496	166
0.08620081103178	1.20166581977859	61
-0.09384863057022	1.51881441870016	105
0.06411609166176	0.680234581521496	30
0.06411609166176	0.680234581521496	198
-0.0373422755558199	1.36351743813113	15
0.06387476499941	0.680075755177531	151
0.06425944574235	0.680329466157843	248
0.06425944574235	0.680329466157843	151
0.08662755581056	1.20280584359077	248
0.0429876473814701	1.77767205964485	33
-0.0937341399892	1.51972600313093	68
0.06387476499941	0.680075755177531	213
0.0639725545215499	0.67990876897634	213
-0.0378351067953999	1.36318552916065	3
0.08653917569843	1.20275414765063	61
0.06411609166176	0.680234581521496	198
0.0640182535977001	0.679923493619259	30
0.08662755581056	1.20280584359077	198
0.0644026170857199	0.680176970712483	126
0.0637310931097299	0.679980770809146	213
0.06387476499941	0.680075755177531	213
0.06387476499941	0.680075755177531	3
0.08687648660533	1.20254338962645	490
0.08653917569843	1.20275414765063	105
0.04304631687858	1.77758954909223	105
-0.0378118624486701	1.36379252078282	61
0.06387476499941	0.680075755177531	198
0.06411609166176	0.680234581521496	198
0.06387476499941	0.680075755177531	33
0.04315323116387	1.77741737978847	33
-0.0936767280733899	1.51956912472479	68
0.06387476499941	0.680075755177531	346
0.0637310931097299	0.679980770809146	490
-0.0376830007228499	1.36387533336544	490
0.08678835771213	1.20249190202203	490
0.0863619537467	1.20219405785639	61
-0.0377885896824399	1.36358639614156	68
0.0640182535977001	0.679923493619259	68
0.06411609166176	0.680234581521496	298
-0.0198548823935401	1.91953277486054	329
0.0637310931097299	0.679980770809146	248
0.08653917569843	1.20275414765063	68
0.08653917569843	1.20275414765063	490
-0.09360695659911	1.51957354788367	61
0.06411609166176	0.680234581521496	198
0.0637310931097299	0.679980770809146	126
0.0429876473814701	1.77767205964485	94
-0.09372181303681	1.51955663487069	92
-0.0656974198806199	2.07461285381473	33
0.06387476499941	0.680075755177531	35
-0.0199346483788001	1.91882533524378	149
0.08653917569843	1.20275414765063	126
0.0429876473814701	1.77767205964485	83
-0.0199242997567299	1.91892957393947	229
0.0867000753534799	1.20229488782196	490
-0.03794051963478	1.36302875890498	105
-0.0197956566539701	1.91955698762359	20
0.08662755581056	1.20280584359077	198
0.06411609166176	0.680234581521496	198
0.0430721565660399	1.77786554640018	94
-0.0938734044079499	1.51938293684477	83
0.08687648660533	1.20254338962645	92
0.06387476499941	0.680075755177531	92
0.02591717622599	2.32530075360303	123
0.0429358854647699	1.77714176834868	105
0.06411609166176	0.680234581521496	198
-0.03794051963478	1.36302875890498	198
0.08678835771213	1.20249190202203	92
-0.06567255882365	2.0754313389179	123
0.08645064175416	1.20255680724847	198
0.0861118705058801	1.20130334321723	198
-0.0938037946469199	1.51961173035875	94
0.08678835771213	1.20249190202203	92
0.0635872376051401	0.679654979238607	3
0.08687648660533	1.20254338962645	490
0.0429876473814701	1.77767205964485	746
0.0640182535977001	0.679923493619259	61
0.0859795951379201	2.17350769417371	105
0.08590122141715	2.17335507772044	105
0.0429910849340101	1.77743020942842	20
0.06425944574235	0.680329466157843	198
0.0644026170857199	0.680176970712483	198
0.08687648660533	1.20254338962645	126
-0.0939876081361499	1.51847202961641	68
0.06425944574235	0.680329466157843	35
0.06425944574235	0.680329466157843	298
0.06387476499941	0.680075755177531	329
0.06411609166176	0.680234581521496	198
0.08678835771213	1.20249190202203	198
-0.03760070891178	1.36398339516012	92
-0.0377885896824399	1.36358639614156	20
0.0862895971270801	1.20186314230777	126
0.06425944574235	0.680329466157843	273
0.0869644622634	1.20242799259416	273
-0.03770632364852	1.36394954299998	68
0.06411609166176	0.680234581521496	672
-0.06567255882365	2.0754313389179	123
0.06387476499941	0.680075755177531	374
0.06425944574235	0.680329466157843	554
0.06411609166176	0.680234581521496	126
0.08678835771213	1.20249190202203	273
0.0258908834492499	2.3252850082987	33
0.0635872376051401	0.679654979238607	298
0.06411609166176	0.680234581521496	298
0.06411609166176	0.680234581521496	374
-0.0935249062287999	1.51937703102019	61
0.0258210890425901	2.32418850356345	105
0.08653917569843	1.20275414765063	126
0.0639725545215499	0.67990876897634	126
0.0862895971270801	1.20186314230777	231
-0.0936644403940701	1.51973031777427	33
0.0637310931097299	0.679980770809146	35
-0.0938037946469199	1.51961173035875	61
-0.0374950181503599	1.3638852905252	20
-0.0936767280733899	1.51956912472479	94
0.0640182535977001	0.679923493619259	126
0.0644026170857199	0.680176970712483	126
0.0637310931097299	0.679980770809146	92
-0.0375773357854301	1.36403249253072	273
0.0637310931097299	0.679980770809146	33
0.06425944574235	0.680329466157843	35
0.06411609166176	0.680234581521496	329
0.0637310931097299	0.679980770809146	3
0.06387476499941	0.680075755177531	17
0.06411609166176	0.680234581521496	374
0.06411609166176	0.680234581521496	126
0.08662755581056	1.20280584359077	126
0.0637310931097299	0.679980770809146	68
0.0870522849164099	1.2019697673576	672
0.0637310931097299	0.679980770809146	554
0.08678835771213	1.20249190202203	554
0.0637310931097299	0.679980770809146	61
0.0864667069515901	1.20180019114119	629
0.06411609166176	0.680234581521496	20
0.08598013848433	2.17372200579686	20
0.08678835771213	1.20249190202203	198
0.08637822902329	1.20191504598454	126
0.0868038554614401	1.20223209864398	126
0.06425944574235	0.680329466157843	126
0.06411609166176	0.680234581521496	92
0.0640182535977001	0.679923493619259	68
0.0862895971270801	1.20186314230777	754
-0.0378351067953999	1.36318552916065	20
0.0635872376051401	0.679654979238607	198
0.08637822902329	1.20191504598454	126
0.08671578232145	1.2026905210236	554
-0.0378118624486701	1.36379252078282	198
0.0644026170857199	0.680176970712483	198
0.0862895971270801	1.20186314230777	198
0.0637310931097299	0.679980770809146	425
0.08653917569843	1.20275414765063	126
0.04290661413978	1.7773789623566	126
0.0635872376051401	0.679654979238607	273
0.08653917569843	1.20275414765063	33
0.0640182535977001	0.679923493619259	336
0.06425944574235	0.680329466157843	436
0.08662755581056	1.20280584359077	20
0.06425944574235	0.680329466157843	198
0.08645064175416	1.20255680724847	126
0.0635872376051401	0.679654979238607	24
-0.0378351067953999	1.36318552916065	20
0.08645064175416	1.20255680724847	198
0.0637310931097299	0.679980770809146	425
0.06425944574235	0.680329466157843	126
0.08687648660533	1.20254338962645	24
0.04290661413978	1.7773789623566	33
0.06411609166176	0.680234581521496	436
0.06387476499941	0.680075755177531	149
-0.10171299882312	2.2353683249447	746
0.0637310931097299	0.679980770809146	198
-0.0376830007228499	1.36387533336544	531
-0.0375773357854301	1.36403249253072	126
-0.0938037946469199	1.51961173035875	92
0.06387476499941	0.680075755177531	437
-0.09372181303681	1.51955663487069	105
0.06411609166176	0.680234581521496	425
0.08653917569843	1.20275414765063	198
0.08620081103178	1.20166581977859	425
0.0860323913716501	2.1734637475658	83
-0.0656289145203299	2.07517573920858	83
0.0869644622634	1.20242799259416	24
0.08653917569843	1.20275414765063	437
0.04293251769273	1.77751284299719	105
0.08671578232145	1.2026905210236	198
0.06411609166176	0.680234581521496	425
0.06387476499941	0.680075755177531	425
0.06425944574235	0.680329466157843	425
0.08678835771213	1.20249190202203	126
0.08662755581056	1.20280584359077	33
-0.10162166101891	2.23519922691299	601
0.06425944574235	0.680329466157843	52
-0.0936644403940701	1.51973031777427	17
0.06425944574235	0.680329466157843	525
-0.03760070891178	1.36398339516012	20
0.06425944574235	0.680329466157843	626
0.06425944574235	0.680329466157843	198
0.0640182535977001	0.679923493619259	425
0.0869644622634	1.20242799259416	198
0.06411609166176	0.680234581521496	425
0.0864667069515901	1.20180019114119	24
0.08645064175416	1.20255680724847	33
0.08598071811377	2.17345208937227	68
0.06411609166176	0.680234581521496	96
0.06411609166176	0.680234581521496	425
0.06425944574235	0.680329466157843	126
0.08687648660533	1.20254338962645	126
0.08662755581056	1.20280584359077	24
0.0640182535977001	0.679923493619259	24
-0.0375773357854301	1.36403249253072	24
0.0637310931097299	0.679980770809146	525
-0.0937914408099401	1.51955240277114	105
0.0644026170857199	0.680176970712483	425
0.08662755581056	1.20280584359077	126
0.08620081103178	1.20166581977859	126
0.08678835771213	1.20249190202203	24
0.0637310931097299	0.679980770809146	24
-0.03755393425058	1.36332606361527	24
-0.02064013470615	2.479963411285	184
-0.02070833026327	2.4800988127571	666
-0.0941389072274399	1.51737199962662	462
-0.0208239753995301	2.48018457754982	601
0.04304631687858	1.77758954909223	601
0.06425944574235	0.680329466157843	436
0.0644026170857199	0.680176970712483	525
-0.03725988422613	1.36370213045735	626
0.0637310931097299	0.679980770809146	20
-0.09381613609235	1.51922594945174	20
0.0640182535977001	0.679923493619259	24
-0.0938037946469199	1.51961173035875	24
0.0644026170857199	0.680176970712483	437
0.08645064175416	1.20255680724847	437
-0.0198548823935401	1.91953277486054	666
0.08662755581056	1.20280584359077	35
0.0644026170857199	0.680176970712483	298
0.08637822902329	1.20191504598454	52
0.0869644622634	1.20242799259416	626
0.06411609166176	0.680234581521496	198
0.06387476499941	0.680075755177531	425
-0.03804585675548	1.36274036780702	24
0.0637310931097299	0.679980770809146	437
0.06387476499941	0.680075755177531	437
0.06425944574235	0.680329466157843	437
0.06387476499941	0.680075755177531	437
-0.10164454155542	2.23565013787835	184
0.08637822902329	1.20191504598454	666
0.0258221248292501	2.32445705331129	601
-0.0379173254004499	1.36350371897319	35
0.0635872376051401	0.679654979238607	35
-0.0936521403384301	1.51944603411736	149
0.06411609166176	0.680234581521496	3
0.06425944574235	0.680329466157843	425
0.06425944574235	0.680329466157843	425
-0.03755393425058	1.36332606361527	231
0.06425944574235	0.680329466157843	24
0.0637310931097299	0.679980770809146	437
0.0637310931097299	0.679980770809146	437
0.08645064175416	1.20255680724847	68
-0.10145448857675	2.23431906844245	666
0.0862895971270801	1.20186314230777	601
-0.01978539997826	1.91966117759799	601
-0.0657940939063	2.07502736811937	601
0.0430980040895901	1.77762892936041	601
0.0430980040895901	1.77762892936041	678
0.04304280950461	1.77771081118664	96
0.08637822902329	1.20191504598454	96
0.06425944574235	0.680329466157843	525
0.0639725545215499	0.67990876897634	425
0.06411609166176	0.680234581521496	425
0.0644026170857199	0.680176970712483	425
0.0640182535977001	0.679923493619259	231
0.06425944574235	0.680329466157843	24
0.0640182535977001	0.679923493619259	24
0.06387476499941	0.680075755177531	24
0.06387476499941	0.680075755177531	24
0.0637310931097299	0.679980770809146	437
0.06411609166176	0.680234581521496	437
-0.10156844401445	2.23543713493913	184
-0.10170536653979	2.23542481316554	184
-0.10163690554812	2.23560376391789	462
0.0430721565660399	1.77786554640018	601
-0.01980588388352	1.91913889914792	123
0.08662755581056	1.20280584359077	52
0.0644026170857199	0.680176970712483	425
0.0644026170857199	0.680176970712483	425
0.08662755581056	1.20280584359077	126
0.06411609166176	0.680234581521496	24
0.0644026170857199	0.680176970712483	24
-0.10175099618374	2.23476164400582	666
0.0259080697201699	2.32519939803864	462
0.08600626111544	2.17365347594908	462
0.0430169432977801	1.77782672458408	601
0.06387476499941	0.680075755177531	425
0.06411609166176	0.680234581521496	425
0.0860068235712601	2.17350214245792	531
0.08661163929862	1.20193259965012	24
0.0637310931097299	0.679980770809146	24
0.0644026170857199	0.680176970712483	24
0.08662755581056	1.20280584359077	92
0.06425944574235	0.680329466157843	266
-0.0937464545575999	1.51945477894097	666
-0.06571620713803	2.07538857504614	666
-0.0938610236986199	1.51943823476646	96
0.06425944574235	0.680329466157843	298
0.06411609166176	0.680234581521496	3
0.06387476499941	0.680075755177531	20
0.06411609166176	0.680234581521496	198
0.06411609166176	0.680234581521496	198
0.0637310931097299	0.679980770809146	425
0.06387476499941	0.680075755177531	425
0.0639725545215499	0.67990876897634	425
-0.0937341399892	1.51972600313093	231
0.0637310931097299	0.679980770809146	24
-0.0378351067953999	1.36318552916065	266
0.06411609166176	0.680234581521496	266
-0.0198341887337099	1.91848793455955	601
-0.03770632364852	1.36394954299998	298
0.0637310931097299	0.679980770809146	525
0.06411609166176	0.680234581521496	198
0.06425944574235	0.680329466157843	198
0.06387476499941	0.680075755177531	425
0.06425944574235	0.680329466157843	425
-0.03744814300057	1.36348326496174	231
0.0862895971270801	1.20186314230777	24
0.08653917569843	1.20275414765063	24
0.0644026170857199	0.680176970712483	24
0.06411609166176	0.680234581521496	437
0.06387476499941	0.680075755177531	437
0.08645064175416	1.20255680724847	266
0.0860068235712601	2.17350214245792	601
0.02595155475728	2.32524272319282	601
-0.10162927870231	2.2354544570095	601
0.06425944574235	0.680329466157843	3
-0.0376830007228499	1.36387533336544	231
0.0637310931097299	0.679980770809146	24
0.06411609166176	0.680234581521496	24
0.0644026170857199	0.680176970712483	24
0.08662755581056	1.20280584359077	24
0.06387476499941	0.680075755177531	437
0.02592525463939	2.32499874266783	555
0.02585650684839	2.32511494892837	184
0.02597784531959	2.32503267571501	462
-0.10165218672322	2.23559361934632	601
0.08662755581056	1.20280584359077	96
0.0637310931097299	0.679980770809146	3
0.08653917569843	1.20275414765063	52
-0.10169012944222	2.23522912126562	105
0.0870522849164099	1.2019697673576	20
-0.09360695659911	1.51957354788367	20
0.08653917569843	1.20275414765063	20
0.0640182535977001	0.679923493619259	198
0.06387476499941	0.680075755177531	425
0.0639725545215499	0.67990876897634	425
-0.03747159478219	1.36406648304809	231
0.0637310931097299	0.679980770809146	24
0.08662755581056	1.20280584359077	437
-0.02075536511656	2.48044809695745	555
-0.0197956566539701	1.91955698762359	184
-0.0207488176547299	2.48010256775874	666
0.0863619537467	1.20219405785639	666
-0.0657675686444401	2.07513712711134	666
-0.0198406792511601	1.91913026021284	666
-0.10163690554812	2.23560376391789	462
0.04293251769273	1.77751284299719	601
0.06387476499941	0.680075755177531	298
0.0639725545215499	0.67990876897634	149
-0.10165984105049	2.23543130315885	123
0.0635872376051401	0.679654979238607	52
0.06387476499941	0.680075755177531	525
0.0869644622634	1.20242799259416	20
0.06425944574235	0.680329466157843	425
0.0637310931097299	0.679980770809146	24
0.04293251769273	1.77751284299719	92
0.06425944574235	0.680329466157843	437
0.06411609166176	0.680234581521496	437
0.08671578232145	1.2026905210236	266
-0.0656554387119701	2.07530135227177	184
-0.0656631642558601	2.07511690647946	666
-0.0657769759434399	2.07510986373743	666
-0.02068347855838	2.48032134072672	297
-0.0198201493235199	1.91965261386049	601
0.06387476499941	0.680075755177531	525
0.0644026170857199	0.680176970712483	626
0.0639725545215499	0.67990876897634	198
0.08653917569843	1.20275414765063	126
0.08671578232145	1.2026905210236	126
0.0637310931097299	0.679980770809146	126
0.0637310931097299	0.679980770809146	24
0.06411609166176	0.680234581521496	24
-0.06571620713803	2.07538857504614	184
0.02591717622599	2.32530075360303	666
0.04304631687858	1.77758954909223	297
-0.0378118624486701	1.36379252078282	601
0.08598013848433	2.17372200579686	601
-0.0378118624486701	1.36379252078282	601
0.08645064175416	1.20255680724847	96
0.08653917569843	1.20275414765063	96
-0.03770632364852	1.36394954299998	525
-0.09400005498634	1.5188494975897	525
0.06411609166176	0.680234581521496	425
0.08653917569843	1.20275414765063	126
-0.0938610236986199	1.51943823476646	24
-0.09400005498634	1.5188494975897	92
0.08662755581056	1.20280584359077	437
0.06425944574235	0.680329466157843	437
0.08603293664125	2.17343362863489	666
0.06411609166176	0.680234581521496	298
0.0637310931097299	0.679980770809146	425
0.0869644622634	1.20242799259416	126
-0.03747159478219	1.36406648304809	231
0.0644026170857199	0.680176970712483	24
0.08645064175416	1.20255680724847	92
0.04293251769273	1.77751284299719	91
0.0635872376051401	0.679654979238607	266
-0.0937914408099401	1.51955240277114	678
-0.0937914408099401	1.51955240277114	525
0.0644026170857199	0.680176970712483	626
0.08620081103178	1.20166581977859	198
-0.10146984726226	2.23430877470165	666
-0.0936644403940701	1.51973031777427	601
0.0259080697201699	2.32519939803864	601
0.06425944574235	0.680329466157843	96
0.08645064175416	1.20255680724847	149
-0.03760070891178	1.36398339516012	52
0.08598013848433	2.17372200579686	746
0.0864667069515901	1.20180019114119	525
-0.0375773357854301	1.36403249253072	20
0.08662755581056	1.20280584359077	198
0.08645064175416	1.20255680724847	79
0.06411609166176	0.680234581521496	24
0.0860068235712601	2.17350214245792	96
0.0637310931097299	0.679980770809146	198
-0.0938037946469199	1.51961173035875	33
0.08627311144463	1.20149505605475	298
0.06387476499941	0.680075755177531	298
0.0430721565660399	1.77786554640018	149
-0.09401248940314	1.51848646396737	52
-0.0374950181503599	1.3638852905252	20
-0.0373657776251	1.36396851822526	126
0.06425944574235	0.680329466157843	126
-0.09391814174822	1.51870041013883	79
0.08645064175416	1.20255680724847	20
0.08645064175416	1.20255680724847	425
0.08678835771213	1.20249190202203	126
0.06387476499941	0.680075755177531	126
-0.10162927870231	2.2354544570095	153
0.08645064175416	1.20255680724847	149
0.0637310931097299	0.679980770809146	149
-0.0379173254004499	1.36350371897319	52
0.0637310931097299	0.679980770809146	52
-0.0938037946469199	1.51961173035875	105
-0.0938734044079499	1.51938293684477	105
0.04296176249817	1.77766741706154	20
0.08662755581056	1.20280584359077	198
0.0637310931097299	0.679980770809146	198
0.06411609166176	0.680234581521496	126
-0.0378118624486701	1.36379252078282	92
-0.01980588388352	1.91913889914792	617
0.08645064175416	1.20255680724847	33
-0.10169012944222	2.23522912126562	33
0.08653917569843	1.20275414765063	469
0.08661163929862	1.20193259965012	91
0.06425944574235	0.680329466157843	35
0.06387476499941	0.680075755177531	298
0.0637310931097299	0.679980770809146	3
0.0637310931097299	0.679980770809146	52
0.0637310931097299	0.679980770809146	198
0.0640182535977001	0.679923493619259	198
-0.03760070891178	1.36398339516012	79
-0.03744814300057	1.36348326496174	92
0.0639725545215499	0.67990876897634	3
0.0862895971270801	1.20186314230777	298
0.06387476499941	0.680075755177531	298
0.06387476499941	0.680075755177531	52
0.0863619537467	1.20219405785639	52
0.0640182535977001	0.679923493619259	52
-0.0375773357854301	1.36403249253072	626
-0.0379173254004499	1.36350371897319	105
0.08662755581056	1.20280584359077	198
-0.09401248940314	1.51848646396737	266
0.0644026170857199	0.680176970712483	35
0.06425944574235	0.680329466157843	298
0.0431568783029099	1.77754673088308	52
-0.09391814174822	1.51870041013883	169
-0.0936192050295599	1.51888704554856	20
-0.09391814174822	1.51870041013883	126
-0.0376830007228499	1.36387533336544	79
0.08620081103178	1.20166581977859	79
-0.0937464545575999	1.51945477894097	105
0.08637822902329	1.20191504598454	198
-0.0377885896824399	1.36358639614156	126
0.08653917569843	1.20275414765063	617
0.06411609166176	0.680234581521496	266
0.0639725545215499	0.67990876897634	35
0.0637310931097299	0.679980770809146	298
0.0259080697201699	2.32519939803864	105
0.08661163929862	1.20193259965012	198
0.0867000753534799	1.20229488782196	126
-0.0196912417463599	1.91888371727485	92
0.0644026170857199	0.680176970712483	469
0.0861118705058801	1.20130334321723	169
0.0639725545215499	0.67990876897634	126
0.06411609166176	0.680234581521496	126
-0.03799954002023	1.36230107098186	126
0.08678835771213	1.20249190202203	126
0.0637310931097299	0.679980770809146	617
0.08687648660533	1.20254338962645	35
0.08645064175416	1.20255680724847	298
0.06411609166176	0.680234581521496	3
-0.0378351067953999	1.36318552916065	149
0.06425944574235	0.680329466157843	380
0.06425944574235	0.680329466157843	670
-0.0938037946469199	1.51961173035875	169
-0.0936644403940701	1.51973031777427	20
0.08662755581056	1.20280584359077	79
-0.09363982788596	1.51846555390571	92
0.0639725545215499	0.67990876897634	3
0.0637310931097299	0.679980770809146	3
0.0644026170857199	0.680176970712483	198
0.06387476499941	0.680075755177531	198
0.08678835771213	1.20249190202203	126
0.06411609166176	0.680234581521496	126
0.06425944574235	0.680329466157843	617
0.0640182535977001	0.679923493619259	617
-0.0378118624486701	1.36379252078282	617
-0.09359469582083	1.51961977629055	91
0.06425944574235	0.680329466157843	80
0.06387476499941	0.680075755177531	670
-0.0379173254004499	1.36350371897319	20
-0.0198999248560401	1.91919188727168	20
0.06387476499941	0.680075755177531	126
0.0644026170857199	0.680176970712483	126
0.0864667069515901	1.20180019114119	126
-0.0657675686444401	2.07513712711134	91
0.0637310931097299	0.679980770809146	266
-0.09381613609235	1.51922594945174	339
0.06425944574235	0.680329466157843	3
-0.10170536653979	2.23542481316554	149
-0.03747159478219	1.36406648304809	20
0.0864667069515901	1.20180019114119	20
-0.03772961814914	1.36321927778566	730
-0.0937914408099401	1.51955240277114	126
0.06411609166176	0.680234581521496	126
-0.0938037946469199	1.51961173035875	617
0.0639725545215499	0.67990876897634	617
0.06425944574235	0.680329466157843	91
0.0637310931097299	0.679980770809146	380
0.0637310931097299	0.679980770809146	380
-0.0376830007228499	1.36387533336544	20
-0.0936767280733899	1.51956912472479	20
0.08645064175416	1.20255680724847	84
-0.03738925127615	1.36361876117946	79
0.0644026170857199	0.680176970712483	617
-0.0377885896824399	1.36358639614156	617
0.08687648660533	1.20254338962645	469
-0.0198201493235199	1.91965261386049	33
0.06411609166176	0.680234581521496	670
0.08678835771213	1.20249190202203	20
0.08653917569843	1.20275414765063	20
0.0861118705058801	1.20130334321723	20
-0.0376830007228499	1.36387533336544	126
-0.09391814174822	1.51870041013883	126
0.0644026170857199	0.680176970712483	92
0.06411609166176	0.680234581521496	617
-0.0378941027522199	1.36312948218763	173
0.08653917569843	1.20275414765063	91
-0.0376830007228499	1.36387533336544	35
0.0637310931097299	0.679980770809146	298
0.0640182535977001	0.679923493619259	298
0.08678835771213	1.20249190202203	380
0.06425944574235	0.680329466157843	380
-0.0198651850691001	1.919428532414	20
0.08645064175416	1.20255680724847	20
0.08662755581056	1.20280584359077	20
0.06425944574235	0.680329466157843	198
-0.09381613609235	1.51922594945174	198
0.06425944574235	0.680329466157843	198
-0.09360695659911	1.51957354788367	91
-0.03794051963478	1.36302875890498	149
0.08653917569843	1.20275414765063	380
-0.09372181303681	1.51955663487069	20
0.06411609166176	0.680234581521496	198
0.0870522849164099	1.2019697673576	92
0.0430686835696801	1.77680508299331	91
0.0259343661695699	2.32532832760106	474
0.06387476499941	0.680075755177531	298
-0.10170536653979	2.23542481316554	149
0.08687648660533	1.20254338962645	20
0.08645064175416	1.20255680724847	20
0.06387476499941	0.680075755177531	198
-0.09357013713801	1.51804566171799	91
-0.06575044667568	2.07532975595585	33
-0.0374950181503599	1.3638852905252	250
0.0867000753534799	1.20229488782196	250
0.0635872376051401	0.679654979238607	80
0.06387476499941	0.680075755177531	3
0.04293251769273	1.77751284299719	169
0.08678835771213	1.20249190202203	126
0.06425944574235	0.680329466157843	126
-0.10175859729721	2.23491090532334	595
-0.0940819647190201	1.51754475286185	148
0.0637310931097299	0.679980770809146	52
-0.03760070891178	1.36398339516012	126
0.06411609166176	0.680234581521496	84
0.06425944574235	0.680329466157843	79
0.06425944574235	0.680329466157843	198
0.04290661413978	1.7773789623566	84
0.0864667069515901	1.20180019114119	79
-0.09360695659911	1.51957354788367	79
0.0863619537467	1.20219405785639	33
0.06411609166176	0.680234581521496	91
0.06411609166176	0.680234581521496	126
0.06411609166176	0.680234581521496	198
0.06387476499941	0.680075755177531	198
-0.0376830007228499	1.36387533336544	617
0.06387476499941	0.680075755177531	173
0.08653917569843	1.20275414765063	52
0.08678835771213	1.20249190202203	664
-0.0378351067953999	1.36318552916065	20
0.06387476499941	0.680075755177531	126
0.08595402347227	2.17367193722447	91
0.0635872376051401	0.679654979238607	664
0.08661163929862	1.20193259965012	664
0.0639725545215499	0.67990876897634	52
-0.09388577271826	1.51886573025681	169
0.08645064175416	1.20255680724847	105
-0.0373422755558199	1.36351743813113	84
-0.0375773357854301	1.36403249253072	84
-0.0198999248560401	1.91919188727168	105
-0.0197403712269799	1.91934366152496	126
0.0639725545215499	0.67990876897634	84
-0.0376830007228499	1.36387533336544	84
-0.01976086800153	1.91945420407556	84
-0.09394296931307	1.51902271107243	92
-0.03765964939379	1.36303723451158	173
0.06425944574235	0.680329466157843	298
0.0644026170857199	0.680176970712483	664
0.08645064175416	1.20255680724847	20
0.06425944574235	0.680329466157843	126
0.06387476499941	0.680075755177531	126
0.0637310931097299	0.679980770809146	84
-0.0373657776251	1.36396851822526	84
0.08671578232145	1.2026905210236	84
-0.0381511182457199	1.36228420029561	84
0.08620081103178	1.20166581977859	84
0.0429033505048499	1.77668918278859	92
0.08653917569843	1.20275414765063	173
0.06387476499941	0.680075755177531	266
-0.01968105416952	1.91898772678993	105
0.08600742229526	2.17252634793207	20
0.06387476499941	0.680075755177531	126
-0.0375773357854301	1.36403249253072	84
0.08653917569843	1.20275414765063	91
-0.03760070891178	1.36398339516012	91
0.08653917569843	1.20275414765063	35
-0.03802271259188	1.36304693849517	52
0.0863619537467	1.20219405785639	20
-0.0938610236986199	1.51943823476646	20
0.08662755581056	1.20280584359077	126
0.0637310931097299	0.679980770809146	126
0.0637310931097299	0.679980770809146	126
0.08671578232145	1.2026905210236	84
0.08662755581056	1.20280584359077	84
-0.0373657776251	1.36396851822526	634
0.0431826806179101	1.77757219186152	33
-0.0376830007228499	1.36387533336544	173
0.08678835771213	1.20249190202203	266
0.08662755581056	1.20280584359077	250
0.0637310931097299	0.679980770809146	298
0.08662755581056	1.20280584359077	52
-0.0378941027522199	1.36312948218763	169
-0.03760070891178	1.36398339516012	20
0.06411609166176	0.680234581521496	126
0.06387476499941	0.680075755177531	126
0.08653917569843	1.20275414765063	84
0.06411609166176	0.680234581521496	92
0.0639725545215499	0.67990876897634	91
-0.03770632364852	1.36394954299998	91
0.06411609166176	0.680234581521496	298
0.06425944574235	0.680329466157843	298
-0.0381511182457199	1.36228420029561	169
-0.0379173254004499	1.36350371897319	126
-0.09393056174379	1.51920956909812	126
-0.0378118624486701	1.36379252078282	126
0.0429358854647699	1.77714176834868	91
0.0430721565660399	1.77786554640018	91
0.0430169432977801	1.77782672458408	153
-0.03755393425058	1.36332606361527	298
-0.0938037946469199	1.51961173035875	149
0.08678835771213	1.20249190202203	52
-0.0378118624486701	1.36379252078282	20
-0.03802271259188	1.36304693849517	20
0.0639725545215499	0.67990876897634	126
0.06387476499941	0.680075755177531	126
-0.0937464545575999	1.51945477894097	84
0.06387476499941	0.680075755177531	3
0.04304280950461	1.77771081118664	657
0.06387476499941	0.680075755177531	3
0.06387476499941	0.680075755177531	126
0.0430169432977801	1.77782672458408	84
0.04304280950461	1.77771081118664	84
0.04304280950461	1.77771081118664	92
0.0635872376051401	0.679654979238607	91
-0.0379173254004499	1.36350371897319	20
0.0640182535977001	0.679923493619259	634
-0.10165984105049	2.23543130315885	92
0.0862895971270801	1.20186314230777	617
0.06425944574235	0.680329466157843	91
0.08662755581056	1.20280584359077	266
0.08653917569843	1.20275414765063	52
-0.0936644403940701	1.51973031777427	20
-0.0198548823935401	1.91953277486054	20
-0.0656819734621099	2.07501825536971	20
0.06387476499941	0.680075755177531	126
0.06387476499941	0.680075755177531	126
0.0635872376051401	0.679654979238607	126
0.06425944574235	0.680329466157843	298
0.0867000753534799	1.20229488782196	169
-0.0373422755558199	1.36351743813113	20
-0.0378351067953999	1.36318552916065	20
0.0429876473814701	1.77767205964485	20
0.08653917569843	1.20275414765063	126
0.06411609166176	0.680234581521496	126
0.0637310931097299	0.679980770809146	126
0.0644026170857199	0.680176970712483	126
0.0637310931097299	0.679980770809146	298
0.0640182535977001	0.679923493619259	3
0.0644026170857199	0.680176970712483	3
0.08687648660533	1.20254338962645	52
-0.0379173254004499	1.36350371897319	20
0.0858745362927	2.17284939080006	20
0.0428223555082701	1.77678482447236	84
0.0867000753534799	1.20229488782196	84
0.0869644622634	1.20242799259416	634
0.0867000753534799	1.20229488782196	617
0.06411609166176	0.680234581521496	91
0.06411609166176	0.680234581521496	3
0.0430980040895901	1.77762892936041	169
0.0644026170857199	0.680176970712483	126
0.06411609166176	0.680234581521496	126
0.06411609166176	0.680234581521496	126
-0.03765964939379	1.36303723451158	91
-0.0936192050295599	1.51888704554856	657
0.0862895971270801	1.20186314230777	52
0.06387476499941	0.680075755177531	52
-0.0376830007228499	1.36387533336544	84
0.08645064175416	1.20255680724847	617
-0.0381511182457199	1.36228420029561	91
-0.09375875676247	1.51854395688775	91
0.0644026170857199	0.680176970712483	52
0.06411609166176	0.680234581521496	52
0.06411609166176	0.680234581521496	169
-0.0936767280733899	1.51956912472479	169
0.0431274023303001	1.7777837141532	169
0.08687648660533	1.20254338962645	20
0.0640182535977001	0.679923493619259	720
0.0637310931097299	0.679980770809146	84
0.06425944574235	0.680329466157843	298
0.06411609166176	0.680234581521496	298
0.06425944574235	0.680329466157843	52
0.0429910849340101	1.77743020942842	84
0.08653917569843	1.20275414765063	84
-0.0934672785181301	1.51922059465679	91
0.08662755581056	1.20280584359077	250
-0.0378941027522199	1.36312948218763	720
0.06411609166176	0.680234581521496	634
-0.09391814174822	1.51870041013883	91
0.08653917569843	1.20275414765063	35
-0.09353714009418	1.5194631519215	52
0.08595402347227	2.17367193722447	84
0.08653917569843	1.20275414765063	92
0.08637822902329	1.20191504598454	617
0.0431015813258	1.77762844569721	169
-0.03760070891178	1.36398339516012	20
-0.03804585675548	1.36274036780702	126
0.0863619537467	1.20219405785639	126
0.0869644622634	1.20242799259416	126
-0.0937914408099401	1.51955240277114	91
0.0637310931097299	0.679980770809146	35
0.06387476499941	0.680075755177531	298
0.0639725545215499	0.67990876897634	3
-0.0936767280733899	1.51956912472479	169
-0.0936521403384301	1.51944603411736	20
-0.03770632364852	1.36394954299998	126
-0.0375773357854301	1.36403249253072	91
0.06387476499941	0.680075755177531	35
0.0639725545215499	0.67990876897634	657
0.08678835771213	1.20249190202203	126
0.08662755581056	1.20280584359077	92
0.0859006628026	2.17302037535586	92
-0.0376830007228499	1.36387533336544	52
0.06425944574235	0.680329466157843	665
0.0637310931097299	0.679980770809146	52
-0.0936644403940701	1.51973031777427	20
0.06387476499941	0.680075755177531	126
0.08620081103178	1.20166581977859	126
0.08595402347227	2.17367193722447	92
-0.0656896804035601	2.07545503389663	167
0.06425944574235	0.680329466157843	3
0.06425944574235	0.680329466157843	657
0.06387476499941	0.680075755177531	126
0.0644026170857199	0.680176970712483	126
0.0635872376051401	0.679654979238607	634
-0.0377885896824399	1.36358639614156	92
0.06425944574235	0.680329466157843	91
0.04287742041084	1.7772245011858	91
0.06425944574235	0.680329466157843	35
0.06411609166176	0.680234581521496	3
-0.03747159478219	1.36406648304809	52
0.0867000753534799	1.20229488782196	126
0.04296176249817	1.77766741706154	84
0.08661163929862	1.20193259965012	92
-0.01984455028382	1.91931815662508	92
0.0867000753534799	1.20229488782196	617
0.08687648660533	1.20254338962645	91
-0.0938037946469199	1.51961173035875	91
0.0429910849340101	1.77743020942842	266
0.08645064175416	1.20255680724847	35
0.06411609166176	0.680234581521496	657
0.08678835771213	1.20249190202203	52
-0.01983042900579	1.91954839108287	52
0.0862895971270801	1.20186314230777	126
0.08620081103178	1.20166581977859	92
0.08637822902329	1.20191504598454	92
0.08671578232145	1.2026905210236	91
0.0429876473814701	1.77767205964485	52
0.0644026170857199	0.680176970712483	665
-0.0378941027522199	1.36312948218763	84
0.0637310931097299	0.679980770809146	3
0.0637310931097299	0.679980770809146	52
0.06387476499941	0.680075755177531	665
0.04285149819519	1.77693914701903	169
0.0639725545215499	0.67990876897634	20
-0.0938610236986199	1.51943823476646	20
-0.0374950181503599	1.3638852905252	126
-0.09382846516657	1.51818399932506	84
0.08645064175416	1.20255680724847	92
-0.03725988422613	1.36370213045735	92
0.08620081103178	1.20166581977859	617
0.08671578232145	1.2026905210236	91
0.0644026170857199	0.680176970712483	3
-0.0374950181503599	1.3638852905252	3
0.0640182535977001	0.679923493619259	665
0.06425944574235	0.680329466157843	665
0.06387476499941	0.680075755177531	52
0.08637822902329	1.20191504598454	126
-0.01978539997826	1.91966117759799	126
0.0868038554614401	1.20223209864398	92
-0.0938734044079499	1.51938293684477	92
-0.03760070891178	1.36398339516012	92
0.0867000753534799	1.20229488782196	617
0.0867000753534799	1.20229488782196	52
0.0868038554614401	1.20223209864398	20
-0.0382563041937201	1.36145697850979	126
-0.09375875676247	1.51854395688775	126
0.06425944574235	0.680329466157843	720
0.08645064175416	1.20255680724847	92
0.0870522849164099	1.2019697673576	617
0.08653917569843	1.20275414765063	617
-0.03760070891178	1.36398339516012	91
0.06387476499941	0.680075755177531	657
0.0637310931097299	0.679980770809146	298
0.08662755581056	1.20280584359077	52
-0.0933395607324199	1.51811994526611	52
-0.0378351067953999	1.36318552916065	20
0.0644026170857199	0.680176970712483	126
0.06387476499941	0.680075755177531	126
0.06425944574235	0.680329466157843	126
-0.0372363318284401	1.36341980635859	720
-0.09391814174822	1.51870041013883	91
0.0862895971270801	1.20186314230777	695
0.0430169432977801	1.77782672458408	35
0.0862895971270801	1.20186314230777	242
0.0863619537467	1.20219405785639	242
0.06387476499941	0.680075755177531	52
-0.0375773357854301	1.36403249253072	20
0.08645064175416	1.20255680724847	126
0.0430721565660399	1.77786554640018	126
-0.0378118624486701	1.36379252078282	91
0.0637310931097299	0.679980770809146	657
0.0644026170857199	0.680176970712483	242
0.0861369887672001	2.17114037067995	52
-0.0938037946469199	1.51961173035875	20
0.0859790881129501	2.17281242887707	84
0.0644026170857199	0.680176970712483	617
-0.0376830007228499	1.36387533336544	91
0.06425944574235	0.680329466157843	695
-0.0377885896824399	1.36358639614156	169
0.0862895971270801	1.20186314230777	20
0.08653917569843	1.20275414765063	126
-0.0375773357854301	1.36403249253072	720
-0.03770632364852	1.36394954299998	92
0.06387476499941	0.680075755177531	91
0.06425944574235	0.680329466157843	126
-0.0378351067953999	1.36318552916065	169
0.06387476499941	0.680075755177531	92
-0.0378118624486701	1.36379252078282	634
-0.0378118624486701	1.36379252078282	52
-0.0936644403940701	1.51973031777427	52
-0.03747159478219	1.36406648304809	169
-0.03744814300057	1.36348326496174	92
0.0430757681348899	1.77672972066394	91
0.08678835771213	1.20249190202203	266
0.0639725545215499	0.67990876897634	298
-0.0197956566539701	1.91955698762359	169
-0.01976086800153	1.91945420407556	169
-0.01983042900579	1.91954839108287	169
-0.0378351067953999	1.36318552916065	20
0.0867000753534799	1.20229488782196	126
0.0640182535977001	0.679923493619259	90
-0.0938037946469199	1.51961173035875	505
0.08687648660533	1.20254338962645	617
0.08645064175416	1.20255680724847	35
0.08678835771213	1.20249190202203	298
0.08662755581056	1.20280584359077	52
-0.03770632364852	1.36394954299998	169
0.08653917569843	1.20275414765063	110
0.08637822902329	1.20191504598454	720
0.0859546202627599	2.17328107851707	92
0.06425944574235	0.680329466157843	758
-0.0374950181503599	1.3638852905252	92
0.08662755581056	1.20280584359077	91
-0.0938610236986199	1.51943823476646	695
0.06411609166176	0.680234581521496	109
-0.0657769759434399	2.07510986373743	169
0.08678835771213	1.20249190202203	92
0.08671578232145	1.2026905210236	109
-0.0936644403940701	1.51973031777427	52
0.0859790881129501	2.17281242887707	92
-0.0375773357854301	1.36403249253072	92
-0.03770632364852	1.36394954299998	617
0.08687648660533	1.20254338962645	91
0.06387476499941	0.680075755177531	3
0.06425944574235	0.680329466157843	109
0.06387476499941	0.680075755177531	109
-0.03755393425058	1.36332606361527	52
0.0431274023303001	1.7777837141532	110
0.06387476499941	0.680075755177531	720
-0.03770632364852	1.36394954299998	92
0.06425944574235	0.680329466157843	657
0.06387476499941	0.680075755177531	109
0.0429876473814701	1.77767205964485	52
-0.0936521403384301	1.51944603411736	20
-0.0937914408099401	1.51955240277114	169
0.08662755581056	1.20280584359077	110
0.06425944574235	0.680329466157843	90
0.06425944574235	0.680329466157843	90
0.0637310931097299	0.679980770809146	538
0.06387476499941	0.680075755177531	3
0.0635872376051401	0.679654979238607	3
0.06411609166176	0.680234581521496	657
0.06425944574235	0.680329466157843	109
0.0639725545215499	0.67990876897634	109
0.0637310931097299	0.679980770809146	52
0.06411609166176	0.680234581521496	52
0.0644026170857199	0.680176970712483	20
0.0637310931097299	0.679980770809146	110
0.0637310931097299	0.679980770809146	90
0.06425944574235	0.680329466157843	90
0.08637822902329	1.20191504598454	617
0.06411609166176	0.680234581521496	617
0.06411609166176	0.680234581521496	106
0.0644026170857199	0.680176970712483	109
0.0637310931097299	0.679980770809146	109
0.0869644622634	1.20242799259416	20
0.0635872376051401	0.679654979238607	90
0.0637310931097299	0.679980770809146	308
0.0637310931097299	0.679980770809146	308
0.08653917569843	1.20275414765063	106
-0.0377885896824399	1.36358639614156	695
0.08637822902329	1.20191504598454	52
0.08637822902329	1.20191504598454	20
-0.0376830007228499	1.36387533336544	20
0.06411609166176	0.680234581521496	308
-0.0936521403384301	1.51944603411736	695
-0.10164454155542	2.23565013787835	12
0.06425944574235	0.680329466157843	35
0.06387476499941	0.680075755177531	109
0.06425944574235	0.680329466157843	20
0.08687648660533	1.20254338962645	110
0.0644026170857199	0.680176970712483	90
0.06387476499941	0.680075755177531	90
0.06387476499941	0.680075755177531	90
-0.0937341399892	1.51972600313093	92
0.0637310931097299	0.679980770809146	308
0.06411609166176	0.680234581521496	106
0.0862895971270801	1.20186314230777	3
0.08662755581056	1.20280584359077	52
0.06411609166176	0.680234581521496	20
0.06425944574235	0.680329466157843	90
0.06425944574235	0.680329466157843	758
0.06387476499941	0.680075755177531	308
0.0644026170857199	0.680176970712483	52
-0.0197403712269799	1.91934366152496	169
0.0867000753534799	1.20229488782196	20
0.08645064175416	1.20255680724847	110
0.0862895971270801	1.20186314230777	110
0.06387476499941	0.680075755177531	92
0.08653917569843	1.20275414765063	758
0.06425944574235	0.680329466157843	308
0.06387476499941	0.680075755177531	3
0.06425944574235	0.680329466157843	3
-0.0937341399892	1.51972600313093	169
0.08645064175416	1.20255680724847	20
0.06387476499941	0.680075755177531	90
0.0637310931097299	0.679980770809146	90
-0.0937914408099401	1.51955240277114	84
0.0644026170857199	0.680176970712483	308
-0.0197956566539701	1.91955698762359	91
0.0640182535977001	0.679923493619259	80
0.04301354012982	1.77688689814007	52
-0.01975063434561	1.91955834813948	169
0.08653917569843	1.20275414765063	90
0.06387476499941	0.680075755177531	92
0.06425944574235	0.680329466157843	695
0.0865550311427901	1.20134277363669	109
-0.03770632364852	1.36394954299998	536
0.06387476499941	0.680075755177531	90
0.08653917569843	1.20275414765063	92
-0.01970561231847	1.9191236993954	743
0.0644026170857199	0.680176970712483	3
0.0862895971270801	1.20186314230777	52
-0.0375773357854301	1.36403249253072	52
-0.0197956566539701	1.91955698762359	52
0.08687648660533	1.20254338962645	52
0.08645064175416	1.20255680724847	106
0.06425944574235	0.680329466157843	3
0.0639725545215499	0.67990876897634	3
-0.03770632364852	1.36394954299998	169
0.0430169432977801	1.77782672458408	84
0.06411609166176	0.680234581521496	106
-0.03747159478219	1.36406648304809	106
0.0640182535977001	0.679923493619259	3
-0.0208207123208899	2.48006711943255	169
-0.0373657776251	1.36396851822526	110
0.06425944574235	0.680329466157843	110
0.08678835771213	1.20249190202203	110
-0.0379173254004499	1.36350371897319	110
-0.0938037946469199	1.51961173035875	84
-0.09400005498634	1.5188494975897	92
0.06411609166176	0.680234581521496	109
0.0862895971270801	1.20186314230777	52
-0.0938037946469199	1.51961173035875	169
0.0863619537467	1.20219405785639	110
0.08662755581056	1.20280584359077	110
0.06387476499941	0.680075755177531	90
0.0644026170857199	0.680176970712483	106
0.0637310931097299	0.679980770809146	695
0.08678835771213	1.20249190202203	695
0.06425944574235	0.680329466157843	3
0.0863619537467	1.20219405785639	3
0.0640182535977001	0.679923493619259	392
-0.09353714009418	1.5194631519215	20
0.06387476499941	0.680075755177531	110
0.04304280950461	1.77771081118664	536
0.08662755581056	1.20280584359077	536
-0.03747159478219	1.36406648304809	110
0.06411609166176	0.680234581521496	90
0.06425944574235	0.680329466157843	90
0.0635872376051401	0.679654979238607	90
0.06387476499941	0.680075755177531	90
0.0430721565660399	1.77786554640018	84
-0.0198406792511601	1.91913026021284	538
0.08627311144463	1.20149505605475	657
-0.0377885896824399	1.36358639614156	169
-0.09391814174822	1.51870041013883	110
0.06411609166176	0.680234581521496	308
0.0431826806179101	1.77757219186152	91
-0.09388577271826	1.51886573025681	538
0.0637310931097299	0.679980770809146	3
0.08671578232145	1.2026905210236	110
0.0639725545215499	0.67990876897634	90
0.06411609166176	0.680234581521496	90
0.0429876473814701	1.77767205964485	84
0.06387476499941	0.680075755177531	106
0.04320849075485	1.77705343055098	106
0.08653917569843	1.20275414765063	695
0.06425944574235	0.680329466157843	35
0.06411609166176	0.680234581521496	3
0.06411609166176	0.680234581521496	52
0.06425944574235	0.680329466157843	392
-0.0379173254004499	1.36350371897319	110
-0.0378351067953999	1.36318552916065	90
-0.03747159478219	1.36406648304809	92
-0.0371303117306101	1.36315394336795	308
0.06387476499941	0.680075755177531	308
-0.09375875676247	1.51854395688775	52
0.08645064175416	1.20255680724847	52
0.06411609166176	0.680234581521496	392
0.0431826806179101	1.77757219186152	20
0.06425944574235	0.680329466157843	110
0.06411609166176	0.680234581521496	90
0.0637310931097299	0.679980770809146	90
-0.0939876081361499	1.51847202961641	84
-0.03747159478219	1.36406648304809	695
0.0639725545215499	0.67990876897634	91
0.08662755581056	1.20280584359077	35
0.06387476499941	0.680075755177531	242
0.06411609166176	0.680234581521496	109
-0.01980984019744	1.91943794220021	92
0.06411609166176	0.680234581521496	308
0.0640182535977001	0.679923493619259	106
0.08645064175416	1.20255680724847	695
-0.0377885896824399	1.36358639614156	91
0.08653917569843	1.20275414765063	35
0.0639725545215499	0.67990876897634	3
0.06425944574235	0.680329466157843	109
0.08645064175416	1.20255680724847	52
0.0637310931097299	0.679980770809146	110
-0.0938734044079499	1.51938293684477	110
0.06387476499941	0.680075755177531	90
0.0637310931097299	0.679980770809146	90
0.06425944574235	0.680329466157843	90
0.06387476499941	0.680075755177531	90
0.0644026170857199	0.680176970712483	90
0.08662755581056	1.20280584359077	90
0.06387476499941	0.680075755177531	90
0.08687648660533	1.20254338962645	25
0.0644026170857199	0.680176970712483	308
0.0863619537467	1.20219405785639	106
0.0637310931097299	0.679980770809146	264
-0.0656554387119701	2.07530135227177	264
0.0644026170857199	0.680176970712483	3
0.0644026170857199	0.680176970712483	3
0.0867000753534799	1.20229488782196	242
0.06411609166176	0.680234581521496	20
0.08637822902329	1.20191504598454	90
0.0637310931097299	0.679980770809146	90
0.0859285300121999	2.1729810531246	84
0.0869644622634	1.20242799259416	106
0.0864667069515901	1.20180019114119	106
0.06411609166176	0.680234581521496	106
0.0644026170857199	0.680176970712483	308
0.06411609166176	0.680234581521496	35
0.06425944574235	0.680329466157843	110
0.08678835771213	1.20249190202203	90
-0.0938610236986199	1.51943823476646	106
0.0640182535977001	0.679923493619259	308
0.06425944574235	0.680329466157843	3
0.0640182535977001	0.679923493619259	20
0.08602277531758	1.20060512958913	20
0.06425944574235	0.680329466157843	110
-0.09359469582083	1.51961977629055	110
0.0639725545215499	0.67990876897634	110
0.08661163929862	1.20193259965012	308
-0.0937914408099401	1.51955240277114	743
-0.03760070891178	1.36398339516012	695
0.0867000753534799	1.20229488782196	695
-0.03770632364852	1.36394954299998	289
0.0644026170857199	0.680176970712483	3
0.06425944574235	0.680329466157843	109
0.0644026170857199	0.680176970712483	109
0.0637310931097299	0.679980770809146	392
-0.03747159478219	1.36406648304809	110
0.08620081103178	1.20166581977859	110
0.0635872376051401	0.679654979238607	695
0.0427673229574499	1.77613917165472	538
0.0637310931097299	0.679980770809146	242
0.06387476499941	0.680075755177531	242
-0.03747159478219	1.36406648304809	52
0.0640182535977001	0.679923493619259	109
0.08637822902329	1.20191504598454	169
-0.0938037946469199	1.51961173035875	20
-0.0938610236986199	1.51943823476646	25
-0.09381613609235	1.51922594945174	91
0.06411609166176	0.680234581521496	109
0.0864667069515901	1.20180019114119	20
0.06425944574235	0.680329466157843	90
-0.0657940939063	2.07502736811937	84
0.06425944574235	0.680329466157843	106
0.08653917569843	1.20275414765063	106
-0.0375773357854301	1.36403249253072	106
-0.0198651850691001	1.919428532414	87
0.04296176249817	1.77766741706154	106
-0.09372181303681	1.51955663487069	20
-0.0938610236986199	1.51943823476646	169
0.0639725545215499	0.67990876897634	90
-0.09394296931307	1.51902271107243	84
0.0637310931097299	0.679980770809146	308
-0.0379173254004499	1.36350371897319	106
0.0637310931097299	0.679980770809146	298
0.06411609166176	0.680234581521496	242
0.08645064175416	1.20255680724847	109
0.0639725545215499	0.67990876897634	392
0.08662755581056	1.20280584359077	20
0.0431826806179101	1.77757219186152	169
-0.0937464545575999	1.51945477894097	110
0.0867000753534799	1.20229488782196	106
0.06425944574235	0.680329466157843	308
0.08653917569843	1.20275414765063	87
0.0258473971790001	2.3249467049061	169
0.0859018162813301	2.17320077152464	169
-0.0938037946469199	1.51961173035875	110
-0.09384863057022	1.51881441870016	110
-0.0658035157216299	2.07448945929616	169
0.08662755581056	1.20280584359077	110
0.06387476499941	0.680075755177531	90
0.0639725545215499	0.67990876897634	90
-0.09372181303681	1.51955663487069	87
0.06425944574235	0.680329466157843	106
-0.0938734044079499	1.51938293684477	695
0.06387476499941	0.680075755177531	695
0.0863619537467	1.20219405785639	35
0.06411609166176	0.680234581521496	298
0.0639725545215499	0.67990876897634	242
0.08595402347227	2.17367193722447	84
-0.0378118624486701	1.36379252078282	87
0.06411609166176	0.680234581521496	298
0.04296176249817	1.77766741706154	52
0.08662755581056	1.20280584359077	52
0.06387476499941	0.680075755177531	308
0.0640182535977001	0.679923493619259	106
0.0644026170857199	0.680176970712483	298
0.06387476499941	0.680075755177531	109
0.06387476499941	0.680075755177531	392
0.06425944574235	0.680329466157843	90
-0.0375773357854301	1.36403249253072	84
0.06387476499941	0.680075755177531	308
0.06411609166176	0.680234581521496	106
0.06387476499941	0.680075755177531	298
0.06411609166176	0.680234581521496	20
0.06425944574235	0.680329466157843	90
0.0637310931097299	0.679980770809146	90
0.0637310931097299	0.679980770809146	106
0.0862895971270801	1.20186314230777	289
0.08653917569843	1.20275414765063	109
-0.0937914408099401	1.51955240277114	20
0.0644026170857199	0.680176970712483	110
0.06387476499941	0.680075755177531	90
0.0637310931097299	0.679980770809146	90
-0.09351266000276	1.51878293646402	84
0.06387476499941	0.680075755177531	308
-0.03770632364852	1.36394954299998	87
0.06425944574235	0.680329466157843	106
0.06411609166176	0.680234581521496	3
-0.0374950181503599	1.3638852905252	52
0.0637310931097299	0.679980770809146	109
0.08645064175416	1.20255680724847	392
-0.0655852742474301	2.07430564858371	110
0.0635872376051401	0.679654979238607	110
0.0639725545215499	0.67990876897634	90
0.08637822902329	1.20191504598454	84
0.0870522849164099	1.2019697673576	84
0.08645064175416	1.20255680724847	91
-0.0938037946469199	1.51961173035875	91
0.0644026170857199	0.680176970712483	109
0.0863619537467	1.20219405785639	110
0.0637310931097299	0.679980770809146	110
0.0637310931097299	0.679980770809146	90
0.06425944574235	0.680329466157843	90
-0.09388577271826	1.51886573025681	743
0.0862895971270801	1.20186314230777	242
-0.0378351067953999	1.36318552916065	84
0.0869644622634	1.20242799259416	298
0.04290661413978	1.7773789623566	52
-0.03770632364852	1.36394954299998	169
-0.0937914408099401	1.51955240277114	169
0.08637822902329	1.20191504598454	110
-0.0375773357854301	1.36403249253072	110
0.06425944574235	0.680329466157843	90
0.0637310931097299	0.679980770809146	90
0.08645064175416	1.20255680724847	25
-0.03738925127615	1.36361876117946	91
0.0639725545215499	0.67990876897634	242
0.0635872376051401	0.679654979238607	90
0.0431568783029099	1.77754673088308	84
0.08587572409043	2.17275528852128	743
-0.03804585675548	1.36274036780702	91
0.0637310931097299	0.679980770809146	242
-0.0376830007228499	1.36387533336544	20
-0.0377885896824399	1.36358639614156	110
0.0635872376051401	0.679654979238607	90
0.06425944574235	0.680329466157843	90
0.0635872376051401	0.679654979238607	106
0.0640182535977001	0.679923493619259	3
0.0637310931097299	0.679980770809146	109
0.08687648660533	1.20254338962645	20
0.04301354012982	1.77688689814007	110
0.06425944574235	0.680329466157843	90
0.06387476499941	0.680075755177531	90
0.06425944574235	0.680329466157843	3
-0.0377885896824399	1.36358639614156	169
0.06425944574235	0.680329466157843	90
0.06387476499941	0.680075755177531	90
0.08671578232145	1.2026905210236	106
0.06425944574235	0.680329466157843	106
-0.09393056174379	1.51920956909812	298
0.0635872376051401	0.679654979238607	242
0.08645064175416	1.20255680724847	52
0.06425944574235	0.680329466157843	109
0.06387476499941	0.680075755177531	52
-0.0375773357854301	1.36403249253072	20
0.06425944574235	0.680329466157843	90
0.0637310931097299	0.679980770809146	90
0.0637310931097299	0.679980770809146	90
-0.03770632364852	1.36394954299998	106
-0.03770632364852	1.36394954299998	91
0.08653917569843	1.20275414765063	289
0.06411609166176	0.680234581521496	109
0.0429358854647699	1.77714176834868	169
-0.09388577271826	1.51886573025681	20
-0.03804585675548	1.36274036780702	20
-0.0378118624486701	1.36379252078282	20
-0.0197956566539701	1.91955698762359	169
0.0644026170857199	0.680176970712483	110
-0.0197751138492399	1.91944648312124	84
0.06387476499941	0.680075755177531	242
0.0867000753534799	1.20229488782196	110
-0.03802271259188	1.36304693849517	110
0.08645064175416	1.20255680724847	84
0.06425944574235	0.680329466157843	84
0.06411609166176	0.680234581521496	84
0.0430169432977801	1.77782672458408	87
0.0868038554614401	1.20223209864398	87
0.06411609166176	0.680234581521496	91
0.0635872376051401	0.679654979238607	3
0.06387476499941	0.680075755177531	52
-0.0379173254004499	1.36350371897319	52
0.08637822902329	1.20191504598454	20
0.06411609166176	0.680234581521496	110
0.04285149819519	1.77693914701903	110
0.0867000753534799	1.20229488782196	90
0.0639725545215499	0.67990876897634	84
-0.03760070891178	1.36398339516012	106
0.0637310931097299	0.679980770809146	87
0.06411609166176	0.680234581521496	109
-0.0378118624486701	1.36379252078282	52
0.08620081103178	1.20166581977859	110
-0.0378118624486701	1.36379252078282	84
-0.0377885896824399	1.36358639614156	91
0.08687648660533	1.20254338962645	106
0.06425944574235	0.680329466157843	298
0.0637310931097299	0.679980770809146	242
0.06425944574235	0.680329466157843	109
0.0644026170857199	0.680176970712483	109
0.0637310931097299	0.679980770809146	109
-0.0938610236986199	1.51943823476646	169
-0.0376830007228499	1.36387533336544	281
-0.0373657776251	1.36396851822526	106
0.08620081103178	1.20166581977859	106
0.0862895971270801	1.20186314230777	106
-0.0379173254004499	1.36350371897319	106
-0.0378351067953999	1.36318552916065	289
0.06411609166176	0.680234581521496	3
0.06411609166176	0.680234581521496	109
0.06411609166176	0.680234581521496	109
0.08662755581056	1.20280584359077	110
0.08645064175416	1.20255680724847	90
-0.0938037946469199	1.51961173035875	84
-0.0376830007228499	1.36387533336544	84
0.06411609166176	0.680234581521496	106
0.06425944574235	0.680329466157843	106
0.06411609166176	0.680234581521496	106
0.08653917569843	1.20275414765063	52
0.08627311144463	1.20149505605475	110
0.0644026170857199	0.680176970712483	90
-0.03744814300057	1.36348326496174	106
0.08645064175416	1.20255680724847	320
0.0637310931097299	0.679980770809146	109
0.0869644622634	1.20242799259416	20
0.06425944574235	0.680329466157843	608
0.08678835771213	1.20249190202203	608
0.06387476499941	0.680075755177531	110
0.0868038554614401	1.20223209864398	281
-0.0375773357854301	1.36403249253072	84
0.08592629181988	2.17182548186079	84
-0.03804585675548	1.36274036780702	106
0.0635872376051401	0.679654979238607	109
0.08653917569843	1.20275414765063	735
0.08620081103178	1.20166581977859	110
0.0429358854647699	1.77714176834868	110
0.0640182535977001	0.679923493619259	90
0.06387476499941	0.680075755177531	106
-0.0378941027522199	1.36312948218763	91
-0.03760070891178	1.36398339516012	222
0.0430721565660399	1.77786554640018	12
-0.0657598594439199	2.07508617030188	14
-0.0378118624486701	1.36379252078282	298
0.0640182535977001	0.679923493619259	764
0.0431015813258	1.77762844569721	110
-0.0379173254004499	1.36350371897319	110
-0.0938610236986199	1.51943823476646	110
-0.01983042900579	1.91954839108287	110
0.08687648660533	1.20254338962645	106
-0.0937914408099401	1.51955240277114	91
0.0635872376051401	0.679654979238607	298
0.06387476499941	0.680075755177531	298
-0.03747159478219	1.36406648304809	52
0.06387476499941	0.680075755177531	109
0.06411609166176	0.680234581521496	109
0.06387476499941	0.680075755177531	109
-0.0377885896824399	1.36358639614156	20
0.0862895971270801	1.20186314230777	20
0.0431274023303001	1.7777837141532	169
-0.0377885896824399	1.36358639614156	110
0.06411609166176	0.680234581521496	25
0.06411609166176	0.680234581521496	106
0.0637310931097299	0.679980770809146	106
0.0644026170857199	0.680176970712483	652
0.06425944574235	0.680329466157843	652
-0.06567255882365	2.0754313389179	91
0.08645064175416	1.20255680724847	91
0.0859267969386199	2.17307044802823	12
-0.03794051963478	1.36302875890498	735
-0.09372181303681	1.51955663487069	169
0.06411609166176	0.680234581521496	608
0.06411609166176	0.680234581521496	90
-0.0937464545575999	1.51945477894097	91
0.06387476499941	0.680075755177531	652
0.06425944574235	0.680329466157843	652
0.08653917569843	1.20275414765063	87
0.04296176249817	1.77766741706154	122
-0.01976086800153	1.91945420407556	122
0.06411609166176	0.680234581521496	109
0.0639725545215499	0.67990876897634	764
0.0640182535977001	0.679923493619259	608
-0.0378118624486701	1.36379252078282	110
0.06387476499941	0.680075755177531	90
0.0644026170857199	0.680176970712483	90
-0.0938037946469199	1.51961173035875	84
0.0640182535977001	0.679923493619259	25
0.0637310931097299	0.679980770809146	106
0.06411609166176	0.680234581521496	652
-0.0937914408099401	1.51955240277114	87
-0.0938610236986199	1.51943823476646	91
0.06387476499941	0.680075755177531	3
0.08645064175416	1.20255680724847	20
0.06411609166176	0.680234581521496	608
0.06411609166176	0.680234581521496	110
0.06425944574235	0.680329466157843	90
-0.01976086800153	1.91945420407556	84
0.0640182535977001	0.679923493619259	84
0.06411609166176	0.680234581521496	106
0.06411609166176	0.680234581521496	106
0.0639725545215499	0.67990876897634	396
0.08687648660533	1.20254338962645	222
0.06425944574235	0.680329466157843	3
0.06411609166176	0.680234581521496	764
-0.09353714009418	1.5194631519215	20
0.06387476499941	0.680075755177531	735
-0.0376830007228499	1.36387533336544	110
0.0869644622634	1.20242799259416	110
0.0637310931097299	0.679980770809146	106
0.06387476499941	0.680075755177531	652
0.06387476499941	0.680075755177531	652
0.0644026170857199	0.680176970712483	652
0.0639725545215499	0.67990876897634	106
0.06411609166176	0.680234581521496	396
0.06411609166176	0.680234581521496	764
0.08662755581056	1.20280584359077	735
-0.0937341399892	1.51972600313093	110
0.06411609166176	0.680234581521496	652
0.06387476499941	0.680075755177531	106
0.06425944574235	0.680329466157843	106
0.08653917569843	1.20275414765063	106
0.0637310931097299	0.679980770809146	320
0.0867000753534799	1.20229488782196	222
0.06411609166176	0.680234581521496	298
0.08662755581056	1.20280584359077	289
-0.0373657776251	1.36396851822526	169
-0.03770632364852	1.36394954299998	169
0.08662755581056	1.20280584359077	110
0.06425944574235	0.680329466157843	90
0.04290661413978	1.7773789623566	91
-0.03794051963478	1.36302875890498	106
0.0639725545215499	0.67990876897634	3
0.08661163929862	1.20193259965012	735
0.0644026170857199	0.680176970712483	110
-0.0373657776251	1.36396851822526	169
0.0637310931097299	0.679980770809146	90
0.08661163929862	1.20193259965012	106
0.06411609166176	0.680234581521496	652
0.0635872376051401	0.679654979238607	652
0.0863619537467	1.20219405785639	222
0.0644026170857199	0.680176970712483	3
-0.0375773357854301	1.36403249253072	52
0.06425944574235	0.680329466157843	109
0.08687648660533	1.20254338962645	20
0.0867000753534799	1.20229488782196	20
-0.03794051963478	1.36302875890498	169
0.06387476499941	0.680075755177531	106
0.0635872376051401	0.679654979238607	106
-0.03760070891178	1.36398339516012	91
0.06425944574235	0.680329466157843	298
0.06425944574235	0.680329466157843	298
0.06425944574235	0.680329466157843	3
0.08645064175416	1.20255680724847	20
0.0864667069515901	1.20180019114119	608
0.06425944574235	0.680329466157843	106
0.0637310931097299	0.679980770809146	652
0.06387476499941	0.680075755177531	652
-0.0937341399892	1.51972600313093	91
0.06387476499941	0.680075755177531	3
-0.0936644403940701	1.51973031777427	52
0.06411609166176	0.680234581521496	764
0.0644026170857199	0.680176970712483	90
-0.0375773357854301	1.36403249253072	396
0.06425944574235	0.680329466157843	3
0.0863619537467	1.20219405785639	20
0.0869644622634	1.20242799259416	90
0.06387476499941	0.680075755177531	90
-0.0379173254004499	1.36350371897319	25
-0.0936644403940701	1.51973031777427	25
0.06425944574235	0.680329466157843	652
-0.09372181303681	1.51955663487069	87
0.0637310931097299	0.679980770809146	298
0.08653917569843	1.20275414765063	3
0.08687648660533	1.20254338962645	52
0.06411609166176	0.680234581521496	764
-0.03794051963478	1.36302875890498	608
0.08662755581056	1.20280584359077	90
0.0637310931097299	0.679980770809146	90
0.08620081103178	1.20166581977859	25
-0.09372181303681	1.51955663487069	25
0.06425944574235	0.680329466157843	106
0.06411609166176	0.680234581521496	35
0.0635872376051401	0.679654979238607	3
-0.09400005498634	1.5188494975897	169
0.0637310931097299	0.679980770809146	90
0.06425944574235	0.680329466157843	90
0.0637310931097299	0.679980770809146	90
0.0640182535977001	0.679923493619259	90
0.08662755581056	1.20280584359077	90
0.0430721565660399	1.77786554640018	84
0.0861118705058801	1.20130334321723	106
0.08653917569843	1.20275414765063	87
0.0637310931097299	0.679980770809146	222
0.06425944574235	0.680329466157843	109
-0.0378118624486701	1.36379252078282	20
0.0640182535977001	0.679923493619259	110
0.08687648660533	1.20254338962645	110
0.04293251769273	1.77751284299719	91
0.06387476499941	0.680075755177531	652
0.0637310931097299	0.679980770809146	652
0.06387476499941	0.680075755177531	320
0.06387476499941	0.680075755177531	320
0.0635872376051401	0.679654979238607	320
0.0644026170857199	0.680176970712483	298
0.06411609166176	0.680234581521496	90
0.0869644622634	1.20242799259416	25
0.06425944574235	0.680329466157843	652
0.08671578232145	1.2026905210236	87
0.0429100162660701	1.77584286337593	91
0.06411609166176	0.680234581521496	298
0.0637310931097299	0.679980770809146	764
0.06425944574235	0.680329466157843	20
0.08645064175416	1.20255680724847	608
0.06425944574235	0.680329466157843	90
-0.0377885896824399	1.36358639614156	25
0.08662755581056	1.20280584359077	106
0.06411609166176	0.680234581521496	652
0.06425944574235	0.680329466157843	106
-0.0935249062287999	1.51937703102019	396
-0.03744814300057	1.36348326496174	91
0.08661163929862	1.20193259965012	35
0.0637310931097299	0.679980770809146	298
0.06411609166176	0.680234581521496	3
0.08653917569843	1.20275414765063	3
0.06425944574235	0.680329466157843	109
0.06425944574235	0.680329466157843	109
0.06411609166176	0.680234581521496	52
0.0640182535977001	0.679923493619259	764
-0.0374950181503599	1.3638852905252	20
0.0644026170857199	0.680176970712483	20
-0.03802271259188	1.36304693849517	20
-0.03770632364852	1.36394954299998	20
-0.01980984019744	1.91943794220021	169
0.08653917569843	1.20275414765063	110
-0.03804585675548	1.36274036780702	110
0.06387476499941	0.680075755177531	90
0.0637310931097299	0.679980770809146	106
0.0637310931097299	0.679980770809146	652
0.06387476499941	0.680075755177531	106
-0.0378941027522199	1.36312948218763	87
0.06425944574235	0.680329466157843	3
0.06425944574235	0.680329466157843	3
0.06411609166176	0.680234581521496	109
0.06411609166176	0.680234581521496	52
0.04290661413978	1.7773789623566	169
0.0867000753534799	1.20229488782196	20
0.08671578232145	1.2026905210236	110
0.06425944574235	0.680329466157843	90
0.06425944574235	0.680329466157843	90
0.06387476499941	0.680075755177531	90
0.06387476499941	0.680075755177531	90
0.06425944574235	0.680329466157843	90
0.0637310931097299	0.679980770809146	90
0.0644026170857199	0.680176970712483	25
0.0864667069515901	1.20180019114119	106
0.0865230493165401	1.20123433607259	106
-0.03747159478219	1.36406648304809	87
0.08662755581056	1.20280584359077	320
0.0430169432977801	1.77782672458408	91
0.0862895971270801	1.20186314230777	222
0.06425944574235	0.680329466157843	35
0.0637310931097299	0.679980770809146	3
0.0637310931097299	0.679980770809146	764
0.08662755581056	1.20280584359077	20
0.0640182535977001	0.679923493619259	20
0.06425944574235	0.680329466157843	608
0.0637310931097299	0.679980770809146	608
0.08653917569843	1.20275414765063	110
0.0864667069515901	1.20180019114119	90
0.0640182535977001	0.679923493619259	25
0.0639725545215499	0.67990876897634	25
-0.0379173254004499	1.36350371897319	84
0.06425944574235	0.680329466157843	106
0.0639725545215499	0.67990876897634	652
0.0635872376051401	0.679654979238607	106
0.06387476499941	0.680075755177531	87
0.06411609166176	0.680234581521496	320
-0.0373657776251	1.36396851822526	91
0.06387476499941	0.680075755177531	222
0.06411609166176	0.680234581521496	3
0.0863619537467	1.20219405785639	109
0.06425944574235	0.680329466157843	52
-0.0375773357854301	1.36403249253072	20
0.06425944574235	0.680329466157843	90
0.06387476499941	0.680075755177531	25
-0.09391814174822	1.51870041013883	25
-0.0377885896824399	1.36358639614156	25
0.0859267969386199	2.17307044802823	84
0.0637310931097299	0.679980770809146	106
0.06411609166176	0.680234581521496	106
-0.0376830007228499	1.36387533336544	87
0.06425944574235	0.680329466157843	396
0.08645064175416	1.20255680724847	3
-0.0657256308319001	2.0747159582743	169
0.08645064175416	1.20255680724847	110
0.0644026170857199	0.680176970712483	90
-0.03794051963478	1.36302875890498	106
0.0862895971270801	1.20186314230777	106
-0.0376830007228499	1.36387533336544	91
0.0637310931097299	0.679980770809146	289
0.06411609166176	0.680234581521496	3
0.0637310931097299	0.679980770809146	3
0.0860052451632001	2.17249344631411	169
-0.03770632364852	1.36394954299998	20
0.06425944574235	0.680329466157843	106
0.08678835771213	1.20249190202203	87
0.08637822902329	1.20191504598454	87
0.08687648660533	1.20254338962645	289
0.08687648660533	1.20254338962645	169
0.0637310931097299	0.679980770809146	110
0.08645064175416	1.20255680724847	110
0.0867000753534799	1.20229488782196	110
-0.03755393425058	1.36332606361527	25
0.0644026170857199	0.680176970712483	106
0.08653917569843	1.20275414765063	106
-0.0378118624486701	1.36379252078282	91
-0.0378118624486701	1.36379252078282	91
0.08637822902329	1.20191504598454	14
0.06411609166176	0.680234581521496	3
0.08653917569843	1.20275414765063	289
0.08662755581056	1.20280584359077	169
0.08662755581056	1.20280584359077	25
-0.09372181303681	1.51955663487069	91
0.06425944574235	0.680329466157843	87
-0.0372363318284401	1.36341980635859	91
0.08653917569843	1.20275414765063	91
-0.0938037946469199	1.51961173035875	91
-0.0373657776251	1.36396851822526	91
-0.0376830007228499	1.36387533336544	52
0.0867000753534799	1.20229488782196	608
0.08645064175416	1.20255680724847	110
-0.0198548823935401	1.91953277486054	169
-0.09388577271826	1.51886573025681	169
-0.0377885896824399	1.36358639614156	25
0.0859273383691299	2.17352612717136	91
0.0644026170857199	0.680176970712483	3
0.06411609166176	0.680234581521496	109
0.0429876473814701	1.77767205964485	169
0.0637310931097299	0.679980770809146	110
0.0863619537467	1.20219405785639	25
0.0637310931097299	0.679980770809146	396
0.06425944574235	0.680329466157843	3
0.06425944574235	0.680329466157843	461
0.0644026170857199	0.680176970712483	206
-0.0936767280733899	1.51956912472479	91
-0.01978539997826	1.91966117759799	91
0.06411609166176	0.680234581521496	109
0.08653917569843	1.20275414765063	110
0.0635872376051401	0.679654979238607	110
0.08603293664125	2.17343362863489	110
-0.0375773357854301	1.36403249253072	110
0.06411609166176	0.680234581521496	90
-0.03770632364852	1.36394954299998	106
-0.0198201493235199	1.91965261386049	52
0.08687648660533	1.20254338962645	206
0.06425944574235	0.680329466157843	206
0.08662755581056	1.20280584359077	25
-0.0374950181503599	1.3638852905252	91
-0.03760070891178	1.36398339516012	109
0.0640182535977001	0.679923493619259	109
0.0430169432977801	1.77782672458408	169
-0.0936644403940701	1.51973031777427	110
0.0637310931097299	0.679980770809146	206
0.08687648660533	1.20254338962645	206
-0.0378118624486701	1.36379252078282	106
0.06425944574235	0.680329466157843	106
0.04296176249817	1.77766741706154	91
-0.0378351067953999	1.36318552916065	448
0.0869644622634	1.20242799259416	3
0.06411609166176	0.680234581521496	169
0.08662755581056	1.20280584359077	25
0.06411609166176	0.680234581521496	106
0.08653917569843	1.20275414765063	106
0.0869644622634	1.20242799259416	289
-0.0378118624486701	1.36379252078282	52
0.0644026170857199	0.680176970712483	169
-0.03770632364852	1.36394954299998	110
0.04315323116387	1.77741737978847	91
0.06411609166176	0.680234581521496	106
0.0637310931097299	0.679980770809146	461
0.0644026170857199	0.680176970712483	109
0.08687648660533	1.20254338962645	110
-0.03760070891178	1.36398339516012	169
0.06425944574235	0.680329466157843	206
0.0640182535977001	0.679923493619259	25
0.06425944574235	0.680329466157843	106
0.06411609166176	0.680234581521496	106
0.0637310931097299	0.679980770809146	87
0.04304631687858	1.77758954909223	1
0.06387476499941	0.680075755177531	3
-0.03794051963478	1.36302875890498	25
-0.0936767280733899	1.51956912472479	84
0.08653917569843	1.20275414765063	106
-0.0936521403384301	1.51944603411736	91
0.08653917569843	1.20275414765063	91
0.0864667069515901	1.20180019114119	289
0.0644026170857199	0.680176970712483	110
0.08645064175416	1.20255680724847	110
0.0862895971270801	1.20186314230777	169
0.08678835771213	1.20249190202203	169
-0.0936767280733899	1.51956912472479	25
0.08645064175416	1.20255680724847	25
0.0862895971270801	1.20186314230777	106
0.0429876473814701	1.77767205964485	14
0.06425944574235	0.680329466157843	3
-0.09375875676247	1.51854395688775	169
0.08653917569843	1.20275414765063	206
0.06387476499941	0.680075755177531	206
0.0635872376051401	0.679654979238607	25
0.0637310931097299	0.679980770809146	25
0.0431568783029099	1.77754673088308	91
-0.06567255882365	2.0754313389179	52
0.08653917569843	1.20275414765063	109
-0.0937341399892	1.51972600313093	52
0.0870522849164099	1.2019697673576	110
-0.0376830007228499	1.36387533336544	91
-0.09401248940314	1.51848646396737	106
0.06425944574235	0.680329466157843	3
0.0644026170857199	0.680176970712483	3
0.0637310931097299	0.679980770809146	461
0.08620081103178	1.20166581977859	109
0.02585650684839	2.32511494892837	169
-0.0379173254004499	1.36350371897319	169
0.08645064175416	1.20255680724847	206
0.06411609166176	0.680234581521496	106
-0.0379173254004499	1.36350371897319	106
-0.0378118624486701	1.36379252078282	91
-0.0376830007228499	1.36387533336544	91
0.06425944574235	0.680329466157843	461
0.04296176249817	1.77766741706154	52
-0.0378351067953999	1.36318552916065	52
-0.03747159478219	1.36406648304809	109
0.0862895971270801	1.20186314230777	608
0.08687648660533	1.20254338962645	169
0.0430169432977801	1.77782672458408	169
0.04290661413978	1.7773789623566	169
0.06387476499941	0.680075755177531	106
-0.0375773357854301	1.36403249253072	91
0.06387476499941	0.680075755177531	3
0.08678835771213	1.20249190202203	461
0.0862895971270801	1.20186314230777	169
0.06425944574235	0.680329466157843	206
-0.0378351067953999	1.36318552916065	106
-0.01983042900579	1.91954839108287	91
-0.0938610236986199	1.51943823476646	91
-0.0378118624486701	1.36379252078282	91
0.06425944574235	0.680329466157843	3
0.06387476499941	0.680075755177531	289
0.06425944574235	0.680329466157843	461
-0.03747159478219	1.36406648304809	461
0.0637310931097299	0.679980770809146	109
0.04279329036883	1.77596198246297	110
-0.09394296931307	1.51902271107243	206
0.0865550311427901	1.20134277363669	25
-0.0378351067953999	1.36318552916065	25
0.0639725545215499	0.67990876897634	35
0.06425944574235	0.680329466157843	3
0.06387476499941	0.680075755177531	3
0.06411609166176	0.680234581521496	461
0.08687648660533	1.20254338962645	461
-0.0937341399892	1.51972600313093	169
0.0431826806179101	1.77757219186152	169
0.0431274023303001	1.7777837141532	25
0.06425944574235	0.680329466157843	106
-0.03804585675548	1.36274036780702	106
0.0637310931097299	0.679980770809146	3
0.06425944574235	0.680329466157843	3
0.0859267969386199	2.17307044802823	169
0.08678835771213	1.20249190202203	91
0.08645064175416	1.20255680724847	3
0.0863619537467	1.20219405785639	169
0.0637310931097299	0.679980770809146	206
-0.0377885896824399	1.36358639614156	25
-0.0373422755558199	1.36351743813113	169
0.0431015813258	1.77762844569721	702
0.0637310931097299	0.679980770809146	106
-0.0376830007228499	1.36387533336544	106
-0.03802271259188	1.36304693849517	106
0.0637310931097299	0.679980770809146	106
0.06425944574235	0.680329466157843	109
0.06425944574235	0.680329466157843	52
-0.0378351067953999	1.36318552916065	169
0.0861118705058801	1.20130334321723	169
0.08662755581056	1.20280584359077	169
0.0862895971270801	1.20186314230777	169
0.06387476499941	0.680075755177531	206
0.0867000753534799	1.20229488782196	25
0.08662755581056	1.20280584359077	106
-0.0378118624486701	1.36379252078282	91
-0.09359469582083	1.51961977629055	91
-0.03794051963478	1.36302875890498	25
-0.03760070891178	1.36398339516012	91
-0.0199449675924701	1.91840742944266	91
0.08592629181988	2.17182548186079	102
-0.0379173254004499	1.36350371897319	52
0.08661163929862	1.20193259965012	52
0.0429910849340101	1.77743020942842	169
0.0644026170857199	0.680176970712483	696
0.06411609166176	0.680234581521496	25
0.08653917569843	1.20275414765063	169
-0.0936644403940701	1.51973031777427	169
0.08662755581056	1.20280584359077	25
0.06411609166176	0.680234581521496	697
0.06387476499941	0.680075755177531	106
0.0644026170857199	0.680176970712483	1
-0.0375773357854301	1.36403249253072	289
0.06411609166176	0.680234581521496	52
-0.0936521403384301	1.51944603411736	41
0.04279329036883	1.77596198246297	169
0.06411609166176	0.680234581521496	25
0.0644026170857199	0.680176970712483	106
0.08653917569843	1.20275414765063	455
0.0859273383691299	2.17352612717136	169
-0.0938610236986199	1.51943823476646	169
0.08645064175416	1.20255680724847	169
0.08637822902329	1.20191504598454	169
0.0637310931097299	0.679980770809146	25
0.0430721565660399	1.77786554640018	91
0.0640182535977001	0.679923493619259	91
0.08687648660533	1.20254338962645	3
0.06425944574235	0.680329466157843	696
0.0637310931097299	0.679980770809146	41
0.08687648660533	1.20254338962645	169
0.04304631687858	1.77758954909223	169
0.04296176249817	1.77766741706154	169
0.06425944574235	0.680329466157843	25
-0.0381511182457199	1.36228420029561	697
0.0428255838429099	1.776056334353	91
-0.0378118624486701	1.36379252078282	91
-0.03794051963478	1.36302875890498	91
0.08620081103178	1.20166581977859	1
0.0640182535977001	0.679923493619259	3
0.08645064175416	1.20255680724847	169
0.08653917569843	1.20275414765063	25
0.08645064175416	1.20255680724847	106
-0.03747159478219	1.36406648304809	91
-0.0936644403940701	1.51973031777427	365
0.0867000753534799	1.20229488782196	1
0.06387476499941	0.680075755177531	91
0.06411609166176	0.680234581521496	561
0.08671578232145	1.2026905210236	169
-0.0940695034672101	1.51831344003887	169
0.08645064175416	1.20255680724847	106
-0.0656896804035601	2.07545503389663	365
-0.09381613609235	1.51922594945174	365
0.04304280950461	1.77771081118664	365
0.06411609166176	0.680234581521496	461
0.06425944574235	0.680329466157843	25
0.0635872376051401	0.679654979238607	25
0.08620081103178	1.20166581977859	102
0.0637310931097299	0.679980770809146	102
0.0640182535977001	0.679923493619259	461
0.08678835771213	1.20249190202203	41
0.0429910849340101	1.77743020942842	169
0.08687648660533	1.20254338962645	169
-0.0936644403940701	1.51973031777427	455
-0.0377885896824399	1.36358639614156	52
0.0862895971270801	1.20186314230777	169
0.08687648660533	1.20254338962645	169
0.08662755581056	1.20280584359077	169
-0.0378118624486701	1.36379252078282	696
0.04285149819519	1.77693914701903	41
0.0637310931097299	0.679980770809146	25
0.08653917569843	1.20275414765063	697
-0.09375875676247	1.51854395688775	91
0.08645064175416	1.20255680724847	106
0.0429358854647699	1.77714176834868	91
0.06425944574235	0.680329466157843	461
0.0432418128306999	1.7764762279232	169
-0.03770632364852	1.36394954299998	169
-0.0937464545575999	1.51945477894097	169
0.0640182535977001	0.679923493619259	696
0.0430169432977801	1.77782672458408	41
0.0639725545215499	0.67990876897634	106
0.06387476499941	0.680075755177531	28
0.0863619537467	1.20219405785639	169
-0.0937464545575999	1.51945477894097	169
-0.0378941027522199	1.36312948218763	106
0.0429358854647699	1.77714176834868	365
0.0640182535977001	0.679923493619259	3
0.0637310931097299	0.679980770809146	3
-0.03760070891178	1.36398339516012	169
-0.0657256308319001	2.0747159582743	169
-0.0376830007228499	1.36387533336544	169
0.04296176249817	1.77766741706154	41
0.08645064175416	1.20255680724847	25
0.0640182535977001	0.679923493619259	25
0.0637310931097299	0.679980770809146	25
0.08662755581056	1.20280584359077	697
-0.0373657776251	1.36396851822526	169
-0.0376830007228499	1.36387533336544	91
-0.0938610236986199	1.51943823476646	169
-0.03794051963478	1.36302875890498	169
0.0430169432977801	1.77782672458408	41
0.0637310931097299	0.679980770809146	106
0.08687648660533	1.20254338962645	365
-0.03760070891178	1.36398339516012	696
-0.0938610236986199	1.51943823476646	41
-0.01978539997826	1.91966117759799	169
0.08645064175416	1.20255680724847	91
-0.03770632364852	1.36394954299998	342
0.0862895971270801	1.20186314230777	1
0.0429584291174101	1.77684820872533	102
0.0637310931097299	0.679980770809146	3
0.06425944574235	0.680329466157843	28
0.02599503623258	2.32494711310139	169
-0.0657598594439199	2.07508617030188	169
0.0431826806179101	1.77757219186152	169
-0.0379173254004499	1.36350371897319	169
-0.0373657776251	1.36396851822526	342
-0.09377907456115	1.51881861211547	28
0.08662755581056	1.20280584359077	169
-0.0375773357854301	1.36403249253072	697
0.08678835771213	1.20249190202203	91
0.0864667069515901	1.20180019114119	697
-0.03794051963478	1.36302875890498	91
0.08653917569843	1.20275414765063	1
0.0635872376051401	0.679654979238607	3
-0.0937914408099401	1.51955240277114	169
0.0644026170857199	0.680176970712483	696
0.0635872376051401	0.679654979238607	696
-0.01972606303636	1.91923426142886	697
-0.0938734044079499	1.51938293684477	362
-0.03794051963478	1.36302875890498	28
-0.0937341399892	1.51972600313093	169
0.06411609166176	0.680234581521496	696
0.0430980040895901	1.77762892936041	91
0.08653917569843	1.20275414765063	106
-0.0937341399892	1.51972600313093	91
-0.03770632364852	1.36394954299998	342
0.08661163929862	1.20193259965012	169
-0.0656974198806199	2.07461285381473	169
0.06411609166176	0.680234581521496	696
0.06387476499941	0.680075755177531	696
0.06411609166176	0.680234581521496	697
-0.03802271259188	1.36304693849517	91
0.08645064175416	1.20255680724847	1
-0.0378118624486701	1.36379252078282	169
0.08653917569843	1.20275414765063	41
0.0637310931097299	0.679980770809146	41
0.08587511207879	2.17305499610587	169
0.0429584291174101	1.77684820872533	169
-0.0375773357854301	1.36403249253072	91
0.0869644622634	1.20242799259416	91
0.06411609166176	0.680234581521496	3
0.08687648660533	1.20254338962645	461
0.08662755581056	1.20280584359077	696
0.06411609166176	0.680234581521496	696
0.08661163929862	1.20193259965012	1
0.0637310931097299	0.679980770809146	461
0.0640182535977001	0.679923493619259	3
0.0644026170857199	0.680176970712483	28
-0.0937341399892	1.51972600313093	169
0.06387476499941	0.680075755177531	696
0.08645064175416	1.20255680724847	696
-0.06565378986281	2.07374324781981	169
-0.0198792441206099	1.91908160282152	91
0.0869644622634	1.20242799259416	697
-0.0938037946469199	1.51961173035875	91
0.0429910849340101	1.77743020942842	91
-0.0376830007228499	1.36387533336544	102
-0.03747159478219	1.36406648304809	550
0.08662755581056	1.20280584359077	696
0.0867000753534799	1.20229488782196	696
-0.0937464545575999	1.51945477894097	91
0.08620081103178	1.20166581977859	3
0.06425944574235	0.680329466157843	696
0.0861118705058801	1.20130334321723	696
0.04304280950461	1.77771081118664	169
-0.0938610236986199	1.51943823476646	169
-0.0376830007228499	1.36387533336544	169
0.0637310931097299	0.679980770809146	696
-0.03747159478219	1.36406648304809	41
0.08637822902329	1.20191504598454	91
-0.01972606303636	1.91923426142886	365
-0.0376830007228499	1.36387533336544	91
-0.09381613609235	1.51922594945174	102
0.08653917569843	1.20275414765063	41
0.08678835771213	1.20249190202203	41
-0.09360695659911	1.51957354788367	169
-0.03770632364852	1.36394954299998	25
0.04284830426454	1.77640116942864	169
0.06387476499941	0.680075755177531	3
0.06387476499941	0.680075755177531	696
0.06411609166176	0.680234581521496	696
0.08687648660533	1.20254338962645	41
-0.0938037946469199	1.51961173035875	41
-0.0938610236986199	1.51943823476646	91
0.0859267969386199	2.17307044802823	365
0.04293251769273	1.77751284299719	365
0.08687648660533	1.20254338962645	362
-0.03747159478219	1.36406648304809	289
-0.09381613609235	1.51922594945174	342
0.0429358854647699	1.77714176834868	169
-0.03744814300057	1.36348326496174	41
0.08662755581056	1.20280584359077	41
-0.0938037946469199	1.51961173035875	169
-0.0378118624486701	1.36379252078282	91
0.0864667069515901	1.20180019114119	362
0.06425944574235	0.680329466157843	3
-0.0373422755558199	1.36351743813113	169
-0.0376830007228499	1.36387533336544	91
-0.0378118624486701	1.36379252078282	1
-0.0937914408099401	1.51955240277114	81
0.08620081103178	1.20166581977859	28
0.04296176249817	1.77766741706154	169
-0.0656383200678301	2.0750610313156	169
0.0431274023303001	1.7777837141532	41
-0.0376830007228499	1.36387533336544	434
0.0637310931097299	0.679980770809146	3
0.0860323913716501	2.1734637475658	169
-0.03747159478219	1.36406648304809	696
0.06425944574235	0.680329466157843	418
0.0635872376051401	0.679654979238607	214
0.0637310931097299	0.679980770809146	214
0.04296176249817	1.77766741706154	1
0.0429876473814701	1.77767205964485	1
-0.03772961814914	1.36321927778566	169
0.08645064175416	1.20255680724847	169
0.06411609166176	0.680234581521496	348
0.0862895971270801	1.20186314230777	348
0.06425944574235	0.680329466157843	214
0.08678835771213	1.20249190202203	102
-0.0940695034672101	1.51831344003887	342
0.0637310931097299	0.679980770809146	310
0.0639725545215499	0.67990876897634	28
0.08687648660533	1.20254338962645	28
0.06411609166176	0.680234581521496	169
-0.0197956566539701	1.91955698762359	169
0.0637310931097299	0.679980770809146	418
0.0637310931097299	0.679980770809146	418
0.0640182535977001	0.679923493619259	418
0.06425944574235	0.680329466157843	214
0.0637310931097299	0.679980770809146	214
0.0637310931097299	0.679980770809146	1
-0.03802271259188	1.36304693849517	1
0.0637310931097299	0.679980770809146	310
0.0429652343979901	1.7762822165926	169
0.06425944574235	0.680329466157843	348
0.04284830426454	1.77640116942864	91
0.0644026170857199	0.680176970712483	214
0.06387476499941	0.680075755177531	214
-0.0373657776251	1.36396851822526	169
0.0640182535977001	0.679923493619259	348
0.0635872376051401	0.679654979238607	214
0.06411609166176	0.680234581521496	1
0.08637822902329	1.20191504598454	3
0.06425944574235	0.680329466157843	310
-0.03770632364852	1.36394954299998	169
0.06425944574235	0.680329466157843	348
0.08645064175416	1.20255680724847	348
0.06387476499941	0.680075755177531	214
0.06425944574235	0.680329466157843	214
0.0864667069515901	1.20180019114119	1
-0.0206928266127899	2.48044018116103	232
0.06425944574235	0.680329466157843	3
0.06425944574235	0.680329466157843	28
0.08637822902329	1.20191504598454	169
-0.03747159478219	1.36406648304809	169
0.08653917569843	1.20275414765063	169
-0.03747159478219	1.36406648304809	348
0.06425944574235	0.680329466157843	91
-0.0936767280733899	1.51956912472479	91
0.08620081103178	1.20166581977859	1
-0.0378118624486701	1.36379252078282	3
0.08602277531758	1.20060512958913	348
0.08687648660533	1.20254338962645	91
-0.0375773357854301	1.36403249253072	342
-0.09384863057022	1.51881441870016	28
-0.0197956566539701	1.91955698762359	169
-0.0938037946469199	1.51961173035875	169
-0.03772961814914	1.36321927778566	41
0.06387476499941	0.680075755177531	348
0.04304631687858	1.77758954909223	91
-0.03804585675548	1.36274036780702	91
-0.03794051963478	1.36302875890498	169
-0.0938734044079499	1.51938293684477	169
0.08687648660533	1.20254338962645	418
-0.09400005498634	1.5188494975897	91
-0.0378118624486701	1.36379252078282	81
0.06425944574235	0.680329466157843	3
0.0637310931097299	0.679980770809146	310
-0.0377885896824399	1.36358639614156	169
0.0644026170857199	0.680176970712483	348
0.08662755581056	1.20280584359077	91
0.06411609166176	0.680234581521496	214
-0.03770632364852	1.36394954299998	1
-0.01980984019744	1.91943794220021	1
0.06411609166176	0.680234581521496	3
0.08645064175416	1.20255680724847	169
-0.03760070891178	1.36398339516012	41
-0.03760070891178	1.36398339516012	91
-0.03747159478219	1.36406648304809	91
0.0637310931097299	0.679980770809146	214
0.04296176249817	1.77766741706154	362
0.08671578232145	1.2026905210236	3
-0.0938734044079499	1.51938293684477	342
0.06411609166176	0.680234581521496	310
0.06425944574235	0.680329466157843	310
0.06425944574235	0.680329466157843	348
0.0639725545215499	0.67990876897634	91
-0.03760070891178	1.36398339516012	214
0.08678835771213	1.20249190202203	1
0.0639725545215499	0.67990876897634	3
-0.0378351067953999	1.36318552916065	169
0.0259687419900601	2.32504207438873	169
0.0430980040895901	1.77762892936041	348
0.06387476499941	0.680075755177531	418
-0.0937464545575999	1.51945477894097	91
0.0869644622634	1.20242799259416	642
0.08662755581056	1.20280584359077	1
0.0430169432977801	1.77782672458408	1
0.06425944574235	0.680329466157843	3
0.0640182535977001	0.679923493619259	310
-0.10164454155542	2.23565013787835	169
0.0637310931097299	0.679980770809146	169
-0.0937094736800499	1.51870809885327	169
0.06425944574235	0.680329466157843	348
0.0640182535977001	0.679923493619259	348
0.04293251769273	1.77751284299719	91
-0.0936767280733899	1.51956912472479	91
-0.0938610236986199	1.51943823476646	1
0.06411609166176	0.680234581521496	289
0.0639725545215499	0.67990876897634	3
-0.03725988422613	1.36370213045735	169
0.08645064175416	1.20255680724847	169
0.0430169432977801	1.77782672458408	169
0.08662755581056	1.20280584359077	1
-0.0937094736800499	1.51870809885327	1
0.06387476499941	0.680075755177531	3
0.0637310931097299	0.679980770809146	3
-0.0936521403384301	1.51944603411736	169
0.06411609166176	0.680234581521496	348
-0.0378351067953999	1.36318552916065	91
-0.09353714009418	1.5194631519215	50
0.06411609166176	0.680234581521496	91
0.08598071811377	2.17345208937227	81
-0.0937341399892	1.51972600313093	81
-0.0375773357854301	1.36403249253072	1
-0.03760070891178	1.36398339516012	169
0.0860068235712601	2.17350214245792	169
0.0863619537467	1.20219405785639	214
0.0644026170857199	0.680176970712483	214
0.0639725545215499	0.67990876897634	214
0.08671578232145	1.2026905210236	1
0.0429033505048499	1.77668918278859	102
0.06425944574235	0.680329466157843	3
0.06411609166176	0.680234581521496	3
0.08662755581056	1.20280584359077	28
0.04287742041084	1.7772245011858	169
0.0644026170857199	0.680176970712483	418
0.0644026170857199	0.680176970712483	418
0.06387476499941	0.680075755177531	348
0.0637310931097299	0.679980770809146	534
0.0635872376051401	0.679654979238607	310
0.06387476499941	0.680075755177531	310
-0.0937914408099401	1.51955240277114	28
-0.09360695659911	1.51957354788367	602
0.0431568783029099	1.77754673088308	602
-0.03765964939379	1.36303723451158	169
-0.0937914408099401	1.51955240277114	41
0.08653917569843	1.20275414765063	348
0.0867000753534799	1.20229488782196	642
0.06411609166176	0.680234581521496	214
-0.0374950181503599	1.3638852905252	1
0.0429910849340101	1.77743020942842	81
-0.0941389072274399	1.51737199962662	1
0.08678835771213	1.20249190202203	3
0.06411609166176	0.680234581521496	28
-0.0938734044079499	1.51938293684477	28
-0.0937914408099401	1.51955240277114	169
0.06411609166176	0.680234581521496	348
0.06411609166176	0.680234581521496	418
0.06411609166176	0.680234581521496	348
0.08637822902329	1.20191504598454	348
0.0644026170857199	0.680176970712483	642
0.08678835771213	1.20249190202203	1
0.06411609166176	0.680234581521496	1
0.08662755581056	1.20280584359077	28
-0.03747159478219	1.36406648304809	602
0.0862895971270801	1.20186314230777	169
0.06387476499941	0.680075755177531	214
0.06425944574235	0.680329466157843	3
0.06425944574235	0.680329466157843	310
0.06387476499941	0.680075755177531	310
-0.0207520853213301	2.48033064933327	723
-0.03770632364852	1.36394954299998	602
-0.0656990895677101	2.07525858257455	169
-0.0937341399892	1.51972600313093	41
-0.03755393425058	1.36332606361527	91
0.08653917569843	1.20275414765063	214
0.0637310931097299	0.679980770809146	214
0.0859273383691299	2.17352612717136	169
0.0859534629407199	2.17357620227351	169
0.08678835771213	1.20249190202203	680
0.06387476499941	0.680075755177531	418
0.0859546202627599	2.17328107851707	214
0.06425944574235	0.680329466157843	310
0.06425944574235	0.680329466157843	28
-0.0379173254004499	1.36350371897319	169
0.0429584291174101	1.77684820872533	169
0.0637310931097299	0.679980770809146	41
-0.09401248940314	1.51848646396737	348
0.06387476499941	0.680075755177531	214
0.0637310931097299	0.679980770809146	1
0.08653917569843	1.20275414765063	3
-0.0376830007228499	1.36387533336544	169
0.0864667069515901	1.20180019114119	41
0.0429876473814701	1.77767205964485	91
-0.0656631642558601	2.07511690647946	405
-0.0375773357854301	1.36403249253072	28
0.08645064175416	1.20255680724847	169
0.08602277531758	1.20060512958913	418
0.08653917569843	1.20275414765063	91
0.0863619537467	1.20219405785639	91
0.08595402347227	2.17367193722447	91
0.06411609166176	0.680234581521496	214
0.0430721565660399	1.77786554640018	1
0.08678835771213	1.20249190202203	352
-0.09372181303681	1.51955663487069	169
0.04296176249817	1.77766741706154	169
0.06411609166176	0.680234581521496	418
0.0430980040895901	1.77762892936041	50
-0.0938734044079499	1.51938293684477	1
0.08662755581056	1.20280584359077	28
-0.0656896804035601	2.07545503389663	169
0.08687648660533	1.20254338962645	680
0.0859534629407199	2.17357620227351	542
-0.0374950181503599	1.3638852905252	169
-0.0936767280733899	1.51956912472479	169
0.08678835771213	1.20249190202203	418
0.0640182535977001	0.679923493619259	418
-0.0198999248560401	1.91919188727168	91
-0.0379173254004499	1.36350371897319	1
0.06387476499941	0.680075755177531	3
0.06387476499941	0.680075755177531	3
-0.0937914408099401	1.51955240277114	169
0.0637310931097299	0.679980770809146	418
0.06411609166176	0.680234581521496	3
0.06411609166176	0.680234581521496	3
0.0639725545215499	0.67990876897634	418
0.08687648660533	1.20254338962645	348
0.0862895971270801	1.20186314230777	214
-0.0938037946469199	1.51961173035875	1
0.0867000753534799	1.20229488782196	3
0.06425944574235	0.680329466157843	3
-0.0938037946469199	1.51961173035875	28
0.0644026170857199	0.680176970712483	28
-0.0938734044079499	1.51938293684477	28
-0.0937341399892	1.51972600313093	169
0.0635872376051401	0.679654979238607	418
0.06425944574235	0.680329466157843	418
0.06425944574235	0.680329466157843	292
-0.03725988422613	1.36370213045735	1
0.06411609166176	0.680234581521496	3
0.0640182535977001	0.679923493619259	3
0.06387476499941	0.680075755177531	3
0.08620081103178	1.20166581977859	169
0.06425944574235	0.680329466157843	28
0.06411609166176	0.680234581521496	348
-0.10151527808065	2.23527178116674	91
-0.03747159478219	1.36406648304809	91
0.06411609166176	0.680234581521496	292
0.0869644622634	1.20242799259416	28
-0.0378118624486701	1.36379252078282	169
0.08637822902329	1.20191504598454	169
0.0635872376051401	0.679654979238607	418
-0.03770632364852	1.36394954299998	50
-0.0376240536077499	1.36312122864312	1
0.0640182535977001	0.679923493619259	3
0.06411609166176	0.680234581521496	28
0.0640182535977001	0.679923493619259	169
-0.0935824226740101	1.51920325643792	50
0.0637310931097299	0.679980770809146	292
0.0865550311427901	1.20134277363669	1
0.0635872376051401	0.679654979238607	3
0.06425944574235	0.680329466157843	3
0.0644026170857199	0.680176970712483	3
0.06387476499941	0.680075755177531	418
0.0644026170857199	0.680176970712483	418
0.08678835771213	1.20249190202203	348
0.06411609166176	0.680234581521496	91
0.06411609166176	0.680234581521496	3
0.06387476499941	0.680075755177531	3
0.08661163929862	1.20193259965012	348
0.08678835771213	1.20249190202203	50
0.0640182535977001	0.679923493619259	292
0.0639725545215499	0.67990876897634	292
-0.03760070891178	1.36398339516012	1
0.06387476499941	0.680075755177531	352
0.0639725545215499	0.67990876897634	3
-0.0373657776251	1.36396851822526	169
0.06411609166176	0.680234581521496	348
0.06425944574235	0.680329466157843	418
0.06411609166176	0.680234581521496	292
0.04290661413978	1.7773789623566	405
-0.0381511182457199	1.36228420029561	1
-0.0378118624486701	1.36379252078282	1
-0.0377885896824399	1.36358639614156	542
0.0430721565660399	1.77786554640018	169
0.08671578232145	1.2026905210236	169
-0.03747159478219	1.36406648304809	169
-0.0376830007228499	1.36387533336544	91
0.06387476499941	0.680075755177531	3
0.08671578232145	1.2026905210236	348
0.06425944574235	0.680329466157843	406
0.0428223555082701	1.77678482447236	1
0.0635872376051401	0.679654979238607	3
-0.01972606303636	1.91923426142886	1
0.08653917569843	1.20275414765063	1
0.06411609166176	0.680234581521496	28
0.0637310931097299	0.679980770809146	28
0.06411609166176	0.680234581521496	28
0.0644026170857199	0.680176970712483	28
0.06411609166176	0.680234581521496	28
0.06387476499941	0.680075755177531	28
0.0637310931097299	0.679980770809146	28
0.06425944574235	0.680329466157843	646
0.06411609166176	0.680234581521496	646
0.0640182535977001	0.679923493619259	456
0.0637310931097299	0.679980770809146	456
0.0637310931097299	0.679980770809146	418
0.06425944574235	0.680329466157843	418
0.06411609166176	0.680234581521496	50
0.06387476499941	0.680075755177531	1
0.06425944574235	0.680329466157843	1
0.0644026170857199	0.680176970712483	1
0.0637310931097299	0.679980770809146	1
0.0639725545215499	0.67990876897634	1
0.0637310931097299	0.679980770809146	1
0.06387476499941	0.680075755177531	3
-0.0656289145203299	2.07517573920858	142
0.06425944574235	0.680329466157843	28
0.08653917569843	1.20275414765063	91
0.08653917569843	1.20275414765063	292
0.08587572409043	2.17275528852128	405
0.0862895971270801	1.20186314230777	765
-0.03770632364852	1.36394954299998	765
0.0637310931097299	0.679980770809146	3
0.06425944574235	0.680329466157843	3
0.0644026170857199	0.680176970712483	3
0.0862895971270801	1.20186314230777	142
0.04304280950461	1.77771081118664	142
0.0637310931097299	0.679980770809146	418
-0.03802271259188	1.36304693849517	1
0.08671578232145	1.2026905210236	28
0.06411609166176	0.680234581521496	418
-0.0378351067953999	1.36318552916065	765
0.0635872376051401	0.679654979238607	352
-0.03747159478219	1.36406648304809	28
0.06425944574235	0.680329466157843	456
0.08645064175416	1.20255680724847	348
-0.0937464545575999	1.51945477894097	91
0.06425944574235	0.680329466157843	91
0.06387476499941	0.680075755177531	292
0.0644026170857199	0.680176970712483	292
0.06387476499941	0.680075755177531	292
0.08637822902329	1.20191504598454	1
0.06425944574235	0.680329466157843	1
0.0644026170857199	0.680176970712483	3
0.0637310931097299	0.679980770809146	352
-0.03770632364852	1.36394954299998	28
0.06411609166176	0.680234581521496	28
0.08645064175416	1.20255680724847	28
0.06425944574235	0.680329466157843	418
-0.06561952910519	2.07424682723408	91
0.0640182535977001	0.679923493619259	292
0.06411609166176	0.680234581521496	292
0.0640182535977001	0.679923493619259	292
0.06425944574235	0.680329466157843	406
0.08637822902329	1.20191504598454	1
0.08653917569843	1.20275414765063	289
0.06411609166176	0.680234581521496	3
0.08653917569843	1.20275414765063	28
0.0640182535977001	0.679923493619259	28
-0.03802271259188	1.36304693849517	28
0.0637310931097299	0.679980770809146	418
0.06425944574235	0.680329466157843	292
0.06411609166176	0.680234581521496	3
0.06387476499941	0.680075755177531	28
-0.03772961814914	1.36321927778566	28
0.06425944574235	0.680329466157843	418
0.06387476499941	0.680075755177531	91
-0.09394296931307	1.51902271107243	405
0.06425944574235	0.680329466157843	406
-0.0378351067953999	1.36318552916065	765
0.06425944574235	0.680329466157843	289
0.06425944574235	0.680329466157843	3
-0.0198548823935401	1.91953277486054	142
-0.06575044667568	2.07532975595585	50
-0.10163690554812	2.23560376391789	326
0.06387476499941	0.680075755177531	292
0.08687648660533	1.20254338962645	1
-0.0378118624486701	1.36379252078282	765
0.0644026170857199	0.680176970712483	289
0.0637310931097299	0.679980770809146	28
0.0644026170857199	0.680176970712483	646
-0.01983042900579	1.91954839108287	169
-0.0379173254004499	1.36350371897319	456
0.06387476499941	0.680075755177531	418
0.0639725545215499	0.67990876897634	1
0.0640182535977001	0.679923493619259	1
0.06387476499941	0.680075755177531	406
0.06425944574235	0.680329466157843	3
0.06425944574235	0.680329466157843	646
-0.0936767280733899	1.51956912472479	50
-0.0938610236986199	1.51943823476646	405
0.06425944574235	0.680329466157843	292
0.0644026170857199	0.680176970712483	292
0.06411609166176	0.680234581521496	292
0.06387476499941	0.680075755177531	406
-0.0376240536077499	1.36312122864312	28
-0.03747159478219	1.36406648304809	169
-0.0936644403940701	1.51973031777427	169
0.0862895971270801	1.20186314230777	91
0.04290661413978	1.7773789623566	91
0.06387476499941	0.680075755177531	292
-0.03760070891178	1.36398339516012	1
0.06425944574235	0.680329466157843	765
-0.0937914408099401	1.51955240277114	28
-0.0373422755558199	1.36351743813113	50
-0.03772961814914	1.36321927778566	405
-0.0375773357854301	1.36403249253072	1
0.08687648660533	1.20254338962645	646
0.08645064175416	1.20255680724847	699
0.08653917569843	1.20275414765063	405
0.06425944574235	0.680329466157843	406
0.0637310931097299	0.679980770809146	765
-0.0381280241111199	1.36221865664997	765
0.0637310931097299	0.679980770809146	418
0.0640182535977001	0.679923493619259	348
0.06425944574235	0.680329466157843	699
0.08671578232145	1.2026905210236	405
-0.03760070891178	1.36398339516012	765
0.06411609166176	0.680234581521496	102
-0.03770632364852	1.36394954299998	28
-0.0378118624486701	1.36379252078282	169
0.0635872376051401	0.679654979238607	418
0.08653917569843	1.20275414765063	1
0.0635872376051401	0.679654979238607	1
0.04296176249817	1.77766741706154	1
-0.03770632364852	1.36394954299998	1
0.06387476499941	0.680075755177531	3
-0.0936521403384301	1.51944603411736	28
-0.0938734044079499	1.51938293684477	28
0.08637822902329	1.20191504598454	348
0.0635872376051401	0.679654979238607	292
0.06411609166176	0.680234581521496	3
0.06425944574235	0.680329466157843	28
0.0863619537467	1.20219405785639	28
0.0635872376051401	0.679654979238607	418
0.06425944574235	0.680329466157843	348
0.08645064175416	1.20255680724847	292
-0.0376830007228499	1.36387533336544	1
0.06387476499941	0.680075755177531	28
0.06425944574235	0.680329466157843	418
0.08653917569843	1.20275414765063	418
-0.0374950181503599	1.3638852905252	405
0.08620081103178	1.20166581977859	405
-0.0378118624486701	1.36379252078282	1
0.06425944574235	0.680329466157843	3
-0.0198688596102701	1.91825161950168	28
0.06425944574235	0.680329466157843	418
-0.0936521403384301	1.51944603411736	81
-0.0373657776251	1.36396851822526	50
-0.03794051963478	1.36302875890498	10
-0.0378118624486701	1.36379252078282	405
0.0644026170857199	0.680176970712483	1
-0.0937341399892	1.51972600313093	326
0.0859024473560499	2.17253569047787	405
0.06425944574235	0.680329466157843	481
-0.03802271259188	1.36304693849517	28
0.06425944574235	0.680329466157843	28
0.0635872376051401	0.679654979238607	18
-0.03804585675548	1.36274036780702	348
0.06411609166176	0.680234581521496	10
-0.0199449675924701	1.91840742944266	405
-0.0197403712269799	1.91934366152496	405
0.0639725545215499	0.67990876897634	481
0.08687648660533	1.20254338962645	481
0.06425944574235	0.680329466157843	3
-0.09372181303681	1.51955663487069	261
0.0639725545215499	0.67990876897634	28
0.06387476499941	0.680075755177531	28
0.08653917569843	1.20275414765063	553
-0.03794051963478	1.36302875890498	142
0.0862895971270801	1.20186314230777	28
-0.0381511182457199	1.36228420029561	18
0.06387476499941	0.680075755177531	18
0.0637310931097299	0.679980770809146	18
0.08678835771213	1.20249190202203	18
-0.03760070891178	1.36398339516012	50
-0.03804585675548	1.36274036780702	50
0.06425944574235	0.680329466157843	10
0.06387476499941	0.680075755177531	738
0.06425944574235	0.680329466157843	738
0.0637310931097299	0.679980770809146	738
0.0644026170857199	0.680176970712483	405
0.08653917569843	1.20275414765063	405
0.06425944574235	0.680329466157843	405
0.06425944574235	0.680329466157843	86
0.06425944574235	0.680329466157843	3
0.0644026170857199	0.680176970712483	3
-0.03747159478219	1.36406648304809	28
0.08662755581056	1.20280584359077	18
0.08671578232145	1.2026905210236	10
0.08671578232145	1.2026905210236	10
0.0870522849164099	1.2019697673576	28
-0.10156081344158	2.23518195212193	345
-0.09393056174379	1.51920956909812	348
-0.0376830007228499	1.36387533336544	348
0.0862895971270801	1.20186314230777	10
-0.0374950181503599	1.3638852905252	86
0.06425944574235	0.680329466157843	481
0.06425944574235	0.680329466157843	481
0.08662755581056	1.20280584359077	481
0.0637310931097299	0.679980770809146	516
0.0869644622634	1.20242799259416	18
0.0863619537467	1.20219405785639	18
0.0640182535977001	0.679923493619259	348
-0.0936767280733899	1.51956912472479	348
0.0644026170857199	0.680176970712483	10
0.0644026170857199	0.680176970712483	18
0.06425944574235	0.680329466157843	86
0.06411609166176	0.680234581521496	3
0.08645064175416	1.20255680724847	516
0.06411609166176	0.680234581521496	10
0.0863619537467	1.20219405785639	10
0.0644026170857199	0.680176970712483	10
-0.0939553644760201	1.51832954674311	66
0.06387476499941	0.680075755177531	28
0.0430686835696801	1.77680508299331	28
0.08687648660533	1.20254338962645	516
0.08602277531758	1.20060512958913	18
0.0637310931097299	0.679980770809146	18
0.06387476499941	0.680075755177531	18
-0.0378118624486701	1.36379252078282	737
-0.0379173254004499	1.36350371897319	86
0.06425944574235	0.680329466157843	86
0.06387476499941	0.680075755177531	86
-0.0378941027522199	1.36312948218763	28
0.0637310931097299	0.679980770809146	516
0.06425944574235	0.680329466157843	10
0.08653917569843	1.20275414765063	405
0.06387476499941	0.680075755177531	86
0.06411609166176	0.680234581521496	86
-0.09372181303681	1.51955663487069	28
-0.0936521403384301	1.51944603411736	516
0.06387476499941	0.680075755177531	18
0.06411609166176	0.680234581521496	18
-0.0375773357854301	1.36403249253072	169
0.0640182535977001	0.679923493619259	86
0.0640182535977001	0.679923493619259	3
-0.01984455028382	1.91931815662508	516
0.0862895971270801	1.20186314230777	516
0.06411609166176	0.680234581521496	18
-0.0938037946469199	1.51961173035875	10
0.06411609166176	0.680234581521496	1
-0.03760070891178	1.36398339516012	516
0.06411609166176	0.680234581521496	18
-0.01976086800153	1.91945420407556	10
0.06387476499941	0.680075755177531	64
-0.10158373265985	2.23563275049528	142
-0.03744814300057	1.36348326496174	142
0.0862895971270801	1.20186314230777	18
-0.0938037946469199	1.51961173035875	10
-0.0378941027522199	1.36312948218763	86
-0.01984455028382	1.91931815662508	361
0.08653917569843	1.20275414765063	142
-0.0376830007228499	1.36387533336544	288
-0.03770632364852	1.36394954299998	18
0.08662755581056	1.20280584359077	50
0.0430721565660399	1.77786554640018	10
0.08678835771213	1.20249190202203	10
-0.0377885896824399	1.36358639614156	405
-0.09354936161978	1.51889161882706	737
0.04290661413978	1.7773789623566	405
0.06411609166176	0.680234581521496	3
-0.0373657776251	1.36396851822526	18
0.0644026170857199	0.680176970712483	18
-0.0937341399892	1.51972600313093	10
0.0644026170857199	0.680176970712483	3
0.06425944574235	0.680329466157843	18
-0.0207520853213301	2.48033064933327	66
0.0864667069515901	1.20180019114119	10
0.06411609166176	0.680234581521496	516
0.06387476499941	0.680075755177531	18
0.0637310931097299	0.679980770809146	18
0.08671578232145	1.2026905210236	18
0.06387476499941	0.680075755177531	10
0.08637822902329	1.20191504598454	1
-0.0377885896824399	1.36358639614156	64
-0.03760070891178	1.36398339516012	18
-0.03770632364852	1.36394954299998	3
-0.03744814300057	1.36348326496174	288
-0.0936767280733899	1.51956912472479	207
-0.0375773357854301	1.36403249253072	207
-0.01983042900579	1.91954839108287	169
0.0869644622634	1.20242799259416	3
0.08598013848433	2.17372200579686	142
0.06425944574235	0.680329466157843	169
0.08653917569843	1.20275414765063	10
0.0864667069515901	1.20180019114119	86
0.0644026170857199	0.680176970712483	481
0.08687648660533	1.20254338962645	142
0.0259343661695699	2.32532832760106	66
0.08645064175416	1.20255680724847	10
0.0640182535977001	0.679923493619259	10
0.08645064175416	1.20255680724847	86
0.0863619537467	1.20219405785639	18
-0.01983042900579	1.91954839108287	172
0.08662755581056	1.20280584359077	10
0.0429876473814701	1.77767205964485	169
0.0870522849164099	1.2019697673576	86
-0.03770632364852	1.36394954299998	169
-0.03770632364852	1.36394954299998	10
0.0644026170857199	0.680176970712483	481
-0.0375773357854301	1.36403249253072	288
0.08662755581056	1.20280584359077	10
0.0637310931097299	0.679980770809146	3
0.0640182535977001	0.679923493619259	388
0.06425944574235	0.680329466157843	18
-0.0936644403940701	1.51973031777427	18
0.08678835771213	1.20249190202203	10
-0.09400005498634	1.5188494975897	142
0.06425944574235	0.680329466157843	388
0.0431015813258	1.77762844569721	169
0.08687648660533	1.20254338962645	86
-0.09393056174379	1.51920956909812	86
0.08671578232145	1.2026905210236	3
-0.09400005498634	1.5188494975897	169
-0.0938037946469199	1.51961173035875	169
-0.09377907456115	1.51881861211547	169
0.08653917569843	1.20275414765063	10
-0.0198999248560401	1.91919188727168	18
-0.0379173254004499	1.36350371897319	18
-0.0207005740191499	2.48032691292797	66
0.04304631687858	1.77758954909223	10
0.0430169432977801	1.77782672458408	207
-0.0378351067953999	1.36318552916065	142
0.08662755581056	1.20280584359077	169
-0.0936644403940701	1.51973031777427	169
-0.0938037946469199	1.51961173035875	66
-0.0198548823935401	1.91953277486054	405
-0.0655775509477701	2.07444605143531	405
-0.0378118624486701	1.36379252078282	81
-0.0377885896824399	1.36358639614156	81
0.0864667069515901	1.20180019114119	388
0.08653917569843	1.20275414765063	172
-0.0198651850691001	1.919428532414	81
0.0430721565660399	1.77786554640018	142
0.0430721565660399	1.77786554640018	169
-0.0373657776251	1.36396851822526	169
-0.09393056174379	1.51920956909812	66
-0.0657940939063	2.07502736811937	405
0.0430169432977801	1.77782672458408	64
0.0867000753534799	1.20229488782196	288
0.08662755581056	1.20280584359077	729
0.0640182535977001	0.679923493619259	3
0.0430169432977801	1.77782672458408	207
-0.10165218672322	2.23559361934632	142
0.0431568783029099	1.77754673088308	169
-0.06570680345242	2.07537250938193	66
0.08627311144463	1.20149505605475	288
-0.09353714009418	1.5194631519215	288
-0.0374950181503599	1.3638852905252	288
0.0863619537467	1.20219405785639	729
0.04304280950461	1.77771081118664	729
-0.0199242997567299	1.91892957393947	66
0.0637310931097299	0.679980770809146	405
-0.03744814300057	1.36348326496174	81
0.0640182535977001	0.679923493619259	64
0.0429033505048499	1.77668918278859	142
-0.09372181303681	1.51955663487069	405
-0.0938610236986199	1.51943823476646	737
0.0637310931097299	0.679980770809146	3
-0.0377885896824399	1.36358639614156	64
0.02579583719025	2.32451364159553	142
0.0637310931097299	0.679980770809146	388
-0.0379173254004499	1.36350371897319	169
0.08661163929862	1.20193259965012	405
0.08620081103178	1.20166581977859	405
0.0869644622634	1.20242799259416	288
0.0640182535977001	0.679923493619259	3
-0.0198201493235199	1.91965261386049	361
-0.0198548823935401	1.91953277486054	207
0.08637822902329	1.20191504598454	405
-0.0197956566539701	1.91955698762359	81
-0.0375773357854301	1.36403249253072	169
0.0429033505048499	1.77668918278859	169
0.08662755581056	1.20280584359077	172
0.0867000753534799	1.20229488782196	405
0.04304631687858	1.77758954909223	288
-0.01980984019744	1.91943794220021	142
0.04315323116387	1.77741737978847	169
0.08637822902329	1.20191504598454	169
0.0862895971270801	1.20186314230777	405
0.08595402347227	2.17367193722447	66
-0.0936521403384301	1.51944603411736	81
-0.09384863057022	1.51881441870016	66
-0.01980984019744	1.91943794220021	142
-0.09360695659911	1.51957354788367	388
0.0637310931097299	0.679980770809146	64
0.08645064175416	1.20255680724847	255
-0.0378118624486701	1.36379252078282	81
0.0639725545215499	0.67990876897634	64
0.06387476499941	0.680075755177531	202
-0.09393056174379	1.51920956909812	202
-0.01983042900579	1.91954839108287	66
0.08653917569843	1.20275414765063	288
-0.09359469582083	1.51961977629055	142
0.04304631687858	1.77758954909223	66
0.08637822902329	1.20191504598454	66
-0.09372181303681	1.51955663487069	165
-0.0375773357854301	1.36403249253072	165
0.08645064175416	1.20255680724847	81
-0.0378351067953999	1.36318552916065	64
0.06425944574235	0.680329466157843	3
0.0637310931097299	0.679980770809146	3
0.0635872376051401	0.679654979238607	255
0.0644026170857199	0.680176970712483	255
0.0859546202627599	2.17328107851707	361
0.06425944574235	0.680329466157843	202
0.06387476499941	0.680075755177531	165
0.06411609166176	0.680234581521496	575
-0.03794051963478	1.36302875890498	207
0.04296176249817	1.77766741706154	172
0.0639725545215499	0.67990876897634	202
0.06387476499941	0.680075755177531	202
-0.0377885896824399	1.36358639614156	165
-0.03747159478219	1.36406648304809	66
0.08595402347227	2.17367193722447	169
0.08662755581056	1.20280584359077	202
-0.0656896804035601	2.07545503389663	66
0.06387476499941	0.680075755177531	255
-0.0197956566539701	1.91955698762359	361
-0.0373657776251	1.36396851822526	81
0.08678835771213	1.20249190202203	64
0.0870522849164099	1.2019697673576	3
-0.0657598594439199	2.07508617030188	66
0.08598013848433	2.17372200579686	66
0.0637310931097299	0.679980770809146	64
0.0637310931097299	0.679980770809146	64
-0.0936521403384301	1.51944603411736	66
-0.0937914408099401	1.51955240277114	66
0.08608518564283	2.17292480675013	143
0.06425944574235	0.680329466157843	143
0.0640182535977001	0.679923493619259	3
-0.0373422755558199	1.36351743813113	202
0.06425944574235	0.680329466157843	165
-0.09391814174822	1.51870041013883	66
0.06411609166176	0.680234581521496	427
0.06425944574235	0.680329466157843	3
0.06425944574235	0.680329466157843	143
0.06425944574235	0.680329466157843	143
0.06425944574235	0.680329466157843	143
0.0640182535977001	0.679923493619259	143
0.06387476499941	0.680075755177531	143
0.06425944574235	0.680329466157843	143
0.06425944574235	0.680329466157843	143
0.0637310931097299	0.679980770809146	3
0.06411609166176	0.680234581521496	3
0.0637310931097299	0.679980770809146	3
0.06411609166176	0.680234581521496	3
0.06425944574235	0.680329466157843	165
0.06387476499941	0.680075755177531	165
0.0637310931097299	0.679980770809146	3
0.0640182535977001	0.679923493619259	3
0.0640182535977001	0.679923493619259	3
0.06411609166176	0.680234581521496	3
0.06387476499941	0.680075755177531	143
0.0640182535977001	0.679923493619259	143
0.06387476499941	0.680075755177531	3
-0.0376830007228499	1.36387533336544	3
0.0640182535977001	0.679923493619259	3
0.08653917569843	1.20275414765063	3
0.08653917569843	1.20275414765063	3
0.08653917569843	1.20275414765063	3
0.06411609166176	0.680234581521496	3
0.06425944574235	0.680329466157843	189
0.06387476499941	0.680075755177531	577
0.06411609166176	0.680234581521496	143
0.0637310931097299	0.679980770809146	143
0.06425944574235	0.680329466157843	143
0.06425944574235	0.680329466157843	143
0.0640182535977001	0.679923493619259	143
0.0637310931097299	0.679980770809146	638
0.06411609166176	0.680234581521496	3
0.06425944574235	0.680329466157843	3
0.06387476499941	0.680075755177531	202
0.06387476499941	0.680075755177531	3
0.0637310931097299	0.679980770809146	3
0.06387476499941	0.680075755177531	165
0.0639725545215499	0.67990876897634	3
0.06425944574235	0.680329466157843	189
0.06411609166176	0.680234581521496	189
0.0637310931097299	0.679980770809146	143
0.0640182535977001	0.679923493619259	143
0.0644026170857199	0.680176970712483	143
0.06425944574235	0.680329466157843	143
0.06425944574235	0.680329466157843	143
0.0637310931097299	0.679980770809146	143
0.08671578232145	1.2026905210236	143
0.06425944574235	0.680329466157843	143
0.0635872376051401	0.679654979238607	638
0.06425944574235	0.680329466157843	202
0.0637310931097299	0.679980770809146	3
0.06425944574235	0.680329466157843	3
0.06425944574235	0.680329466157843	3
0.06425944574235	0.680329466157843	427
0.06387476499941	0.680075755177531	3
0.06411609166176	0.680234581521496	3
0.0644026170857199	0.680176970712483	189
0.06411609166176	0.680234581521496	64
-0.0937341399892	1.51972600313093	143
0.06425944574235	0.680329466157843	143
0.06387476499941	0.680075755177531	3
0.06425944574235	0.680329466157843	3
0.06411609166176	0.680234581521496	3
0.06425944574235	0.680329466157843	3
0.06425944574235	0.680329466157843	3
0.0637310931097299	0.679980770809146	3
0.08662755581056	1.20280584359077	202
0.0863619537467	1.20219405785639	3
0.0644026170857199	0.680176970712483	3
0.0637310931097299	0.679980770809146	427
0.0635872376051401	0.679654979238607	143
0.08645064175416	1.20255680724847	143
-0.03794051963478	1.36302875890498	143
0.08678835771213	1.20249190202203	3
0.0637310931097299	0.679980770809146	638
0.06387476499941	0.680075755177531	3
0.0635872376051401	0.679654979238607	3
0.06425944574235	0.680329466157843	165
0.06425944574235	0.680329466157843	165
0.06387476499941	0.680075755177531	3
0.08662755581056	1.20280584359077	189
0.0637310931097299	0.679980770809146	80
-0.01983042900579	1.91954839108287	638
0.0637310931097299	0.679980770809146	64
0.0640182535977001	0.679923493619259	3
0.0637310931097299	0.679980770809146	3
0.0644026170857199	0.680176970712483	3
0.06387476499941	0.680075755177531	3
0.06425944574235	0.680329466157843	143
0.0640182535977001	0.679923493619259	3
0.08678835771213	1.20249190202203	143
-0.03760070891178	1.36398339516012	143
0.08662755581056	1.20280584359077	638
0.06425944574235	0.680329466157843	3
0.0640182535977001	0.679923493619259	3
0.06411609166176	0.680234581521496	3
0.06387476499941	0.680075755177531	3
0.06411609166176	0.680234581521496	3
0.08620081103178	1.20166581977859	190
0.06411609166176	0.680234581521496	3
0.06411609166176	0.680234581521496	3
-0.03794051963478	1.36302875890498	190
0.06411609166176	0.680234581521496	143
0.08662755581056	1.20280584359077	165
-0.01980984019744	1.91943794220021	165
0.06425944574235	0.680329466157843	3
-0.0936521403384301	1.51944603411736	139
0.0867000753534799	1.20229488782196	80
0.06387476499941	0.680075755177531	202
0.06425944574235	0.680329466157843	3
0.06411609166176	0.680234581521496	165
0.06425944574235	0.680329466157843	3
0.06411609166176	0.680234581521496	3
0.08653917569843	1.20275414765063	190
0.08653917569843	1.20275414765063	190
0.06387476499941	0.680075755177531	143
-0.09360695659911	1.51957354788367	19
-0.0657846920807399	2.07482556314843	64
0.0637310931097299	0.679980770809146	3
0.0644026170857199	0.680176970712483	143
-0.0373657776251	1.36396851822526	506
0.0867000753534799	1.20229488782196	278
-0.0375773357854301	1.36403249253072	278
0.04296176249817	1.77766741706154	19
0.06425944574235	0.680329466157843	3
0.08687648660533	1.20254338962645	190
0.06387476499941	0.680075755177531	3
0.06387476499941	0.680075755177531	143
-0.0378941027522199	1.36312948218763	143
-0.09394296931307	1.51902271107243	143
0.0637310931097299	0.679980770809146	202
-0.03725988422613	1.36370213045735	145
0.06387476499941	0.680075755177531	3
0.08662755581056	1.20280584359077	165
0.08678835771213	1.20249190202203	3
0.06425944574235	0.680329466157843	278
0.08662755581056	1.20280584359077	143
0.06411609166176	0.680234581521496	3
0.06411609166176	0.680234581521496	19
0.06411609166176	0.680234581521496	3
0.06425944574235	0.680329466157843	3
0.06387476499941	0.680075755177531	19
0.0640182535977001	0.679923493619259	202
0.06425944574235	0.680329466157843	3
0.06387476499941	0.680075755177531	3
0.06411609166176	0.680234581521496	3
0.0637310931097299	0.679980770809146	3
0.06425944574235	0.680329466157843	165
0.06425944574235	0.680329466157843	165
0.06411609166176	0.680234581521496	165
0.06411609166176	0.680234581521496	165
0.08620081103178	1.20166581977859	165
0.06425944574235	0.680329466157843	3
0.0637310931097299	0.679980770809146	3
0.06425944574235	0.680329466157843	3
0.06425944574235	0.680329466157843	3
0.0644026170857199	0.680176970712483	3
0.06387476499941	0.680075755177531	3
0.08637822902329	1.20191504598454	3
0.08653917569843	1.20275414765063	145
-0.0938734044079499	1.51938293684477	165
0.08678835771213	1.20249190202203	3
0.06425944574235	0.680329466157843	278
0.06387476499941	0.680075755177531	278
0.08678835771213	1.20249190202203	143
0.06387476499941	0.680075755177531	143
0.08653917569843	1.20275414765063	143
0.06425944574235	0.680329466157843	143
0.06411609166176	0.680234581521496	202
0.06387476499941	0.680075755177531	3
0.06411609166176	0.680234581521496	3
0.0637310931097299	0.679980770809146	3
0.0637310931097299	0.679980770809146	3
0.0640182535977001	0.679923493619259	3
0.06425944574235	0.680329466157843	3
0.06425944574235	0.680329466157843	3
0.06387476499941	0.680075755177531	278
0.08653917569843	1.20275414765063	278
0.0644026170857199	0.680176970712483	143
-0.0937914408099401	1.51955240277114	143
0.0637310931097299	0.679980770809146	143
0.0639725545215499	0.67990876897634	143
-0.0376830007228499	1.36387533336544	143
0.0644026170857199	0.680176970712483	3
0.0640182535977001	0.679923493619259	3
0.08645064175416	1.20255680724847	3
0.0640182535977001	0.679923493619259	165
0.0644026170857199	0.680176970712483	165
0.0637310931097299	0.679980770809146	3
0.08653917569843	1.20275414765063	3
0.0644026170857199	0.680176970712483	143
0.08627311144463	1.20149505605475	143
0.0864667069515901	1.20180019114119	143
0.06387476499941	0.680075755177531	3
0.06425944574235	0.680329466157843	3
0.06425944574235	0.680329466157843	3
0.0644026170857199	0.680176970712483	3
0.06425944574235	0.680329466157843	3
0.06425944574235	0.680329466157843	3
-0.03747159478219	1.36406648304809	3
0.08600626111544	2.17365347594908	145
-0.0376830007228499	1.36387533336544	633
0.04285149819519	1.77693914701903	335
0.08678835771213	1.20249190202203	366
0.08687648660533	1.20254338962645	366
-0.09393056174379	1.51920956909812	145
-0.03770632364852	1.36394954299998	3
0.08662755581056	1.20280584359077	3
-0.0374950181503599	1.3638852905252	366
0.0637310931097299	0.679980770809146	551
0.06411609166176	0.680234581521496	551
-0.03760070891178	1.36398339516012	145
0.04321220783713	1.77733537177359	145
-0.09360695659911	1.51957354788367	168
0.0640182535977001	0.679923493619259	3
-0.03747159478219	1.36406648304809	98
0.0644026170857199	0.680176970712483	146
0.06387476499941	0.680075755177531	146
0.06425944574235	0.680329466157843	687
0.06411609166176	0.680234581521496	597
0.06411609166176	0.680234581521496	597
0.06387476499941	0.680075755177531	3
0.0640182535977001	0.679923493619259	3
-0.0938734044079499	1.51938293684477	104
-0.0198201493235199	1.91965261386049	366
0.0869644622634	1.20242799259416	551
-0.0938734044079499	1.51938293684477	366
-0.0372363318284401	1.36341980635859	366
-0.0378118624486701	1.36379252078282	145
-0.03770632364852	1.36394954299998	145
0.08671578232145	1.2026905210236	168
0.08678835771213	1.20249190202203	100
-0.0937341399892	1.51972600313093	100
0.06387476499941	0.680075755177531	100
0.06425944574235	0.680329466157843	3
0.08637822902329	1.20191504598454	366
0.08671578232145	1.2026905210236	100
0.04287742041084	1.7772245011858	185
-0.10151527808065	2.23527178116674	366
-0.0938610236986199	1.51943823476646	145
0.0863619537467	1.20219405785639	168
-0.0938610236986199	1.51943823476646	168
0.04293251769273	1.77751284299719	100
-0.09391814174822	1.51870041013883	46
-0.0378351067953999	1.36318552916065	112
-0.0208207123208899	2.48006711943255	500
0.08637822902329	1.20191504598454	46
-0.0198651850691001	1.919428532414	158
-0.03747159478219	1.36406648304809	475
-0.0376830007228499	1.36387533336544	475
0.06411609166176	0.680234581521496	85
0.06425944574235	0.680329466157843	85
0.08678835771213	1.20249190202203	100
0.08661163929862	1.20193259965012	100
0.06411609166176	0.680234581521496	112
0.06411609166176	0.680234581521496	112
0.06387476499941	0.680075755177531	143
0.0640182535977001	0.679923493619259	693
0.06411609166176	0.680234581521496	115
0.0639725545215499	0.67990876897634	85
0.0637310931097299	0.679980770809146	693
0.0864667069515901	1.20180019114119	419
0.06425944574235	0.680329466157843	419
0.06387476499941	0.680075755177531	726
0.06387476499941	0.680075755177531	85
0.06387476499941	0.680075755177531	85
0.0635872376051401	0.679654979238607	85
0.06425944574235	0.680329466157843	112
0.0637310931097299	0.679980770809146	112
0.06425944574235	0.680329466157843	112
-0.0656117918593899	2.07504580862344	46
0.06425944574235	0.680329466157843	419
0.06411609166176	0.680234581521496	419
0.0863619537467	1.20219405785639	115
0.06387476499941	0.680075755177531	85
0.06425944574235	0.680329466157843	85
-0.0938734044079499	1.51938293684477	100
0.0867000753534799	1.20229488782196	112
0.0637310931097299	0.679980770809146	112
0.08678835771213	1.20249190202203	112
0.0644026170857199	0.680176970712483	115
0.0644026170857199	0.680176970712483	115
0.0635872376051401	0.679654979238607	85
0.06387476499941	0.680075755177531	85
0.06425944574235	0.680329466157843	85
0.06387476499941	0.680075755177531	145
0.06387476499941	0.680075755177531	85
0.06411609166176	0.680234581521496	100
0.0635872376051401	0.679654979238607	693
0.06425944574235	0.680329466157843	115
0.0635872376051401	0.679654979238607	100
0.0637310931097299	0.679980770809146	112
0.08678835771213	1.20249190202203	85
0.06425944574235	0.680329466157843	85
0.08645064175416	1.20255680724847	85
0.0644026170857199	0.680176970712483	85
0.0637310931097299	0.679980770809146	100
0.06387476499941	0.680075755177531	115
0.0431568783029099	1.77754673088308	100
0.08687648660533	1.20254338962645	85
0.08653917569843	1.20275414765063	115
0.08653917569843	1.20275414765063	85
0.08678835771213	1.20249190202203	112
0.06387476499941	0.680075755177531	419
0.0637310931097299	0.679980770809146	115
0.06387476499941	0.680075755177531	85
0.08662755581056	1.20280584359077	293
0.06411609166176	0.680234581521496	293
0.06425944574235	0.680329466157843	115
-0.0657239279708699	2.07517987592247	251
0.08671578232145	1.2026905210236	46
0.08637822902329	1.20191504598454	46
0.06411609166176	0.680234581521496	85
-0.09359469582083	1.51961977629055	368
0.06387476499941	0.680075755177531	115
0.06425944574235	0.680329466157843	100
0.0637310931097299	0.679980770809146	112
0.04293251769273	1.77751284299719	368
-0.03755393425058	1.36332606361527	293
-0.09393056174379	1.51920956909812	368
0.06425944574235	0.680329466157843	85
0.06425944574235	0.680329466157843	112
0.0644026170857199	0.680176970712483	611
0.0431015813258	1.77762844569721	368
-0.03770632364852	1.36394954299998	290
-0.0378118624486701	1.36379252078282	290
0.06387476499941	0.680075755177531	736
-0.03760070891178	1.36398339516012	171
0.0644026170857199	0.680176970712483	217
0.08620081103178	1.20166581977859	468
0.0637310931097299	0.679980770809146	291
0.06387476499941	0.680075755177531	736
-0.0656648588205	2.07465858416582	251
-0.01976086800153	1.91945420407556	88
0.06425944574235	0.680329466157843	736
0.0867000753534799	1.20229488782196	559
0.0860857328429201	2.17231847731754	88
-0.0375773357854301	1.36403249253072	290
0.0639725545215499	0.67990876897634	290
0.08678835771213	1.20249190202203	171
0.06411609166176	0.680234581521496	313
0.06387476499941	0.680075755177531	291
0.08678835771213	1.20249190202203	171
0.06411609166176	0.680234581521496	217
0.0644026170857199	0.680176970712483	736
0.06411609166176	0.680234581521496	736
0.08653917569843	1.20275414765063	736
0.0644026170857199	0.680176970712483	290
0.06387476499941	0.680075755177531	291
0.06425944574235	0.680329466157843	291
0.08645064175416	1.20255680724847	171
0.06425944574235	0.680329466157843	26
-0.0379173254004499	1.36350371897319	620
0.0644026170857199	0.680176970712483	736
0.06411609166176	0.680234581521496	291
0.06425944574235	0.680329466157843	217
0.08620081103178	1.20166581977859	468
0.08653917569843	1.20275414765063	88
0.06387476499941	0.680075755177531	217
0.0644026170857199	0.680176970712483	736
-0.0376240536077499	1.36312122864312	313
0.0637310931097299	0.679980770809146	88
0.06425944574235	0.680329466157843	249
0.0644026170857199	0.680176970712483	26
0.0640182535977001	0.679923493619259	736
0.0637310931097299	0.679980770809146	736
-0.02088935949015	2.47953133433747	178
-0.09372181303681	1.51955663487069	171
0.0637310931097299	0.679980770809146	216
0.06425944574235	0.680329466157843	736
-0.0376830007228499	1.36387533336544	290
0.06425944574235	0.680329466157843	249
0.0862895971270801	1.20186314230777	249
-0.0376830007228499	1.36387533336544	468
0.06411609166176	0.680234581521496	736
0.06387476499941	0.680075755177531	736
0.08687648660533	1.20254338962645	736
0.0637310931097299	0.679980770809146	291
0.0431568783029099	1.77754673088308	269
0.08661163929862	1.20193259965012	251
0.06411609166176	0.680234581521496	251
-0.0378351067953999	1.36318552916065	178
0.08637822902329	1.20191504598454	347
-0.10158373265985	2.23563275049528	178
-0.0938037946469199	1.51961173035875	62
-0.03760070891178	1.36398339516012	62
0.0429358854647699	1.77714176834868	178
0.04296176249817	1.77766741706154	178
0.0431568783029099	1.77754673088308	499
-0.0656896804035601	2.07545503389663	347
-0.0377652885180799	1.36258062015855	178
-0.0198548823935401	1.91953277486054	347
0.06411609166176	0.680234581521496	205
0.08620081103178	1.20166581977859	541
-0.0198895992005499	1.91929613555507	709
0.08678835771213	1.20249190202203	200
-0.0198895992005499	1.91929613555507	479
-0.0376830007228499	1.36387533336544	205
0.0864667069515901	1.20180019114119	200
0.0431015813258	1.77762844569721	205
0.04315323116387	1.77741737978847	178
0.0258908834492499	2.3252850082987	188
-0.01980984019744	1.91943794220021	544
0.0429033505048499	1.77668918278859	200
-0.10165984105049	2.23543130315885	543
0.0859546202627599	2.17328107851707	200
-0.10165218672322	2.23559361934632	543
-0.0938734044079499	1.51938293684477	178
-0.01980984019744	1.91943794220021	267
0.06411609166176	0.680234581521496	340
0.08637822902329	1.20191504598454	340
-0.0937341399892	1.51972600313093	549
0.0860323913716501	2.1734637475658	267
0.0430980040895901	1.77762892936041	200
0.04301354012982	1.77688689814007	200
0.0644026170857199	0.680176970712483	340
-0.0375773357854301	1.36403249253072	340
-0.0935824226740101	1.51920325643792	537
-0.0656383200678301	2.0750610313156	258
-0.0937914408099401	1.51955240277114	545
-0.02077652508845	2.47977723383947	129
0.08637822902329	1.20191504598454	340
0.06411609166176	0.680234581521496	340
0.06387476499941	0.680075755177531	340
0.06425944574235	0.680329466157843	340
0.08687648660533	1.20254338962645	681
0.08678835771213	1.20249190202203	410
0.08662755581056	1.20280584359077	254
0.06425944574235	0.680329466157843	254
0.06387476499941	0.680075755177531	254
0.0429910849340101	1.77743020942842	410
-0.03794051963478	1.36302875890498	410
0.0639725545215499	0.67990876897634	254
0.08645064175416	1.20255680724847	410
0.06411609166176	0.680234581521496	254
0.0861118705058801	1.20130334321723	384
-0.0940695034672101	1.51831344003887	384
0.08678835771213	1.20249190202203	384
0.0429033505048499	1.77668918278859	384
0.0429910849340101	1.77743020942842	410
0.08645064175416	1.20255680724847	254
-0.09405702977508	1.51811238740091	532
0.06425944574235	0.680329466157843	254
0.06411609166176	0.680234581521496	254
0.0637310931097299	0.679980770809146	254
0.08627311144463	1.20149505605475	254
-0.09391814174822	1.51870041013883	340
-0.03770632364852	1.36394954299998	170
-0.03725988422613	1.36370213045735	170
0.04287742041084	1.7772245011858	170
0.06425944574235	0.680329466157843	170
-0.0378118624486701	1.36379252078282	584
0.0430980040895901	1.77762892936041	441
-0.03747159478219	1.36406648304809	170
-0.0378118624486701	1.36379252078282	170
0.0637310931097299	0.679980770809146	93
0.04304631687858	1.77758954909223	93
0.0640182535977001	0.679923493619259	662
-0.03770632364852	1.36394954299998	74
-0.0937914408099401	1.51955240277114	195
0.0637310931097299	0.679980770809146	662
0.06387476499941	0.680075755177531	662
0.0858745362927	2.17284939080006	596
0.06411609166176	0.680234581521496	662
0.0863619537467	1.20219405785639	74
-0.0376830007228499	1.36387533336544	74
0.06387476499941	0.680075755177531	195
0.06411609166176	0.680234581521496	662
0.0867000753534799	1.20229488782196	195
0.06425944574235	0.680329466157843	512
0.08662755581056	1.20280584359077	512
0.04315323116387	1.77741737978847	228
0.0429358854647699	1.77714176834868	195
0.08653917569843	1.20275414765063	74
0.08645064175416	1.20255680724847	74
-0.0939876081361499	1.51847202961641	74
0.0864667069515901	1.20180019114119	74
0.0258210890425901	2.32418850356345	304
-0.10156081344158	2.23518195212193	560
-0.0938037946469199	1.51961173035875	128
-0.0936644403940701	1.51973031777427	157
-0.01978539997826	1.91966117759799	523
0.0859795951379201	2.17350769417371	136
0.08590122141715	2.17335507772044	157
0.0637310931097299	0.679980770809146	157
