x	y
1.25786518822219	4.40372184353027
0.156534646824963	0.184149901117933
0.861140021106068	2.08814757050519
1.34192940345671	4.24270374489328
0.384770843936845	0.536109596471432
1.70435403682885	7.73699347063729
1.39927990042263	6.34216190377757
1.11979323532463	3.98251156578747
1.39211913227863	4.9752506471586
1.49706903998674	5.00375604759416
1.99939622324722	8.36788004685823
1.47812750424544	6.57176663832739
1.37508418073352	3.95003508773741
1.08254113760199	3.39777586166381
1.86427611725093	9.31099603948969
1.66081974722472	7.26294617824191
0.919004633174355	2.65295035952396
1.05513049116876	4.08704294113594
1.80322214362808	7.84719634473335
1.82587673075513	8.46145809790202
1.48959759194807	5.16418475625046
1.34206252860583	4.24322183230131
1.16554017737694	3.36813802881399
1.3619830773186	4.91132859940251
0.863829549025939	2.22416559493738
1.23253041910176	4.76552152379272
1.10144345519835	2.99252343136793
1.61993151061698	7.6450470925685
1.17153999991372	3.52709534573944
1.58389487362912	6.22070099111692
2.24294341764053	11.3807945474346
1.25293949844006	5.22397813499889
1.28416587237921	4.45683824404135
1.24972717008395	3.62834045857468
1.42246691244696	5.0323230018151
1.65439801811008	6.91078098743766
1.46182707912466	4.94350685462682
0.782428011716362	1.64483995899134
0.557811326074634	1.25328759432888
0.923071212638211	2.53192946278341
1.57004698399605	5.84261337898111
1.12486263010559	3.01445249155559
1.23092216200559	4.06062376407826
1.36333815933233	5.8021150438247
1.23244491333306	4.20929036926667
1.59237519875986	5.53091284939706
1.19010477746125	3.39410777664134
1.14596888133217	4.29986008921567
1.21008821060653	4.84061821996649
1.50811674419349	5.53917563579015
1.33441537564469	3.20822368572246
1.44470784369391	4.21486575612885
0.811690449607743	1.48943020895986
0.73342996626409	1.63872302458913
1.46188535028466	4.94343508310841
1.33951356931618	4.55899737518113
1.30852587584801	4.64879287493811
1.45950001148796	5.75540770436462
1.67672981121065	7.14228355966686
1.46703514717303	4.77755765456597
0.773959645613873	1.9076073423202
2.14884020084972	11.2632139206193
1.73384200834272	7.11345017294979
0.669557942286784	1.50361512145327
1.20040680757019	3.71567887965257
1.79602877310924	5.69026764892108
1.24476064181696	3.45839110866348
1.01760594406577	2.90133553947951
0.814948354869395	1.33606434254704
1.54356811420639	5.6129708830298
0.052745176524256	0.0587428262947445
1.98174043922575	7.28181485216339
1.41199491321764	5.33093606043152
0.901015378093957	1.8057260000194
1.42785682519682	4.87996757107785
1.57414841296296	8.12284205695074
1.45962355871589	5.75664076681781
1.43688482835526	4.55548570094339
1.09272633741423	4.29856732681255
0.66940044809219	1.72231969257687
0.429482693097667	0.661991751351853
0.963566713319295	2.28565813131688
1.57386794000788	5.13371743990574
0.889443801377149	2.94840940916306
0.935612090047021	2.67444228061907
1.64566064102987	6.540449930539
1.3420383517404	3.90782672416805
1.08251857439419	3.39717829782703
0.988141398909652	2.73392145514609
0.850208885304472	1.79888337614173
1.23222275419532	4.62497266131417
1.52447127565968	5.91209163729434
1.72376873711566	9.82556907349624
1.32594416583723	6.25488675343726
1.05940672884104	3.73596327807958
1.13688156887024	3.88362858859083
1.07928059572584	2.97066476211894
1.43694255026111	4.55635019288911
0.909113005947175	2.38735320776426
0.998817598336682	2.87920629031133
1.28297814585674	3.99300233654426
1.36945324469528	4.61324661498127
1.00787904923434	3.02067727413234
1.18370944839151	3.23170913855099
1.33099713333631	4.99584488193135
0.730305530446505	1.19097256229393
0.619009982228173	1.24899549248296
1.58144576131946	5.69221011659042
1.15873106476056	3.20674741979273
1.23234960722313	4.48811889811955
0.761788062260911	1.90015865886775
1.33703945345799	3.38494853461491
1.66245585324354	5.84747793027901
1.10322652773374	3.42880403005536
1.25530697177907	3.95070361061115
1.38606490228679	5.10973207224352
1.77705209401808	7.22187425873506
1.49521333386855	3.91513221730618
0.906152248801333	1.96127128801851
1.31193319258024	4.03504296655466
1.54273042844735	4.89968635083152
0.910869276116342	2.25721037783454
0.531311914931169	1.33732325817052
0.999689445399724	2.88262583168944
0.878195572411884	2.23240995531376
1.11063163508703	3.15213372009867
1.53392986296569	5.76408305646959
1.69306320036313	5.51980615154319
1.40314447141297	4.50289264263477
0.163109230706175	0.197070871577649
0.924213705099241	1.9657475905765
0.990245679679463	2.99665531398862
1.06701088128504	3.98953915694232
1.19337575428197	5.32053768436684
1.52589122536145	5.23138592258762
0.842277332907773	1.94359169721581
1.97491498930406	8.10421559293496
1.14721987954496	4.42660092130053
1.07283514384833	3.63757295859581
1.28350148059914	4.29887274930372
1.48211329449387	5.31858847325857
1.23907916365454	3.28707818715721
1.3691887010218	4.61319785621002
1.47319083002812	4.61231001894849
1.76415265331383	8.09786671123287
1.47447670058133	7.16457973186459
0.755738371819817	1.77793953740336
2.13861866624899	9.99906025528978
1.48195104128685	5.96639265576962
1.2717209386354	5.54587593036091
1.44187152631052	5.39480904095392
1.25440430167485	5.09342932041229
2.03830185743737	7.83094337567667
1.31085961506856	3.86977711638077
1.44852481553248	4.03969175583378
1.08227609926238	3.90833996110908
1.12962553278777	3.60484191670227
0.783795313388838	2.25568750731176
1.05352082476336	3.59833533918239
1.18206030461759	3.9725836087149
0.940533595207758	2.5519659982841
2.0815108598577	9.82235695249806
1.62062898710208	6.30349493934284
1.37505322565807	2.90286242086466
1.6471763752018	5.44343712019717
1.09098094337232	2.830559562471
1.33959853910912	4.55936007246138
1.52061931739132	7.9282003385973
1.84622934368125	7.19680820716074
1.16221216709586	4.07107933591748
1.3879149568511	5.12390388376127
1.74283497097154	7.85685138143847
1.55401678998373	5.46118141755688
1.2836907411419	4.14908418458613
0.800093547183145	1.92401099498939
0.872487391355122	1.9517670938991
1.83634578369478	6.3710368207025
1.46775069657681	4.77953426287037
1.38864279497732	5.86909557099959
0.456132627963387	0.813770426443942
1.82890909155322	5.94976727675686
0.949863231530252	3.51110011927871
1.40070245262881	7.62860769034675
0.887513643230061	2.60890023612391
1.22176258648636	3.59080155147509
1.34063024680671	4.40091526724853
0.922938830234068	2.53111261841658
1.98671361538763	5.9950633266894
1.49664430328983	5.002801990014
1.59367584179849	4.0317943528529
1.448437667395	4.04030709817358
1.72709919644396	6.73005693179204
1.52550829673891	5.22987219173189
1.17126773944769	3.52548505351238
1.66251306761348	5.8487112158651
1.10300480729168	3.42758970478559
1.55148051599987	4.72818375165543
0.926792521212822	2.11944932693181
0.535608255783403	0.838276626832794
1.11489973365532	2.52963077443148
1.98329474355188	10.4707381019856
1.40432299904672	6.20999636583843
1.13460402327865	3.75266575825184
0.774133948684583	1.9084987999121
1.04639222034804	3.07165016248369
1.95173181579321	9.60613444319339
1.85710215491187	10.3569840585422
1.48198490225507	5.31800875669854
0.768313164333177	1.49475080039752
1.07855789185341	2.66525177457821
0.875840135061013	2.47834684070347
1.32774595833332	5.13421923867142
1.21737901979735	3.42917907844829
1.25753811956836	2.9672784783666
1.29777963752304	3.17414803174889
1.52346342466629	5.9043291549087
1.18224362093676	6.16525754663726
0.948511148919259	3.50333985132355
0.7824993997765	2.24967399553162
1.17131114892781	3.5256752215703
0.808271858816851	2.28519488798775
1.30170665961395	5.0683020582973
1.68515812046445	6.63280562931844
1.01983216258527	2.46967568492901
0.551322033152118	1.00359857031302
0.732182035823378	1.50270875651407
1.31152925988221	4.03276907070129
1.20328494680442	3.86535773207154
1.55354315660493	5.45651474841093
1.78431202233756	5.26654645414039
1.23274681099641	4.35260091364962
1.11684069451846	3.84975881254108
1.07352733163514	2.34396350509271
0.945713563370182	2.27804240714045
0.627650926944714	1.24645402808955
1.20977868662223	4.57484731150804
0.999394210098712	2.45636725658293
0.945333546463988	2.12738350139244
0.62778505792873	1.08609279122257
1.34632087552748	5.46872036135552
1.03495649143778	2.63413683971206
0.964282840756362	2.13244783902423
1.88205491262653	5.62199209857694
1.46192509013062	4.94239455296538
1.2567255672658	4.104875021389
1.05555370358108	3.22334100303267
0.68800263658151	1.73368085386545
1.13988940415086	4.0213633214313
0.636064104616832	1.24230233059609
1.20693826573081	2.59460936163606
1.50816546620423	6.66689884269927
1.19445951782765	2.91494060389896
1.58349519424261	6.21770541785259
0.68892900751937	1.5046484491077
0.68165650622829	1.92938839541382
1.3579339006386	5.05350044745488
1.47281723864361	4.6110949216065
1.533754614493	5.76263386624309
0.962752829213706	3.30328326017832
1.23047021095761	4.05666692220927
1.03723425237895	2.92393432635451
0.338723911674679	0.479706282647558
1.00729110578039	2.1516962036634
1.34279973501894	5.60369734843658
1.17561436438556	3.06342500117948
1.2067261111083	2.59313598020399
1.10058810468043	2.35988876797157
2.00572962473666	7.96622143764576
1.01795876083512	2.90315950719651
1.66070378627284	6.39621168204413
0.818170343061085	2.06181884851254
0.927576036100381	2.26676809665533
0.893182523814628	2.37356271226965
1.0786854604982	2.66559985854406
0.910642860149466	2.25580357445868
0.940406202871168	2.55154763968702
0.541165345640381	0.827694327355233
1.48367500136286	7.05019479032644
1.27809678843705	3.66188129323212
1.30597296094655	3.52390108065379
1.1843818184362	2.74128478279494
1.620546987078	5.76672119455919
1.96950264706879	8.49123979504941
1.22595696322403	3.75185878917639
0.327719894600026	0.38556846245039
1.06812224259721	3.50288787326226
1.25490446316423	3.94739615228399
1.31091899735695	3.86993705844872
1.25054193678493	2.79392606813122
0.994512282176296	2.60097091359237
0.673512425904509	1.37166288620903
0.892874133514625	2.37152786797687
0.78273471088579	1.64535631676828
1.84828461587627	7.97280129776553
1.76737357401524	8.80487073268248
0.910141219639227	2.39222416826021
0.63632243463776	1.07772123906614
1.60650068355472	6.43458516150562
1.53383906556516	5.76376025663012
1.47281289813861	4.61124548689115
1.02640717351058	2.7714912344035
1.30187018804062	3.34896951431968
1.27835319009964	3.66234947267343
1.55374963773316	5.45979246238552
1.22940441616556	3.91050519371017
0.604417738718387	1.10932622197913
0.544822014697539	1.00899037113476
0.945526257440132	2.27795545992708
1.50424912785946	4.84016298595809
1.23920916743938	3.28805867977623
1.46724770871467	4.77927263945608
1.69153418703645	4.34307516689981
1.14840479345108	2.2288487918636
0.630760559851782	1.48535164075688
1.40022823116621	4.66783722519161
0.939016554296918	2.91850167234973
1.25512744429002	3.94939137626236
1.00746612472396	3.01747884858432
1.00787904923434	3.02067727413234
0.705913948837561	1.0413740476952
1.60427218650633	5.37072576138636
1.95018077993004	5.30546942718551
1.1706856992526	3.52073149087788
0.981569521417589	3.10817863278708
0.418681951380924	0.713387605045845
1.28399869072618	4.45613578724202
1.22178144751061	3.59092817022436
1.25253210466897	3.78887023240754
0.615478392176071	1.48282509416834
1.37512554402854	3.77415533433734
0.575651784970536	0.968629954621968
1.83687856122393	4.93762073980945
1.61617789139308	5.20223646468805
1.15519074996813	2.7201759949942
1.47815947819033	4.44014557852575
0.811815318552022	1.48947014243022
0.820185182401243	1.79381474216072
1.31080555056672	4.50548817163201
1.20885471510463	4.30245310991344
1.28095047145134	4.73719244204521
1.47305604651577	4.61280946289988
1.36631135524634	4.76670327204537
1.18216298016836	3.9733837421877
1.11684682248708	3.85028693302418
0.433267465424187	0.638349798109204
0.964497830762632	2.13392860035409
1.29784188631409	3.17471311746436
1.437292026577	4.55835700505903
1.10192753870955	2.99462316823162
0.582392283285759	0.959277189314309
1.00791932331507	3.02058224611003
1.57016924207064	5.84312288150422
0.964298595156786	2.13277454256894
1.1035315561023	3.4301717965623
0.261832816183871	0.380037588575534
1.19616382524271	3.55958502951023
0.888984962007527	1.95694101663777
0.954547831833867	2.93891334352363
1.20095440359548	3.71839044586857
1.42920635356433	5.68075926367122
0.705751418002129	1.85596469652142
0.703496139980944	1.35995601132364
0.745214245298093	1.6421706574002
1.34094956334922	3.73618408442605
1.53455975003089	5.06864672622863
1.14648900717354	4.30281054542307
1.43529337331933	5.53846810482967
0.72091525755798	1.5045881815886
0.668232563669858	1.49866151349272
1.23292832102353	4.35266583771539
1.00543014174556	3.26659379397994
1.89737952241373	7.71068338194592
1.78390403430635	7.97584947702995
1.6769783569723	7.14466007534383
1.02699735990803	2.77428910106214
1.04720609599514	2.79264896139203
1.69094429264488	6.09237396571472
1.11089616283772	3.15356349505504
1.40616626046756	4.33807595312193
1.67622051061645	5.10266561275935
0.849362733027406	2.33352642491205
2.06019907969084	9.55775128326736
1.33360328771695	4.85124344097475
0.690383071533716	1.62759147138671
1.45609270785293	3.68860033867897
2.14429582779944	5.14832416662051
1.28102283048609	3.8296690769119
1.46532080218866	6.23109928439718
1.28081019333721	3.8284005151004
1.04902990894413	3.46983716611026
0.989085221948382	3.24064620672231
1.26355319543675	6.31867761778594
1.14060295066595	4.02717080087348
1.58853101063127	7.54550807023888
1.12032998774567	3.98610446972485
1.44425471961963	6.02327252787188
1.10781103470299	3.56706745934496
0.979549823327849	3.34034251998091
1.39206397779471	4.97500865832028
1.20854771783379	4.1658759776253
1.37260747937949	5.53662762763781
0.961781260049515	2.43280755877743
1.11881098347149	3.30995792601479
1.34618229385474	5.46745943079668
0.659348986841638	1.49959022755553
1.59655626025379	7.89069610017856
1.56048144735427	6.49502779180221
0.894217959021285	2.24485990787706
1.36591852977564	4.76520665716494
1.00392228872824	3.85259023726528
1.49971010122618	5.68950877686283
1.13842759350846	3.89404139295038
0.8245626780533	1.64387706203932
1.94933394256538	7.83582755981808
1.37260747937949	5.53662762763781
1.50790376131046	6.66415880995758
1.28276911031717	3.99153680777256
1.40324272870866	4.50436183138764
0.635726567759073	1.2413246277843
0.49130992126336	0.711678847785916
1.52536461818188	4.32061801722912
1.17567917655379	3.06349954359231
1.20620321844392	4.01840612120603
1.76380775573483	8.095428262739
1.02753358683503	3.05050936288828
1.00577204471537	3.268533400297
1.36231717524176	4.91411336875725
1.00856681597988	3.02436762844114
1.04875988756396	3.46871964905229
1.108579762563	3.57274193170186
1.40570320620306	5.46856533530858
1.39211251935958	4.97560858075197
1.11804779389478	3.30591166285552
0.463198623253537	0.797441729183444
0.876127228434028	2.47978883124127
1.36705069284988	5.66172256080721
1.30487175325754	4.93671654350914
1.13431524928532	3.75102341780909
1.51698619832639	5.38842873145997
1.4898684736078	5.16614173002873
1.3778173227721	6.11922438845162
2.02378975178748	8.63735031491511
0.795015146934927	2.47219350630586
1.71850776389139	6.33748823728837
1.91524671663737	8.73339471859507
1.00758375807921	2.75601229961163
0.431573159595338	0.650821392165528
1.08803137480483	3.12266221944054
0.582447779105384	0.959363187448789
1.11199612861511	3.70515653848285
1.39883842703778	6.33909917764902
1.31190404094729	4.35341687015562
1.23241146319307	4.90033508463582
1.40402623084276	6.20699824306595
1.81916344003586	6.93745168655077
0.157213708753007	0.160322086511883
1.3084030237114	3.69730135042975
0.582507458475723	0.959565929982721
0.594911993383962	1.25461058084567
1.14537593454614	4.29596328001426
1.05561709300707	3.2237937194059
1.25676805844448	4.10504750338196
1.11264609052285	3.7104572093877
1.18545306302782	4.12003491597528
1.31802931963794	5.53467762324504
1.53828080941075	7.22266739551747
1.2113190852516	4.84835241887546
0.381529114166407	0.607826761900818
0.603099988999479	1.25429062986403
1.04174197361661	2.48458079988632
0.945976540291033	2.80954449070669
1.61937617969394	7.63856436617642
1.06763959894815	3.5005376665408
0.892898149240373	2.10555840111859
0.721748695710837	1.76238515611907
1.51760190174449	6.53488551645673
1.66270654687196	5.84994299436261
1.56039849152461	6.49457160287081
1.41707920734896	5.18259692995532
0.888804897994244	1.95586017306961
1.67280483501754	4.51303102237377
1.81384414643679	6.53207160437561
1.06766438969867	3.10220029540845
1.84478532204175	9.06328333078864
0.998636612982374	2.8784285191851
0.964557057284694	2.13438186524451
1.05875196286372	4.20993671482026
0.964299883802733	3.07836518827699
1.00829717189613	3.02301923273151
1.37333635378075	4.28865858223041
1.37443483517983	4.12190363825542
1.43249531590587	4.71986785443992
1.50381643031432	4.83725236204475
1.28129203976908	4.73942124381619
1.11712300368255	3.85160959931915
1.45165393143261	5.8910094724751
0.877007215797056	2.48312994197275
0.955343683830578	2.94401371001596
1.42216693796002	5.81264409369799
1.00893996366564	3.02541966925154
1.22930630997432	3.91116022756513
1.19635439304714	3.56038026508662
1.13948685251386	2.87057120391097
1.18249353468761	3.9754436610831
1.56352019382489	5.29705606829375
1.92048818554998	6.31539290986779
0.975765881538522	2.58461912550289
1.37466377677055	3.24707977204203
0.491138535237129	0.711463987231774
0.722511600478977	1.63857437940277
1.08925100138144	3.12944440531522
1.21073505322188	3.25935813758772
1.01365524834254	2.61435153494342
0.9135675873079	2.76276929861793
1.46140912463447	4.94147044411963
1.17593797836699	3.67886101257442
0.691302645500475	1.63047312173343
0.863342743295253	2.22248591042094
0.909628596633768	2.1132001401861
1.03778192512322	2.92656648508464
0.963993524640333	2.28696569836035
1.28121646880035	3.83013095340534
0.979132389401075	3.33700182526691
1.4113165000564	5.32664900412705
1.16622990036449	2.8920159182888
1.04180702758306	2.4847325868738
1.04753498920096	2.79264830354999
1.53401429474829	5.76500565798983
0.755504304608959	1.49643702897699
0.940540157060054	2.55196518873112
1.36893005076457	4.61134836098351
1.45498882970231	5.09606919351379
1.25302966719496	3.79177864232817
2.14822611140429	11.2547962451606
1.99855582628718	9.75411393969828
0.743180232608759	1.99646214716007
1.48977816023323	5.16555822573228
1.41745558538968	5.18595161205567
1.8937139132764	8.48169761052951
1.86632759806414	6.63386956692016
0.742472620102177	1.7664190113703
1.42308725371257	5.03592913103819
1.22580813998109	2.28122626968055
2.4956291151936	6.08650566992376
1.26394267805733	2.14461315627271
1.31738288969818	2.18099538368278
1.14115130781053	1.74986845415591
2.25808270431012	7.12215693670538
1.16182380866698	2.39915246214898
1.72810863564267	5.18066374739375
1.50422715402709	4.84025278029304
1.25649412942745	4.1018161153536
1.72803721286065	5.18137910639467
0.545073414101785	1.00975884810686
-0.722985856734274	0.778904149338307
0.116880140678106	0.103435155645531
1.81961288618109	5.52347421349968
0.315360178543893	0.304548879474898
1.03763420308903	2.92583168337952
1.34082543733741	3.73554802978678
1.62071973785369	6.30435856696157
0.703372690027771	1.35941919935418
2.04437620036234	7.40849293124193
1.54339558964218	5.611156289796
1.61606315548335	5.19999361519026
1.5922789677425	5.53005392216796
1.21308510722233	6.14983600072383
1.16166895269147	5.47861694957985
1.10112324978528	3.94785589333372
0.690464255620099	1.62783820348389
1.18918995050301	4.53095082623858
1.46822504896749	7.29811728047427
1.45907164253031	5.75360726646521
1.19053158862378	3.39737624645095
1.43549752756869	5.53998138900402
1.47829413577816	7.62552850285204
1.84482808687469	9.06594918501796
1.47859197647126	6.57753779767015
1.65281007057308	7.74661520611499
1.80485014716936	9.63155770865485
1.29934594509865	5.20409937131586
1.5179768867853	4.49512671051969
2.0407943152882	5.01165909431129
1.59402247503172	4.03211887042358
0.87160311571295	1.19260194664861
1.39997160659331	5.60550715223536
1.67774972980322	5.68865919483016
1.06713830506245	3.09946115403192
1.73971251794277	7.49340891453181
1.37743277060795	5.40025102371854
0.849087071538182	2.21188075961425
1.0189627605757	3.53462372047458
1.45227662443051	5.89422335504462
1.11858933592199	3.30881402340539
0.455961994856449	0.813390731689785
0.712253504484117	1.63746517224328
1.33696393745608	3.38462287432329
1.56388675776598	5.29964291507784
1.41762362091414	5.1870151337557
1.6008790843691	7.42421718351318
0.880420155393358	2.82560700255202
0.796310449175308	2.37681464188669
1.69882590248706	7.37439902516929
1.21717829990285	3.42849349730434
1.31099305416314	4.50584698353067
1.73181756045519	4.59364467025506
0.965924340820742	1.67062029933896
0.938522897914279	1.50983708575274
1.16195891088649	2.39885541263983
1.71094885671813	4.76092749692075
1.14868410733981	2.22969532482905
1.31185004722036	4.19252663366421
1.41595151636745	3.46629674327547
1.12496046232673	3.01535307702074
1.37343157415436	4.29046082640332
1.23065095119236	4.05888071387791
0.998936562691824	2.87990255458858
1.1943421943719	2.91512385253536
1.34164430634183	4.23960362416384
1.47810276050552	4.439158537006
1.3210575750602	2.35029272011618
2.13039822151761	8.25220361794243
0.926807210736542	2.11859611582263
1.1249115167388	3.46018620644541
1.49139639324038	5.83352235300109
0.635823924845351	1.24166002593925
1.14961776445974	3.03920685821208
1.13974100158709	2.87145990381996
0.983199968382323	2.29698664995912
1.51850915571277	7.0040744583105
1.48549312164569	8.54215663876735
0.881211578635513	3.5767549857573
1.48197274817667	5.96680829282308
1.82538834417813	8.45947625137226
1.07287187893351	3.6377165931467
0.906142048080047	1.9607496207118
1.11739308223142	3.85342407376159
2.71030026463915	14.059877007777
1.08852076851608	3.12633130483501
1.08621913359597	4.04052098102507
1.45217184652159	5.89414464577524
1.25781944018312	4.25648150328883
1.18012945692381	3.83195402791892
0.78183687601039	1.49249586981665
1.22482717678002	2.94012483315311
0.524910711593393	0.647721162928558
1.95262611675125	6.58518473547588
1.19677333865875	2.42337996421774
1.37508013023074	3.95007221438243
0.980095647655669	2.44489059925021
1.53454003326983	5.76668732477841
0.787799694188354	2.67295239736362
0.670305904770296	1.61746782889073
1.22676899989794	3.75583594124926
1.47447741287499	5.46805565046458
0.71434358534934	1.35544064621499
0.914390490930134	2.76670870664458
1.8255747901923	8.09425719439327
0.516042497402747	1.03445684124364
1.24506090025478	3.45879263296177
1.51664996618912	6.52872904797433
0.929533696583005	2.78675005933598
0.688693106272866	1.7366571359743
1.21041485183544	4.5793833417058
1.59239439431065	9.58383965468705
0.938607591863073	2.91603583910587
1.43746801333169	6.15594209854488
0.140788833241646	0.176891105252497
1.46154136358074	4.94231456882279
1.0072427386629	2.15194097611615
1.92289537590987	6.74049105551045
1.9693326517249	8.48879931485135
1.00672926182237	2.75171875863223
1.03470757334429	2.63373845590647
1.45950001148796	5.75540770436462
1.32416315351935	5.26725060527037
1.74567948060713	8.21467531589552
1.26590262628009	6.06294894417317
1.34150677936518	4.23885895387109
1.58012908379007	8.92818534443358
1.84198530770761	6.78803468197236
0.809662882845258	1.64368602509828
1.49131608464151	5.8334875423481
0.84995063178429	1.79827199207531
1.1893585652542	4.66058668938276
1.27834881630742	3.66276997337418
0.860125955422326	2.57506124628059
0.637059248641665	1.37783510324707
1.30654040574128	4.79278796057544
1.87102391180815	8.22574679054855
1.42803061019253	4.88197799234904
1.27441269472068	5.28014549630343
1.43101850358804	6.28979522941934
1.5149508315741	6.05264428157988
0.657828595926076	1.80891236697993
0.779461864769647	2.03266181094523
1.05362360155642	3.59915719163235
1.06785455993852	3.10189941555025
0.561741278362344	1.13879929530873
1.41711959120985	5.18325970526652
0.945288717897899	2.27633899342747
0.683309686972033	1.36845468093058
1.43306974683291	4.72276861112292
1.73410912274914	7.11662803417207
1.8192591043737	6.93845168121555
1.00723052528581	2.75413949095681
1.10150047112731	2.99247724809231
1.249414610271	3.62705453266826
1.10371869499067	3.42885757585446
1.56063042847436	4.55441798085458
1.47474201405029	5.46971376089109
1.46644090836781	3.3410270769839
2.24729842003825	8.27159775137172
1.81968445114506	5.52336532409042
1.82278658737068	7.33366874590071
1.33937969602892	4.55874439076699
0.909564425914323	2.1130848450177
1.42821011608209	4.88302223872832
1.2168248809778	3.42523613408693
1.18383768710356	3.23257966138903
1.31104681414785	3.86977270581286
1.34088258482438	3.73615068985035
1.14305672035611	2.54855686047862
0.433239710360572	0.638292945586922
0.491183354139742	0.711549642705093
1.28274878654452	4.59942821069181
1.75481277351971	6.02074953572469
1.28418898925607	4.15219120022504
2.12973981145403	9.33726216691245
2.24273971657364	10.7391732536115
1.22208909494761	3.59292595342253
1.60456484404946	5.37209976136135
0.923336036281874	2.53335376530085
1.50898619378597	7.12269558700397
1.30532209817366	4.93809335689641
1.12507002286818	3.0162494788099
0.690590988108539	1.62842463211808
1.37495264099073	3.9491545445107
1.10239955070853	2.68115957134692
1.69173204445427	3.7692739654827
1.29774297600575	3.17373053817828
1.90991541091998	5.03920625074996
1.38353784828657	6.00096081595245
1.08884239375516	3.12811058449558
1.28420107401597	4.15045216669471
1.97491498930406	8.10421559293496
1.5217468394007	7.93807498741687
1.41798303475426	5.18919880724552
1.01204979857671	3.3985492217173
1.57163891998148	6.35707368532059
1.01983216258527	2.46967568492901
1.1149578014725	2.52978209897955
0.7559682726862	1.4983294793531
1.26676833334438	5.93149032648254
0.957933172751255	2.56916818144903
0.819138567767139	2.61838103267381
1.25798220508307	4.54832983251804
1.82519320715175	7.72228017338952
0.824517097358886	1.64392506012471
1.19605004768972	3.558837256618
0.958776261396471	2.57049116643677
0.750514251246318	1.89456987753546
1.4199777326368	7.13087175406329
1.4625887813496	9.59825187458736
0.562079080111323	1.71394951172529
1.805019386305	10.327849198333
1.86947344765436	8.59473246194953
1.05584689969777	2.64828397865193
1.23117363639995	4.06256251189718
1.54835166382467	7.56750911224877
1.0412217458927	3.32291481945326
1.12347547975991	4.12102705689973
0.659966357441313	1.5016387603698
1.21015460621341	4.44455598337669
1.06109257574529	3.35867434029215
1.32860493909542	5.13846963324441
1.07715680535337	3.76952286033082
0.878915805724887	2.23564897020453
1.64827567947616	6.00634422256464
1.42255198443164	5.03352855152325
0.980735439632044	2.85757913507491
0.762163096485033	1.90215004562253
0.935818883010137	2.67470062755074
1.42286209991422	5.03558835411047
1.40590537033058	5.46906420253884
1.25549236300829	3.95156967651117
1.30561483120103	3.52460590475765
2.27422901417053	6.00001126920277
1.56466412871088	3.62717134061429
1.00370144173406	2.30735009418218
1.27809678843705	3.66188129323212
1.21737676857031	3.42933786708738
1.22476328735176	2.93975071155827
1.19059032465221	3.39709305219532
1.33972567947531	5.73649105865341
1.46606651353994	5.60694317698814
1.13377906572765	3.17827335754614
1.07964514894367	2.97194992539686
1.18480237687116	4.11817190258867
1.17549091088226	3.0629850068107
1.23207235619327	4.48535923029164
1.60397854249739	6.93990467371485
1.4511396630729	6.49797896194856
1.17611437578433	3.67985541986095
1.75170819516435	9.26402855989361
1.22627663347451	3.7546612175023
1.95243460699764	7.00939319300113
1.66994443056499	6.77732198659273
1.04917129015179	3.47059724515759
1.06725243949277	3.49841735598143
1.00842864834563	3.63226591250632
1.18744136788958	4.39239790137454
1.4489944190338	5.250877049658
1.47973138803197	6.58439037649464
1.0490973995045	3.46996658456645
1.58247762142156	6.71752218418425
1.01879842358322	3.53383783299047
1.58423087993045	6.22219063421576
1.84855651103926	7.97428861996116
0.516306246515317	1.03504803213315
0.943365821305269	2.41755799708365
1.29808324618679	5.34476924473912
0.912729056502032	3.10183326313098
1.00570493729126	3.26806665141544
1.59355485585657	9.60120243911087
0.880121222846101	2.82400081132424
0.826740461943435	3.04600649457653
1.39454515359672	5.74149852455203
1.18701412091614	4.2600814477528
1.18239080878709	3.97488904363766
1.14927946276873	4.55972461955523
1.49645688179932	7.8444304216292
1.25368406792177	5.08767324945852
1.25695945681345	4.68665032248603
0.878921993862113	2.23512952926182
0.768154636967286	1.78358825421847
0.619074878981281	1.37473083174364
1.23219815770417	4.20940482163056
1.39414114129018	5.73789420854645
1.30414435757642	4.93116346026842
1.46121869741855	7.42060439507788
1.13579058246257	4.78007353526122
1.45992860964347	5.75502822296295
1.37039440073449	6.39388708039915
0.178705224020182	0.232397194744132
1.98383805105717	6.85615836135871
1.65880930881363	8.09942784629719
1.39579962095817	4.82023953435795
1.25570941746144	3.95276911240828
1.24962981470056	3.6281812217215
1.34216118719539	4.07695280587323
1.21706018505694	3.42815870182719
0.927178818928917	2.40765722284506
0.834854698230032	1.7965108126013
0.8245626780533	1.64387706203932
1.34223926826845	4.077431552845
1.27822497244345	3.66256177455345
1.3392883351055	4.55853507537338
1.18383989799365	3.23260171943195
2.21063230939833	9.10253482949634
1.31077775986559	3.869265684611
1.10795871596977	3.56903832955149
0.650416727133086	1.49834434942262
1.89246342811918	6.47229791940649
1.76450035823031	6.43132999926248
1.37512839701424	3.59885296943492
1.14168337377667	3.33937113237272
1.49666506427059	5.00284681849494
1.44887422524394	5.25005031549894
1.34075259036525	3.73515686221012
0.889179504448411	1.9570288978336
1.25059827838757	2.79432005756573
1.803702702426	7.851582280548
0.714284703061673	1.35511979939653
1.12513164462729	3.01676564924621
1.25067608057605	2.79398828415312
1.12810027032726	2.70019028921306
1.04239945856597	3.33069141579346
0.755383393781483	1.77672928124994
1.25253210466897	3.78887023240754
1.67564676170694	6.24960941014087
1.7615816755711	7.73382827494223
1.7210688797475	7.61616804174994
0.9581672182632	2.56910355738002
1.64536085833276	6.53851636214006
1.74827058523195	8.56768160358764
0.721169103083725	1.50513487857665
1.6267029805713	7.17287419385635
1.25685512606717	4.68634635850722
1.60322107144526	6.93013802131762
0.878218222805409	3.24879855164583
0.978732519315471	3.33582487070623
1.53947425265985	7.22965370790595
1.2494990799855	5.47477141166549
1.13795560580975	4.91070360000084
1.26129466970285	6.70624780060487
1.60826868948403	11.0507216758803
1.97202111610498	13.370168595093
0.658016913655681	2.37117651397633
1.43885295692098	8.49481077460977
0.70045472410419	1.94963423322753
1.22959406259767	5.5519305386076
1.66048312812145	9.24272482721009
1.31818384606492	6.64011841413234
1.43716723739952	6.74914946669712
1.26639899629296	6.06628080119198
0.603155734262808	1.2543826327803
1.44306437974732	7.78971099239799
0.0947481234327586	0.140886646183735
1.12827683795745	4.38242023315452
1.82020350460209	10.9038309666557
1.05093250267924	3.95884076671258
1.16960198541765	4.6143657056121
1.17402126799092	5.13536891662302
0.923289122075124	2.8933033650728
1.33146311663792	5.99070748964835
1.87757926716377	10.2624732514409
1.80380574061368	7.85249198447537
1.39531050276301	4.81527103574023
1.37736488223755	5.39996228152432
0.827431963994684	1.93637743599247
1.18396595937642	3.23267817083498
1.37172678385214	4.45456989195621
0.923156573348887	2.89248715017322
0.63999335298004	1.49025933942371
1.61744865653873	6.81197253773031
0.898470874637472	2.74062280407151
0.999258065305475	3.13691891416706
0.61983823665015	1.37698545344524
0.988594608945443	2.73501196750429
0.861635032649556	2.09045845577034
0.941566127835126	1.81543933618433
1.66053255184847	6.39422035882603
1.28315019654209	3.99344037643253
1.12543531986574	3.01761703880535
1.11146805232321	3.15416768341223
1.56051358620016	4.55352635504345
1.13035749668979	3.60951244281462
1.36292231502168	4.91726179963792
0.878497509135594	2.36300152222694
1.71615672516041	7.24965343458711
1.51812650394799	4.49633435727347
1.21725569807821	3.42906745463368
0.849960621085919	1.79796159546349
1.11085919671013	3.15352191711075
1.87478877215141	10.6069126179282
1.25539966057234	3.95124452804114
0.961318445438062	2.43136345668393
1.91177401531175	9.1040400544475
1.18384210162879	3.23255471210259
1.69978774651962	7.38225481661553
2.67396388742171	12.4575408459436
0.761471291001337	1.89890252636627
0.926535052632155	2.40565094728975
1.52720852737914	6.40450961919615
1.18466133299189	4.11770805518059
0.827583663263246	1.9369690208562
1.23211116169205	4.34759629126169
1.09281937043837	3.67653263433689
0.715692859228575	1.86285748060486
1.78308778197114	7.97420551607383
1.33089600142615	4.99540741757405
0.834667474274456	2.31514627291206
1.36708686282254	5.66166865296678
0.898219293915327	3.07331461701301
1.13441749159576	3.75126767143774
1.4659233417768	6.23638483017356
0.742050048864412	1.99137163146173
0.834069613138234	2.19669380839988
1.53959954946242	7.23066957269125
1.34210691314871	5.59873838665212
1.23305566209155	4.90437764621581
0.664722255177613	1.91241475825706
1.18744814896575	4.39218280892673
1.13618649200718	4.78241437883619
0.825093806054815	3.24503065959066
1.28486374528637	6.12189041347499
1.33218517686662	6.95955317914469
1.11049675301745	5.07589027842995
1.17854243164059	5.6550460524988
1.26014631729486	6.9628506667275
1.64373003692807	11.3821725107845
1.6976903574119	10.0485352361174
1.09887884712546	5.75240999600965
1.22887971817384	6.58661404121776
1.28634154429386	5.99100612136092
1.17425044140067	5.1364003302183
1.64906063712078	9.36027385039967
1.11986619759177	3.98308915811641
1.59356511104708	9.60206486108925
1.14182310066218	5.16898693737319
1.37233449615373	5.53410026239113
1.49165748987281	8.41651987199314
1.07538271262178	5.21090072841143
1.35873438314524	5.93018820252835
0.604036015217738	1.75477658930722
1.11976346384724	3.98242425583634
1.50162554172555	7.25981926614736
0.97924969575195	3.33927828264631
0.417932274060622	0.846194881355216
1.80433743186769	11.0089801623652
1.51729243378614	6.53512132371731
0.378663889921033	0.626586070641941
1.13127497374198	3.61087985144385
1.54836614570607	6.13276967176655
1.26946375336757	3.31659639660859
1.30933913704078	4.65442285232013
0.892974863854382	2.10608155572596
1.9418010560257	8.61713175435529
0.975882195201154	2.58519508385059
0.878109331298333	2.23175141382336
1.47286819668716	4.61150527786964
1.79209188391484	6.68313203882258
1.53332604066086	4.14548919153258
1.36582765355126	4.76495369565587
0.769934706531709	1.64576938958492
1.81924038850009	6.93804477325262
1.195573897047	3.55401884818611
1.31067991529104	3.8685905789161
1.06848049034849	2.8110677348286
1.54892957612023	6.6232116151418
1.69351543650596	7.01479633317764
1.23180282603482	4.20665398437164
0.88710611270179	2.60673743691374
1.31242571911403	4.19708748671477
1.2031137234416	3.08813908243841
1.19614531622192	3.5594226409694
1.67632135243695	5.10373339806472
1.43713712847986	4.55785550295766
1.73836951857739	7.48453010105098
1.01935540454573	3.53639480446779
1.01826912284587	2.90422533444797
1.54793763073359	7.09155380395435
1.3407778631876	4.40134271665468
1.64485593174462	6.53083709104101
1.51814027621193	4.49642319854097
1.27834802783372	4.86530790116523
1.12532108423473	3.0175232308506
1.41166441636486	5.32952679694595
0.862982234115609	2.89962444297489
1.07941620120964	2.97127959263754
1.43326381449346	4.72073093895554
0.87254958076067	1.95207005029701
0.506621866070038	0.897172202464794
1.25268392597749	3.79019032972867
0.970362288734888	2.71548080803587
1.66253212065124	5.84889621729703
1.24925971956583	3.62629894537663
1.33038692459017	4.99098527377887
1.0146034330104	4.10876015628075
1.98906704060668	12.3525156341365
1.33372841567593	4.85226085539132
1.9645170013698	8.87990618019812
1.49977218374885	6.79783250164662
1.11760189754012	3.85406382231047
1.60833344774315	5.9246099260386
1.20408355773651	3.87009992461896
1.00854423527159	3.0239077378994
1.32788694496988	5.13481826949312
1.41599359776674	5.94722777178467
1.13858940255372	3.89453784007166
0.695659780840047	1.84663583649823
1.42579105432758	8.86267518918357
1.18812669342123	4.52468403840198
0.773787560036742	2.44417763444298
1.05086007513883	3.95874052144632
0.980672858960342	3.10431870032053
1.44298419009998	7.78777946443525
1.27729135235413	6.75592098804913
1.27241198884736	5.40959133180075
1.23002108675064	5.8190173253783
1.11650323838597	3.84797760809141
1.14978250576411	4.56340586343567
1.55500840486842	8.35982158888871
1.48277140640551	7.04557245094677
1.53213275802105	9.625679819667
1.18452030380797	4.1161060635498
0.849362733027406	2.33352642491205
1.30767496445529	6.06089435621416
1.42289828667254	5.03583111633887
0.813868897868007	1.93188957524079
0.876781754451176	2.4823978961444
1.14328214288921	4.16302373102141
1.06781953143221	4.4790389856088
1.39893611272922	6.33945973220649
1.35474083963731	5.19781027133911
0.750286177275226	1.8937240555003
1.49329375462242	7.38178039065735
2.08509484754876	12.9684933767414
1.68888800083846	7.86526316382885
1.73663901741814	6.18261206202314
2.10632297649877	9.06251651553562
1.73915464283905	7.49187262224777
1.21049089850733	4.71254570405476
1.07786609160803	3.77422810407895
1.34524731275653	5.4575364405292
0.738405848239819	1.88391503825948
1.36235752744	4.91448355129063
1.25274231439538	3.79059775085728
1.23110403830485	5.02753844509755
2.0105173786476	7.55644836967632
1.82300798970566	7.33582877441966
1.41512412053413	7.25914779945848
1.16147271673935	5.47538001773775
1.12057223546651	3.98798202540162
1.71620236897446	7.24915020741981
0.602624065779052	1.37152652946076
1.63157320878246	6.68034580436735
1.19137204631115	5.05496379505955
1.6444542852837	6.52400022487978
1.34227522241025	4.24233807895431
1.57041860133924	4.3794235940616
1.14796695787602	3.49391724275596
0.972218850303355	3.20905277831191
1.21079205002948	4.71420993883234
1.62146922731854	6.3071699096084
1.9526279495913	7.01018443091148
1.23272600205872	4.62953209332409
1.02762369986886	3.05074176631081
1.33426425420082	4.85511924536375
1.6325688114219	8.33260334237602
1.41743927721323	6.53468667361531
1.05944766618249	4.21701490410304
0.771499958308449	2.23807508926082
0.552883211618714	1.52651213450198
1.45073487215343	6.49086450323879
0.582301949504375	1.45845398270536
1.25572641087569	4.67793141250554
0.981870794716266	3.917714038193
1.52717740153324	6.40437822319016
1.45655042440671	6.96208227227996
1.43745697904986	6.75171101396613
0.808094966315159	2.39177637899461
1.31806567573445	5.53415173599879
1.24863137196747	5.74384232107901
1.3342241107714	4.85542056444181
1.28104185598897	3.82980155156748
1.43257458628211	4.7206697775108
1.23245430576197	4.48893259277557
1.34237362604515	4.07720874906329
1.23286318357427	4.21223632483431
0.956729777485744	3.411645547609
0.94395225295132	3.82914323451562
1.27369981871143	7.26915018434068
1.42046690178052	7.13360339472019
1.17616840949902	5.39471644938089
1.12505607368022	4.24389534895346
1.71505533089331	8.79162814716267
1.19073730967561	4.92453829057604
1.33399628841896	4.85406557428953
1.06059391003229	4.22409570051376
1.08007900044024	4.3915802854216
1.15209947317213	3.63994999433186
1.23167390298042	5.16498872439976
1.32079395815841	6.51365083356452
1.30070522015503	7.90623583344781
1.3055259339584	4.93979114241671
1.00776944756081	2.75632824698555
0.935088264426613	3.25729825734571
0.709798172522478	1.50480982449099
1.31184394741625	5.79319780913977
1.25213894937489	5.21966803480216
1.11635039540523	5.33872847355939
1.15260619420152	4.8194569782759
0.867237514714844	2.80430443223525
1.51814175876041	6.53809404471528
1.63848064786041	8.67802483692347
2.18805405870652	12.4174647002191
0.749521558430064	1.8906273858527
2.11825497810081	8.66300285950729
1.28240676668368	3.98747754807446
1.56384705577025	5.29957227990275
0.735047731225037	2.38833802146117
1.41084813287607	6.08334981615231
0.666632851108986	1.81735417019912
1.17664359729903	3.6816485167932
1.1196607454456	3.98158528987865
1.31226058854677	4.19634213108424
1.38178631978607	5.25795291662537
0.734908990788705	2.38757506673631
0.933573666840542	3.24920600666907
1.23218840968597	5.16875823102085
1.68273777729003	7.50262275716473
1.71667759860842	7.25321375259299
1.68342200242113	7.50814496851773
1.40391095941852	6.20535988062839
1.49654808351122	5.00189258595924
1.24955167405524	3.62804073830375
1.61936590632978	4.44361724106418
0.535548204691883	0.83814851711813
1.92605200760954	9.7032469211674
1.42785110519509	4.88065172610164
1.11482426027588	2.52896364447139
0.750286177275226	1.8937240555003
1.06775889679999	3.50187617060155
1.62072183294533	5.76761365047043
0.541159306434424	1.14317861148819
1.05389548207227	3.60089353084165
1.49046787258505	5.82786871463787
1.16350262629686	4.0780466685326
0.929655664975721	2.78732759284428
1.1378555170003	4.90990718679182
1.55530200244999	8.36413371491086
1.39579962095817	4.82023953435795
1.01665270908599	3.16344634596608
1.27189836171949	5.4045635324451
1.1947354503436	5.70528863932025
0.731584916884809	1.98318226794998
1.04217902223087	3.70319425196506
1.58178258151089	8.46443047581305
1.11238242307135	3.70845421308716
1.27453800673611	5.28131528046867
1.46608942033853	5.60696926074244
1.16647069147895	5.98717954523385
1.33377760209584	7.91427300950641
1.11856709607605	5.46593083416699
0.974631544401838	4.01262696548845
0.775459187386196	2.54940333710311
1.15487728652308	4.95550198477152
1.30730298531816	6.05833952084043
0.925177506595704	3.11936563893246
1.53867268172236	7.6918901917301
1.32321370994768	6.38361957687677
0.820744817242813	2.18570587436843
0.989488146934115	3.82033855292314
1.48521507406892	8.53756674561792
0.530117857536502	1.24271483635761
1.02018926623423	4.24075483194531
0.94358803581558	3.82671160518117
1.95111403769001	9.5989913679122
1.58429464767945	6.22257021303014
1.50777288764268	6.66218728061532
1.4021554248482	6.92565873293676
2.12072171946128	14.090168593436
1.65491597122824	6.91343591548805
1.68730946971977	7.84985032667921
0.71126662519095	1.63435273394712
1.33358570977777	4.85023186935683
1.3616661867458	4.90876899044754
1.37325697697182	4.2903436958261
1.82545099414625	7.72403046117699
1.20605336421274	4.01645801663234
1.43144504742683	6.29102100221608
1.77466533666906	5.85651231823217
1.2245781650323	2.93862288410883
2.13040253874739	8.25188929601667
1.13033457581841	3.60915258517293
1.66931302969291	6.77257810092372
1.59254372956532	7.07467216086072
0.671411952230937	1.62053106017507
1.80345100364097	7.84958094686326
1.21711924669848	3.42853399942651
0.879365352635206	2.23686930566063
1.01218155123498	3.39967039089913
1.74235161484695	7.8522761015649
1.00151196063828	3.49706210089305
1.05509232336391	3.22109964203015
1.20618019087764	4.01786613544113
1.49600907491042	6.32051583177732
1.06134121727009	3.36017279995904
1.53388127820856	5.76417049649403
1.31166321873499	4.03365873969031
1.44514064615357	6.02906613873471
1.16656075490611	4.34723300407441
1.41656362690406	5.95108495796668
1.27311067058366	5.41402567542527
1.20954451604381	4.44076189499144
2.01639031787302	9.02766260924803
1.1249115167388	3.46018620644541
1.93628173287617	8.98244773084568
1.60859979437863	5.92613378993684
1.30431694542112	4.93279609431406
1.25785379097056	4.25819511476361
0.587680949590036	1.25689008138975
1.33794058960688	6.70547912158846
1.78709917984154	9.73779593820316
1.39943918822871	6.34282705350342
1.76030898763689	7.72039896701098
1.11450644578599	2.85022219972482
1.64705748542877	7.39905966834842
1.33932439129111	4.55796929931618
1.61574489399903	5.1974668188178
0.73205141119288	1.50269327423105
1.13964555162095	4.01760759372261
1.18625910821874	4.25651190050068
1.23300343905344	4.49315325219511
1.45585560744576	6.95520921762748
1.64711422043635	5.44282096871754
1.11497901871277	2.52927575083045
0.861349087472546	2.08934188663237
1.11076391701101	3.15302767763851
1.40434929213721	6.21020977838301
0.923426578822795	2.53369985378213
1.626972921314	7.17484892870249
0.806241422810414	1.79098008674424
1.07855993937611	2.66524566984895
1.08897259313907	3.12873899008208
1.1757190496307	3.67713022804537
0.961473399336504	2.4319310938575
1.11040142802286	3.15005350386782
1.22923082743355	6.07409172084055
1.34355337994062	7.41461098752807
1.03402230097349	3.91748209355004
0.807520524362835	2.281735246243
1.5922205555655	5.52983727758094
1.87137956626012	7.44783627217878
1.40113713279543	7.6337636004688
0.806532048425113	2.80079599142249
1.52799798234182	10.6392669494434
0.917631629459152	3.54891077396334
1.33447445592592	8.83950442123766
1.45339534813861	8.69676062246981
0.956132130458116	4.07605549556923
1.37618004923356	6.98035133508354
0.994912537319086	3.94536403739556
1.22939616213205	5.68233084752751
1.45477864578882	7.54359303142679
1.27401674691105	5.27694414632
1.38900018203027	5.87278661404635
1.82136655507719	10.566955876076
1.09985044301783	3.93891056387864
1.06435777537062	4.35218942236467
2.02954057542663	10.6411982805957
1.16696844037511	4.34690483552741
1.28078518522854	4.73565869003452
1.58363971454742	6.21811154475242
1.49363117376957	7.38491872025196
1.58315939524711	6.21420753862661
1.45773749086858	6.36245244572416
1.27815648028735	3.66228808069623
1.8958163114848	8.09960270752102
-0.093531559084649	0.0869668426385643
1.34076045834452	3.73526068277436
1.25761842388711	2.96875482464354
1.28288288391749	3.99245098425427
1.4967990695194	5.0038568269304
0.824402304607616	1.64349677074072
0.945794744479203	2.80947095724414
1.27591439480069	5.14583794523073
0.849728177605413	3.60460925757036
0.944036606691027	3.82893212932104
1.05479823314222	3.21904990387511
0.876127228434028	2.47978883124127
1.46182707912466	4.94350685462682
1.16602444288847	2.89071119350298
1.27778527088769	3.65725671398079
1.28386474706668	4.30234989238399
0.612062234475081	1.10225687790027
0.767170721887279	2.02101193660903
1.06836827671218	4.00010287141964
0.684598843111776	1.83240979359669
1.44466747873542	6.02676442705122
0.79690926670736	1.33632109877248
1.0559691031483	2.6489133151174
1.2742499283621	3.49068359705404
1.20304098220667	3.08722607660361
1.06464186729785	2.49779176122135
0.796838104503555	1.33602971578743
1.41062648458183	3.99421217883771
0.879051387634745	3.25476195835678
1.47345643291697	8.78104381097252
1.27545235749628	7.01500675953219
1.35829697695646	6.77570192645152
1.3689671717187	4.61242958669208
1.3729094997764	4.28811840275985
1.29487930419948	5.47199405542507
0.87254958076067	1.95207005029701
2.07367230838249	7.68727979639483
1.14968213046603	3.03952392403518
1.13608455617023	4.7820290257583
1.04696042106439	3.07509931261893
0.699363914830492	1.74535436836095
1.31189380293731	4.1928553336749
0.796211395998282	1.49056323158423
0.837742806607448	0.878096504293841
1.89687344595886	7.70968375027087
1.58435756162184	4.9632897707838
1.87141716674883	7.83639165889205
1.21596861137496	2.76476701870535
0.91910696792816	2.65338175979031
1.09719018772117	3.81288459559509
1.98192472117225	7.28220865618187
1.44130173519188	4.3870835141523
1.58124189732011	4.20422643827882
1.31199584436242	4.35383696688367
1.63338485694141	8.33979698393003
1.01293821197671	3.75318545232257
1.30474787556147	6.18551549802078
1.31859664175763	6.64225294477107
1.1418637764806	5.16917230625
0.975236431587679	3.78633727003622
1.35161295369483	7.02930985849129
1.23108609416034	5.29458217311615
1.77252875366232	10.5301628080847
1.1462608404579	4.30170442600466
1.68656434982565	9.02182459641742
1.16307043866791	4.07636909754632
1.72537670806791	7.97879232983741
0.710896727478149	1.96276731342414
0.980605351903514	3.10394544991649
0.53358929233545	1.02234000282673
1.23192876881675	4.20758355126656
1.03755418261155	2.92579120640092
0.948276066044866	3.27878244985408
0.766764957062664	2.02016662110954
1.10152363448313	3.94957997640274
0.296606983914011	0.416476556940298
1.71054044961082	6.87637016433786
1.18212285808582	3.97292720205772
1.23112498154906	5.29765885793296
1.21066838119621	3.25940951409548
1.27575029468334	5.14455554982599
0.858668799625272	2.56875831385687
0.640900258415804	1.49378365450523
1.65450059248474	6.9105826932799
1.35937743184412	5.93608962513583
1.13366394722368	3.17753687352988
1.35902212653922	5.0576800011731
0.757525919375893	2.11626528422303
1.48566353499339	8.54433382568766
1.13110455885642	4.5173000024975
1.35947601566976	5.93671188561536
1.43595043586905	5.54291861254735
1.48174731060646	7.03678103612188
1.1165399831875	3.84802314837967
1.00856681597988	3.02436762844114
1.55679757221318	7.9060666804203
1.22220630373697	3.59291265830209
0.83210211010547	2.07152442452279
0.557171148567414	0.995542922244701
1.72430018251306	5.76855199712696
1.53820918021762	8.14757736423204
1.62618791001112	7.1723460148065
1.25648078415372	4.68377602236939
1.54831553916518	7.56899659891457
1.11670572873851	3.84924066734663
1.72448953231516	5.76950202818204
2.05782793482476	10.5341982183933
1.06722394131063	3.10023997041756
0.743355993668798	1.77069160082539
1.09648708245786	3.2786846624483
1.16586243513558	4.34246034575965
0.292148200000682	0.522509817782634
1.17857444900165	5.65538797009548
1.25700733354958	7.46043581996863
1.16763390476574	4.47735457110033
1.62045070119518	7.64882342106803
1.12859693069683	4.38514078806228
1.14840745611356	3.49495550429103
1.20970696086463	4.70571732858562
0.744170639721759	1.99968630770592
0.816974380722903	2.92399974683243
0.846840537587245	2.44093869969315
2.01951664837516	10.0259406995603
1.50408967382363	4.83965330395147
1.78418622291885	5.26511272704341
1.64702093743617	7.39954836224697
1.06123474639316	3.35901346070637
1.14734272818941	3.4910731812453
1.52365356130528	5.90636101908189
0.882809648942843	1.80229208041483
1.1007884921992	3.9461425313651
1.55891032685714	5.98942029348068
1.00768264697958	2.75571996048639
1.28905785791605	5.8678814750973
0.926083249204714	2.40314395951005
1.38366382211098	6.00214033526414
0.99855278228076	2.8777516251163
1.24455917290692	3.45647709085982
1.19284717950203	5.31631462689747
1.31805596402414	5.53527222836846
0.87696920072166	2.92898600744818
1.42253886122848	5.81574245959904
1.22203254868877	3.59254608930047
0.808363195950687	2.3927987902669
1.21024978772138	4.84213211259351
1.53705443769545	6.26709191557808
1.10911621581381	3.57432451355404
1.33438939613292	4.85613754110502
0.703615397366712	1.36026897798648
1.20992302944078	4.96958019052431
1.08177271772134	3.39379511980366
1.2307231547284	5.56011636941147
1.33331295948668	4.84851207174776
1.4156236063009	7.26154566414568
1.25358241460084	4.94715716540323
0.773215410125092	2.3440335784072
0.914667067177947	2.7674653039329
0.689460711923144	1.62349307721273
1.29988383893557	5.2081868711213
2.14826247373587	11.2561832223836
1.11097297260113	3.15396323124713
0.57182781979136	1.25394054125378
1.32809548191724	5.13486013202319
1.35898208643159	5.05902239271812
1.05406460297357	3.60186618470131
1.40065840132094	5.61043963156653
1.7566190469949	7.34415309721998
1.7206613003507	7.6118176363654
2.28244449664509	11.9407060275204
1.84223732090895	6.78852215950735
0.910275889735939	2.2544944533164
0.876693612631802	2.09697903172799
1.13791651068464	4.91027685647611
1.17443767899248	5.2580627240809
1.23016269545381	5.42395124863867
1.36614254686842	4.7654360601697
0.972480197349551	2.97085131343194
0.862764662784665	2.21961601632615
1.34722747519239	5.47330898435422
1.66969569639696	6.77634150114256
1.17566398463682	3.6773797154673
1.53367012923697	5.76109755498863
1.49971010122618	5.68950877686283
1.13145639186986	4.51909078625888
1.40062161212327	5.61008177587495
1.23196980463394	4.34637434634722
0.946161929349588	2.81100798381779
1.30021841170621	5.20981903717686
1.51748121897943	5.39084169492342
1.09371152518718	4.30419595928643
1.13029412815879	3.60918817162808
0.899508063913107	3.07930394154732
1.15126304584853	4.69229114329042
1.05853810148831	3.73118185592065
1.25776245799509	4.40340597939185
1.36846904741824	4.6088662697394
1.34192263495882	3.90860161520758
1.35922694283398	5.9341939372712
0.903726693917503	2.63379924315395
1.33432682918846	4.85567020783356
0.850080745531863	1.79872670516036
1.55839589466392	7.44792540391925
1.0271695639418	2.77445566974504
1.35037350369266	5.33321555308363
1.28185944074417	4.74278244669485
1.32757425660841	5.13286566179877
1.31068377126478	5.93367673604231
1.2325259882719	4.62778840923664
1.05913115676464	3.73523196040852
1.40024656244596	4.66781506657745
1.37507809340803	3.9499617444565
1.38246165720796	5.26352983957565
0.866429769701598	1.49187230449898
1.40047584394278	4.66855761017171
0.820475276092207	2.40766517023439
1.47452882761422	7.165459608013
1.38158329844045	5.25575122673331
1.12687009378577	4.25801816632977
1.92165179946042	10.0639051108658
1.06840465017564	4.00058868560969
1.12805497787015	4.38043705977508
0.765014823302404	1.33974195588874
1.34249152997515	4.07875910636238
0.199551257810985	0.2431627821579
1.09798129743622	1.72769840313005
1.04842093104206	2.32930286234792
1.41619798451832	5.94814378319387
0.640344372701908	1.49181189553672
1.41741515188771	5.18566533062074
1.92159821856998	7.96958345247987
1.4411066801052	4.38846576461648
1.3914995308281	4.97074453497839
0.92685499244088	2.11966450935025
1.38754223962614	5.12279892007063
1.89672561419208	7.30808484924542
1.63442906933562	6.15903385911176
0.378515302143605	0.626233532132039
1.44395172752017	6.02087243621631
1.14759953104291	3.49262417282621
1.3088179443525	4.6512071026111
1.10161804040341	2.99356375307738
0.606031606995858	0.932495209161973
1.71831928898022	9.13486818846934
0.615575546688597	1.48346097538651
1.74568619642274	6.58600959882736
1.37479971871602	4.12166826581618
1.03719115261388	2.92373162922674
0.597378670680134	1.11673305021838
1.3124807810209	4.19788620929792
1.98532314491039	6.42712615483005
1.39215441325905	4.97575649919126
1.86253032722391	9.67069689692686
0.847663353187296	2.44507458512233
1.58421361925938	6.22150492381189
0.751024113021016	1.34296881304236
1.30575841465463	3.5253785388805
1.3641007510592	5.80474779764598
1.29517504516346	5.47469132099677
1.67627781055841	5.10327020853583
0.924002648957964	2.89652929646061
1.40616626046756	4.33807595312193
0.923348351883388	2.89246923431753
0.906095177938014	1.96106895568355
1.67744096089199	8.32406895669082
0.951818123103426	2.69044854101146
1.46642144836998	5.6106279673245
1.4587855680464	7.98678277945872
0.963267050125139	3.53758347683385
1.25793913898869	4.54504676630098
1.35188314049755	6.19674614343271
1.27781656795168	5.01299368432093
1.10774141597462	4.21294344634744
0.813868897868007	1.93188957524079
0.760084094288168	2.22326112268359
1.9270999990322	9.71381852931395
0.641423862440604	1.59664235058404
1.02966863143569	3.79269687179848
1.3947870289675	5.74204325383572
1.34081554888825	4.40254639439805
1.61356533829876	7.30042373137175
1.03463777347724	3.18744704411917
1.58136185898172	8.45845727414224
0.773316977973413	2.44109008783444
1.6385270798805	10.2701497374831
1.20534472813718	4.0114311009756
0.601416596228505	1.36731140672711
1.14197064092541	4.03380754150863
0.793081097107693	1.78885881989746
1.36332059970446	5.80028470777158
1.34109360449532	4.40313349881749
1.35156354783947	5.33901714778086
1.36581887856912	6.51992347020671
0.97766654307355	3.56706323503689
0.769914678084042	2.13255197005486
0.862807156088527	2.21985562561185
0.42702425597472	0.844344853202187
1.16605880943623	4.3442356981997
1.10587175345058	4.82143400543364
0.948089282665756	3.05113555156615
1.31138362946209	4.50769928282288
1.51653470671704	5.38405909323067
0.817637718055113	2.0591925397557
1.80322214362808	7.84719634473335
1.951736860321	6.15616381386405
1.66202862444578	7.27480072453501
1.27778015082158	5.01278691205034
1.28396741685963	4.15110735307157
1.62515863951714	7.16346256010168
1.38256329735634	5.26395487151646
0.683117816167083	1.36806810334024
0.619472958368015	1.3760937982799
1.26377167005641	3.14159081176732
0.909630827256769	2.11315115500326
0.521212179195046	1.02917945220763
0.92722846220409	2.26451220994149
1.3688869075798	4.6107369917108
1.64729435307441	5.4441501226667
0.289467071009321	0.377701977629698
1.09779557930164	1.72679386539681
1.10043955622348	2.35958861916998
0.91377012848706	2.76388998540154
1.74346055273351	7.85820062835224
0.755911295926107	1.49831968761722
1.70092288411212	6.48045587163213
0.792705658407985	2.04497363243431
0.62781075530532	1.08594789377358
0.975769049969408	2.58451410880193
0.758162972723703	2.11902218083801
1.09621035394736	5.03614824113258
1.8251533391705	8.82263383892358
0.99991264378072	2.88265333682642
1.28341477808389	3.99385689167912
1.43259330116355	4.72105644712839
1.38764547285401	5.12329064847793
1.03483315075352	2.63412124031068
1.66810577605033	7.62929615692496
1.43570174399413	5.54032976247158
1.25298988076103	3.79181065725429
1.06749644267915	3.50043918480467
1.1252480884481	3.01721932291507
1.13456141606406	4.76784567767627
1.0721213177032	3.63251147001445
0.888106135918948	2.61228605395124
1.48211666740149	7.03957134004698
0.972808323005221	3.21273119327095
1.18871920642021	4.52896326309633
0.856482578478859	2.67681310690809
1.1478300888313	4.43162128107218
0.988511223234415	3.2380133570611
1.30469904983891	4.9357097403276
0.605613136346533	1.47326873555539
1.35466153921089	5.19895386800962
0.955599331061874	3.40596455974416
0.952511923089602	2.6938734860597
1.11690816895834	3.8499188950507
1.68695341786764	9.02481257518998
0.562319843843384	1.14023780489939
1.76069908709705	7.7262446568713
1.15575547242146	3.784619936209
1.41700306315176	6.52887749591721
1.45907164253031	5.75360726646521
0.742972227606045	1.99584692882521
1.37220121919522	5.53305902739768
1.46552598924783	6.23303045624089
0.71016576618319	2.15937568495767
1.45058963203184	6.4931177682728
1.164149263953	4.2077950679831
1.54907036533218	6.62490034459962
1.98761675693502	11.4227020717767
1.5055294597825	6.18811796717009
0.742459078973796	1.99350084300609
1.1129712423881	3.71246314759637
1.43545759725935	5.53987608648587
1.10298409180861	3.42719063601173
1.49013128733809	5.16662642131294
1.82310006971002	7.33624539723416
1.30832595992762	3.69601825474708
1.92366996545113	7.57357505806884
1.31111881656581	4.50713150305135
1.0346961115007	2.63290856588106
1.58311346722703	6.72122909490592
1.56725768167138	7.79040771389497
0.98146801476492	2.86044731276245
1.47486775876249	5.47090145896264
0.84640088426699	2.55516021736332
1.41789596519513	5.18793908918144
0.834155857397657	2.19710250122846
1.22854776615537	3.90673093171638
0.755603640548965	1.77754815422288
1.76442270315473	6.4312071602667
1.23242000362266	4.35016063790228
2.21057368194833	9.10499660368187
0.645780005385065	1.37725634076883
0.539754128796632	1.01727236991785
1.36225381249024	4.91377382284843
0.85702268650517	1.64484415488165
1.60024615606677	7.42098978127622
0.96470692225852	3.080137498768
1.01804372349623	2.9035663073761
1.46013575005227	5.7582841210838
1.53397711042882	5.06558547909784
2.10614366604652	9.06160606502837
1.19643535456716	2.4222534262066
1.84608107217723	7.19345085607597
1.5814950910241	5.69198217692839
0.721297519473799	1.97402227804521
1.36455250533712	4.75109201015032
0.72255468206868	1.63878783757983
1.61248575720518	7.29508191897762
1.7275048348033	6.73301644477208
1.65832283653971	8.09334389879004
1.34113119150006	4.40433584068474
0.940174315143359	2.55030129581436
1.5818830236857	8.46499168014128
1.48755177363838	6.45273234851775
1.47473545011949	5.47017684029562
0.124578088721328	0.130362823269167
1.02526641131414	2.31746462222391
1.02442855335626	3.66429617419861
1.84556335542969	7.18961142860513
0.384912267737608	0.549625678996677
1.76455754526219	6.43248209615232
2.11806271924697	8.66278874188576
0.731701599483931	1.76433242380574
1.28477989241293	4.15210118353438
0.969641240248746	3.66404580838423
1.12828744375887	4.3822135642357
1.56968630737599	5.84024869388536
1.06391399233729	3.86828792338111
1.5192479485203	7.01069762319255
1.13476848104047	3.75332431197065
0.587756940669234	1.25723989651316
1.05547263210831	3.22363894795787
0.514346497430851	1.32892868129679
0.531433031151005	1.33785886667152
1.63818430554057	8.67383749666097
2.04946993609372	9.92360883379272
1.34985516479411	5.3297005521281
1.00862977042771	3.0246365523006
1.23100602068771	4.06156672040623
0.66367766566255	1.37297847073841
1.07488209249184	3.24725940756574
0.683065301105991	1.36751447450351
1.7848117910289	6.27615208266291
1.84536270133242	7.18585332421656
1.22655782311286	3.75576719165556
1.60842030961115	5.92555244030957
2.05843612150427	10.5442131618363
1.24959138723414	3.62762890344998
1.11097578484092	3.15334722355404
1.29456809641414	5.46981088479677
1.72723439057078	6.73135006007445
1.00750388779382	3.62632901291234
1.45148694067537	5.88862827542676
1.32109515156567	5.40211893374689
0.80653457242445	2.1690669122373
1.4732527657008	4.6117711646948
0.774482578307023	1.9100290738775
0.943252055101157	2.41676110682816
1.4107406278269	3.99364582584963
0.999639601592923	2.45814794203469
1.66130648305169	5.27492371146438
1.87211241344488	7.45380378469359
1.72858746975539	8.3327536531126
1.14968863119855	3.03969286177942
0.743945889035147	1.50033685119526
1.17126773944769	3.52548505351238
0.737822934009782	1.34623150425595
1.24513606004519	3.45781925443
0.781856993189304	2.14560146400355
0.708925067579471	1.74864785177608
1.33701237109359	3.38494308768354
1.8423946584757	6.78743942937727
0.385183956526448	0.509986728264546
0.975977013891309	2.58556636733093
1.31124450189998	4.50768190608679
1.56015299294265	6.49148184191167
1.95203229924008	9.61024265780156
1.37329668864372	4.28998396185301
1.88764894869114	6.04619065262714
1.42821011608209	4.88302223872832
0.93530201702056	2.67312393814339
0.877003663439194	2.09837124133826
1.92349949410697	7.5723349340974
1.45525353641807	5.09861182094606
1.5109102315935	4.6687416055304
1.26943620688886	3.31688814543189
0.943596500819845	1.97122914188443
1.33679000775881	3.38325136942567
1.42794373797883	4.88115649210008
1.2581154269244	4.40517471674958
1.56377093621317	5.2993071708901
1.0200279359983	2.47038749087859
1.64037581323638	7.04572916000802
0.654884022262204	1.37624927558698
0.337712597866766	0.46709160130155
1.53313824873966	5.75547717852298
0.952463455048225	2.69416899435046
0.861631988764817	2.09025468549617
1.08861348973458	3.12697517479018
1.15877088889028	3.20585430091089
0.796980424347587	1.33640789580671
1.06855862721098	2.81165124723235
1.3749854469977	3.59881405288759
0.88268072969924	1.80155206059264
0.597264619310031	1.11664208160291
0.945341544182915	2.12708339344602
0.745522972980753	1.64351845905227
1.92386217286779	7.16302861889194
1.08835489765495	4.15966049495654
1.25681689654892	4.10543875074525
1.82477319962223	7.71692566566774
0.557248275036912	1.25140812853847
0.891701919520353	2.49942924517127
1.13834531700177	3.89223186795838
1.32467004009497	5.27113956639547
1.06800284740028	3.50317874244196
1.38887182218524	5.87144717221417
1.04709358387785	3.07566638123978
1.94965642179272	7.83922693627032
1.15789347480985	3.20259412985957
0.51591889694418	0.879356310713174
0.535605938231321	0.83829751126674
1.41775119850651	5.18798153834599
0.820302288929853	1.79433159404562
0.575681332540379	0.968690526478707
1.44830700092649	4.039715767922
1.16177409131371	2.39923116831082
1.13414543996376	3.1797007440596
1.49112848060728	5.83281182546408
1.15652338794445	3.79000635755928
1.2828246578096	3.9919524650841
1.26917922669572	5.66948925871666
1.11388243491102	4.47655887294403
1.4664787497587	5.60863796197483
1.14684724560362	3.48759611677568
1.03465046460934	2.63333898435901
1.03486564033494	3.18898076836736
1.20911706805229	4.30353398015098
1.45169071624868	5.89109288761521
1.09643177666597	3.27894114197418
1.1757190496307	3.67713022804537
1.38641979069521	5.11351473409204
1.39229341522534	4.97609811630319
2.25851017058588	12.8949263262992
1.05839386220785	2.95015681650779
1.50988311140783	7.13305596177223
1.40053393998441	4.66789892498314
1.22886584881608	3.90872463434462
2.01051521976337	7.55658939599684
1.25501045021338	4.81637904852306
1.37916838590829	6.13521557747935
0.882825646335087	1.80239322638488
1.00745358135564	2.75534549368386
1.02545659717006	2.31789887791108
1.38233812225928	5.26245575240991
1.25264655458498	3.78992556970472
1.7549434199263	6.02168103362779
0.840279099364805	1.6441273961372
1.7482149945978	5.01235281866
1.70761183656215	5.93565836840887
1.40630287293847	4.33909205433641
1.62083629579003	5.76854731048334
1.45552416832668	5.09998478470564
1.16531121823036	3.3669162414998
1.25682945103614	4.10353281493093
1.34063248063352	3.73394428318015
1.18378018549226	3.23230639146487
0.699371587275896	1.50555648062474
1.79214854170189	6.68413024151051
1.07501446234519	3.2481354972809
1.25797530198311	4.25721889657675
1.28098475115198	3.82917068462856
1.22201368160529	3.59227405157153
1.51653470671704	5.38405909323067
1.6082408258333	5.92458861485608
1.02831718542456	3.05272512710173
0.633508960527814	1.69054019636707
1.58762058507617	7.53425273145945
0.610629981358334	1.37299454297437
1.11514950701812	2.52928633761952
1.34082152605407	3.73582617615362
0.945359374729907	2.1270745319999
0.849767550451321	1.79709913843761
1.30561483120103	3.52460590475765
1.08871671026243	2.51258692555983
1.44970851991272	5.25299019878982
0.690821682552313	1.62926360199935
1.02671428931886	2.77305048796736
0.996304853836152	3.37343232122163
1.05812779422749	2.94890901438812
1.20372638055537	3.86869021676808
0.509669423156615	1.14215567447188
0.670018742182741	1.61646338235385
1.17186583339865	4.87597699303286
0.939321730286342	2.92009296555045
1.77547085319182	11.5474650510332
0.985025937212074	2.14190847740936
0.923377927329388	2.53356712781351
1.22729822014333	3.75162373483929
1.71873878508168	6.33871679967188
1.36815543308552	4.60577888677475
1.73367321894458	7.11135642512206
0.910943686138941	2.25680783860746
0.846811594456346	1.49054226474155
1.64436137563574	3.52900803063138
0.964552627235334	1.97842646693063
1.52542441228451	4.32001143899853
1.30571514078059	3.52532565654287
1.10045386702632	3.94399937154644
1.02678827135252	2.77369771137273
1.06883147836071	2.81279921257156
1.29904799610419	5.20132589633791
0.820584994948325	2.40778277027881
1.79199569455434	6.68215866117146
0.743570833838086	1.50019977287047
1.82318627520282	7.33695716311453
1.18838984940718	4.3972032034871
1.40002160301749	4.66618727627402
1.33230212138692	5.99541876788479
1.09638929581297	3.27878549729355
0.865835271425581	2.79617801754344
0.864272840492311	2.90663648023925
1.37121955794245	5.52100005045551
1.31818727759397	6.64009705510349
0.579295849723167	1.25457288172274
1.74275598425742	5.60350512360375
1.42295340763278	5.03562822343528
0.750013513822709	1.89115086592688
0.554671005870918	1.14048567034845
1.45876698841495	5.75069536656717
1.09233795084917	3.6736739127095
1.69104049555668	6.09285967925218
0.927401404237813	2.26594102538329
1.34191071222342	4.24247576754472
1.21007851605538	4.57735745219806
1.25514664908664	4.95659387799355
1.72100755572175	7.61572786033126
1.05852528608409	2.95044130877638
0.848250300269471	2.20852735234102
0.862983507171946	2.22080014741474
1.20829913196085	4.1650477217373
1.08988626409126	4.17186902421819
1.76373989334153	8.09477950742497
1.28425756824045	4.30499468541198
1.20897671710608	4.30361578679796
1.00686540911513	2.7525465129409
1.14166504848805	3.33928257776451
1.35033069614728	5.33373658870222
0.632895402868958	1.59162367255446
1.41212005923081	5.33210761185717
1.37785173430112	5.40339727392168
1.12419723330608	4.99670286396905
1.46173451629447	4.94268845678868
0.946859808835983	2.81370531185366
1.52974593293841	7.8137233350273
1.21015460621341	4.44455598337669
0.980881610274519	3.10540771467211
1.37136687006099	4.45322979899449
1.53730134658294	6.26825200473544
1.34154558711923	4.40406075952889
1.30238618164595	5.07306238417946
1.51766218228493	6.53808741459705
1.74335535261447	7.85893969483298
1.18459996280317	4.11735357483313
0.675120663730002	1.82339404359534
0.902891319011154	3.30305898162374
1.28383153446759	4.45527790734599
1.45865532810578	6.3700127471367
1.36781360376456	5.66964684679007
1.27821873715421	5.01545809050322
0.610052835362732	1.37069159116541
0.962690196610283	3.3028974292939
1.20955068828299	4.43912869693085
1.45148694067537	5.88862827542676
1.18325780333846	3.97784916876998
1.25584555429259	3.95334433699723
1.2584914846838	4.26040152099672
1.53415135468124	5.06765182022059
2.01126536647537	10.382690982214
1.32118999630395	2.35039666561426
0.648092519772949	0.903506071280846
0.573640863170546	0.601675339235697
1.23513850308998	2.45149150485069
1.66963555095565	3.93410706284951
-1.04545690815965	0.878561347924845
1.21576819991887	2.11286900725517
1.37828361484241	2.05371494592758
1.76089776582894	2.88620573864635
1.54296736642811	3.05703434278337
1.20386922160463	1.94438680815284
0.880706991200818	1.34410271426669
0.337828591617042	0.467247547911216
0.515522324409085	1.03298272136516
0.338778215297697	0.479892732585342
0.940314742800302	2.55124282488556
1.950023617427	5.30573843874158
1.24957086835982	3.62812946626008
1.14293996505045	2.54758023400886
1.39511833733282	5.74515721538579
1.07574833153708	4.25726977511637
1.24466139919742	6.64371193537825
1.43876266688188	8.4944709786505
2.11028839462296	14.4213699824679
1.22968893745018	5.68522324845345
1.11357402921457	6.50991956654102
1.6940830438383	9.70644476662946
1.30900680699703	4.65220273665817
0.965643776979326	1.67018145684667
1.60809323292061	3.86225184580411
1.01144519597464	1.99699496306409
1.206975821798	4.02177969371223
0.946285484182527	2.81173478286724
1.70747257182854	9.59655747405052
0.927079829726179	2.4078312525285
1.98325837925908	10.4712433915278
1.25042926503277	2.79273486611378
1.12815982305156	2.69985487456405
1.07856805203335	2.66462254017488
0.828557093164151	1.48940657648326
1.31258239142319	2.01172637957754
1.3060062694659	1.84104281683401
0.746612758943877	2.79926496045487
0.96783733532418	4.10605375872536
0.895683061007633	3.82056113025697
1.33682463844163	3.38339798772491
1.23289409750158	4.76803463421763
0.664918666211528	1.91318884600138
1.2955591457313	5.47684400996502
1.17642469388239	3.6809870817642
0.941674319585073	1.81563167236922
-0.434527055978897	0.367670892835364
1.2260519271691	2.28217376341471
0.847345504239664	3.08449596837855
1.37688399217124	5.39563228747384
2.17130880370057	8.10815333783186
1.53715594015626	6.26817868647496
0.995965692758433	3.95223665813505
1.20603609736198	4.01724756063335
0.834609064360484	1.79574255184501
1.6821356753711	8.67242903944814
1.52893641697976	7.34810162654187
0.806970931648625	2.27833558187862
1.36480877066491	7.35357407942719
1.60540570925144	10.2725719136634
1.29256216507364	5.60325434149914
1.66848503125742	8.78710257788431
0.98550432593703	3.46411059906268
1.10529498345906	4.0842707997966
1.07249338192367	3.63523394449315
1.12005816204707	3.98358390810046
1.06084828017441	3.3563159169722
0.884902413579264	3.04725199205293
1.16128076761272	6.70074076066065
0.902269918364661	3.29943624839605
1.48366224797146	4.26663438275204
1.49112848060728	5.83281182546408
1.33669609134501	4.70747166553983
1.63954222870793	7.04054175784851
1.37316018736301	4.28996177876547
0.943596500819845	1.97122914188443
1.70991694976137	5.35223112034841
1.0486401649035	2.32989736026209
1.20315699200774	3.08839766440911
1.29304699742536	2.99858516021044
0.866636968441583	1.49283810977642
1.37641036891287	2.56196945778159
1.57844103713109	3.45940012713515
1.83677899978099	4.93650122681173
1.48354581594745	4.26536195809034
1.01145240058441	1.9970168838016
1.48905223437787	4.08969337834828
1.13402809145059	3.17910599741609
0.650174791032302	1.60132305348469
1.28256228964257	4.59807066601268
0.999639601592923	2.45814794203469
1.01787376039972	2.90253057865068
1.24949403262026	3.62732468978501
0.263964297476069	0.446493658510833
0.682283865424287	1.93232885063194
0.478665747128659	1.40594961171145
1.0985994639955	5.15977005582719
1.35146505921229	6.19603015413757
1.56341120811376	8.7050583562572
0.777668669316107	2.75176816459511
1.21151574715221	4.98092428260322
0.988447122549852	2.7349221523466
0.840265216988077	1.64404650049989
1.33690590046378	3.38440314260201
1.53896875435672	6.75731084725879
1.27415205605734	5.27845543088977
1.57022433747929	5.84353005734876
1.47590114480676	8.21083827355695
1.01214507391384	3.39948825661248
1.21081720262702	4.58140079193137
1.13802455403723	3.89209157439935
0.7490371096361	2.2083943797018
1.09643177666597	3.27894114197418
1.03458430831872	2.63299247256909
0.782113092852078	1.4925310853516
1.5102519213115	3.56722062561063
1.36007476301632	9.23045766042978
0.598330517816348	1.75226204527711
1.32132431856174	5.40398429968785
1.30241626862852	5.07383737628664
1.1729594454223	5.00547000571766
1.04568102346789	3.82438897892048
1.25068596105314	5.3470959020772
1.9216844273295	7.97047366033489
0.165403013316953	0.174208032125097
2.13534052882099	6.68590741460399
1.20293443159585	3.86176609571145
1.23040120232748	5.68840254699929
1.18565863092188	4.12169896926016
1.334528099156	3.20859912254382
0.96914535015885	3.88931489063162
1.56312164988302	8.70209801342297
1.2785551862773	5.01675201323905
1.31239973728539	4.3546097475475
1.33393371678457	4.85351479529393
1.33181314973096	4.99946252349888
0.698285921391799	1.74130696288699
0.828934485684165	2.73529685816899
0.829405076530992	2.73862932745889
1.51449791948231	6.05044273051076
1.24849230425532	5.74269116684423
1.02477840998869	3.66621766522508
1.14646179195711	4.30192990331812
0.407152850531044	0.854331410099644
0.590038061386734	1.46397688985411
1.16234808855171	4.072561880188
1.81925198426353	11.5849749968792
1.45644545026195	6.9613059230637
1.16759743999937	4.47767758186061
1.71850776389139	6.33748823728837
1.25722165202004	4.39844141995178
1.158769401515	3.2069105976903
1.77758681362099	7.22528853859297
1.00681611441259	2.75232636309303
1.45816783187594	6.36631671583315
0.131933606577718	0.184364239204111
1.61761196011997	6.81276909467748
1.48181038730122	5.9651201063623
1.05430240739128	3.21652688098664
1.56047005657493	4.55275846044768
1.25782502029318	4.40380788355822
1.22635306402002	3.75485526594188
1.47500669663044	5.47050860726684
0.459766179570354	0.806091548652737
1.82292754387927	7.33327010329173
1.00505794839017	3.26393337365888
1.12994063566145	4.39178284731942
1.00708841215036	2.75389835254803
1.57373987294749	5.13233368857928
1.04679161351157	3.0739083944956
1.54927866583752	6.62557715811028
1.3729094997764	4.28811840275985
1.46726674089777	4.77933481538837
1.31231414588173	4.35401378509894
1.40351557463535	6.20149866308924
0.650076605350629	1.60046787187031
0.992130435854675	3.59504583241855
1.21076332251333	5.36599586770412
1.17202247177973	4.87684543321668
0.540537878645485	1.14106557439172
1.2329304993471	4.76789219736825
1.38356120421371	6.71537562896324
0.872769213170102	2.58838276661394
1.49998232823006	5.69129331206655
1.99159962547533	10.1236941402465
1.27438967588109	3.49091691078867
1.10330974710024	3.42931908801061
1.06791615916183	4.9503512672716
0.819429789878358	2.51186160818746
1.25170958063805	5.35316941607734
1.27399045961215	5.27707402477718
1.64844497071756	6.00779770414303
1.05379266376836	3.60032049323093
1.42895899156509	5.67917110872553
1.046898356441	2.79116388687172
1.30404528751805	4.93037408269251
1.11085919671013	3.15352191711075
0.72340423903858	1.64142974795323
1.40629182479486	5.47115742959182
1.23296656533254	4.4927339922347
1.63976591522765	7.04249355660729
1.46552598924783	6.23303045624089
1.23324409391983	4.49462456952634
1.34167397093108	3.90665253814147
1.18879184997543	4.52900505536763
1.23080859098628	5.02427954761424
0.994871187238852	3.36522968784034
0.961973998304993	2.43285012474648
0.860763776860881	2.45753434792672
0.863875291097896	2.90469462998027
1.52361333688857	5.90529568231189
1.55148248501735	4.72836150056226
0.820240380396162	1.79407057105232
1.19635439304714	3.56038026508662
1.67643599505878	5.10323907538177
1.46312231326403	6.83057685632491
0.49752758337353	0.912701450476306
1.22886584881608	3.90872463434462
0.92281309510351	2.53018646530948
0.820373587908581	2.18442850930994
1.44252244150657	5.40005904594114
0.834606943585218	1.79574256839464
1.3950885951959	5.74424128718979
1.3719283724937	5.52991064875728
0.619264928945196	1.37544748405188
1.2325259882719	4.62778840923664
1.07972233662948	2.97193207018489
1.23299220091335	4.90393051001426
1.9261245124602	9.70580154326267
2.10219964871546	7.96798312854474
1.71849121402773	6.33673198315943
1.30875497360158	4.65071198961876
1.25757472301741	4.40174029294924
0.769948434361235	1.64533826964566
1.20416797231769	3.87079738158935
1.51743782044971	5.39070256019433
1.11849704419125	3.30862764939337
0.649814011509874	1.49629573630094
0.734203533368686	1.6426203679361
1.11881098347149	3.30995792601479
1.02014872721678	2.47094826030095
1.28410278593666	4.15169331831269
1.53809458545378	6.75036121565363
1.37331714129642	5.5409638041935
1.39975353322824	4.66396471512242
1.5483889431969	6.1344836059859
1.59241299027643	5.53180113997056
1.23217541270375	4.20859592742924
0.774092059031141	1.90828200302241
1.10255694042181	2.68248711032151
0.994166467156572	2.59900548939663
0.834861110208899	1.79651096174007
1.56023606830964	6.49362479652727
1.12348308636213	4.12133813012673
1.57110364811291	6.35276467101428
1.37129014362213	4.45310525060805
1.25690188428053	4.10586053629295
1.33893568196218	4.55662752874621
1.27886602778332	4.87113959722785
1.20664135162205	4.02065531644242
1.59264321422383	5.53323994836923
1.09072459114654	2.82879491751633
1.22907986700328	3.91011365697698
1.20710258034165	4.0226113237648
1.14358208978971	4.16529039266226
1.46408827208597	6.83655106436243
1.39145760905479	4.97032968371677
1.25827652341662	4.25949880473863
1.15931693947671	3.93060818446842
0.819875280451748	2.40438428177735
1.04117129464935	3.697660038553
0.914046494854318	2.76527815249127
1.74608552269739	8.21683094012229
1.25551068848533	4.82047863077854
0.537429202771308	1.2475597446218
0.827604914957185	1.9371348419114
0.732048326888915	1.76587007069223
0.952241668637151	2.69318689128453
1.39594023879778	4.82094086269482
0.441662224740875	0.588790490106761
1.76422928615916	6.42899563263508
1.13382213049398	3.74801635939519
0.635951743016824	1.37430763938306
1.28404005168181	4.30363792288736
1.3587997591007	5.05960099287919
1.15474847642979	4.95451497047902
1.33744264220668	6.70241082194255
1.56893769526693	7.323835010649
0.963228914075314	2.83474903461592
1.69657233048937	8.55954069405859
0.957619233514547	2.56782721387323
1.41599359776674	5.94722777178467
1.14168337377667	3.33937113237272
1.56380901474769	5.29964880890424
1.25562262687827	3.95251866966705
1.42825937970846	4.88296077239034
1.1999696490771	3.71253271940538
1.21100517127882	5.23952442052479
1.45503197870769	5.0966818155622
0.645957967345337	1.07081646609168
1.02770691680704	3.05127712629751
1.62597961643965	7.17168553420592
1.91364215759387	5.46093585735796
1.08723805988458	3.53378934406503
1.17575010060859	3.06283821805534
0.927050958620863	2.11967728116234
0.992361589655526	3.59742073311859
1.14302546513788	2.54824258839182
1.30178284303655	3.3477031821761
0.998727098997484	2.87888597517145
1.12544425953102	3.46158951264884
0.910736189314128	2.25684294174279
0.83227956760755	2.07228008538319
1.14104850884199	4.0301561763915
1.11766942373456	3.85448557212611
1.25467600262833	4.95640729206013
1.87192079318151	7.45374410103744
1.41559182833944	5.94340394387674
1.12557005343247	3.01696323773129
1.42839550597627	4.88333569406411
0.872862833767625	1.95258160619029
0.889179504448411	1.9570288978336
1.19109368832943	3.39730055755778
1.28342611935921	4.14727890789496
0.733827503571909	1.64090750991688
0.909559689925038	2.38991093937228
0.768439548140511	1.4949341199318
1.00749698423199	2.75562236362061
0.604284464049198	1.10911587222886
1.50491591786569	6.18573312451786
1.25420568188273	4.95310878475698
1.34113119150006	4.40433584068474
1.16313838545544	4.07680330990265
1.72049908498175	7.60964269586743
0.918902313786769	2.65240064242819
1.3796997854702	6.13967286497856
1.30885814026703	4.65132328304145
0.846371809681509	2.07986674738271
1.07280477433643	3.63718729324832
1.28342338513066	4.29842903247003
1.20399262061896	3.87001813062934
1.00371524164162	2.3073390972959
1.283110423277	3.99360474632505
1.3409516523965	4.4033743068237
1.1526707796958	3.64402978948246
1.56920072774268	7.32521728765048
1.19073730967561	4.92453829057604
0.660426988367537	1.61091052369004
1.16595700414532	4.34344837414658
1.44930919483378	5.25280926079593
1.8471688157206	8.3381755822614
1.37467698157512	6.26653112884726
1.16622782852082	2.8916828850422
1.36929311503098	4.61107156480608
1.25430697217964	4.95410305670094
1.68529803559794	6.63396620506267
1.04883361448903	3.46817288312454
1.33268597857085	6.96334382406423
1.74540679286735	8.21249351958116
1.2536742860705	5.09030637320588
0.55688473663542	1.25017644571801
1.57151882532313	6.35588924399429
1.76493027144907	8.4431520485727
0.848580125645102	2.33058547370141
1.23176262917222	4.20625696970575
1.0378250295135	2.92688358605644
1.76342632639953	8.09020391779916
1.76638273534035	8.44977027771301
1.03503095724648	3.18994738553496
0.980120607856162	3.10015995131747
1.23074786804393	4.05915945827491
1.16391264967573	4.20592168601102
1.08865689679926	3.12718469162488
0.998998636972226	2.87943056645264
1.6763924323726	5.10332660214781
1.76434505907537	6.430643933643
1.98563684918311	9.13307584991051
1.31280492007374	4.19773840086324
0.903879533550257	2.97650003610187
0.438405132949994	0.943966729725484
1.56027575535161	6.49323689183839
1.46629551455748	5.60941668922291
0.978959359553033	3.33741078079783
1.33686414601955	4.70857866211521
1.47268263406632	4.60863171720359
1.06453918913152	2.49817045348499
0.693309145146339	1.36445804659907
1.4818015056281	5.31625790459808
1.11295290773796	3.71196970280661
1.10134667191984	2.99179483858263
1.34615283097578	5.46739568142374
1.7922258592043	6.68456523755602
1.11450013508385	2.85015127211524
1.54267887559068	4.89907526604557
1.59602842386453	6.07170509284344
0.892527971209096	2.10365991383332
1.19058866478552	3.39784401821808
0.963166345526016	2.83438449983599
0.772155329901352	2.24114580707129
1.41749600695766	5.18568373598716
1.57423282738499	5.13300387036572
1.07830287568983	2.66320950611256
1.946138519895	8.23296412955105
2.1688798745178	9.22681483440208
1.97030428691944	8.49620777678846
1.36196000154616	4.91152862485068
1.17629077846184	3.68065518299191
1.23358965518607	4.49630136582432
0.775591731832724	1.91259785801175
1.27412573830973	5.27758180517538
1.46154399347575	4.9420987615682
1.46042274182237	5.75842267883971
0.923956540201684	2.53540182730672
1.01869796105341	3.53344395873992
1.48175870404403	5.31606452378503
1.55380779786989	5.46017790114255
0.769998679749373	1.64591801326026
0.300350813826972	0.484325457601654
1.44473413795967	6.02731232662134
1.10344144359776	3.42991271272584
1.01433122208096	2.61789932901345
-0.0609140989674668	0.0736726745051578
1.94121062986072	8.60942274918985
0.711155544541969	1.96374781799334
0.998727098997484	2.87888597517145
1.15962196243813	3.93215523846546
1.35026364300674	5.33339946862831
1.05584779708584	3.22460832273248
1.3279483892365	5.13507993414825
1.33920963662123	4.55701119605873
0.645738447274485	1.07065659606625
1.24959138723414	3.62762890344998
1.08893516260713	3.12832903033864
0.756050622673585	1.77871028865146
1.13800332758446	3.89223056383206
1.62481581158685	7.15832493515101
0.888242022323754	2.61300858712711
1.5253209185457	4.32053458540069
0.426561715194678	0.843018109143878
1.4002098915775	4.66776940738418
1.56996132064411	5.8413640623048
0.800315159750007	1.92506382547043
0.891701919520353	2.49942924517127
1.30438484578967	4.93319877511367
1.32185977751499	5.40589871312803
0.475092557361643	1.0372543339
1.34665004947902	5.47088901597446
1.442395720613	5.39934669280905
1.63157320878246	6.68034580436735
1.20786811458071	4.16278614168425
1.04142394782178	3.32472819292313
-0.358922930368767	0.598398322424759
0.556239268125764	1.34784826026565
1.5947099749489	6.58315150825058
1.43715528743222	7.33182962998902
1.30650058349633	4.79226979219911
1.28482568067573	4.30649777693157
1.95775726652098	13.1217169167152
0.979276549666593	3.33921829886276
1.25063309847105	2.79451936585361
1.9787150318535	7.69729980589735
1.22642641789908	3.75553282513938
0.926803051680932	2.11908141673904
1.20641076239284	4.01936257815657
1.19633589095453	3.56021782129426
0.738604248606357	2.19490203540173
1.32443479452764	5.26945779275361
1.20957940714356	4.70455823767644
1.06752973482058	3.10169009919699
1.64566720935905	6.54113099451939
0.857328185144776	1.94879117864576
1.11457101233131	2.85035373120779
0.627697954976299	1.08581966641753
1.60855638195773	5.9258255580624
1.48986484914753	5.82106397890657
1.22652120302422	3.75587183012178
0.988502674593708	2.73503627898254
1.78431202233756	5.26654645414039
0.875251147915144	1.64695065347392
0.900908994570472	1.80520950012983
1.20059131915967	3.71709174203958
1.80167134443093	7.47343519365712
1.19416964580223	2.91408243658753
2.10219546128454	7.96843607241567
1.14179957057838	4.0334151129298
0.847389494795608	2.08391123957622
1.34170048069891	4.24104276143274
1.33432682918846	4.85567020783356
0.834076831596091	2.42700526291378
1.4230512727442	5.81862262422008
1.36861028612373	4.61028513514032
0.990227565852973	2.99774705757237
1.38258516366333	5.26425002531393
1.40049418279874	4.66871489102449
1.18448468167281	2.74200423003917
1.36569458733958	4.76416553756287
2.2424326093195	11.3755224563544
1.46790571720601	7.29474842813762
1.65083173814117	8.56211268680885
0.418681951380924	0.713387605045845
1.23269770493374	4.76648248844
1.17543020004288	3.06253273926605
1.2551708755705	3.94970754754694
1.10868255868718	3.57314659088132
1.21066183221332	5.10704012278691
0.876370963392195	2.48040827580863
0.571839209808978	1.3598142890173
1.25731019412187	4.54508782605367
0.888546452605934	2.61379824006044
1.18710337182409	4.38965532161511
1.05590691823128	2.64863343637019
1.133595638202	3.74626015852172
0.769367215944005	2.13036944453648
1.37227416555774	5.53292998189831
0.878851242362898	2.36403461821601
1.3412239111474	4.40453129989492
1.14115234832552	4.03058740725241
1.37806131028458	5.40332581909602
1.07324412578223	3.63986355373416
1.58344825205186	6.21504173441549
1.08830295477522	3.53928090385836
1.00695225481897	2.75315430284829
1.61667222092191	6.80428871959782
1.08870068210521	2.5123542630413
0.891701919520353	2.49942924517127
1.34185458554874	4.24128945939839
0.473441147185844	0.768306265298448
1.43711946440893	6.15261340589493
0.90902358846518	2.87298546471111
0.59000162799872	1.46404589700282
1.77133958769331	9.84752313376526
1.52876314160332	6.88401380390977
0.601518430115649	1.36770313331797
0.952927920095317	2.69608470474334
1.39163829083832	4.97174206515938
0.695146887468641	1.84487584430949
1.21725793550896	3.4288364347398
1.15230895130808	3.6407763867146
1.05382920105808	3.60033951754847
0.943365821305269	2.41755799708365
1.4698989714512	6.69572805570239
1.4351291774324	5.53686528978083
1.11022510563051	4.34055684540779
1.75216454491634	6.97175658809361
1.57008980163289	5.8430801271771
1.15508922061332	2.71970249729806
1.20887605554717	4.30300519843709
1.18567632552434	4.25229963205878
1.14974867567846	3.03971031506176
1.17977673721954	3.82967436022221
1.61282340471743	7.29783820853564
0.778401090057986	2.75639700024132
0.979413181000486	3.34018348391099
1.23377604101362	4.63490675727334
1.72695818794835	6.72719740574208
0.878705397617915	2.36357740753416
-0.0200960663146146	0.0218224306232805
1.51078326905361	4.66814277543901
1.37508695362908	3.5993553114825
1.07869360718343	2.6649766102516
1.55882001471229	5.98856841806076
1.25535622556065	3.95085229077125
0.743531398306365	1.77138129555909
1.11872476541234	3.30926639930562
1.32436476157822	2.52049265450861
0.73205141119288	1.50269327423105
1.03104736997547	2.16220434834713
1.10058810468043	2.35988876797157
1.16588457594804	2.8911072067513
0.737749135193669	1.34577646575612
1.42882234496054	5.67830812914381
1.08129169229733	3.39076766430364
1.30564043272645	3.52412150057491
1.4969141883487	5.00424136272077
1.7188321653152	6.33851380979836
0.863346853029681	2.34729217584757
1.28439068488908	4.30552658310872
1.58404385209535	4.96289308303029
1.01601682520393	3.16001754109926
0.927036463700505	2.40769876494455
0.945958297391165	2.81030110599171
1.13029412815879	3.60918817162808
0.84815979947461	2.20811408184024
0.859448564799083	2.57274406566287
0.603057264157439	1.25419851280259
1.27441269472068	5.28014549630343
1.5375442738145	6.27130580523814
1.02713852960668	3.04838466349041
1.78474991515089	6.27595636763376
1.22658241992348	3.75416783758128
2.45448541069126	11.3590096000801
1.28321793334202	2.65439707455831
2.06382320688868	6.12361952993388
1.33207274066117	3.03494874497955
1.67775405342192	5.68823395176209
1.16594176662662	2.89165974787466
1.78505062060199	6.27290871983318
1.48369187827763	4.26659215910443
1.20879370450541	4.30176305994448
0.299700002293132	0.43981700658048
0.820608442870506	2.29728594143424
0.645921859739314	1.37745325553132
0.541147919918843	0.82768133732141
1.8934622033778	8.47878119266764
0.88892427132851	1.95673341669962
1.80193086603031	7.47466970776512
1.12779956420097	2.69948962573773
0.935549107730885	2.67401723722009
1.83659963618586	6.36889365797031
1.51986482907451	7.47075228348801
1.21155203445326	4.97993204388791
0.692938146096186	1.36364461431783
1.45348167977661	9.27081549781966
1.36819949184992	7.22872045260737
1.27026604651591	5.67601982258462
1.00927886899315	3.980123881891
1.15954446387113	5.34454369822031
1.07736842202103	3.77032586318194
1.02660809438647	3.0442825228306
1.06453918913152	2.49817045348499
0.845330186309596	2.55066197971404
1.41688783240835	5.18101228385029
0.509332228069626	1.14119268826912
1.34005592854755	6.56879335469072
0.499679405620726	1.22662990017626
1.10331660438564	3.429045702644
1.39032045601465	5.87999395401039
1.70336323213106	9.24428805897922
2.02848249573452	10.6240680468913
1.37220121919522	5.53305902739768
1.48937325942002	5.1620286612145
1.89213285314989	6.47421569709503
1.6419046825864	4.85831764007018
1.1714348790626	4.87263668755794
0.833040942743271	3.46568846376223
1.58463971834832	9.71653509669923
0.941723944770153	3.37971553162244
1.2954709110922	5.47521717597194
1.15243904707925	5.93912453797686
1.36908879563296	7.22986425650472
1.57380390225517	5.13319677612403
0.986879066205148	1.98643660040457
0.589544994991968	0.949942365831681
0.228810852823452	0.265583644006515
1.32744658679211	7.21603554478572
1.04234115717509	3.33033430223565
1.80889090890638	5.10052344393658
1.36184113083748	6.64725757606125
1.30495896392793	6.18419031300787
1.45203600454476	5.89297503658981
1.60788186368436	5.92155630806521
1.4909632877316	5.83190066699423
1.48997007663732	6.91367971691488
1.37719793578661	5.39866888540935
1.59110831500821	11.7096753154036
1.57414841296296	8.12284205695074
1.64857982969822	6.0085723353859
0.714168760317082	1.35420945708196
0.980193398024025	2.85452317644257
1.38312363588548	5.99569806310631
1.11809687072786	3.30584995192817
1.53794264545898	7.68397509388845
1.61024438731511	8.57127064056891
0.865779169736762	1.799567748779
1.80440688609986	7.85314770702252
0.575387988224756	1.13120156980382
1.4969916087428	5.00416880057139
0.876848616503584	2.09788952606804
0.254691723943393	0.346089152733448
1.33069378363836	4.99378966752821
1.18979829732795	4.79097306838678
1.20379114162172	1.94446515054087
1.55411204085479	5.461198523126
1.10049811417094	2.35977787345724
1.37509386373449	3.77220703446653
1.25742561121568	2.96722206174806
1.95065780408391	5.72367817092352
1.29785136596502	3.17409121674767
1.4484238762037	4.04040187076767
0.857339588661779	1.94835821114124
1.55141751816856	4.72763163381392
0.755156781925368	1.77592041688332
1.47828897218423	4.4406592507242
1.54852940947177	7.09939948465136
0.754290599679482	2.00609962764616
1.119998731444	3.98427371320959
1.23273245708131	4.62840245401453
2.36912982054625	15.446245504382
0.998631714669192	3.13522343465711
0.943842321598546	2.41972173439393
1.62591215575251	7.17113593219837
1.08934383118339	3.12933418594207
1.02736026671402	3.04959441217445
0.757249489015498	1.64376323335037
1.62089492320231	6.3057241762958
1.18210040911965	3.97290017846122
1.41586122394402	3.46615452347386
1.52342325424232	5.90387242549755
0.946020059395712	2.81058964413186
0.264358013495205	0.427091885525315
0.989898625408684	2.99620766937222
1.6323842403972	7.51499929520637
1.63308158270344	8.33782690516327
1.29981837940562	5.20752007648322
0.854103565571089	2.78168933506732
1.41049245871296	6.08063776371973
1.52169009893912	8.383286146616
0.918128785186428	3.00114286918603
0.650146792302295	1.49750682644517
0.878455905907409	2.36275227093726
1.02969393102596	3.79362599956759
1.78363918692884	7.97707192142939
1.07759546905552	3.77275642666498
0.443587481699393	0.829697167873642
1.74446230080931	8.19955715843614
1.048894910006	3.46939697892855
1.18592148234231	4.25304900839285
0.727026270027451	1.87404467236342
1.01857027463023	3.53242127786124
0.84872264407506	2.33056861740785
1.39441922876547	5.73821721720416
1.6080497610531	6.45005970169162
1.19095697818332	3.3984874446301
0.979616336860657	4.13158439769191
1.11074541741161	3.15291157282722
1.19223060288946	5.31138195487696
1.48242026258098	5.97032318568212
1.442395720613	5.39934669280905
1.18928220663617	4.7854116993295
1.14931567288299	4.56024507374997
1.67743093547036	7.14727171029694
1.3338085499154	4.85216234571891
1.77069321838757	9.8477895326235
1.34205343827671	3.9082853409565
1.05413088564545	3.60236170430172
1.06730324534968	3.10043435153781
1.48235891324285	5.96998593025177
1.04193314387271	3.32838002489276
1.61744865653873	6.81197253773031
1.21087014080569	4.84561669570813
0.848704455306558	2.33123384450857
0.834946724824371	2.19966948148115
0.539354267273569	1.01652086089814
0.425841047495667	0.685135638211762
1.87185440445068	7.84257135851215
1.11444606416603	2.84978180899521
0.602298441267135	1.25142719541508
1.15679785088729	3.79115388831862
2.49952533815099	11.9613899362995
1.28459518248371	4.15298706085231
1.25295254971429	3.79169736430575
1.52594965326055	5.23112299630922
0.602390307922285	1.25182083993429
0.575448686473708	0.967630570751632
0.90946784320915	2.38947682625226
1.67769001278848	5.68814235116718
1.36242089961887	4.9149098199204
1.12473617104615	3.45922287233862
0.877060054425854	2.09849710047374
1.6693533115152	6.77169774282745
1.02675129777243	2.77348621880728
1.30892112061642	4.65189975415438
0.892702034438572	2.1046230385814
1.62111230571825	6.30687427567691
1.44358215210977	6.01725098273818
0.722782521432229	1.63954923207384
1.37281273158858	4.28722236177647
1.86731482265925	8.96123655069643
1.53432671841661	5.06842887906072
1.3387106120417	4.55490189851117
1.95304728586873	12.1918430599003
1.25562851764738	3.95214474920836
1.08240377736568	3.90900308436895
1.67726674707749	7.14635674426404
0.945304249487585	2.80653608582623
0.619011510198667	1.374440447421
0.848382730427029	2.20918392264329
1.10335822578375	3.42939755822991
1.42298419321153	5.81813292200748
0.955066537178847	3.62751872401807
1.31139336651615	4.03080319319399
0.805367711400627	2.05459535412786
0.857190604936829	2.68033110495646
0.956239779976039	3.18096383955607
0.961821316679752	2.82638396541887
1.30167015958759	5.06795355648385
1.42281958063612	5.03512284883755
0.384754961566023	0.536089885175385
1.0271695639418	2.77445566974504
1.39915685834467	6.34102790130388
1.44300076593767	5.40196556042265
1.9421769279899	8.61939344661314
0.945856504366919	2.80975942139227
0.964019630900009	3.07667180894263
1.30299951105765	5.07442795168073
1.46980021933941	6.69396366506051
1.15704485674675	3.79284539286793
1.96506834716022	10.2205880306506
1.53898939277429	7.22846372706657
1.32413333873631	5.26681614585597
1.47919351735918	6.57609720258555
1.08146414781145	3.90273395203054
1.00940742286479	3.98127826999996
1.53826849725029	7.68691247576418
1.10055569764306	3.94459931793638
1.11317370779306	3.71297976210991
1.52421790024559	5.91121775273419
1.96615962875805	13.6829137676935
1.06152354756492	3.3611391557315
0.780585877204486	2.13943108953143
1.33456569283977	5.85824614378333
1.36561015430675	4.76335942944832
1.37328710981719	5.54047919324843
1.27186220545122	5.40350843986762
1.82600810142092	8.46590430465675
1.33290280325394	4.84369169361048
2.04781041036351	8.90811937239528
1.36569458733958	4.76416553756287
1.28853042531103	5.86419760291983
1.67379143402243	7.98460866073433
0.813737469495613	1.93120484429758
0.610236458944813	1.37161013103819
1.63318717928599	7.52392852637559
0.766823620155347	2.01930792652043
1.48144696031017	5.31270002837552
0.827738017586782	1.93769688874731
1.17140386117117	3.526349363521
1.26938104307317	3.31656116487027
1.97859936460149	7.69650657059485
0.923865915303876	2.53535111102622
1.02419447071923	3.30189950582222
0.762059178492949	1.9016166477344
1.01390594532092	2.61620950024772
0.862849640090193	2.22005223103361
0.447574778415958	0.824405792977687
1.28119744301291	3.82992063385609
1.48174903548956	5.96458721221296
1.39970976411374	4.66347796000016
1.4486018396317	5.24801363172118
1.57151376986708	6.35533381458139
2.12932996500917	10.9914672144089
1.76353627428592	8.09208546989051
1.60828550056731	7.77131056606995
0.892898149240373	2.10555840111859
1.56986359874878	5.84179503033812
1.03477149323764	2.63397148632293
1.18371387761266	3.23196266819985
1.08717626203293	3.53315527837758
1.17616323972714	3.67943611473746
1.28429976310847	4.30521229423751
0.833571921728128	2.30913127243725
0.568392624482161	1.13495262517191
1.33089600142615	4.99540741757405
0.999708159365287	2.45812314887608
1.69343543723411	5.51944895523944
1.2290860945594	3.91015857552298
1.27794826692449	5.0139810778888
1.42240369676038	7.71516294188689
1.25480613064545	4.95746725037819
1.5077074456266	6.66105016864297
1.05833888381114	2.94964775119079
0.388730953398059	0.756971202241823
0.848931139934038	2.3321613208444
1.58131447888871	5.6905176541043
1.06695469953914	3.09873248289233
0.964527446161267	2.13421800911066
1.97518281696528	8.10592406013285
1.22473234633235	2.94006769023243
1.69345207321611	7.01415226453941
0.505255995093071	0.644188487508303
1.61957225472937	4.44413315650426
0.811748857918195	1.48961534498635
1.73611428086527	6.1809005243354
1.39997748020723	5.60528124740541
2.02948155475232	10.6390748161923
1.41732797215869	5.18462049996784
1.46152285816935	4.94234121866478
1.13960891279315	2.8710600663565
1.07924327767763	2.97056519662447
1.90990141755701	5.03904940266991
1.7848074521253	6.27625178452109
1.25066178361665	2.79445846497165
1.01437189984662	1.22752973382634
0.824546820305634	1.64399858772413
1.47888354271909	6.58012409321313
1.27834220122879	3.66282074108176
0.940284118663478	3.14938564176235
1.54600654736796	9.38395644277756
1.63873840865091	10.2677498859988
1.06704030714813	3.09927253305769
1.04117129464935	3.697660038553
1.16776078769808	4.4787535695098
1.58817977581772	7.54249815300872
1.282357965328	4.59698508295626
1.20314320471406	3.08835439155085
1.64353653275339	9.01473975614557
0.962642552524928	3.53409496361123
1.37733936141062	5.39836796471988
1.35873761394544	5.05933763408003
0.480340353944144	1.03704259047544
1.08874367963027	3.12741775816141
1.11822627888682	3.30717512054907
1.34187316496708	3.90699427603649
1.56995528457486	5.84237872261814
1.4818159993069	8.0812571314461
1.32025687818301	6.50848338404278
1.09322538587314	4.30219411459352
1.53890251445285	6.75672361377096
1.04803541451733	4.30502170184322
1.36507599445186	6.51100160195284
0.963796271948897	3.30993275082126
1.50470558033879	6.18395453072448
0.670182411143515	1.61706004890514
1.66272559146158	5.85012809095117
1.51077912227683	4.66800038707024
1.19466148876304	5.58032673430689
1.34728661430125	6.32048059617582
1.18622231666398	4.25630808117437
1.25725453405252	4.10717010635323
0.16304028023265	0.197005046564929
1.15899016442283	3.92795907898655
0.862159024047271	2.46423644492097
0.861521222376999	2.08999560057488
1.2531140004723	5.0860946822452
1.48276026553669	7.0471288790456
1.55542765830703	8.36632426427009
1.76825417416806	9.15267723631583
1.05929764145074	3.73627835433128
1.77311047450811	10.5363757804617
1.54852940947177	7.09939948465136
1.04761967080886	3.07705770033878
1.43243925506128	4.71981306332923
1.7164714023886	7.25204224349289
1.21090207462822	5.23855808200091
1.65835907679199	8.09400649605957
1.39384291151131	6.46923647963179
1.44365330845156	6.62082723672964
1.56367416578707	5.29894645311777
1.29292962903364	2.99684542841193
1.38356449713615	6.00075197726055
1.93975749101811	10.3118347317835
1.56045984968206	6.49508136327644
1.44834831228957	4.03887946012272
1.48351618719875	4.26439994001125
1.56996132064411	5.8413640623048
0.806698141514166	2.16985115884838
1.45613769063603	3.68876704800112
1.42825937970846	4.88296077239034
2.06536183994946	8.10577532847445
0.690256375214841	1.6271273438334
1.31172667277727	4.35248721467015
1.33919407427726	3.56016243379926
1.33708398457051	3.38480602002489
1.5782892153718	3.4583491138145
0.977049249945672	3.56430636269484
1.15187979129813	4.69717930150621
1.58336761704642	6.21641125849455
0.817819589838619	2.06003820361342
1.25503479680978	3.94857194911262
1.94973045385206	7.8390509916145
1.20325733863038	3.08851358645292
1.17950435374361	3.82816122053314
1.52461537417583	5.91337277536237
1.57037461487776	4.37901554842679
1.36176981292796	4.90947502248693
1.692558692768	4.92945691205714
1.64723643038582	5.44399296745219
1.07669585186931	3.7657428429768
1.47460970322317	5.46898936684447
1.01752089789517	2.90048420106408
1.20645114773081	4.01886801037459
1.76086312061645	7.728293028748
1.71875512144511	6.33792382217931
1.50456864418385	4.83719393853999
1.40835916428649	4.16610602367035
1.27400717957331	3.48873247258172
0.964497830762632	2.13392860035409
0.844915255990417	1.18858071396763
0.01284236912331	0.0108442924247171
1.4276224506675	4.87852583989159
1.63442313702811	6.1589948778546
0.61372920115866	1.47741377751995
1.02855371353813	3.78433038323062
1.15292973599891	4.82242683552701
1.75981208640399	10.9781555135864
1.44926020070304	8.25271485139341
1.57768201427985	9.37583177451231
1.51448013806308	6.05028802179535
1.2532959105249	3.79205061739456
1.39848398334544	6.33590973063443
1.23265933552704	4.62902530054662
1.71031661737293	6.87635167671363
1.31799295373096	5.53471087909739
1.60539033077322	6.94703202017464
0.911699301520955	3.09795925566122
1.23155657693819	4.75647355809897
1.373568164566	4.28904720677626
0.78704996575486	1.91702571258086
1.10139042461249	5.87800423641241
1.18175864685129	6.04135592053561
1.4947351726565	8.87452149763999
0.988825446660376	3.81466551757351
1.10335822578375	3.42939755822991
1.25200457436061	5.21842783451474
1.17759174798138	5.64382923149157
1.55930169929314	6.48391700249419
1.33879560488431	4.55526413800975
1.53713392233155	6.26731875142472
1.09079304356769	2.82928012995714
0.795997292113199	2.58006605283211
1.34185232491421	4.24236876012038
0.926734284724938	2.11916056449646
1.00833754193763	3.02327818215794
1.25795012062152	4.40437995500187
0.982018342202369	2.86159535346664
0.873147974403779	2.58976604638326
0.963434660562032	2.83514587898156
1.3109864397067	4.50659369492644
1.25398518775076	4.95090681373312
1.34776252042834	6.32438457209813
1.18882815560897	4.5284038954699
0.750514251246318	1.89456987753546
0.682062566422447	1.93143544479208
1.76736450396915	8.80700477007899
1.1796957529408	3.82957608231073
1.05457327006173	3.21875688846789
2.12012215269188	11.9504544755458
1.59993418251853	7.4162604419249
1.58176843031094	5.69374169771661
1.35988597319835	5.93869595623471
1.59159796012444	7.06875354809288
0.30047512928581	0.475997043975289
0.737922233945955	1.34628738484103
1.40989988724156	6.0778878195171
1.20613983637723	4.01795464308832
1.00199968229328	3.50035245203582
0.98308058263675	2.29630817674312
2.12947541728151	9.33252369077235
1.83626902137385	6.37068879183001
1.03653587019216	3.56924913701975
0.795755132495124	1.6445907022905
0.787755704069496	1.91945362261745
1.40860698186907	4.16733343520546
1.18697754384413	4.38846730428902
1.28015945680594	4.88008558177276
1.23230746681518	3.11249126762073
1.03760337209846	2.92569246452071
1.18276161847089	3.97651946010268
1.086542886165	4.04184111078906
1.30092775233231	6.44608749916179
1.21007851605538	4.57735745219806
1.40196558791026	6.92370986618552
1.70451156022475	9.25637376241077
1.38447583476992	6.00863272763641
0.766500815038493	2.019055222132
1.66198631620485	7.27554026463448
1.15698188939321	3.79247727552866
1.33116160170873	5.98745165619499
1.3386193552316	4.55386389091775
1.60815393764155	5.92342893697391
1.68787524955234	7.85776317151249
1.37909593840696	6.1356810174406
1.50799834609296	6.66566383914335
0.990699218910223	2.99855576641498
1.27463880081637	3.48986732893642
0.971645510258611	2.96583929894773
1.13400861507151	3.74921611627738
1.15592159906563	3.7860316866126
1.70972967283321	5.3483879841878
0.859816743603621	2.57430775637529
1.25068943088209	2.79464971474419
0.309152240055966	0.276049414083489
0.731863399260808	1.50204966681276
1.62761061119345	9.58988839075813
1.23232683675348	4.76429027981572
1.41758648905918	6.53702438318926
1.43753293624247	7.33564940869658
0.975843270051268	3.79059827449375
0.833796326423858	2.42595478327154
1.82141719738359	9.85479048462725
1.10190853780304	2.99451286209348
0.782440816147779	2.14763238027596
1.35808045741507	5.05469351942421
1.86676970940974	8.95589696353915
1.33843230048998	5.73057612973497
1.32093024084741	5.40072644019124
1.09988674369033	3.93947232743053
0.818653482881608	2.50673750201116
1.04696042106439	3.07509931261893
0.981260104806074	2.86000740992569
1.35360177659652	5.18868424288113
1.2065779592252	4.02013163216347
1.3663161650575	6.52461486007239
1.32009036229136	6.50705956866082
1.47431065702238	6.10635740130374
1.87210484732007	10.9505095465581
1.23177329374938	5.03318105096716
1.09671014415696	3.81007872085924
1.00794202740711	3.02111072319681
0.794561388726917	2.15917303538357
1.45783813240979	6.36347562969166
1.15362686903446	4.82805128796282
1.29125229796307	5.73884747928513
1.1538601154292	4.82960737965642
0.768154636967286	1.78358825421847
1.59516144538327	4.79129840557251
0.961588566015418	2.43241755857723
1.66776627823176	7.62802018547784
1.56867476117881	7.32132462970936
1.48258778277618	8.09067424319712
1.15536067663147	4.9591426176679
0.738191270106736	2.49166638390152
0.455336222394743	0.811525890516256
1.35453531517557	6.89789472039777
1.25655494421771	4.82558549213495
1.34243499647687	5.60175082655761
0.818478948486457	2.06303578638296
1.4241800199327	6.41497443417346
1.42979231594024	5.68171213130919
1.72759697160268	6.7329150845618
0.841774245281983	1.94133626706742
0.841929849622961	1.94213850992512
1.08674775589588	3.53040584782825
1.42840704025957	5.67430845762998
1.41086124322795	5.32233352425051
1.49951855327306	6.79588141002632
1.54799378048809	6.13203842522448
0.778843762033374	2.03036261742935
1.30990414252686	5.92951756905936
1.19625910292605	3.56004601894034
1.59241299027643	5.53180113997056
0.89459859502404	2.84961943760716
1.16228013076563	4.07185499437426
0.955066016344409	2.94246406452788
1.16639340656026	4.34635717609897
1.34216118719539	4.07695280587323
1.23096409555797	4.06113235388854
2.35875418903939	8.01693845250814
1.72842747339357	8.32899305598587
0.948880649037409	3.28237843789102
1.0754536074007	3.25054363532698
1.23244240131058	3.11425775518352
1.20081899077478	3.71801282288284
1.00199968229328	3.50035245203582
1.05446222821427	3.60395340988428
0.693064725681522	1.36410496080408
1.18009472135699	3.83194143731795
0.611928253081226	1.1020355802859
1.01408056802485	2.61705372177878
0.551301142246007	1.00355455310566
0.72568992149346	1.35047607410945
2.44646565688505	9.65258265776134
0.61963053929299	1.09400400114928
1.81368815140056	6.53068907331433
0.963806871153714	2.28701903558055
1.40967208675595	6.07562938667665
1.80521369164692	8.58043607332915
1.73153728740529	8.68338085022435
1.05588837655172	3.22406778314261
1.06162579043279	3.3613588915369
1.61759409052495	6.81351781394369
1.11511356123004	2.20855231776803
1.70749532729145	5.93314220668513
0.87661837160891	2.09690092371593
0.692586777207225	0.888601009483896
1.03476693729105	2.633929040764
1.20041885158377	3.71573248671544
1.5941553053277	6.57833817674657
1.07153608745976	4.12443582953963
1.212095795148	5.76174358713585
1.28430627146993	4.30485435468839
2.00776940030017	9.39693403352888
1.35371217217724	5.1908066976303
0.980608649006623	2.85663700661392
1.04146156677031	3.69950910139713
1.14751396865333	3.49237458305242
1.1708652380788	3.52241905916406
1.25561641908408	4.67561313959157
1.51785217705554	4.49280130841263
1.46862024609039	8.91025060850902
1.35716582546802	8.5544846136293
1.84851759021877	12.0539357792528
1.51154610893811	7.59633901799911
1.28134259042198	6.37488334754671
0.885179491784554	2.72381994239791
1.61772994573224	9.70330939865119
1.59562086063328	6.07241881800668
0.820240380396162	1.79407057105232
1.17607186080149	3.67944916790226
1.37501536324662	3.94964262763439
1.11021425750304	5.07298980122243
1.07846363365163	4.86376281912166
1.78462619009919	6.27458644989598
1.19092167745533	4.92564835424618
0.866193489922867	2.79831278960954
1.72456047568137	7.9708869133522
1.61970386757815	7.64273422913305
1.30885814026703	4.65132328304145
1.2839069711081	4.30280394438022
1.55490471066121	9.28366718697543
0.997818309380947	4.29337104569466
1.2654057194698	6.05784622696098
1.41548972201893	5.942229416813
0.846840537587245	2.44093869969315
1.14100528490486	4.0281419771746
1.10520632178236	4.81907388354869
1.31251572508954	5.79907858465762
0.956657144953799	3.41198618829611
0.423234917592314	0.84773727764629
1.02927466114304	4.14587721943442
1.36163016262348	6.64484306280784
1.5934259713644	9.60097977905194
1.58484673797687	8.0056235536457
1.28284583316978	3.99193881553089
1.18384210162879	3.23255471210259
0.291991316682265	0.390728105521436
1.55555360259275	8.36764522751763
1.14756298814949	3.49254873044069
2.04803030787071	8.90910676848438
0.655595458962297	1.06293055322077
1.42213641363301	5.81142450082977
0.998810910418262	2.87945517143231
1.27524773005369	5.2845277360817
1.55149028269156	4.72805229670455
1.20381727607457	3.86903448682619
1.46736507906085	4.77882229259379
1.35943968520762	5.93641616501511
1.37537217207423	3.77516894299209
1.01116352392224	1.99590413182378
1.48923906594721	4.09030313905525
0.96329147423677	2.83506241319254
1.17715016582984	5.522794141971
1.03778491112627	2.00815915094481
0.963742489199169	2.28682538549223
0.619788086119528	1.09438448041839
0.755897477298606	1.49828132597384
1.41051046036737	3.99399193974884
1.03823762434355	2.92675681934166
1.67318411731498	4.51286941196217
1.71084542354302	4.75862123869661
1.21635129383657	2.76682585289547
0.9939386383881	1.68115711155083
1.27809459036606	3.66182069546823
1.30858626503222	3.69821175706538
1.44160097054065	5.39193755606303
1.20999855318174	4.70827452502788
1.32860493909542	5.13846963324441
1.37335378321392	5.54095686287681
0.813660994715286	1.930852303017
0.76264230504756	1.90381590028431
1.73621152292651	6.18182007597159
1.40583398366791	4.33396322573055
1.36235752744	4.91448355129063
0.0406587139248355	0.0331103666331847
1.82481354123709	7.71759589816784
0.627694414697525	1.37557222751244
1.29174538771651	5.59508475615007
1.19633589095453	3.56021782129426
1.08693308169504	3.53193561769699
1.51772882271687	6.53850992075832
1.68817632450793	7.86069778832434
1.14912026840118	4.55815483410847
1.18574382383618	4.25285075950887
1.2566833125209	4.68542052626314
1.8711500144244	7.44270676114551
1.31197294140267	4.03465408484267
1.13685523187116	5.76728642188262
0.503499907280073	1.32175272670367
0.861692968713547	3.00930292825429
0.704730432485557	1.85144502139799
1.03475720045323	3.92327177206777
1.55993964624975	6.97799578315189
1.53954478673782	9.06706304124228
1.58274806409847	8.46997805144301
0.635667507929482	1.24105311199676
1.51097681923868	4.6683041630095
1.84566089061092	7.19239406732619
0.918128412118842	3.55189151888448
1.71482342810778	8.78796352924785
1.1716386425058	3.52677773919749
1.33016039560985	7.09108036630661
1.59441439621983	10.8253363708174
1.50086712966333	8.75118720906853
0.832775689262697	2.07367923938336
1.0994056606134	4.56065426208233
0.418284356054998	0.712397410287109
1.57963744124014	8.92326178899242
0.78724731622841	2.76985520504042
0.640559177721963	1.78971403127258
1.5994312643554	7.41298866205749
2.17901832459812	15.1464832410956
1.38815557006439	7.29604811781924
1.174939739281	5.26386148972226
1.14710663680433	5.55333606146482
0.378899956460296	0.765063640633905
0.894416259602174	3.17721763543877
1.37364574330949	10.0803891751959
0.939295368013513	5.78133959837595
1.56880342476323	12.8745507310693
0.891661587925534	2.49936732704742
0.980386120107486	2.44576689010352
0.85741945433064	2.55978467782263
1.82130937706859	10.2150492169091
1.08857007227805	3.12670423392001
0.934673004075105	3.25561131703531
1.94620760494213	9.96706481543714
1.49137395050961	5.83185672547946
1.05887091102598	3.73356240215149
0.807626857732849	2.60034700127044
0.920827583252154	1.80999234157266
1.3408865206457	3.73603701260435
0.779265038638878	1.18430249009331
1.07469463316622	3.24527632476468
1.0688122957177	2.81266479636246
1.65654494967907	4.68609089399235
1.73632800171466	6.18262791206242
1.16573181062573	3.368420822481
1.48717929408461	6.4508001637778
0.943728511568906	2.41929107788838
1.54242172090232	3.96998034888964
0.890937510872439	2.49585037938509
0.90665411324238	3.19825728910204
0.948184422397273	3.05121188281609
1.17580411480075	3.67815050849746
0.884278977107522	2.72074401972125
0.857209443708337	1.94837260878174
0.720627481966569	1.97098194279724
1.16486594636656	4.21020981579319
0.678968415117105	1.50408504582607
1.12882962520588	4.38616544821206
1.1504238405017	4.68387941768199
1.35863048700512	6.77819014066931
1.53824235557169	7.68781288322543
0.948096481001495	3.0503587906742
1.18998393993525	4.79230523414006
1.32169333682851	5.40534144755992
0.970333243404989	3.43533762552339
1.30125753386394	6.44774132417826
0.932461799746869	3.02362501947258
1.12009471031466	3.98457853971132
1.7205604197295	7.61044399884616
1.441164592608	4.38865992157174
1.55859752632769	5.98556671348853
1.70437913251359	7.74171750999419
1.6673905210086	7.62580608270353
0.847717827131048	2.32599974173609
1.14053587665505	4.02677133391684
1.09661459631276	3.27971248697499
1.32149067306404	5.40506099712955
1.14608223449383	5.42900616441053
1.34395166183987	6.44993316994634
0.988070096182615	3.23559626256349
1.16529541428156	4.33764855470395
1.21008752518905	4.44424393212738
1.17555772492219	3.06312155454679
0.847349449453021	2.08375495254934
1.20958116908925	4.44060434879981
1.57052473720551	4.37926668301529
1.41586122394402	3.46615452347386
0.850326174299207	1.79854969431997
0.804972365616635	2.0532616614759
1.20630698256738	4.01898507625444
1.11248355709957	3.70929392334638
0.846631853583522	2.43968917609062
1.89065342199291	8.84544827489608
1.20877540922746	4.30219226973325
1.47468521085841	7.16751854149577
1.06825520045208	3.99916517103312
0.984063103378553	3.69582065747099
0.660244022935991	1.61012523704936
1.28394918641334	4.30317925654843
1.1007884921992	3.9461425313651
1.08541033939297	4.03535131454797
1.62655354524958	7.98954463712751
1.1463885172173	4.30246604219264
0.385649351741387	0.760579919678435
1.14742836762209	3.49185691436741
0.913328185498624	2.76134092299518
1.42189264685687	5.81003327832672
1.02412653426202	3.30157052367328
1.23248385645944	3.11449883897216
1.74981016556621	8.916245835343
1.5595232878714	5.99316383180671
1.01620213820985	3.16118808310664
0.924709628450375	2.89918825959539
1.68837484499137	7.86119714712008
1.0415981348658	3.70016234743577
1.32270936674457	6.37924322266174
0.774506992080785	2.44774485334578
0.88803209725555	2.61188424138645
1.39737185645955	7.05047763703941
2.39404178244257	6.88485233369784
0.848580125645102	2.33058547370141
1.01895329896209	3.53481971713976
1.40470885583739	6.21266867130521
1.18660278828309	4.2583220802078
0.807210660328829	2.17213695897345
0.63618362674096	1.37488269401102
1.30024748587571	5.2106025374665
1.42263702048863	5.03436779056762
1.05146961622482	3.9619677894616
1.25554720197498	4.82076185528787
1.05290950935069	4.44031434042232
1.15805097610276	5.21553698575342
1.12104312856309	3.99036061065194
1.80513706312376	8.2219358775024
1.05150587170263	3.96133637062463
1.42240129298838	7.71593240502155
0.980862194033824	2.85831114671916
1.36874560858834	4.61113545478038
1.20903770843693	4.30408870300436
1.04705139727957	3.07545558505138
1.23034447521204	4.05580983416907
2.00957983467017	10.3657761028414
1.20653753746287	4.02033786300545
0.81875985767355	2.61634453679014
0.645472263113918	1.3760791122638
1.40034565324992	5.60777032595104
1.44229204399206	5.39846491639232
1.03579338452346	3.56571647149638
1.29028605286602	5.73236914759926
1.31274679842531	4.19844579206394
0.935279423011527	2.67298210767837
1.1652341310378	3.36660839653026
1.19660044239403	3.56071210450461
0.87704355234594	2.09805605910292
1.20059736738964	3.71682092736682
1.58182337883596	5.6930010260749
2.20013783847428	8.40194568982202
1.17158932648408	3.52713497875356
1.37541147477124	3.77515465084318
1.0249644095828	4.36810744552252
1.42189264685687	5.81003327832672
1.74159023305769	7.8413582628366
1.04330990221259	4.53331533725251
1.41812245257469	6.54297760994897
1.01477192187896	4.11009359307103
1.56472912893359	8.24671811037241
0.732311921581069	1.76672089781951
1.34564889955012	5.46240889690017
1.57159890008573	6.3573509414647
1.09573264134191	3.27405326720899
1.04658418920571	3.83118064304401
1.2098445442528	4.57553268820061
1.51759932972939	6.98864608681285
1.34325579011922	5.60626869018318
1.85624093944817	10.7087975010602
0.955652417918646	2.94571732939377
1.52638288026407	6.39566326017415
1.15903000045215	3.92838223339144
1.58162633139789	5.69335670677525
1.32440498585802	5.26844791342854
0.958154751876016	2.56989016975836
2.05695230372146	8.51480376254661
0.985654891352113	3.46623692808052
1.5494136448909	6.62704499083964
1.25239715653499	5.22118703475304
1.70811866577662	8.09244373414702
1.12486276628811	3.45999692854943
1.06435777537062	4.35218942236467
1.18544992404648	2.25418975084459
1.05757553870391	2.94462003837616
0.841285484748653	2.75769521064093
1.35012952173655	5.3324673386816
1.93855783845405	13.2034471612555
1.7450071475346	8.20669570009059
1.5480599207093	7.56833050248586
1.35861585084015	7.60769902172277
1.62235400645076	9.25375023203539
1.2997820512064	5.20771318277408
1.08593193740187	4.03864494582859
1.74862896033674	8.89766750660456
1.29851815061562	6.56901666996922
1.31553210908156	5.6698515958102
1.44379172904375	7.21413626610477
1.71198356949929	8.44559212679434
1.35044060448725	5.33406632345706
0.582601155143742	1.45929609312075
0.197437779036108	0.294846933822946
0.406753409649541	0.853088300344227
1.708753827151	8.09805063804267
1.3123493167834	4.19686751047264
1.2846960477607	6.12082142114086
1.1025262684864	4.6914073597383
1.25271739150418	5.22276625845823
0.947723362673375	3.04896424099255
1.13764025967359	3.88959529960848
1.37140393021089	4.45387712040542
1.22907012776127	5.81023005097734
1.05399144663806	3.60145339938604
1.43688482835526	4.55548570094339
1.27815868186868	3.6623486693755
1.25302966719496	3.79177864232817
1.2498238214541	5.47866682724836
1.23301196476046	4.3541316875705
0.961912196088627	3.98058518967286
0.842063897265608	2.7622585892052
1.40730697842425	6.80003556943065
0.879732889753844	2.82172679848923
1.21429806391052	6.53491652401773
1.19027849251618	4.79452724237495
0.908921555952959	2.87259149291908
1.2099712648487	4.7084153111967
1.47540266114992	7.17357814830856
1.04786395642807	3.46257821535429
1.63328931058371	7.52467624339668
1.30024748587571	5.2106025374665
1.04149812616082	3.69973516714863
1.88720742383788	9.2072743926755
1.03027179630084	3.43474952620283
0.97934972415824	3.33976902259001
1.43072844533825	6.28755990639104
1.15970559242911	3.93316602742459
1.009002936923	3.02579881755642
2.11547578631983	11.3413777150839
1.49584447394713	6.31828480220311
1.5045635981719	6.18114106583158
1.08848320631238	3.12597840080834
1.69669669617439	8.56101414118507
1.27407391081497	3.48928117388256
1.22899428853708	3.90977993396824
1.41041943653155	6.08215103584564
0.934049514751564	3.25226443886373
1.42380668045277	6.41128707879044
0.983204078875663	2.29687637383211
1.30908729418851	4.65293136087304
1.14111559935564	4.03055601317709
0.780551927133431	1.78681664841243
0.792498579393835	2.04482025746156
1.64611909382394	6.53893896397335
1.64032956424171	7.87590628796788
1.66301242428065	8.43275885443874
1.49077561817357	5.83033206975861
1.21049818159381	4.97509998592703
1.12537098710091	4.2457928036884
0.914593050141023	2.76754579395568
1.32241673714311	5.40937107375927
0.888353094335252	2.61229175320097
1.37257734451086	5.53590784463894
0.863835902348695	2.90490268545007
1.08198411742034	3.90657553920548
0.956194788504492	3.40948958711204
1.888584605698	11.1981308801388
0.942444568193222	3.60279701335509
0.92642893261861	3.12746823489516
1.06358883537909	3.86616337011721
0.971728486705756	2.96656089477977
1.25268392597749	3.79019032972867
1.14260973376586	4.15795017965723
0.731934247878576	1.5021114548271
0.990085070679238	2.99693658713964
0.720475851752266	1.75806270340674
0.668547639309438	1.49993047315593
0.503334636165633	1.13981323550697
1.25718739386645	4.5437252360198
1.46605575862679	6.23672373353231
1.4576091730798	6.36094639173551
1.516398721958	5.38226498515559
1.20018529984511	3.71440852469886
1.73463142383049	7.11976662695375
0.980231340435396	2.44553285796319
1.03853918516143	2.92857538905445
0.6992394064068	1.505182491258
1.37404452910267	6.26088740010867
1.18720611267132	4.39073937118499
1.51495580688114	8.51393924772487
1.05467509712046	3.60420803623371
0.47202925269837	0.933879644375279
1.03008537183774	3.79415930872198
1.02487759557493	3.6668036583291
1.37568327353968	6.97567342455137
1.32304563161586	6.38225515142446
1.09593380190527	3.80432555409383
1.7926087341297	6.68415365840713
1.32486878428871	5.27228501401485
1.44392157379582	6.02101102272518
1.10756567074833	3.56607603418718
0.615999040344911	1.57866011474607
1.05916751128462	3.73556184878317
0.994806150673424	3.36489022532315
0.777277069492413	2.65451653497475
0.575303765683624	1.45472301042043
1.53846214087731	8.1500327277254
1.01610040457334	3.16045791941178
1.28836184099127	5.86269383734936
0.893519149092914	2.84378845882185
0.987872115028912	2.73259683315117
1.01759956959379	2.90146716543796
1.41235793487566	3.81518706963336
0.923210311030176	2.53242671959829
0.840219123054774	1.64399183821995
1.05657599817528	2.17559808968259
1.01446798107177	2.61794525225588
1.00708841215036	2.75389835254803
1.54280532638743	4.89943410971
1.38198940313766	5.25908361585336
1.24500517679262	3.45913120114847
1.09268350154118	3.67571393240707
1.40326158968709	4.50451260423263
1.5425482489385	4.89787690083519
1.17568122225717	3.06345590929084
0.980504812757116	2.85630757215966
0.894502319252031	2.24640939727119
1.38962602197781	5.877337109112
1.60535928640666	6.94476490676408
1.18577457225102	4.25261234697673
0.873247100306167	3.02914686999981
1.32138936373427	5.40454274138252
1.28736981914655	5.99796731905435
1.80424082871938	7.85349277872977
0.627971229342819	1.08629851424171
1.14956208840887	3.03933579101639
1.50004610484663	5.69170561760654
0.525410455435141	0.859313706635864
1.3369368793921	3.38477929117024
0.941611264664267	1.81565005776448
0.720680675463974	1.50355866764121
1.23914810762893	3.28764893195373
1.58158259513855	5.69300451321856
0.650967316180601	1.60436471267846
1.02374982682826	3.29945773736115
1.09309413284628	4.30134274060078
0.781823022900765	1.4924936807993
1.28424673862605	4.45550643799562
1.13002314728221	3.60755935091528
1.46173451629447	4.94268845678868
1.52728206516722	6.4048367585773
1.33703945345799	3.38494853461491
1.81956565358441	5.52398891373983
0.76264230504756	1.90381590028431
1.42730698795291	4.87489169928525
0.998506539818753	3.72665556165868
1.14512079395719	5.42275236284941
1.23215963690676	4.7629145282783
1.3353923397942	6.83654579841624
1.42766587157324	8.15538110064423
1.13823403480576	4.91226429391216
1.04737993094042	2.79299363030167
0.863476685638139	2.22299200974077
0.980715819696419	3.10330729056796
1.20632995615408	4.01909269740324
1.59494652322357	4.79085774935247
1.40002160301749	4.66618727627402
1.42155205935323	3.11973326403646
2.41859205274734	9.34715331468466
1.59235452999922	5.53140354109911
1.66255116444752	5.84896782220742
1.22656101696382	3.75567378165935
1.06150558404559	3.36126506504544
0.632456036928341	1.58985398809266
1.30931997427332	5.92379811817865
0.847895039913862	2.20650871927399
1.27432489413257	3.49107109127912
1.01117786974995	1.99589471946718
1.19031891938981	3.39595496855142
1.17580411480075	3.67815050849746
1.45813131121387	6.36631559763678
1.47501126641599	7.17052996082447
1.52710949551778	6.40366109134098
1.25191706327267	5.21770681715276
1.26867224223276	5.80570215590277
0.828272630773107	1.48832688228037
0.985157065068777	2.14239814008255
1.7429208479783	5.60306078285339
1.59254697404497	5.53287650709067
1.07348266544593	2.34380040206692
0.877062382391094	2.09827440901023
1.11444397972977	2.84988401170357
0.919808890336562	2.65572196114018
1.88762612106981	6.04819304984132
0.681685582210571	1.21142826469464
1.59238030191766	7.07121947244234
1.11742996059562	3.85341312096257
1.17531274158702	3.06050721503042
1.39450869105879	5.74085011610035
1.17584029787662	3.67852932900617
1.63456434149065	6.15958486679096
1.16620228356623	2.89206244844699
1.96946016108662	8.49084464337248
1.22682393855325	3.75601336232175
1.10167505707489	2.99370673441643
0.575527345674373	1.45557300630998
0.95637563150692	3.63595470844429
1.05420402871914	3.60167864715399
0.983972213739422	3.69565326007929
1.28523894483089	6.12501123775203
1.70653404972082	9.58536285974824
0.625526711974995	1.68387983430899
1.38762779545295	5.12212283370895
1.6620232092424	7.27633623004244
1.19049349060785	3.39671464138174
1.52556664602785	5.23055390452629
1.80883222410307	5.10057932512192
0.703621681890277	1.36027629097934
1.83694247163669	4.93725763229748
0.743626877143672	1.50028816918676
1.40866322042948	4.1674191013082
1.30569943114286	3.52520688798295
2.06013578884095	9.55726882080775
0.755383393781483	1.77672928124994
1.36176981292796	4.90947502248693
2.22839225575612	8.69376539908061
2.00538445387081	7.96761995700113
0.893624134535947	2.3759416662219
2.24269946085549	10.7396894174394
1.55866554092776	7.44658694970278
1.36314800240813	5.80064259817378
1.67757301037404	7.14725879388232
1.32099442562639	5.4013607685886
0.57576816716139	0.968868657207918
1.02014449750935	2.47101288310195
1.12803116148088	2.70028909942631
1.11287003261596	3.71194482281105
1.04869790471372	2.32982753604929
1.89685953176118	7.30937321908909
1.63403437561326	4.27146780770367
0.709894495235735	1.50514711083748
1.57404927773816	5.13469954229727
1.56375030289492	5.29921144853205
0.917030552399975	2.99446756354774
1.91160067731057	9.10304837925628
1.72485889049351	7.96989855589631
1.99317361505481	8.75874168845292
1.14981878187082	4.56409767991992
1.41820579039822	5.18980246991043
1.24949273385899	3.62769856962475
1.42274628403226	5.81679323996728
1.11790650389907	3.30475765163033
1.56359645959254	5.29856986226803
1.86731482265925	8.96123655069643
0.759595949925228	2.22084601423789
1.66128398571576	9.2513003264562
1.62738710208096	8.79896292334621
1.41220136428565	6.66806535376052
0.728941647951088	2.18360051377935
0.998267238986934	4.29661674264456
0.230960973610403	0.394649469116031
0.998024478278936	3.1320272288249
0.945507681197855	2.80784053716677
1.20324355166122	3.08854040564885
1.13949472294872	2.87015293533499
1.0484486293801	2.32944673915096
1.48367808782683	4.26645595469022
1.03582979730659	3.566074110393
0.834792215815711	1.79639319747867
0.872418694171559	1.95134124328749
1.43735916219176	6.15682065413851
1.27794826692449	5.0139810778888
0.992592798817541	3.59817150005893
1.07920592390082	2.97022348378852
1.31186741955919	4.35282134757581
1.3774384745823	5.40069761766032
0.832662980646907	2.53382418809678
1.38291201568094	5.26589979611819
1.36892406535968	4.61216420140618
1.12785692891269	2.70000175632918
0.964418632463132	1.97808137694441
1.95162132240453	6.15397041234574
1.66012892942362	6.39443570352959
0.385246373798512	0.51020483935218
0.329747754355564	0.399536247249984
1.70985979083188	5.35159682236589
0.668456663019023	1.49964422110702
1.00771997363994	2.75641177725474
0.693126930039022	1.36426937488156
1.03569886403252	3.56509001947361
0.957834582680857	2.5683837383749
1.68393963895249	7.51085795104459
0.827738017586782	1.93769688874731
1.10825041527978	4.21555082828045
1.16007258374469	3.93471207171478
1.29677677344255	5.33623283473667
1.22484464292034	2.94044896209598
1.4617900798037	4.9434643850068
1.3340588521362	4.85453274395124
0.700630376625655	1.63098130227083
0.701171341197637	2.14797924366215
0.825836203431214	3.145625058291
1.06383747309445	4.34892074074206
1.53760396349211	7.67872254314375
1.26026533927389	6.96276156100624
0.61151765865241	1.85032893144791
0.989247397888281	3.24167094260562
1.3245077063355	5.26853352610116
1.09078866657735	2.82948015306192
1.17567712307081	3.06347513413431
1.13406601177884	2.06203319413475
1.58422803722701	4.96416304228713
1.23223850854432	3.11281428124977
1.00694631555172	2.75282830978581
1.48996321806148	5.16654624653354
1.54357399272469	5.61291812563271
1.4506162639098	6.49255164590944
0.848602102287753	2.33076883655575
0.615698567075152	1.57744286954392
1.05399537356807	4.07385741187547
1.28389404458631	4.30175405363563
1.92164712061817	7.96917441643424
2.12864542908057	10.9779461746887
1.29817357456116	5.34582972551864
0.750183251731636	1.89343927154107
1.14174151198365	3.33952618764319
1.66008007922985	6.39510560289688
1.33455470806264	4.85667695695958
1.5110310018488	4.66858201337982
0.994397810986271	2.60041127519813
0.653167986107125	1.23077601444198
0.782241444905675	1.64395488129782
2.48522174935149	12.6186476062473
0.848912644951495	2.21122232338157
1.13023075064196	3.60879846234796
1.1046408801202	4.08146944689026
1.08993354805232	4.16873076423621
1.45968532156665	5.75711412649172
1.38698089472896	5.11901114020844
1.18754416120959	4.3932318182306
1.23311368845093	4.35442991277732
0.62768753256901	1.3757587058254
1.01656921648951	3.16296479518244
0.841677455731931	1.94072558722338
1.00894604944612	3.633599864671
1.33836967208979	5.72970788664983
0.784101757675652	2.25662245866848
1.49907294638709	8.30350186267425
1.1368236737802	4.8996686652679
0.947986852180464	3.05055092011529
1.73642879491157	9.37777381487438
1.02884618852084	4.1423056923819
1.51664376536658	6.52813050201443
0.806985274709066	2.17120529292129
1.46703514717303	4.77755765456597
0.791248295401426	2.03986969037953
1.98397204819841	6.85723322597183
0.927441155129708	2.26589946842508
1.03118922751183	3.43840902916111
0.961511063019646	2.43222327358667
1.53444323853681	5.06871355330112
0.717038980584484	1.86763850308351
2.09065894173853	12.0313246761965
1.57951721583657	7.19314796711713
0.907148077510012	3.20154287507564
0.757169798679956	1.64342312692678
1.00711299987423	2.15174063162143
0.425758859564403	0.946011481122147
0.923600937514492	2.53449751835275
0.848989565180038	2.2118909919564
1.07856401117496	2.66505429720611
1.87154471459685	7.83852079633142
1.3715547161445	4.45451579762099
1.43717675463267	4.55745711881454
1.28137210902689	3.82944065746754
1.75261658786855	6.97749592217156
1.7625687921775	5.4335510265034
2.02325529471373	8.62930490815796
0.714270885284536	1.35509848102013
1.44260312111753	5.40023265002507
1.33682369937491	4.70863376910372
1.51757392279638	5.3909110746256
1.02378081797451	3.29990274141743
1.32846811026822	6.1204857633246
0.934208199489503	3.25313689022833
0.807733064989121	2.38972327380202
1.08135467455351	3.391265544663
0.988577514734259	3.23850348066325
1.62071337774336	6.3039254100258
0.999644027091651	2.45803028658754
1.1716327462321	3.52746255362544
1.34198779643531	4.2424771940249
1.79768162321336	7.08328455041752
1.41110630076662	5.32524624280552
1.2884670483247	5.86183744960026
1.59524774058138	7.87854697612058
2.16866419284131	16.0549816982422
1.1722514842233	4.99949090328331
0.819303671794151	2.51104089375002
0.955586506066725	3.63166647530087
0.65035106528413	1.70443328615088
1.31085408274484	4.50589508850863
0.894162979414399	2.24444965590311
1.9515883891388	7.42925893957729
1.22461239639236	2.939568596301
1.63400567780581	4.27097943759088
0.530359545781991	0.848737684336989
1.13788133758469	3.89134249813977
1.30048026845044	5.21167950193327
0.903585317290086	2.63386702870345
1.52899789677352	7.34897643194507
1.30004380686345	5.20924725021343
1.50120312416591	7.25587187583926
1.39184127568139	4.97282421818164
0.340649263284802	0.50495516787892
1.2582584436692	4.40533191492749
1.66206009075874	7.2763709148233
1.23109646625183	4.06187930487979
0.52545548117684	0.859490775049106
1.72131045992211	7.61742222469665
1.3392972373616	3.55997658607072
1.59213740321096	7.07307881144932
0.743633323885367	1.50034448767566
1.60427218650633	5.37072576138636
0.578181190297805	0.780499393614008
1.71108809070148	4.76178312201779
1.1338962487995	3.17853005002814
1.07320732174419	3.63945454296498
1.7923597960467	6.68515787064412
1.48189926040174	5.31713580788444
1.62625538719725	7.17300750365672
1.25068142638879	5.484854888933
1.15861497778617	6.552862737833
1.89526410639043	6.89463294121611
1.02410502666386	3.66213351023706
1.14577735156335	4.29781655839626
1.6623204667682	7.27753577247081
1.29791365856211	3.17467453150815
1.21055382467689	3.25816084318591
2.11247011403552	7.54408680972622
0.511635822006848	1.23452465887336
1.15431450008977	4.82973864749861
0.747081671763517	2.10657557030981
0.964433287197513	3.07921296897649
1.40220570684502	6.92619082908557
1.045827348162	5.00123800027946
0.942276017956117	3.601730037382
0.876052975170254	2.9243188288253
1.62584468989116	7.17047470052236
2.04967707583153	9.92811125778225
0.935508716844197	2.67412519602512
1.42253886122848	5.81574245959904
1.18013633403558	3.8322177645891
1.75248817152593	6.9762741544414
1.02452768187948	3.66480425217167
1.43169933555016	7.45864989369331
1.27493426591716	5.28140572971341
1.14770478391528	4.4307072635903
1.07904087732147	4.3833327127367
1.20562129861353	4.01239659510828
1.1685048664476	4.48320610474405
1.15681560435869	3.79177176608061
1.38777136807097	5.1238089424252
0.910621722278839	2.25638026273368
1.45547506279765	5.0999648312098
1.04594044352131	3.8267495330816
1.14111559935564	4.03055601317709
0.54122182682698	1.14335270558046
1.47054455174773	6.70372313948908
0.746616757641195	2.50319017769791
0.806425895013795	3.00259715996696
1.0533585201583	3.59682493591426
1.4499532986839	7.08822850852918
0.948528469135997	3.05301830566266
1.577089009452	7.66557376232754
1.26950278787228	5.67206455841871
0.753938826263971	2.00460699998799
1.25788757451456	4.40413272609842
1.37884846147051	6.13293278847057
0.84605801556661	2.55404448349916
1.21305117254867	6.39978415017558
1.18130650852776	6.03794275571097
1.17049174355292	4.74358971038333
1.18145719158449	6.03986356954069
0.985869951569876	4.26527848200126
1.28015128557797	6.50580854986768
1.06179425987816	3.36265178071366
0.692302163519911	2.13552598025013
1.74301362231522	5.60142246128066
1.56054333761808	4.5540241914963
0.983262736883679	2.29708294443588
1.74279235483719	5.60318527887907
1.76429401033047	8.09657366424207
1.08828122250832	3.53831187282491
0.388450512938883	1.05742742525146
1.52887493642245	7.34712468964209
1.27109087959846	5.54282362966127
1.57058848080944	9.04022632396128
1.00782412976719	3.62857296976883
1.43161095468418	6.88082916892412
1.35925292045434	5.9351759057231
0.961107029508371	2.43008101517796
1.59588838815951	6.07357823281086
0.878780346079837	2.23518010469051
1.56398835000789	8.70890423433065
1.91524671663737	8.73339471859507
1.61617789139308	5.20223646468805
1.34167183812846	3.90658839219551
1.57203184028868	6.35908996867748
1.2151869634109	7.40517224851054
1.21038659473917	5.10373819571923
1.10767911411413	4.21246741795938
1.34759387966212	6.32298136544953
1.45991973305475	8.00311203990814
0.870534173749981	3.13192260457772
1.40210323617983	7.63548477097142
1.10089037505653	3.94652917013724
1.23319924091225	4.63247283544455
0.940073122914107	2.92327216472864
1.34682520956769	5.47165939390909
1.3459848200414	5.46590234017893
1.47156651486882	6.7115272981294
1.06000035898177	3.73928727164993
1.54777938704071	7.56567200657508
1.0798750851163	4.38948330903883
0.955026222788293	3.17318131160593
1.67808639355862	8.33056012107872
2.13233551479466	13.7580406856609
1.25666014418582	4.54064974436713
1.45503197870769	5.0966818155622
1.8420262406554	9.77050851901921
0.774886943294291	1.91131606891619
1.42380202877117	5.81978138097894
0.819884943938833	2.62207216398643
1.07279839750924	3.6370872749735
1.04879675670967	3.46861258135623
0.980402796701009	3.10251051519382
1.2779118195023	5.01345736409534
2.22178924877518	13.5601962305432
1.44371539724576	6.01843864201994
1.2783510068241	3.6625984899609
1.05511526878667	3.22190358567165
1.42241821549306	5.03244733882714
1.58487270136416	8.00761465589386
1.29716658986944	5.33982687789048
1.90438252880047	11.4402265324392
1.28963700601372	5.87004292499177
0.657606214774898	1.80795874102597
1.07984773710056	4.39023181680142
0.769781246876975	2.13183407866713
1.54972030124551	6.6287918508811
0.69077965128111	1.93920519024621
1.33640683572861	4.70388059999587
0.628252493022259	1.37736700747833
1.15342355918025	3.64579285334417
0.8413955506473	2.7591743364613
1.06869958726072	4.00172719377608
1.03781885934566	2.92699195222674
1.36288187105544	4.91725121574994
1.12492164250535	3.0148780460814
1.69127266933598	6.09276221201392
0.964476146294159	1.82209795871167
1.95170669640082	6.15540340357513
0.538899182893046	1.01509995299423
1.34198910250173	3.90856166564426
1.5772126826396	7.66662972034432
1.49032018333037	5.82632201819461
0.909645266626024	2.39036783987167
0.610299007302971	1.37186146857596
0.969920562949285	2.71384812886015
0.701243993744022	1.63315311629867
1.407346087567	6.80028591824326
1.26916681992741	5.66892386607082
1.42023101524957	7.13182801549954
1.90289419872723	9.81276876593456
1.18892200217902	4.53007948521668
1.08172873493023	3.90402537488374
0.992581443773925	3.598697410358
1.00718117581001	2.75428164034939
1.3992545936335	6.3409909984554
0.851034355623605	2.8795320475762
1.58206148679297	8.46782436125507
1.23362913991234	4.77076058775777
0.947671897418736	3.27430894156062
1.64429817716539	9.02272926816476
0.897882009581888	3.39602282651789
1.24597188955612	6.12416421705977
0.764572773271862	2.43439900873726
1.27282823967049	5.41196579175902
0.87413120681293	2.59482087124239
1.25039542980512	5.4833797823346
1.63921476806426	7.86706843000135
1.11221994353126	3.70707558521517
0.8915364747292	2.49878250399555
1.59226790531193	8.34935642059012
1.40546142117169	5.46610363652244
1.66012289160353	6.39554659417505
0.710997884948153	1.96307819372148
0.961684907456073	2.4326536184286
1.14974867567846	3.03971031506176
0.893318324301103	2.84268725611001
0.94353881336977	1.9709136130085
1.13404864735605	3.74959612351888
1.24943378526374	3.62691404176345
1.98931846530596	14.5420994006343
1.49077342961963	6.92115164096911
1.33956245817586	4.55836013545721
0.963274355950995	3.30733825288349
1.6967328838078	8.56103757017443
1.02952512378046	3.43001140280484
1.57856579216238	9.38161517725741
1.57939106585846	8.91999618065653
1.43670568240073	6.74276958385167
1.53089404493683	8.27597939090274
1.27399045961215	5.27707402477718
1.21194720731951	5.63265560121805
1.21056399834845	4.71270114616514
1.00525284688869	3.26455117914666
1.43707520298714	6.7480413536895
0.700818381325743	1.63145711022523
1.49571029878634	6.31626740796271
0.947789241644909	3.04943565309775
1.09294971243871	4.30034853183953
1.52849756228042	6.88235950582176
1.68591169909813	6.63548181526182
1.23231311847381	4.62486020178356
1.12094285492614	4.86143943358799
2.05968767823372	13.04476669027
1.23175813194963	4.89643988282952
0.854201533792166	2.78216582009458
1.10906637129119	4.32962315662728
2.2861643500449	10.647575531254
1.12348308636213	4.12133813012673
1.27155490231452	5.40074230142762
1.47369148282003	6.10228707064465
0.69839269908861	2.2428765985381
1.1437796998823	4.1667211205283
0.818089106931161	2.61248984026705
0.997661402427728	3.129195320111
1.77111928367306	9.85068795265588
1.53410512073484	5.76519693188242
1.72482845903519	7.97249504345448
1.096748519181	3.28012401057719
1.48998156151024	5.16666790469407
1.75540549951726	9.94975396579101
0.844929915996895	2.54837434786177
1.19275358963651	5.18983554984145
1.66379611761853	8.44423991063456
1.8045444713318	10.6687397133006
1.80438400146228	11.3487614450676
0.957840816473806	2.56880592151491
1.41808100127046	5.1894839359617
1.62128749915394	6.3073680115133
1.32808945665298	5.13643498586915
0.930229284130203	3.57789278145928
0.523618889331754	1.23945504338795
0.771592997354625	2.23893246858206
1.23290242339979	4.62926654127396
1.87119075969265	8.22715196455933
1.25693635081652	4.39728077164091
1.07208957153747	4.1271631750477
1.24933781296172	3.62685201074749
1.48229678900113	5.31969534182988
1.02675129777243	2.77348621880728
1.02947841853613	4.83850499258203
1.4235405253754	8.28662960825
0.970053132494434	3.66611034457317
1.78021829346848	7.59721569748002
1.10468712358532	4.08047842123478
0.681743301213269	1.93007988189473
1.20739294897856	4.15935564853996
1.48248033763626	5.31952062879551
1.27906727904109	4.87341504630787
1.30342555744139	6.32032541679618
1.36618476237376	4.76588242312595
0.926917471504242	2.11980903546078
1.34217068655761	5.59926020067997
1.37243765322755	5.53521356622885
1.3040085501588	4.93011476657352
1.51857211990782	7.00467287737879
0.905965413013978	1.95998246391415
0.666326963071008	1.05550688630576
1.47803804931138	4.43853915502203
0.875143435345012	1.64665847763503
1.34082152605407	3.73582617615362
1.00768264697958	2.75571996048639
1.16620228356623	2.89206244844699
1.39455177753968	5.74027058464816
0.831612514461294	2.52783573744656
0.768154636967286	1.78358825421847
1.0813910859587	3.90260958816729
0.996138199336289	3.37283268936883
1.38926582354497	5.87471094410293
1.17008863700668	4.74057403237213
1.73188853967561	8.68554853207403
1.21148371190037	5.24296754100556
0.753701983793195	2.41517128888698
0.941097335692186	3.15399669740106
1.95816876938496	9.24803682311044
1.11698793026179	3.85031694826666
1.33898065984859	3.55981610364288
1.4425627872352	5.40043446259781
0.757384340055344	1.64445940669382
0.873587575769309	2.59252906645916
1.37559902115165	6.97451488454294
0.902829689761252	3.30230639789356
1.76156227080345	11.3216487109898
1.08547298570904	4.03578416161586
1.28268747367047	6.3858475457488
0.495733686963883	1.22993168431967
1.07569645514313	4.25684505259479
1.32469976967995	5.27115132206707
1.0415981348658	3.70016234743577
0.742013285410887	1.99106728840459
1.27885521662879	5.01797329802336
1.90325995299619	9.81270120855846
1.29998564179705	5.20841883783014
1.07970368407954	2.97179131598058
0.910334335436365	2.25493063142245
0.926862892326746	2.40668705349502
1.9153265377541	8.73262785696227
1.17349829321943	2.56906270444213
0.714383190488679	1.35510165358934
0.406798444520718	0.74049285967194
1.5257184018484	5.23095371279549
1.22900658450187	3.9081782470314
1.36253188016637	5.79382142394508
1.20867477815005	4.3011768588368
1.39607481048316	4.8216301985715
1.07283133411444	4.1326919484322
1.05489545878309	4.08501968886897
1.82479578685794	9.17896681893304
0.595669482844593	1.25658768764922
1.32165706143469	5.40597017971682
1.65347804216079	7.75228673276456
1.11072570644396	4.3436213616151
0.651102396795525	1.60505516577269
1.87039533058142	8.59894430768236
0.848382730427029	2.20918392264329
1.44429125518824	6.02423296344273
1.18408763258353	3.23230788613545
0.791500167908051	2.04121826755511
1.37963861046185	6.84640007729755
1.0478673577212	4.30312841431338
1.70826926271301	11.066013155917
1.38326956121393	6.71145411792422
1.45095063735412	6.49611956137916
1.21336162603699	6.15113684438953
0.816280187221876	3.12611696049144
1.93451332798253	10.6615623094659
1.71001486505005	6.87465523393231
1.09567136042477	3.27311857388855
1.27569558456819	5.14162735253131
1.29250102629727	5.60272768292168
1.4306650421105	6.28681343504371
1.60986919491398	8.5704238241973
1.47819123578831	6.57214459904608
0.981635374117205	2.86084327576784
1.18963830144346	4.78953463688398
0.712289199026115	1.63765535089752
1.28421536447661	4.30469801534228
1.79199569455434	6.68215866117146
1.53333958104847	4.14558058312187
0.865937040137823	1.80025219938794
0.456074455703433	0.813707785320047
1.80421805062702	7.85106748876689
2.28245016411339	9.27957198651611
1.07705452440745	3.76842176798979
1.27818226609733	5.01539932430102
1.20771953028636	4.29231937309179
1.65307858615568	7.74909550161362
0.84720860417892	2.44205553219545
1.58331533344802	7.98067249226933
1.35522613984708	6.06571572720346
1.2104366628825	4.97439232606857
1.51351330945204	8.05611134507397
0.75839736490074	2.11990475446799
1.36011971209725	5.93896616580899
1.79771931228327	7.08239891666462
1.06313776192042	3.86268645700551
1.10155925995067	2.99319748125638
0.737822934009782	1.34623150425595
1.66497115418929	8.44997209193486
1.17105636453825	4.86855022146525
0.769470700776445	2.1308635000784
0.709698581264872	2.15763587270628
1.00768959306136	3.62771720520661
1.23190600450259	4.2072693779725
1.08165563225698	3.90455347539033
0.848996439546799	2.21178380317233
1.58506928080184	8.00933386562256
1.24925971956583	3.62629894537663
1.66959155537881	6.77498124086968
1.73607690615257	9.3741007653999
0.970898395762281	3.43921518553619
1.56804114308737	7.31359596840395
0.727969163230558	2.17852656490998
0.972277634301524	2.96992153971324
0.619277540246139	1.2497690549859
0.863054601794458	2.34593045247843
1.1458318957633	4.29931329754772
0.778785224244361	2.02981521515437
1.09103183693605	2.83119923914716
2.08187251449801	7.26089051167009
0.90950917119986	2.11275118448645
1.12537821890936	3.01775629175878
1.97473457175981	8.10239347357127
2.2172878434011	7.9775521393162
1.87460643813278	10.6066430040278
1.67254620833323	7.97415273182073
1.76680933858495	8.80100579379913
0.853440448926916	2.77791411717904
1.89444094111061	10.5002898751386
0.642505078799906	1.6005877696044
0.879832459747407	2.82245463817823
0.948491856172194	3.05304001143356
1.04834862129642	3.46639655964746
0.869894399884452	2.69665947198489
1.04597677182867	3.82698426552067
1.34198779643531	4.2424771940249
1.08158384299241	3.3928508374328
1.18605054474147	4.25508721304925
1.80383995783301	9.26490042774094
1.6275309523448	9.58807804554119
1.54862960398804	7.10024518208514
1.55372397585074	10.1781566728449
0.970713658772997	3.43771668617473
0.819347135672937	2.61979883056889
1.1436479641114	4.16583383698568
1.65444300651732	6.91113710948208
1.63279197993198	8.33589674930868
1.69341179822588	7.01460066571159
1.04753269868965	2.79320904743435
0.9805682033133	2.85675220787725
1.02491409476441	3.66685684404407
1.12033684865006	3.98652544257895
0.941186936895265	3.15472946629813
0.926590431833242	2.40573980118686
1.66278425450814	5.84983944615876
1.44855962835994	5.24767621160953
2.18664299777675	7.68823236182968
1.12537594385802	3.01773490790154
1.49668394553785	5.00315706917516
1.9524928953445	7.0101693377579
1.33711104948626	3.38448715919532
2.27664586602471	8.56635235478493
0.0741688606620398	0.0811601313786489
1.35845948166366	5.92722287881361
1.33875543958395	5.73313141632861
1.50444305886895	4.83945467802617
1.13360537734591	3.17687458518479
0.19443056731101	0.280379057713932
1.43729374498402	6.15635681683448
1.73787888995249	9.71436176463364
1.27301286808624	5.41386497851123
1.4822361946097	5.96901693893931
1.41248830095018	6.67082455836446
1.39471409764557	5.74275855068753
1.08922341506426	4.16747247582535
1.13360537734591	3.17687458518479
1.06779906202257	3.10260858040881
1.06789098881262	3.10279032718298
0.975863859097397	2.58496437244103
1.22977232061356	5.68603730288784
1.55930058405702	5.99246731330053
1.02462783440744	3.30326055730822
1.23143042990777	4.2031939771182
1.63428194860718	6.15631322985403
0.833226153697704	2.42310104900066
1.92666657670225	9.7093973567669
1.01800769627139	2.90299427173951
0.872785179134728	1.95213708497506
0.795518461608263	1.64255529655055
1.51863508237415	7.00516983591069
1.22183998190974	3.59137989660711
1.57071364484663	5.84382824582038
1.25297121970924	3.79179203401817
1.37301389108594	5.53939955056592
1.75786443114116	7.36140931918895
0.627517021155794	1.24613622505901
1.01207921489708	3.3990656217848
1.65654904478118	4.68659911869086
0.945343590399813	2.27713081781595
1.03792349260374	2.92598014654317
0.779476448208637	1.18475172758317
1.44483387416598	4.21588388741752
1.04168688393393	2.48411856037895
1.28206934978475	4.59474332836796
0.940589163069675	2.5517777290753
1.05778852283601	2.94642908482715
0.963806871153714	2.28701903558055
1.52448864869924	5.91252401519471
1.59483429346221	6.58460573412432
1.48712031628946	6.44869158105686
1.43677816153639	7.32662583097789
1.76787108715201	9.1479312014857
1.01188161255895	3.39746712665288
1.56855742809941	7.31983155978631
1.51867139986761	7.00591509316935
0.894484010758199	2.24631793819128
1.07290222713453	3.63792085746359
1.20952283916732	4.30654320616169
1.22235916796776	3.59362215897098
1.30985227180644	5.92891350855483
0.618393215032167	1.85883006598599
1.49941457759306	5.68716213734313
1.33095737334711	4.99588526580304
1.21021345516416	4.84165251867225
1.01663099431635	3.16335530473716
0.995334106525713	3.36823824398096
1.49676132389968	5.0033338294041
1.45521040930554	5.09818793358731
1.18384429801713	3.23243880177605
1.45200197833097	3.8638318629877
0.98809860765935	2.73367247956831
1.34211848401729	4.24289301930993
1.72803964757996	5.18163762521116
0.10669696316138	0.117746417162784
1.16247806740969	4.07357527486055
1.27823366301411	3.66140775834003
1.09898440991504	2.0414614890653
1.88225193890229	5.61945731310525
0.96550305564547	1.66953429296395
1.41415439522939	3.64076689487437
1.29320036786468	2.99955421621731
1.78323755530848	4.26669833818966
1.00371524164162	2.3073390972959
1.53321913740975	4.14439650032583
0.0879587497201184	0.0914239137391972
1.82577035824328	7.72483502963818
1.27797738832594	3.66040443075893
0.957526924881965	2.56736355770611
0.764938453512374	1.33955597971967
1.70980055758596	5.34995196350058
1.49461368329063	6.30512052155933
1.43088414072463	6.874019087793
1.50350411142396	7.71832465719296
1.02749197330181	3.05021353523912
1.57955340459694	7.19302614284266
0.903132767342942	2.97246848042038
1.28288288391749	3.99245098425427
1.6589715358495	8.10088569285668
1.30688904960135	4.79535495163897
1.33893568196218	4.55662752874621
0.735303145915413	2.08971809208223
1.45203600454476	5.89297503658981
1.48608642638625	7.50896189333371
1.36175674288423	6.64659395301545
1.10756567074833	3.56607603418718
0.83263448670199	2.07349843361298
1.47500008751274	5.4714110334433
1.62880011713534	5.0318506917057
1.92288127027042	6.73990025996418
1.2911218998764	5.73469980335099
0.983204078875663	2.29687637383211
1.52542441228451	4.32001143899853
1.44483387416598	4.21588388741752
1.07574677601106	3.25142393341556
0.340739766257222	0.516007923134759
1.41090121647435	5.32328795464844
1.42516957434013	2.94877541589668
1.86896595733713	4.77851830293458
0.90124524793855	1.19801432562602
1.48360297527972	4.26582125887349
0.881027199354115	1.34493283575276
2.06355627921821	6.1135322393388
1.00679088662659	1.38020307246703
1.69278250851535	4.93185400667042
0.682608955074038	1.36488057675935
1.32421504674969	2.52032509248175
1.28374581082393	4.14955875798205
1.37642492296453	2.56199650290671
0.511328874620673	0.66778814141721
0.911380574151593	3.09576631600107
1.28451723784767	4.3059400581756
0.0910724560177082	0.105229880209814
1.55912920184643	6.97191206319929
1.25747203722633	4.40143184507795
0.995087352066913	2.60153996549786
0.980902700962605	2.85832496765045
1.38708404286178	5.11995870946581
1.71864307005087	6.3385341768455
0.97602583697152	3.55560108014984
0.885660689944966	3.05180183255013
1.1450750217235	4.29265192346036
1.08583283964069	4.03827011106808
1.03499077269512	3.18976397809995
0.782425831891634	1.64487604649121
1.33896253722038	3.55828322543508
1.5962788487787	9.14895424854673
1.30572892480041	3.52540803311854
1.1735793942505	2.56982939677646
0.721304806903638	1.50558803515176
1.28405966925603	4.15132632938176
1.17109399863507	3.52403846816594
0.849883562642557	1.79778966313869
1.34178968125313	3.90718342915801
2.27465437423554	6.00162552065768
1.6611523108808	2.80154811952262
1.50218079012622	3.74002984855872
1.32958753862849	2.86174705363748
2.42643354711286	7.90020810975429
0.82874270887407	1.03470687961507
1.57398737928713	5.13470776868913
0.857392151580032	1.94888460192055
1.71312519570588	4.17825250987204
0.138524139854004	0.131952083735048
1.31755529010646	2.18104938307758
0.0241718251994798	0.0188674703616293
1.49697274856276	5.00395606734545
1.66552107255746	9.58938783365924
1.18983454022254	4.79104376569061
1.40612742292302	4.33752114565932
0.602524962047353	1.25235190029819
1.36879468680715	4.61084966021001
1.82483204279094	8.44978839278281
1.78469020023392	6.2751975696286
1.30900680699703	4.65220273665817
1.28369673206373	4.14948719656814
0.893785676649872	3.17335381373997
1.06752699040216	4.47657193075569
1.47482863638248	7.16916177590057
1.52886416158715	7.34812601810435
1.4376280590271	6.15876879254169
1.23204827090182	4.89903893030554
0.669873586632148	1.50405440435037
1.47299635271581	4.61282815358991
1.34239421381047	4.07838405929579
1.04964982104596	4.3149707344718
0.594911993383962	1.25461058084567
1.74298408422389	5.60249492020539
1.56055712333092	4.55406466130891
0.963733560223128	3.30934159568424
1.28366440376994	4.45426873854655
1.10229467039161	3.42165248155794
2.70153904037308	11.769899383233
2.39397215026951	6.88442556983059
1.05927667717404	1.7071212656696
0.943566506847313	1.9709007031644
1.50993822583777	3.56539983747713
0.888627923533753	1.49693859339385
1.46630195392066	3.34025590614272
1.52520464640587	5.2264485388783
1.02533970938291	2.31793268107574
1.2710204034155	2.31396086757596
0.62771181452406	1.08586755218994
1.03092116618654	2.1630527189601
1.45193034113616	3.86346080349186
1.21013535514814	4.70983838226486
1.28161543789411	4.74077116434511
1.06438327005259	2.49739370104476
1.85516174523157	10.7021713481253
1.36609384449217	4.76599912649728
1.7723378153023	6.83530063502536
1.3948465727398	5.74355490829582
1.3338711372708	4.85288044449636
1.16615681389782	2.89224241833325
1.94560246891673	9.96168717336906
1.44864088326067	7.66548353508681
1.62666352368887	8.79105477591293
1.86230403540113	9.66904644769025
1.66157226855331	5.27329971652586
1.44826563569125	4.03972562765677
1.02974253949444	4.14846387337506
1.27425809787437	3.4910930419236
1.45196120073102	3.86384027716822
0.876735640289644	2.0969756595329
1.21067047874079	3.25939763162447
1.39562229626121	4.81869017584021
1.07894071821133	2.66482357935484
1.41390795120433	3.64180635154485
0.389361444480965	0.433666921879952
0.96550277469656	1.66929560358359
0.875282507037002	1.64682316243028
1.22612140744155	2.28231149516242
1.15517690727654	2.72016449549997
1.03084508496427	2.16264298891419
1.00355783027791	2.30665592544009
1.73176098493595	4.59332032141342
0.871666147956223	1.19249937202584
1.32684228725617	2.68967111920446
0.705843700859674	1.04120714901791
1.14981305495754	3.03958210517559
1.30688035453868	6.05388888791493
1.21093717746967	5.1084931609669
1.86186084561211	9.66301250259976
1.18441292967593	2.7417735891123
1.57106368633734	6.35163597403108
1.5536940421396	5.45910517223667
1.33918247412862	3.56076006770279
0.793193945460089	1.7895506291621
1.11450013508385	2.85015127211524
1.39633784370961	4.82335473673801
1.19129311123537	5.17769394674905
1.48499956083626	7.49513058803662
1.08870940862237	4.16360495192518
0.81958701391143	2.18041072647451
1.67734663290778	7.14643704751347
1.00781606260502	3.02018903896011
1.19101707511768	4.92592422125476
1.45525353641807	5.09861182094606
1.11110813015865	3.15406391592953
2.11827383534244	8.66318295693321
1.6963235862465	8.55517441689183
1.94579018455545	8.22963224543015
1.25536200628231	3.94993491140932
0.920697097043384	1.81037866642216
0.666594111942409	1.05661976751301
0.706054268143174	1.041604035126
1.28321793140397	2.65443442225479
1.74587659479618	6.58668758802875
1.17171955434494	3.52791187194296
1.81963993837779	5.52392056526949
1.30200981505383	5.0709591690459
1.43744827565476	4.558762820997
1.02537674398782	1.69443675045882
1.4617900798037	4.9434643850068
1.51806945944841	4.49615421093279
1.10142443098145	2.99241321119947
1.398899928448	6.3397108175284
1.72927433864008	10.5134239802164
0.772351844443059	2.33978916577555
1.78475421882549	6.27536102353325
1.21000774568478	4.70853308068338
1.12631917704045	4.25498297130541
1.04703231457422	2.79186792268427
1.02676978893088	2.7736200303674
1.34069743885468	3.73463439899849
0.945656434311472	2.27787892059482
1.1462428860829	4.29766229866841
1.65594826207289	8.90455076854266
1.04197296553893	3.32861505320465
1.37713000848494	5.39785127301684
1.15675262914256	3.7913360571179
1.07170684685112	4.12526854296728
2.26167569292096	11.6440663153983
1.23236698370211	3.1138670854275
1.28279048804662	4.74351892229771
1.19145045878731	5.05561366056321
1.35388567950351	5.19241762842351
1.64717003936871	5.44371596102364
0.47698575115641	0.757884757733113
2.06404677212939	6.12203534015458
2.09034674124101	6.83102360994616
1.44495993553251	4.21613271518683
0.964485998539458	2.13416709418082
1.85412293992749	5.78390904532066
0.730326251678787	1.19124021073131
1.82265766492726	9.87325574190699
0.605705552603537	0.932388221236128
1.41064026827578	3.99434247120086
1.25795012062152	4.40437995500187
0.901073478688482	1.80589608256234
1.58269331802299	6.71524840207241
1.3018700728975	5.06919348393009
1.81981791505157	11.5910116290764
1.66157650925096	7.27294107923381
1.13709197675073	3.8854996201613
1.16207053704402	4.07118116785221
1.58836869944055	7.54421416223748
0.935634636632731	2.67473082671659
1.94195187061505	8.61590927446647
0.820361945913784	1.79443907475055
1.78703417360991	9.73844497879745
1.48176474238968	5.31612228372492
1.76523757627096	8.44488452612284
1.546408405348	8.93995268298338
1.86510833735046	9.31883627854528
0.658251862520936	1.49435586064108
1.21055681921295	5.10594400345756
1.30263528368544	6.31414623752174
1.21114710278906	4.84864905459515
1.44452770567822	6.02597181526628
1.63034822047076	6.66966774290291
1.06451350213129	2.49764636413794
1.46103397090045	3.51360803760055
0.520765050951113	0.869872428714385
1.2534851200259	5.08813282925894
1.55143301676634	4.72619793121546
0.909621860760966	2.11306793542186
1.00798430215968	3.62956502269866
1.66039190438671	6.39635582255606
1.25539379702329	3.9511075782207
1.33874541833037	5.7336543018312
0.876540905516132	2.09646442264765
1.13408866805837	3.74960168716976
1.15564166265185	4.96055495297075
1.61262474074014	7.29582878011485
1.37417583479715	6.26241848847885
1.05964058470593	4.21867739510814
0.989405415294189	2.99328038462452
0.50866931131234	1.03225922407075
1.25398518775076	4.95090681373312
1.04187209011511	2.48473292410418
0.831020433754339	2.63718263780875
0.739511616030088	2.19769513340295
1.68266990283179	7.50182783017653
1.19153568473109	5.18059739761958
1.3783330606499	5.40572060315476
1.11315537110575	3.71356470619747
1.22631331655541	3.75500007294283
0.92418845615353	3.66695400575279
1.34662759346636	5.46933494279911
1.02982840406773	3.43196653808067
1.38929344847698	5.87513742892634
0.79329028430263	1.78979090139851
1.075237336018	3.24916384590887
1.44453414620728	6.02538616012661
1.34194808582964	4.24284820529967
1.12428174616387	3.45534712771591
1.14164671479116	3.33912807468187
1.25548649968226	3.95180111935846
1.37531025962405	6.97088571214036
1.25264655458498	3.78992556970472
1.27930512346802	4.87540756134386
1.50031843264529	5.69258827541177
1.47420643721644	6.10611321061674
0.737627955150462	1.88047359523991
1.33830704215401	5.72875500905962
0.971144691833472	3.44048930392018
0.87005330395208	2.69825769155502
0.954757393144738	2.94043272936297
0.971829675434747	2.96727646800089
0.807276400639757	2.49364119556979
1.68511411108248	10.1524565942632
0.682886417254614	1.93440469365901
0.386219716792537	0.86196057729149
1.45865532810578	6.3700127471367
0.807115419287929	2.49262620095542
1.81990341276404	11.2487087167204
1.39350196813078	6.46643382907249
0.774936198871988	2.54620820791842
1.57519464095461	8.12981402719036
1.42933979371054	8.73253263176648
1.49622262142842	6.31808877937497
0.578379764956329	1.54760766289193
1.33852183050652	4.55087671567023
2.06023920374604	9.55858743183935
1.41779168183496	5.18788640295716
1.7708352074518	9.84910856076827
0.989054574179248	2.99093127170907
1.4741022330279	6.10555209157944
1.44314129230124	7.20847160472541
0.749584107241127	1.89089654868579
1.37206792428442	5.53166851630356
1.20936110038947	4.30586066457948
0.876003695484267	2.47915936282083
1.53010442067999	8.26962842295023
0.999278190699507	3.72993023635948
0.791666507826129	2.04194850730468
1.05092123864367	3.95911169282375
1.74214157200148	7.84945821568786
1.45106841285246	5.88550410941723
2.05733488144979	13.9713564658461
1.31845364910054	5.53689168422441
1.35071518820247	5.33476189628957
1.52039078201958	7.92445125591794
0.298497518477945	0.505378548156419
1.5600736740982	6.49243209164931
1.41901201217393	6.54837914421105
0.934879614785034	3.25532153462902
1.41162434397691	5.32969962686358
0.924328481032042	1.9660094637654
1.74810254142564	5.0125900719439
1.87713882260242	10.257511632799
1.07314024399654	3.6392292084921
1.14151523182612	3.33811086688967
1.23232557322732	3.11384363638355
1.78788524437061	9.74207667076208
2.31479100474845	13.1139215387666
1.10192753870955	2.99462316823162
1.58330381527627	6.21560387978983
1.3961114951557	4.82239200264276
1.23329428134903	4.76989074444561
1.60494025461567	6.94682258980443
1.41458372194977	7.25341621575586
1.48978347878702	6.91115781944697
0.843228816159318	2.65500369832838
0.339713628599872	0.545511156879794
0.615017649343529	1.57433054529054
1.03435218793792	3.18430417542485
1.10699913613771	4.20753475269704
1.59849057857123	8.68021546659842
1.15813433164392	5.21619498759042
1.31789357870961	5.53377447228862
1.35091894239484	7.98703672411414
0.941344885757703	3.37694953746572
1.54865975079332	6.62111277930758
1.84868404923544	7.97594848627277
2.10690088186155	12.2810254449229
1.1798177376709	3.82912011218478
1.6885138696547	7.86381862768846
1.43760189769169	6.75268667324091
1.4607160896893	7.41218495292344
1.40374947811761	6.20384966168063
1.23291903265527	4.90420408372929
1.07290860276314	3.63751835626302
1.40556245949375	5.46741480331241
1.54884082471599	7.57213880218026
0.81868311169768	2.82688127414983
1.49197139741631	8.42129747868194
0.988992395194134	2.99042164936257
0.880346981340373	2.82512928487321
1.12908803662344	4.3870281655521
0.286356172269828	0.363952195494832
0.616099226206776	1.57895389660685
0.835390070617032	3.16363682619844
0.96910558907173	3.88864727469418
1.51944673958962	7.01207748539075
1.32944850183487	2.86154467827755
1.17575530240628	3.67806262323427
1.51349045014551	6.04122405689028
0.692940340955197	1.36366206579345
1.1149752153199	2.52982465799566
1.14950419787851	3.0388966034186
1.50508945592547	6.18689134670459
1.39136728832189	4.9692166590779
1.33459525422388	3.2095062216495
1.25593832507394	3.95368602898194
1.9750516882897	8.10501379539651
0.827738017586782	1.93769688874731
1.28385448392919	4.45511801351739
1.43306801029359	8.04000835883469
1.42882234496054	5.67830812914381
1.64012992084891	7.87614747142257
0.898656851216191	3.07590618822911
0.952768564624262	2.69554135454974
1.01887759336794	3.88624365504284
1.26536359653897	6.05800395890584
0.997970873459689	3.722912218319
1.1166557877632	4.60732323983753
1.56369321406899	5.2991691884984
1.37508215933648	3.95009646707633
1.27572295924098	5.14352379161292
0.97995990628668	2.44396179092412
1.73166202404061	4.59160738196777
1.08611998936689	4.04012938889312
1.18311469802089	3.97834567998135
1.0175506755803	2.90094752767827
0.578111106494022	0.78040269986567
1.10868255868718	3.57314659088132
1.30952298774131	4.65447768838139
1.20363549844887	3.86814690532375
1.72466395715387	7.97236250904135
1.37893598867866	6.13426513580876
1.50574909314675	8.17820429172832
1.61218458772474	7.29207933139178
1.44266650481536	5.40082376784672
1.9467893463245	11.2596856280067
1.25314414677264	3.79205117952855
1.37278374486055	5.53609547913185
1.15177180048318	5.93220883271586
1.62171645966928	8.45631807485985
1.37989098079451	6.85042115607411
1.15542396102326	2.71916492303693
0.92453259128064	1.96556537207515
0.800142762322459	1.92395923398637
0.733805962038699	1.6411189141384
1.09302917462941	3.67733259675362
0.961626202220351	2.43260847882265
1.07208957153747	4.1271631750477
0.819909745386706	2.62186249143622
1.7848715064715	6.27611951351346
0.972109451828799	3.20967612460742
0.743840066278488	1.77236540326574
0.818752168338136	2.06328680344735
1.07806370558681	3.77530270881285
1.56021437740851	6.49241202816672
1.45862655986671	6.3696411954465
0.879868979240683	2.82267643278374
1.29070384127581	5.73520356515512
1.38877263700218	6.59558101160793
0.820917202757554	2.29891678246136
0.860965220952366	2.45885116380881
1.85701068943728	10.3553536568138
1.15796863352546	5.21463170454625
0.895268906397122	1.65018453750947
1.22623688609261	3.75445368852848
1.03523649720162	3.19059547189965
1.46576109570904	6.23523652048618
1.31028941718597	4.50098841396917
1.05835721841618	2.94987615517403
0.820395811261904	2.18436591071107
0.932917377189564	3.02604720152942
1.6766278397145	7.14155335131433
0.820476455783785	2.18481949688429
1.45203600454476	5.89297503658981
1.2324384124841	4.90158619499854
1.19107950323006	4.79777975977368
0.879174123828241	2.23628881690319
1.31551858740908	6.76426114457567
1.32570672362301	7.34432968663586
0.975603893338035	3.78882177824596
1.27435003599554	5.27944333690353
1.25844986783728	4.26006743298288
0.926813548147223	3.1292459597095
1.27215512602918	5.40741384844118
1.23263834325211	4.90168941025994
0.663819013667118	1.90880709883219
1.33855755255482	5.73205990061497
0.955563141569064	3.40608609839517
1.14121944952241	4.03105379747233
0.735803754110298	2.09164571665434
1.47590114480676	8.21083827355695
1.22998517466364	5.55510050527229
1.30485001396095	6.18548105799197
1.0433920676271	4.53332662697419
1.01659317433482	4.46096923915371
1.43639069700891	6.73866241068705
1.14121944952241	4.03105379747233
1.21089246237322	4.71434526778452
1.45816783187594	6.36631671583315
0.936070797738249	2.67630372771811
0.876640127959911	2.92787250534511
1.23031574051968	5.28964223397251
1.43268674404652	4.72160906717408
0.556664972621815	1.24899590485874
0.922649314515775	2.8892055924354
0.893978717911559	3.17468011683877
1.29746620851919	5.34151890665742
1.34376179411504	6.44801063782192
1.16649527923704	4.34670920614616
0.737504416578867	1.87980042830276
1.04870757806573	4.31155150198047
1.44424171177956	6.62434561732794
1.20586900211996	4.01596110840216
1.51812182475881	6.99900642828566
0.865513554206437	2.7937440527428
1.58295190147632	6.72053472245212
0.929796311167467	2.78790476438208
0.677953926810147	1.72585250995302
1.08550937343325	4.03609712389196
1.63916075590794	7.86748033697663
1.25664651123722	4.68505973987324
1.33874541833037	5.7336543018312
1.36634347034321	6.52415151849572
0.640817403381847	1.69321502917408
1.15065964843964	4.68678154931372
1.53857737592987	7.22427467335064
0.892625298010416	2.104281142882
1.16774520780528	4.59699235132532
1.047687817128	2.79298277873881
1.42189264685687	5.81003327832672
1.66973608807545	6.776847870255
0.696605304551182	2.23553573632457
1.80439777952759	8.57113846229181
1.51793525990291	6.53902485602803
1.95834962071625	9.24875630299963
1.50325137554754	7.7157305032933
1.34756969173375	6.3228383168896
0.979476635144191	3.34054548610614
1.29921509683122	5.20300900820029
1.50150639351148	7.25919360090216
0.928659502112967	3.35497852148935
0.898438045837965	3.07466718286328
