x	y	clickSelects
0.10011277032147	0.906043996244228	3
0.10040312737798	0.906314534082061	3
0.10140883922882	0.907211457837158	34
0.10047119601252	0.906629847858136	3
-0.0290391790165101	1.76434796761741	154
0.10011277032147	0.906043996244228	3
0.10134042861547	0.907439175692279	187
0.10040312737798	0.906314534082061	3
0.10169797164515	0.907481324222691	243
0.0202330890348299	1.08716538684327	9
-0.0193500854078901	1.59378315663786	34
-0.12149323027983	2.0538736029193	34
0.10169797164515	0.907481324222691	3
0.10047119601252	0.906629847858136	3
0.10076130506037	0.907036493899438	370
0.0862134514444699	1.83073964911402	154
0.10134042861547	0.907439175692279	3
0.0204008877337201	1.08726349047316	120
0.10169797164515	0.907481324222691	187
0.10134042861547	0.907439175692279	73
0.11603692907932	1.67172966823839	484
-0.0192455859223499	1.59397460976847	233
0.10162944424993	0.907306148917365	3
0.10076130506037	0.907036493899438	120
0.10011277032147	0.906043996244228	187
0.10169797164515	0.907481324222691	325
0.10076130506037	0.907036493899438	259
0.1010510490733	0.907306853764938	447
-0.00809024649045997	1.4300869710178	484
-0.00824760535259994	1.42970643407314	694
0.0998220473131901	0.905637435218337	120
0.0204008877337201	1.08726349047316	120
0.10169797164515	0.907481324222691	3
0.02048638870796	1.08681008603723	243
0.10140883922882	0.907211457837158	243
0.02023029364311	1.08666376039989	73
0.10076130506037	0.907036493899438	370
0.1159582222917	1.67203694353386	325
-0.0526921198906101	2.27322828568265	154
0.10169797164515	0.907481324222691	3
0.02031837389016	1.08720177898495	3
0.10169797164515	0.907481324222691	9
0.02031837389016	1.08720177898495	244
0.10069311904779	0.906447303544458	89
0.0200656326488	1.08642879439558	259
-0.12270988402577	2.39242271162805	154
0.1194372361404	2.39941756117025	421
0.10076130506037	0.907036493899438	120
0.1019867405053	0.90761319649506	187
0.10047119601252	0.906629847858136	73
0.10111934269334	0.906805351634796	3
0.10227514637137	0.907479796914141	370
0.10169797164515	0.907481324222691	447
0.00460992872118005	1.26759481849811	187
-0.00813032533469005	1.4298703102814	209
0.11591936092073	1.67193756873	9
-0.00812944264519011	1.43022320646088	34
0.10069311904779	0.906447303544458	259
0.00441583875479989	1.26730366912119	209
0.1019867405053	0.90761319649506	9
0.10069311904779	0.906447303544458	73
0.00412997416611005	1.26615091474705	73
0.10069311904779	0.906447303544458	3
0.10169797164515	0.907481324222691	370
0.10169797164515	0.907481324222691	243
0.10227514637137	0.907479796914141	243
-0.0192972939318401	1.59398092068027	34
0.02031837389016	1.08720177898495	221
0.10011277032147	0.906043996244228	275
0.00489723437064993	1.26738622111217	154
0.10011277032147	0.906043996244228	3
0.10047119601252	0.906629847858136	243
0.1010510490733	0.907306853764938	89
0.10111934269334	0.906805351634796	120
0.10018072136498	0.905968393470807	187
0.10018072136498	0.905968393470807	3
0.0203980031558	1.0871767114521	34
0.02015070189972	1.08699171306418	73
0.1019867405053	0.90761319649506	3
0.0998220473131901	0.905637435218337	3
0.10011277032147	0.906043996244228	325
0.10111934269334	0.906805351634796	89
-0.0192445043996401	1.59386262780574	130
0.1010510490733	0.907306853764938	120
0.0998220473131901	0.905637435218337	3
0.1019867405053	0.90761319649506	3
0.00451738240719002	1.26750919799834	615
0.10134042861547	0.907439175692279	73
0.0202330890348299	1.08716538684327	221
0.10076130506037	0.907036493899438	3
0.1010510490733	0.907306853764938	370
0.10076130506037	0.907036493899438	370
-0.00820745107839005	1.42930933466445	325
0.02023029364311	1.08666376039989	325
0.10040312737798	0.906314534082061	8
0.1010510490733	0.907306853764938	259
0.10011277032147	0.906043996244228	447
0.10134042861547	0.907439175692279	275
-0.00816851079064995	1.4300353891087	643
0.10069311904779	0.906447303544458	120
0.1019867405053	0.90761319649506	120
0.1019867405053	0.90761319649506	187
0.00460992872118005	1.26759481849811	209
0.11595750404462	1.67169156760626	247
0.10140883922882	0.907211457837158	9
0.10076130506037	0.907036493899438	34
0.02014793989224	1.08660223194899	370
0.0202330890348299	1.08716538684327	130
0.10134042861547	0.907439175692279	3
0.02015070189972	1.08699171306418	187
0.0202330890348299	1.08716538684327	209
0.00452650525141007	1.26725704656624	244
0.0204037946245501	1.08674830937689	325
0.0203212473177801	1.08657462671375	120
0.00442489963282999	1.26732282797632	315
0.10076130506037	0.907036493899438	187
0.10134042861547	0.907439175692279	3
0.01998337185417	1.08611843935067	3
0.02031837389016	1.08720177898495	259
0.10134042861547	0.907439175692279	275
0.0204008877337201	1.08726349047316	120
0.10011277032147	0.906043996244228	113
0.10140883922882	0.907211457837158	180
0.0626016677364201	1.99677309024653	209
0.00472096771726993	1.26694665553405	209
0.10169797164515	0.907481324222691	73
0.10111934269334	0.906805351634796	196
0.10047119601252	0.906629847858136	226
0.10098274589515	0.90631524989093	89
0.1019867405053	0.90761319649506	259
-0.01929785090683	1.59406123668821	130
-0.12345425164484	1.71139124680864	113
0.0204008877337201	1.08726349047316	359
0.11603903351186	1.6719523584767	359
-0.00816954662453995	1.43013942626621	209
0.1010510490733	0.907306853764938	395
0.0202330890348299	1.08716538684327	416
0.02039514090175	1.08642663294251	416
0.10140883922882	0.907211457837158	73
0.01998337185417	1.08611843935067	196
0.1010510490733	0.907306853764938	196
0.02006836130343	1.08668096204983	196
0.10076130506037	0.907036493899438	370
0.10169797164515	0.907481324222691	226
0.10098274589515	0.90631524989093	226
-0.0193511591590501	1.59343422305333	244
0.00412997416611005	1.26615091474705	325
0.10076130506037	0.907036493899438	259
0.10011277032147	0.906043996244228	259
0.1010510490733	0.907306853764938	259
0.10134042861547	0.907439175692279	389
0.0200656326488	1.08642879439558	639
0.11599940110988	1.6719845300661	154
0.00499942288102995	1.26689001719374	315
0.10140883922882	0.907211457837158	315
0.02031552276731	1.08722702084927	640
0.10047119601252	0.906629847858136	73
0.02031837389016	1.08720177898495	196
0.10040312737798	0.906314534082061	226
-0.00816851079064995	1.4300353891087	259
0.02023029364311	1.08666376039989	259
0.10076130506037	0.907036493899438	180
-0.0080505659002601	1.42991299250213	209
0.0046190920332001	1.26744350671332	209
0.10134042861547	0.907439175692279	732
0.10018072136498	0.905968393470807	8
0.10169797164515	0.907481324222691	259
0.10076130506037	0.907036493899438	259
-0.00820863991371001	1.43008822900997	389
0.0204834483229701	1.08721326266073	639
0.10134042861547	0.907439175692279	180
0.1010510490733	0.907306853764938	395
-0.00824876547538	1.42981026669857	732
0.0202359067337601	1.08702803190715	221
0.02006836130343	1.08668096204983	325
0.00423114441033001	1.26681890289088	639
-0.04563311805897	2.10371615170727	421
-0.01942898660957	1.59286948758381	113
0.0204008877337201	1.08726349047316	180
0.02014793989224	1.08660223194899	209
0.02015070189972	1.08699171306418	9
-0.02893500620606	1.76491086431637	34
0.10140883922882	0.907211457837158	640
-0.0193511591590501	1.59343422305333	221
0.02031837389016	1.08720177898495	196
0.10134042861547	0.907439175692279	701
0.0046190920332001	1.26744350671332	760
0.10076130506037	0.907036493899438	8
0.10011277032147	0.906043996244228	259
0.10076130506037	0.907036493899438	259
0.10134042861547	0.907439175692279	275
0.02015070189972	1.08699171306418	639
0.0202330890348299	1.08716538684327	315
0.02014793989224	1.08660223194899	315
-0.0081299067263001	1.43016010723581	180
0.11592019558246	1.67173947776944	359
0.00432345988638994	1.26711745363877	3
0.0202359067337601	1.08702803190715	196
0.02014793989224	1.08660223194899	8
0.0861615189554501	1.83120671361739	259
-0.12351503876147	1.71144588177007	113
-0.0192717222280301	1.59406298863138	315
0.00450828107786006	1.26738916091211	359
0.02006836130343	1.08668096204983	359
0.0048044565309	1.26751412482029	359
0.02031837389016	1.08720177898495	209
0.0627774433069599	1.99555904326084	209
0.0995309577872301	0.904976551106435	221
0.10134042861547	0.907439175692279	196
0.1010510490733	0.907306853764938	196
-0.00820806820271991	1.42992111448034	244
0.00441583875479989	1.26730366912119	49
0.00441583875479989	1.26730366912119	315
0.0203212473177801	1.08657462671375	315
0.11611767296985	1.67176008870757	359
0.0048044565309	1.26751412482029	701
-0.00816851079064995	1.4300353891087	701
0.10040312737798	0.906314534082061	8
0.08610861564577	1.83114948833727	259
0.00460992872118005	1.26759481849811	259
-0.00809024649045997	1.4300869710178	639
0.00441583875479989	1.26730366912119	113
-0.0193245098139601	1.59385699483893	315
0.02056605571645	1.0870263213164	359
0.11595978847181	1.67191451729395	359
-0.01921839485302	1.59386436858632	247
0.0430288229743601	2.16379085858843	247
0.10069311904779	0.906447303544458	296
0.0205690296265399	1.08676005277754	732
0.1010510490733	0.907306853764938	221
0.02023029364311	1.08666376039989	196
0.0204008877337201	1.08726349047316	701
0.02023029364311	1.08666376039989	244
0.02056605571645	1.0870263213164	259
0.02031552276731	1.08722702084927	259
0.10076130506037	0.907036493899438	259
0.10169797164515	0.907481324222691	275
-0.00816905142947011	1.43020256644836	130
0.00442489963282999	1.26732282797632	113
0.10047119601252	0.906629847858136	49
0.10169797164515	0.907481324222691	180
-0.0191661529127101	1.59359288290892	247
-0.00816905142947011	1.43020256644836	209
0.1010510490733	0.907306853764938	732
0.1010510490733	0.907306853764938	196
0.10111934269334	0.906805351634796	226
-0.00824820811480009	1.42987345750567	244
0.1019867405053	0.90761319649506	325
0.10076130506037	0.907036493899438	325
0.10040312737798	0.906314534082061	8
0.0204008877337201	1.08726349047316	8
0.00478598939783992	1.26696918670783	259
0.10069311904779	0.906447303544458	259
0.02031837389016	1.08720177898495	49
0.10040312737798	0.906314534082061	49
0.00434152231202001	1.2665121372412	113
0.10140883922882	0.907211457837158	49
0.0998220473131901	0.905637435218337	315
0.0202330890348299	1.08716538684327	180
0.1019867405053	0.90761319649506	180
0.1010510490733	0.907306853764938	180
0.00451738240719002	1.26750919799834	209
0.00433248033584999	1.26702409393016	296
0.10040312737798	0.906314534082061	34
0.10134042861547	0.907439175692279	221
0.10140883922882	0.907211457837158	370
0.02014793989224	1.08660223194899	701
0.11603758729791	1.67207494504311	244
0.10169797164515	0.907481324222691	8
0.10076130506037	0.907036493899438	259
0.10040312737798	0.906314534082061	259
0.0202330890348299	1.08716538684327	49
0.1010510490733	0.907306853764938	315
0.10140883922882	0.907211457837158	180
0.1159582222917	1.67203694353386	209
0.02031837389016	1.08720177898495	209
0.0202330890348299	1.08716538684327	395
0.10076130506037	0.907036493899438	395
0.0204008877337201	1.08726349047316	34
0.10169797164515	0.907481324222691	226
0.10011277032147	0.906043996244228	221
0.10076130506037	0.907036493899438	259
0.10111934269334	0.906805351634796	49
0.1019867405053	0.90761319649506	49
0.10076130506037	0.907036493899438	180
0.10047119601252	0.906629847858136	395
-0.00812944264519011	1.43022320646088	34
-0.12343891386936	1.71165702339019	34
0.1010510490733	0.907306853764938	732
0.10111934269334	0.906805351634796	370
0.10076130506037	0.907036493899438	49
0.00490654068214003	1.26701758534044	49
0.10134042861547	0.907439175692279	49
0.10134042861547	0.907439175692279	180
0.10040312737798	0.906314534082061	209
0.11599862638025	1.67218275321416	732
0.02015070189972	1.08699171306418	221
0.10076130506037	0.907036493899438	196
0.1010510490733	0.907306853764938	196
-0.00816905142947011	1.43020256644836	325
-0.01921893659528	1.59398605327326	113
0.10134042861547	0.907439175692279	49
0.10076130506037	0.907036493899438	49
0.1019867405053	0.90761319649506	4
0.00471174243903993	1.26752924438909	209
-0.01927118243591	1.59407269704666	34
0.0998220473131901	0.905637435218337	221
0.1019867405053	0.90761319649506	389
0.08616205458604	1.8309095165323	154
0.10169797164515	0.907481324222691	49
-0.12149386838279	2.05425780284539	247
0.1010510490733	0.907306853764938	73
0.10134042861547	0.907439175692279	221
0.10140883922882	0.907211457837158	196
0.11595898376722	1.67211268918592	325
0.10111934269334	0.906805351634796	259
0.10076130506037	0.907036493899438	226
0.10169797164515	0.907481324222691	221
0.10076130506037	0.907036493899438	196
0.00443398203170009	1.26695825260079	196
0.1010510490733	0.907306853764938	196
0.1010510490733	0.907306853764938	370
0.1010510490733	0.907306853764938	325
0.0204834483229701	1.08721326266073	259
0.00441583875479989	1.26730366912119	334
0.00433248033584999	1.26702409393016	259
0.1010510490733	0.907306853764938	259
0.02031837389016	1.08720177898495	389
0.0862144202586499	1.83090698153578	154
0.00449920128930992	1.26670496101616	130
0.02015070189972	1.08699171306418	49
0.0204805302589	1.08698968363812	49
0.10111934269334	0.906805351634796	49
0.10169797164515	0.907481324222691	315
0.10169797164515	0.907481324222691	34
0.10111934269334	0.906805351634796	226
0.02031552276731	1.08722702084927	196
0.10111934269334	0.906805351634796	196
0.10069311904779	0.906447303544458	325
0.10076130506037	0.907036493899438	8
0.10011277032147	0.906043996244228	259
0.0204008877337201	1.08726349047316	259
0.0998220473131901	0.905637435218337	259
0.10140883922882	0.907211457837158	389
0.1010510490733	0.907306853764938	389
-0.00809024649045997	1.4300869710178	141
0.1019867405053	0.90761319649506	49
0.1010510490733	0.907306853764938	180
0.02031552276731	1.08722702084927	296
0.10076130506037	0.907036493899438	73
-0.00813032533469005	1.4298703102814	701
-0.0454843056987599	2.10375516409492	556
0.10134042861547	0.907439175692279	8
0.02031837389016	1.08720177898495	259
0.10140883922882	0.907211457837158	307
-0.01942898660957	1.59286948758381	130
0.10134042861547	0.907439175692279	49
0.02023029364311	1.08666376039989	49
0.1019867405053	0.90761319649506	315
0.1010510490733	0.907306853764938	315
-0.0376652765693799	1.93408615505551	34
0.10076130506037	0.907036493899438	226
0.10076130506037	0.907036493899438	226
0.0204008877337201	1.08726349047316	73
0.10169797164515	0.907481324222691	221
0.10011277032147	0.906043996244228	196
0.02015070189972	1.08699171306418	196
-0.01934949410507	1.59350323903824	325
0.0203980031558	1.0871767114521	240
0.10069311904779	0.906447303544458	240
-0.04563667962375	2.10416609406065	113
0.10011277032147	0.906043996244228	49
0.10140883922882	0.907211457837158	49
-0.01932397196478	1.59396944947553	615
0.11936947412815	2.39926764404093	732
0.10076130506037	0.907036493899438	73
0.10011277032147	0.906043996244228	196
0.00441583875479989	1.26730366912119	196
0.02031837389016	1.08720177898495	466
-0.0082091662019701	1.43002505804072	466
0.10047119601252	0.906629847858136	8
0.0202359067337601	1.08702803190715	8
0.10169797164515	0.907481324222691	275
0.10140883922882	0.907211457837158	130
0.10140883922882	0.907211457837158	4
-0.00824820811480009	1.42987345750567	9
0.10111934269334	0.906805351634796	221
0.00460992872118005	1.26759481849811	196
0.02015348620595	1.08671721277481	370
0.10076130506037	0.907036493899438	501
-0.0288308398077	1.76460066667206	334
0.10169797164515	0.907481324222691	8
0.10140883922882	0.907211457837158	275
0.1010510490733	0.907306853764938	240
0.0205690296265399	1.08676005277754	130
0.0046190920332001	1.26744350671332	247
0.0203980031558	1.0871767114521	395
0.0204037946245501	1.08674830937689	395
0.00451738240719002	1.26750919799834	192
0.1010510490733	0.907306853764938	196
0.10111934269334	0.906805351634796	8
0.1019867405053	0.90761319649506	8
0.10169797164515	0.907481324222691	259
0.02015348620595	1.08671721277481	113
-0.01927118243591	1.59407269704666	315
0.02031837389016	1.08720177898495	49
0.10076130506037	0.907036493899438	49
0.10076130506037	0.907036493899438	180
0.00442489963282999	1.26732282797632	221
0.10040312737798	0.906314534082061	196
0.00432345988638994	1.26711745363877	325
0.10111934269334	0.906805351634796	259
-0.02888346028371	1.76459397139223	334
0.10111934269334	0.906805351634796	259
0.11599789489516	1.67210704534538	334
0.10069311904779	0.906447303544458	8
0.10140883922882	0.907211457837158	8
0.0204805302589	1.08698968363812	307
0.10140883922882	0.907211457837158	307
0.02014793989224	1.08660223194899	275
0.10140883922882	0.907211457837158	240
0.0862144202586499	1.83090698153578	141
-0.00816851079064995	1.4300353891087	113
0.11599789489516	1.67210704534538	113
0.10134042861547	0.907439175692279	4
0.02031837389016	1.08720177898495	49
0.10134042861547	0.907439175692279	49
0.11583932312647	1.6711445837587	315
0.10076130506037	0.907036493899438	73
0.02014793989224	1.08660223194899	221
0.10040312737798	0.906314534082061	226
-0.12264698976168	2.39303987101985	556
0.0204008877337201	1.08726349047316	501
0.1010510490733	0.907306853764938	8
0.10227514637137	0.907479796914141	623
0.10169797164515	0.907481324222691	4
0.10134042861547	0.907439175692279	4
0.1010510490733	0.907306853764938	49
0.00460992872118005	1.26759481849811	315
0.0860552131697401	1.83042386999703	315
0.10011277032147	0.906043996244228	180
0.10076130506037	0.907036493899438	9
0.02015070189972	1.08699171306418	226
0.1010510490733	0.907306853764938	8
0.10011277032147	0.906043996244228	307
0.10076130506037	0.907036493899438	130
0.08600280299529	1.83002257681507	130
0.02015070189972	1.08699171306418	130
0.1019867405053	0.90761319649506	49
0.02015348620595	1.08671721277481	4
0.02031837389016	1.08720177898495	49
0.00481372231478994	1.26703249349199	192
0.0044067994233401	1.26672036127882	141
0.0627239391141701	1.9964950592754	130
0.10140883922882	0.907211457837158	49
0.02015070189972	1.08699171306418	315
-0.00816905142947011	1.43020256644836	247
0.02031552276731	1.08722702084927	296
0.1010510490733	0.907306853764938	73
0.10040312737798	0.906314534082061	226
0.02031837389016	1.08720177898495	141
0.10140883922882	0.907211457837158	295
0.00481372231478994	1.26703249349199	4
0.0202359067337601	1.08702803190715	4
0.10169797164515	0.907481324222691	4
0.10076130506037	0.907036493899438	395
0.10076130506037	0.907036493899438	395
0.0205690296265399	1.08676005277754	209
0.00432345988638994	1.26711745363877	209
0.0202330890348299	1.08716538684327	615
0.1019867405053	0.90761319649506	226
0.08616101854994	1.83114697133688	556
0.0204834483229701	1.08721326266073	325
0.10040312737798	0.906314534082061	8
0.10134042861547	0.907439175692279	259
0.10134042861547	0.907439175692279	4
0.10169797164515	0.907481324222691	4
0.11607729951499	1.67193753658563	247
0.11603758729791	1.67207494504311	247
0.00451738240719002	1.26750919799834	209
0.1010510490733	0.907306853764938	221
0.10169797164515	0.907481324222691	226
0.10134042861547	0.907439175692279	370
0.00441583875479989	1.26730366912119	466
0.11599656165387	1.67091373088598	334
0.1010510490733	0.907306853764938	275
0.0203980031558	1.0871767114521	49
0.10111934269334	0.906805351634796	4
0.02023029364311	1.08666376039989	395
0.00488794952172	1.26717505630802	192
0.10134042861547	0.907439175692279	73
0.1010510490733	0.907306853764938	370
-0.0192460721504499	1.59358730328505	466
-0.01921893659528	1.59398605327326	466
0.11599789489516	1.67210704534538	334
0.0203126939600899	1.08661347608547	307
0.10011277032147	0.906043996244228	49
0.10162944424993	0.907306148917365	49
0.02015070189972	1.08699171306418	315
0.1019867405053	0.90761319649506	226
0.00441583875479989	1.26730366912119	259
0.10162944424993	0.907306148917365	259
0.10040312737798	0.906314534082061	275
0.10076130506037	0.907036493899438	4
0.0202330890348299	1.08716538684327	49
0.00472096771726993	1.26694665553405	395
0.02031552276731	1.08722702084927	395
-0.00816905142947011	1.43020256644836	9
0.02031837389016	1.08720177898495	332
0.10047119601252	0.906629847858136	8
0.0046190920332001	1.26744350671332	334
-0.00813032533469005	1.4298703102814	259
0.00478598939783992	1.26696918670783	130
0.10076130506037	0.907036493899438	49
0.10134042861547	0.907439175692279	49
0.0202330890348299	1.08716538684327	180
-0.0192972939318401	1.59398092068027	209
0.10140883922882	0.907211457837158	192
0.00441583875479989	1.26730366912119	732
-0.0288915152095399	1.7648774562573	556
0.02031552276731	1.08722702084927	259
0.10047119601252	0.906629847858136	130
0.10076130506037	0.907036493899438	49
0.1019867405053	0.90761319649506	4
0.1019867405053	0.90761319649506	4
0.02031552276731	1.08722702084927	49
0.1010510490733	0.907306853764938	192
0.10169797164515	0.907481324222691	501
0.0998220473131901	0.905637435218337	259
0.00460078691791011	1.26737379434533	334
0.0048044565309	1.26751412482029	259
0.00413889226423003	1.26637302879736	334
0.1010510490733	0.907306853764938	275
0.10047119601252	0.906629847858136	49
-0.0192445043996401	1.59386262780574	295
0.10140883922882	0.907211457837158	4
0.10134042861547	0.907439175692279	295
0.10134042861547	0.907439175692279	315
0.0204037946245501	1.08674830937689	315
0.10040312737798	0.906314534082061	4
0.10076130506037	0.907036493899438	395
0.10140883922882	0.907211457837158	226
0.10140883922882	0.907211457837158	370
0.02031552276731	1.08722702084927	259
-0.00812944264519011	1.43022320646088	130
0.02015070189972	1.08699171306418	130
0.02006836130343	1.08668096204983	4
0.10047119601252	0.906629847858136	4
0.1010510490733	0.907306853764938	4
0.00470253863687997	1.26757955472315	4
0.1019867405053	0.90761319649506	49
0.1010510490733	0.907306853764938	315
0.1010510490733	0.907306853764938	192
0.02014793989224	1.08660223194899	370
0.0202330890348299	1.08716538684327	370
0.10076130506037	0.907036493899438	259
0.02031837389016	1.08720177898495	334
0.10162944424993	0.907306148917365	275
0.02031837389016	1.08720177898495	49
0.1010510490733	0.907306853764938	49
-0.00813032533469005	1.4298703102814	615
0.10082948147517	0.906144530064968	226
0.1010510490733	0.907306853764938	221
0.0202330890348299	1.08716538684327	370
0.10076130506037	0.907036493899438	501
0.0860824254261101	1.8310019576483	130
-0.00824820811480009	1.42987345750567	130
0.02015070189972	1.08699171306418	49
0.1010510490733	0.907306853764938	295
0.1010510490733	0.907306853764938	315
-0.02896937696939	1.76467349911097	556
0.00423114441033001	1.26681890289088	259
0.10169797164515	0.907481324222691	295
0.10134042861547	0.907439175692279	4
0.10134042861547	0.907439175692279	226
0.0199860671873999	1.08607619587368	221
0.1019867405053	0.90761319649506	196
0.1019867405053	0.90761319649506	370
0.0202330890348299	1.08716538684327	259
0.0204008877337201	1.08726349047316	240
0.1010510490733	0.907306853764938	49
0.02014793989224	1.08660223194899	49
0.10076130506037	0.907036493899438	49
0.0202359067337601	1.08702803190715	34
-0.0192455859223499	1.59397460976847	556
-0.00809024649045997	1.4300869710178	466
0.10169797164515	0.907481324222691	259
0.1010510490733	0.907306853764938	539
-0.12156702907199	2.05351765826187	141
0.06267793999328	1.99668476198509	295
0.02015070189972	1.08699171306418	4
-0.0193822766901599	1.59307347085107	522
0.10140883922882	0.907211457837158	3
0.02031552276731	1.08722702084927	73
0.00404670338562996	1.26559377700192	196
0.10140883922882	0.907211457837158	332
0.11603758729791	1.67207494504311	141
0.10069311904779	0.906447303544458	4
0.10011277032147	0.906043996244228	4
0.1010510490733	0.907306853764938	295
0.00470253863687997	1.26757955472315	49
0.02015070189972	1.08699171306418	180
0.1010510490733	0.907306853764938	180
0.1019867405053	0.90761319649506	3
0.1010510490733	0.907306853764938	192
0.1010510490733	0.907306853764938	192
0.10111934269334	0.906805351634796	196
0.10011277032147	0.906043996244228	8
0.10076130506037	0.907036493899438	259
-0.00824876547538	1.42981026669857	29
0.10134042861547	0.907439175692279	4
0.10134042861547	0.907439175692279	73
0.10076130506037	0.907036493899438	221
0.10076130506037	0.907036493899438	226
0.10076130506037	0.907036493899438	226
0.1010510490733	0.907306853764938	325
0.10169797164515	0.907481324222691	8
-0.0288399622753199	1.76456061557413	334
0.00450828107786006	1.26738916091211	334
-0.0593273745220899	2.44079873095269	480
0.0202359067337601	1.08702803190715	186
0.00443398203170009	1.26695825260079	574
-0.01921893659528	1.59398605327326	574
-0.0080505659002601	1.42991299250213	4
0.10018072136498	0.905968393470807	4
0.10047119601252	0.906629847858136	295
0.10169797164515	0.907481324222691	395
0.10169797164515	0.907481324222691	226
0.0998220473131901	0.905637435218337	8
0.01998337185417	1.08611843935067	574
-0.0376358804589301	1.93300418169301	360
-0.0192445043996401	1.59386262780574	574
0.00432345988638994	1.26711745363877	4
0.1010510490733	0.907306853764938	4
0.0203212473177801	1.08657462671375	295
0.00452650525141007	1.26725704656624	295
0.00432345988638994	1.26711745363877	295
0.00470253863687997	1.26757955472315	721
0.0202330890348299	1.08716538684327	4
0.02023029364311	1.08666376039989	180
0.02048638870796	1.08681008603723	247
0.02031552276731	1.08722702084927	55
0.0200656326488	1.08642879439558	61
0.10169797164515	0.907481324222691	226
0.0202359067337601	1.08702803190715	230
0.10069311904779	0.906447303544458	226
0.0044067994233401	1.26672036127882	295
0.0202359067337601	1.08702803190715	295
0.00450828107786006	1.26738916091211	721
0.10227514637137	0.907479796914141	180
0.00460992872118005	1.26759481849811	615
0.0206517174387699	1.08657346379585	3
0.02031552276731	1.08722702084927	192
0.11603692907932	1.67172966823839	17
0.10111934269334	0.906805351634796	55
0.10140883922882	0.907211457837158	226
0.10140883922882	0.907211457837158	226
0.1010510490733	0.907306853764938	325
0.1010510490733	0.907306853764938	8
0.10011277032147	0.906043996244228	8
0.0203980031558	1.0871767114521	280
0.10047119601252	0.906629847858136	8
0.10140883922882	0.907211457837158	8
0.10169797164515	0.907481324222691	4
0.02031837389016	1.08720177898495	4
0.10076130506037	0.907036493899438	3
0.10140883922882	0.907211457837158	55
0.0203212473177801	1.08657462671375	61
0.10227514637137	0.907479796914141	8
0.00460992872118005	1.26759481849811	280
0.1010510490733	0.907306853764938	8
0.10134042861547	0.907439175692279	8
-0.0377180406864599	1.93412224522584	31
0.00469335633716006	1.26724564254518	295
0.00413889226423003	1.26637302879736	180
-0.00824760535259994	1.42970643407314	13
0.00460992872118005	1.26759481849811	3
0.02015348620595	1.08671721277481	17
0.10040312737798	0.906314534082061	61
0.00441583875479989	1.26730366912119	61
0.10134042861547	0.907439175692279	226
0.0199860671873999	1.08607619587368	280
0.00441583875479989	1.26730366912119	280
-0.12180328670133	2.22367751918088	70
0.0204008877337201	1.08726349047316	295
0.02006836130343	1.08668096204983	180
0.02031552276731	1.08722702084927	4
-0.00808881120370009	1.4293709347442	17
0.11599862638025	1.67218275321416	17
0.02015348620595	1.08671721277481	61
0.10134042861547	0.907439175692279	61
0.10169797164515	0.907481324222691	8
0.02031552276731	1.08722702084927	8
0.10047119601252	0.906629847858136	539
-0.12198588749225	2.22315047711544	360
-0.00820806820271991	1.42992111448034	494
0.00452650525141007	1.26725704656624	295
0.00442489963282999	1.26732282797632	295
0.00433248033584999	1.26702409393016	180
0.02015348620595	1.08671721277481	55
0.02031552276731	1.08722702084927	73
0.00450828107786006	1.26738916091211	230
0.10140883922882	0.907211457837158	8
0.10134042861547	0.907439175692279	8
0.0998220473131901	0.905637435218337	539
0.0625329549387099	1.99646305392139	494
0.08610861564577	1.83114948833727	494
0.10040312737798	0.906314534082061	180
0.0204805302589	1.08698968363812	180
0.10076130506037	0.907036493899438	180
-0.12347682791712	1.71149391593147	247
0.10069311904779	0.906447303544458	3
0.10140883922882	0.907211457837158	17
0.11591782123742	1.67151644870732	17
0.1010510490733	0.907306853764938	55
0.0199860671873999	1.08607619587368	61
0.10047119601252	0.906629847858136	226
0.10134042861547	0.907439175692279	226
0.00451738240719002	1.26750919799834	230
0.10111934269334	0.906805351634796	8
-0.12368226296802	1.7109147791027	494
-0.00801086493897008	1.42962049404901	494
0.11607667133679	1.67159238674712	295
0.0204037946245501	1.08674830937689	295
0.10076130506037	0.907036493899438	180
0.00450828107786006	1.26738916091211	247
0.10169797164515	0.907481324222691	192
0.11599940110988	1.6719845300661	17
0.0204037946245501	1.08674830937689	17
0.1010510490733	0.907306853764938	61
0.0200656326488	1.08642879439558	61
0.00423114441033001	1.26681890289088	61
0.0204834483229701	1.08721326266073	230
0.10076130506037	0.907036493899438	8
0.10134042861547	0.907439175692279	280
0.0046190920332001	1.26744350671332	494
0.10140883922882	0.907211457837158	404
0.10069311904779	0.906447303544458	180
0.11592019558246	1.67173947776944	13
0.0204008877337201	1.08726349047316	61
0.10134042861547	0.907439175692279	61
0.02031552276731	1.08722702084927	61
-0.0457104858842801	2.10429055164279	344
-0.00816999636742	1.42984958407953	230
0.10140883922882	0.907211457837158	230
0.02023029364311	1.08666376039989	8
-0.00812837809794997	1.42944406171566	280
0.10140883922882	0.907211457837158	134
-0.12337044901961	1.7114020476584	494
-0.12343891386936	1.71165702339019	494
-0.00816905142947011	1.43020256644836	494
0.10076130506037	0.907036493899438	295
0.10169797164515	0.907481324222691	404
-0.00824820811480009	1.42987345750567	721
-0.12342361282002	1.71159325405413	247
-0.01929837156153	1.5938587623588	17
0.02031837389016	1.08720177898495	61
0.0202330890348299	1.08716538684327	192
0.10040312737798	0.906314534082061	55
0.10076130506037	0.907036493899438	226
0.10169797164515	0.907481324222691	8
0.10169797164515	0.907481324222691	8
0.02031552276731	1.08722702084927	280
0.10011277032147	0.906043996244228	8
0.00451738240719002	1.26750919799834	124
0.10011277032147	0.906043996244228	295
0.10011277032147	0.906043996244228	152
0.10040312737798	0.906314534082061	180
0.02023874672922	1.08626403054227	55
0.10169797164515	0.907481324222691	55
0.10047119601252	0.906629847858136	61
0.0430322043298701	2.16369084013168	452
0.02015070189972	1.08699171306418	134
-0.0191666602493299	1.5935139852253	163
0.11607729951499	1.67193753658563	13
0.10111934269334	0.906805351634796	162
-0.12207851102458	1.88293496880416	17
0.10011277032147	0.906043996244228	55
0.00452650525141007	1.26725704656624	61
0.10069311904779	0.906447303544458	226
-0.12212533749607	1.88346953049044	452
0.10140883922882	0.907211457837158	8
0.02048638870796	1.08681008603723	27
0.10076130506037	0.907036493899438	134
0.0204008877337201	1.08726349047316	124
0.10098274589515	0.90631524989093	38
0.0202330890348299	1.08716538684327	180
0.0202330890348299	1.08716538684327	13
0.10011277032147	0.906043996244228	3
0.10169797164515	0.907481324222691	17
0.10134042861547	0.907439175692279	61
0.10047119601252	0.906629847858136	55
0.0202330890348299	1.08716538684327	55
0.1019867405053	0.90761319649506	61
0.10076130506037	0.907036493899438	61
0.10076130506037	0.907036493899438	755
0.10134042861547	0.907439175692279	8
0.10076130506037	0.907036493899438	8
0.10140883922882	0.907211457837158	8
0.10169797164515	0.907481324222691	307
-0.12204714435324	1.88293056617984	31
0.10076130506037	0.907036493899438	641
0.0428856492692	2.16322566420752	17
0.00432345988638994	1.26711745363877	73
0.1010510490733	0.907306853764938	61
0.1010510490733	0.907306853764938	226
-0.12356055611325	1.711602593177	280
0.10040312737798	0.906314534082061	8
0.10111934269334	0.906805351634796	124
0.1019867405053	0.90761319649506	404
0.10076130506037	0.907036493899438	3
0.10047119601252	0.906629847858136	61
0.02039514090175	1.08642663294251	8
0.10098274589515	0.90631524989093	307
0.10040312737798	0.906314534082061	731
0.1010510490733	0.907306853764938	404
0.02031837389016	1.08720177898495	295
0.10140883922882	0.907211457837158	615
0.00412997416611005	1.26615091474705	73
0.10047119601252	0.906629847858136	55
0.1019867405053	0.90761319649506	55
0.10047119601252	0.906629847858136	55
-0.0193245098139601	1.59385699483893	230
0.0998220473131901	0.905637435218337	8
0.10098274589515	0.90631524989093	151
0.10011277032147	0.906043996244228	8
0.11603903351186	1.6719523584767	280
0.10134042861547	0.907439175692279	134
0.10098274589515	0.90631524989093	134
0.00471174243903993	1.26752924438909	134
0.0047952122163899	1.26745147666955	402
0.1010510490733	0.907306853764938	641
0.10134042861547	0.907439175692279	494
0.1010510490733	0.907306853764938	124
0.10011277032147	0.906043996244228	124
0.1010510490733	0.907306853764938	180
-0.00808881120370009	1.4293709347442	61
0.10169797164515	0.907481324222691	55
0.11603828877498	1.67215060395899	280
0.02014793989224	1.08660223194899	8
0.10076130506037	0.907036493899438	134
-0.12348445172888	1.711647833518	494
0.1010510490733	0.907306853764938	124
0.1010510490733	0.907306853764938	731
0.10140883922882	0.907211457837158	404
0.10134042861547	0.907439175692279	404
0.10140883922882	0.907211457837158	295
0.10134042861547	0.907439175692279	38
0.1010510490733	0.907306853764938	230
0.10076130506037	0.907036493899438	8
0.10076130506037	0.907036493899438	8
0.10169797164515	0.907481324222691	8
-0.00824820811480009	1.42987345750567	280
0.1019867405053	0.90761319649506	134
0.10076130506037	0.907036493899438	3
0.0202359067337601	1.08702803190715	17
0.0204834483229701	1.08721326266073	61
0.10111934269334	0.906805351634796	439
-0.00816792471718997	1.4294234851381	439
0.11591936092073	1.67193756873	124
0.10069311904779	0.906447303544458	404
0.00460992872118005	1.26759481849811	13
0.10076130506037	0.907036493899438	162
0.0202359067337601	1.08702803190715	13
0.10111934269334	0.906805351634796	77
0.10011277032147	0.906043996244228	55
0.10134042861547	0.907439175692279	61
-0.0289178228698499	1.76489502125808	452
0.10098274589515	0.90631524989093	8
0.10169797164515	0.907481324222691	439
-0.04571111863739	2.10422959330058	494
-0.0081299067263001	1.43016010723581	494
0.10076130506037	0.907036493899438	731
0.0204008877337201	1.08726349047316	295
0.02056605571645	1.0870263213164	38
0.10134042861547	0.907439175692279	38
0.10169797164515	0.907481324222691	152
0.10076130506037	0.907036493899438	162
0.00451738240719002	1.26750919799834	17
0.10140883922882	0.907211457837158	55
0.10040312737798	0.906314534082061	134
0.02015070189972	1.08699171306418	124
0.10169797164515	0.907481324222691	731
-0.01929785090683	1.59406123668821	13
0.0202359067337601	1.08702803190715	55
0.1010510490733	0.907306853764938	364
0.10162944424993	0.907306148917365	55
0.1010510490733	0.907306853764938	61
0.1010510490733	0.907306853764938	8
0.11603828877498	1.67215060395899	494
0.1010510490733	0.907306853764938	124
0.02031552276731	1.08722702084927	731
0.02031552276731	1.08722702084927	180
0.10140883922882	0.907211457837158	77
0.0995309577872301	0.904976551106435	17
0.00450828107786006	1.26738916091211	17
0.10169797164515	0.907481324222691	17
-0.0290391790165101	1.76434796761741	17
0.0046190920332001	1.26744350671332	61
0.02006836130343	1.08668096204983	55
0.10111934269334	0.906805351634796	364
0.10011277032147	0.906043996244228	230
0.10169797164515	0.907481324222691	151
0.10140883922882	0.907211457837158	404
0.02014793989224	1.08660223194899	38
0.0995309577872301	0.904976551106435	152
0.10040312737798	0.906314534082061	152
0.0204805302589	1.08698968363812	180
0.0995309577872301	0.904976551106435	180
0.1010510490733	0.907306853764938	55
0.00451738240719002	1.26750919799834	230
0.10076130506037	0.907036493899438	439
0.10047119601252	0.906629847858136	27
0.0204008877337201	1.08726349047316	27
0.0861615189554501	1.83120671361739	494
0.0202330890348299	1.08716538684327	124
0.00451738240719002	1.26750919799834	124
0.10076130506037	0.907036493899438	731
0.10140883922882	0.907211457837158	404
0.1010510490733	0.907306853764938	38
0.10134042861547	0.907439175692279	152
0.02015070189972	1.08699171306418	13
0.0202330890348299	1.08716538684327	61
0.10076130506037	0.907036493899438	55
0.1019867405053	0.90761319649506	55
0.10076130506037	0.907036493899438	230
0.10040312737798	0.906314534082061	439
0.02014793989224	1.08660223194899	27
0.0202359067337601	1.08702803190715	134
0.0202330890348299	1.08716538684327	731
0.10140883922882	0.907211457837158	404
0.0998220473131901	0.905637435218337	152
0.10169797164515	0.907481324222691	152
-0.00816851079064995	1.4300353891087	13
0.02006836130343	1.08668096204983	17
0.10169797164515	0.907481324222691	61
0.10134042861547	0.907439175692279	55
0.10162944424993	0.907306148917365	8
0.1010510490733	0.907306853764938	439
0.1019867405053	0.90761319649506	280
0.0204008877337201	1.08726349047316	27
0.11599862638025	1.67218275321416	731
0.02015070189972	1.08699171306418	731
0.10069311904779	0.906447303544458	731
0.02031837389016	1.08720177898495	152
-0.0081299067263001	1.43016010723581	13
0.00450828107786006	1.26738916091211	17
0.10076130506037	0.907036493899438	61
0.00442489963282999	1.26732282797632	27
0.10069311904779	0.906447303544458	134
-0.0192450633257399	1.59407443975006	494
0.0204008877337201	1.08726349047316	124
0.1010510490733	0.907306853764938	731
0.10169797164515	0.907481324222691	38
0.10134042861547	0.907439175692279	152
0.10047119601252	0.906629847858136	152
0.10134042861547	0.907439175692279	61
0.10076130506037	0.907036493899438	61
0.10076130506037	0.907036493899438	8
0.1019867405053	0.90761319649506	151
0.00432345988638994	1.26711745363877	280
-0.0455628755050801	2.10348772677584	163
-0.00812837809794997	1.42944406171566	494
0.10169797164515	0.907481324222691	38
0.0204834483229701	1.08721326266073	162
0.10134042861547	0.907439175692279	364
0.0430288229743601	2.16379085858843	344
0.10169797164515	0.907481324222691	134
0.10076130506037	0.907036493899438	38
0.10098274589515	0.90631524989093	152
0.10082948147517	0.906144530064968	152
-0.02896131979835	1.76474263578357	689
0.1010510490733	0.907306853764938	38
0.02031837389016	1.08720177898495	61
0.0204834483229701	1.08721326266073	412
0.10134042861547	0.907439175692279	8
0.10134042861547	0.907439175692279	124
0.10140883922882	0.907211457837158	731
0.11595978847181	1.67191451729395	180
-0.0082091662019701	1.43002505804072	13
0.10098274589515	0.90631524989093	162
0.1010510490733	0.907306853764938	61
0.02048638870796	1.08681008603723	8
0.10169797164515	0.907481324222691	404
0.00488794952172	1.26717505630802	295
0.02014793989224	1.08660223194899	3
0.00450828107786006	1.26738916091211	17
0.11599940110988	1.6719845300661	61
0.10169797164515	0.907481324222691	55
0.0203212473177801	1.08657462671375	27
0.10076130506037	0.907036493899438	161
0.10140883922882	0.907211457837158	731
0.0199860671873999	1.08607619587368	38
0.00471174243903993	1.26752924438909	13
0.02048638870796	1.08681008603723	162
0.10076130506037	0.907036493899438	529
0.02023029364311	1.08666376039989	230
0.10134042861547	0.907439175692279	582
0.1159185694725	1.67186179681578	27
-0.00820863991371001	1.43008822900997	27
-0.0192199109797799	1.59329852604644	494
0.02023874672922	1.08626403054227	38
0.02015070189972	1.08699171306418	38
-0.12198273148433	1.88333988552266	123
0.0048044565309	1.26751412482029	61
0.10082948147517	0.906144530064968	55
0.10011277032147	0.906043996244228	61
0.0200656326488	1.08642879439558	230
-0.00805016410918991	1.42997597870338	230
0.10169797164515	0.907481324222691	8
0.10018072136498	0.905968393470807	8
0.0204834483229701	1.08721326266073	27
0.10040312737798	0.906314534082061	38
0.10134042861547	0.907439175692279	38
0.10040312737798	0.906314534082061	152
0.10047119601252	0.906629847858136	152
0.10040312737798	0.906314534082061	3
0.02023029364311	1.08666376039989	77
0.02031552276731	1.08722702084927	3
-0.12361378515733	1.7113488526773	123
0.10076130506037	0.907036493899438	61
0.10140883922882	0.907211457837158	55
-0.0289258906630501	1.76464010293934	452
0.1010510490733	0.907306853764938	230
0.10111934269334	0.906805351634796	439
0.10134042861547	0.907439175692279	8
0.10140883922882	0.907211457837158	134
0.10140883922882	0.907211457837158	161
0.0204037946245501	1.08674830937689	731
0.1010510490733	0.907306853764938	38
0.00471174243903993	1.26752924438909	13
0.0203980031558	1.0871767114521	162
0.02031552276731	1.08722702084927	17
0.00452650525141007	1.26725704656624	17
0.00441583875479989	1.26730366912119	61
-0.03764210044897	1.93371032032415	689
0.10076130506037	0.907036493899438	8
0.1010510490733	0.907306853764938	134
0.10076130506037	0.907036493899438	133
0.10047119601252	0.906629847858136	731
0.10047119601252	0.906629847858136	38
0.10111934269334	0.906805351634796	152
0.02014793989224	1.08660223194899	152
0.0998220473131901	0.905637435218337	17
0.10140883922882	0.907211457837158	61
0.1010510490733	0.907306853764938	412
0.10140883922882	0.907211457837158	552
0.1019867405053	0.90761319649506	8
0.00489723437064993	1.26738622111217	280
0.10134042861547	0.907439175692279	27
0.0200656326488	1.08642879439558	134
0.02014793989224	1.08660223194899	133
0.10140883922882	0.907211457837158	124
0.0202359067337601	1.08702803190715	124
0.10111934269334	0.906805351634796	124
0.11592019558246	1.67173947776944	13
0.10076130506037	0.907036493899438	13
-0.00812837809794997	1.42944406171566	123
0.10047119601252	0.906629847858136	61
0.10169797164515	0.907481324222691	529
0.0202330890348299	1.08716538684327	55
0.10169797164515	0.907481324222691	8
-0.01929785090683	1.59406123668821	494
0.0202359067337601	1.08702803190715	124
0.10069311904779	0.906447303544458	403
0.10076130506037	0.907036493899438	731
0.0202359067337601	1.08702803190715	38
0.10069311904779	0.906447303544458	38
0.0203980031558	1.0871767114521	152
0.02006836130343	1.08668096204983	55
0.10169797164515	0.907481324222691	582
0.10134042861547	0.907439175692279	486
0.0204008877337201	1.08726349047316	124
0.10140883922882	0.907211457837158	124
0.1010510490733	0.907306853764938	38
0.10140883922882	0.907211457837158	152
0.10098274589515	0.90631524989093	152
-0.02897850080257	1.76475847854036	13
0.11603631411721	1.6708818279806	13
0.1159185694725	1.67186179681578	123
0.10134042861547	0.907439175692279	226
0.1019867405053	0.90761319649506	486
-0.02898656439832	1.76440968562572	27
0.0203980031558	1.0871767114521	124
-0.00809024649045997	1.4300869710178	180
0.10076130506037	0.907036493899438	364
0.1010510490733	0.907306853764938	226
0.10047119601252	0.906629847858136	280
0.0204008877337201	1.08726349047316	486
0.11599862638025	1.67218275321416	124
0.10140883922882	0.907211457837158	161
0.02031552276731	1.08722702084927	124
0.10076130506037	0.907036493899438	38
0.1010510490733	0.907306853764938	38
0.02031552276731	1.08722702084927	152
0.0998220473131901	0.905637435218337	162
0.02015070189972	1.08699171306418	77
0.02031552276731	1.08722702084927	61
0.1019867405053	0.90761319649506	529
0.10076130506037	0.907036493899438	55
0.10227514637137	0.907479796914141	364
0.0204834483229701	1.08721326266073	61
0.06265523393023	1.99666018747663	204
0.0202330890348299	1.08716538684327	124
0.02031837389016	1.08720177898495	77
0.10047119601252	0.906629847858136	55
0.0995309577872301	0.904976551106435	89
0.10011277032147	0.906043996244228	151
0.00470253863687997	1.26757955472315	280
0.02015070189972	1.08699171306418	38
0.0202330890348299	1.08716538684327	13
0.10140883922882	0.907211457837158	162
-0.0376652765693799	1.93408615505551	123
0.02023029364311	1.08666376039989	17
-0.12338579436452	1.71130369175733	123
0.10162944424993	0.907306148917365	55
0.10011277032147	0.906043996244228	582
0.0204037946245501	1.08674830937689	486
0.0046190920332001	1.26744350671332	124
0.10140883922882	0.907211457837158	162
0.0202330890348299	1.08716538684327	17
0.02031837389016	1.08720177898495	17
0.10076130506037	0.907036493899438	529
0.1010510490733	0.907306853764938	226
0.10169797164515	0.907481324222691	8
0.10169797164515	0.907481324222691	27
0.10076130506037	0.907036493899438	38
0.1010510490733	0.907306853764938	38
0.10040312737798	0.906314534082061	55
0.0202330890348299	1.08716538684327	27
0.10134042861547	0.907439175692279	134
0.10076130506037	0.907036493899438	124
0.0202359067337601	1.08702803190715	124
0.10018072136498	0.905968393470807	731
0.10140883922882	0.907211457837158	61
0.0202359067337601	1.08702803190715	61
0.1010510490733	0.907306853764938	529
-0.0289178228698499	1.76489502125808	689
0.0204008877337201	1.08726349047316	27
0.0199011574497501	1.08551441143935	161
0.1019867405053	0.90761319649506	161
0.10169797164515	0.907481324222691	161
0.10076130506037	0.907036493899438	38
0.10134042861547	0.907439175692279	152
-0.12350737823771	1.71162164896366	17
0.0199860671873999	1.08607619587368	61
-0.12218634190736	1.88267525911443	452
0.10076130506037	0.907036493899438	134
0.11599789489516	1.67210704534538	163
0.10076130506037	0.907036493899438	161
0.10140883922882	0.907211457837158	731
0.10047119601252	0.906629847858136	38
0.02023029364311	1.08666376039989	162
0.1010510490733	0.907306853764938	162
0.10076130506037	0.907036493899438	55
0.10169797164515	0.907481324222691	364
0.1010510490733	0.907306853764938	134
-0.02893500620606	1.76491086431637	540
0.10169797164515	0.907481324222691	731
0.02031552276731	1.08722702084927	38
0.10076130506037	0.907036493899438	180
0.0204805302589	1.08698968363812	162
0.10069311904779	0.906447303544458	61
0.10169797164515	0.907481324222691	77
0.10111934269334	0.906805351634796	483
0.1010510490733	0.907306853764938	17
0.02031837389016	1.08720177898495	55
0.0205690296265399	1.08676005277754	280
0.1010510490733	0.907306853764938	27
0.0627390941426	1.99641501966088	540
0.00442489963282999	1.26732282797632	540
0.0204008877337201	1.08726349047316	124
0.0202330890348299	1.08716538684327	124
0.11599862638025	1.67218275321416	161
0.08616205458604	1.8309095165323	162
0.10134042861547	0.907439175692279	55
0.10140883922882	0.907211457837158	55
0.0200656326488	1.08642879439558	364
0.10169797164515	0.907481324222691	89
0.10011277032147	0.906043996244228	8
0.1019867405053	0.90761319649506	27
0.1019867405053	0.90761319649506	27
0.10076130506037	0.907036493899438	134
0.10134042861547	0.907439175692279	483
0.10069311904779	0.906447303544458	55
0.04316860033776	2.16327372880404	689
0.10134042861547	0.907439175692279	27
0.10134042861547	0.907439175692279	8
-0.0192972939318401	1.59398092068027	124
0.0202330890348299	1.08716538684327	731
0.00432345988638994	1.26711745363877	180
0.10169797164515	0.907481324222691	8
0.10134042861547	0.907439175692279	8
0.02031552276731	1.08722702084927	27
0.0202330890348299	1.08716538684327	176
0.02015348620595	1.08671721277481	731
0.10069311904779	0.906447303544458	38
0.0045916666494199	1.26657690556951	176
0.11599940110988	1.6719845300661	124
0.10076130506037	0.907036493899438	161
0.10011277032147	0.906043996244228	161
-0.0081299067263001	1.43016010723581	38
0.10076130506037	0.907036493899438	3
0.00432345988638994	1.26711745363877	61
0.00452650525141007	1.26725704656624	55
0.1010510490733	0.907306853764938	55
0.10018072136498	0.905968393470807	364
0.02014793989224	1.08660223194899	55
0.02023029364311	1.08666376039989	8
0.02023029364311	1.08666376039989	134
0.08618723124562	1.83099674814076	540
0.0203126939600899	1.08661347608547	176
0.10111934269334	0.906805351634796	124
0.0202330890348299	1.08716538684327	161
0.10134042861547	0.907439175692279	161
-0.00824760535259994	1.42970643407314	124
0.10134042861547	0.907439175692279	38
0.00451738240719002	1.26750919799834	180
0.10169797164515	0.907481324222691	77
-0.0377334933812099	1.93410828600984	17
-0.0288571452217901	1.7647571319712	280
0.10047119601252	0.906629847858136	27
0.10227514637137	0.907479796914141	486
0.10076130506037	0.907036493899438	486
-0.12189858294831	2.22347000591218	70
0.0200656326488	1.08642879439558	133
0.10134042861547	0.907439175692279	161
0.02031837389016	1.08720177898495	77
0.10076130506037	0.907036493899438	61
0.1019867405053	0.90761319649506	486
0.10140883922882	0.907211457837158	133
0.0998220473131901	0.905637435218337	133
-0.0081299067263001	1.43016010723581	176
0.10140883922882	0.907211457837158	161
0.0202330890348299	1.08716538684327	162
0.0202359067337601	1.08702803190715	55
0.10134042861547	0.907439175692279	582
0.1019867405053	0.90761319649506	124
-0.0192450633257399	1.59407443975006	219
0.1010510490733	0.907306853764938	162
-0.12164183169984	2.05390369514343	123
0.11587975782567	1.67164744925165	17
0.00403782565222999	1.26570560564812	55
-0.12249084261337	2.39289478849636	70
-0.0289521909056001	1.76483810484982	540
0.10169797164515	0.907481324222691	124
0.10169797164515	0.907481324222691	161
0.10098274589515	0.90631524989093	161
0.0203980031558	1.0871767114521	180
0.1019867405053	0.90761319649506	180
0.00460078691791011	1.26737379434533	180
0.00450828107786006	1.26738916091211	162
0.04301518018569	2.16322614371561	123
0.10111934269334	0.906805351634796	529
0.10134042861547	0.907439175692279	8
0.10169797164515	0.907481324222691	124
0.08618723124562	1.83099674814076	124
0.10076130506037	0.907036493899438	161
0.0204834483229701	1.08721326266073	180
0.0203212473177801	1.08657462671375	152
-0.12368226296802	1.7109147791027	219
0.10076130506037	0.907036493899438	162
0.1010510490733	0.907306853764938	55
0.10047119601252	0.906629847858136	89
-0.0193022276396699	1.59357512133306	689
0.10169797164515	0.907481324222691	124
0.1019867405053	0.90761319649506	124
0.1010510490733	0.907306853764938	161
0.1019867405053	0.90761319649506	38
0.1010510490733	0.907306853764938	38
0.10169797164515	0.907481324222691	152
-0.00824820811480009	1.42987345750567	218
0.0046190920332001	1.26744350671332	17
0.0995309577872301	0.904976551106435	529
0.02031837389016	1.08720177898495	55
0.0998220473131901	0.905637435218337	55
0.02015070189972	1.08699171306418	55
0.02015348620595	1.08671721277481	582
0.00450828107786006	1.26738916091211	280
0.02031552276731	1.08722702084927	134
0.00441583875479989	1.26730366912119	124
0.10134042861547	0.907439175692279	404
0.0202330890348299	1.08716538684327	38
0.10140883922882	0.907211457837158	61
0.10076130506037	0.907036493899438	55
0.02039514090175	1.08642663294251	27
0.10111934269334	0.906805351634796	161
0.10040312737798	0.906314534082061	161
0.10140883922882	0.907211457837158	38
0.10040312737798	0.906314534082061	180
0.10169797164515	0.907481324222691	3
0.02023029364311	1.08666376039989	582
0.1010510490733	0.907306853764938	552
0.10018072136498	0.905968393470807	8
0.0044067994233401	1.26672036127882	540
0.00460992872118005	1.26759481849811	124
0.10134042861547	0.907439175692279	38
0.10169797164515	0.907481324222691	152
-0.00805016410918991	1.42997597870338	219
0.02646806879365	2.32920106314683	219
0.10076130506037	0.907036493899438	162
0.10069311904779	0.906447303544458	77
0.1019867405053	0.90761319649506	55
0.10011277032147	0.906043996244228	89
0.10076130506037	0.907036493899438	134
0.00432345988638994	1.26711745363877	124
0.1010510490733	0.907306853764938	161
0.0046190920332001	1.26744350671332	38
0.0046190920332001	1.26744350671332	180
0.10076130506037	0.907036493899438	180
0.1010510490733	0.907306853764938	152
0.0998220473131901	0.905637435218337	77
0.1019867405053	0.90761319649506	61
0.0202330890348299	1.08716538684327	61
0.0124992642959301	2.49564384611582	17
0.10047119601252	0.906629847858136	55
0.02015070189972	1.08699171306418	364
0.1010510490733	0.907306853764938	582
0.0202330890348299	1.08716538684327	27
0.10134042861547	0.907439175692279	134
0.0204008877337201	1.08726349047316	163
0.0202330890348299	1.08716538684327	124
0.00441583875479989	1.26730366912119	540
0.10047119601252	0.906629847858136	161
0.10076130506037	0.907036493899438	162
0.00441583875479989	1.26730366912119	162
0.10069311904779	0.906447303544458	77
0.10040312737798	0.906314534082061	486
0.10134042861547	0.907439175692279	134
0.10047119601252	0.906629847858136	404
0.10076130506037	0.907036493899438	38
0.1010510490733	0.907306853764938	152
0.10169797164515	0.907481324222691	152
-0.01921893659528	1.59398605327326	218
0.02015348620595	1.08671721277481	162
0.10047119601252	0.906629847858136	151
0.10134042861547	0.907439175692279	133
0.10011277032147	0.906043996244228	161
0.1010510490733	0.907306853764938	529
0.10134042861547	0.907439175692279	55
0.02015348620595	1.08671721277481	55
0.10140883922882	0.907211457837158	89
0.10076130506037	0.907036493899438	134
0.00471174243903993	1.26752924438909	124
0.10040312737798	0.906314534082061	61
0.10162944424993	0.907306148917365	364
0.10040312737798	0.906314534082061	55
0.10227514637137	0.907479796914141	89
0.10011277032147	0.906043996244228	8
-0.01934949410507	1.59350323903824	705
0.10040312737798	0.906314534082061	38
0.10140883922882	0.907211457837158	61
0.10069311904779	0.906447303544458	529
0.00442489963282999	1.26732282797632	280
0.02031552276731	1.08722702084927	27
0.10076130506037	0.907036493899438	134
0.08618771484074	1.8311565080565	369
0.10140883922882	0.907211457837158	161
-0.00816851079064995	1.4300353891087	180
0.10069311904779	0.906447303544458	162
0.02015348620595	1.08671721277481	162
-0.0192450633257399	1.59407443975006	689
0.10169797164515	0.907481324222691	582
0.10169797164515	0.907481324222691	582
0.0202330890348299	1.08716538684327	27
0.0204805302589	1.08698968363812	163
-0.00805092217799008	1.42962342803793	540
0.0204008877337201	1.08726349047316	124
0.10076130506037	0.907036493899438	161
0.0202330890348299	1.08716538684327	404
0.02014793989224	1.08660223194899	61
0.00422218592422996	1.26644907004953	280
0.10111934269334	0.906805351634796	124
0.10076130506037	0.907036493899438	124
0.02006836130343	1.08668096204983	124
0.10169797164515	0.907481324222691	403
0.10011277032147	0.906043996244228	38
0.10169797164515	0.907481324222691	155
0.10111934269334	0.906805351634796	162
0.0202330890348299	1.08716538684327	218
0.10040312737798	0.906314534082061	162
0.1010510490733	0.907306853764938	61
0.10076130506037	0.907036493899438	529
0.10134042861547	0.907439175692279	55
0.00423114441033001	1.26681890289088	582
0.02015070189972	1.08699171306418	540
0.02015070189972	1.08699171306418	124
0.00469335633716006	1.26724564254518	124
0.11603903351186	1.6719523584767	124
0.10162944424993	0.907306148917365	161
0.10076130506037	0.907036493899438	161
0.10082948147517	0.906144530064968	180
0.02023029364311	1.08666376039989	180
0.1010510490733	0.907306853764938	152
0.1010510490733	0.907306853764938	162
0.0202330890348299	1.08716538684327	529
0.0998220473131901	0.905637435218337	61
0.02031552276731	1.08722702084927	280
0.02015070189972	1.08699171306418	280
-0.00824820811480009	1.42987345750567	540
0.10140883922882	0.907211457837158	162
0.00460992872118005	1.26759481849811	149
-0.00820806820271991	1.42992111448034	149
0.10040312737798	0.906314534082061	364
0.1010510490733	0.907306853764938	412
0.10169797164515	0.907481324222691	412
0.10140883922882	0.907211457837158	552
0.02031552276731	1.08722702084927	134
0.10134042861547	0.907439175692279	134
0.02031837389016	1.08720177898495	161
0.10140883922882	0.907211457837158	161
0.0202330890348299	1.08716538684327	124
0.10169797164515	0.907481324222691	38
0.10169797164515	0.907481324222691	152
0.1010510490733	0.907306853764938	152
0.10011277032147	0.906043996244228	162
0.02006836130343	1.08668096204983	61
-0.00816954662453995	1.43013942626621	280
0.1010510490733	0.907306853764938	134
-0.03771074098606	1.93376547312847	725
0.00432345988638994	1.26711745363877	124
0.0203980031558	1.0871767114521	155
0.1010510490733	0.907306853764938	155
0.02007111224821	1.0861123896304	8
-0.0192722256757001	1.59377042364206	124
-0.00812944264519011	1.43022320646088	124
0.02015070189972	1.08699171306418	124
0.10047119601252	0.906629847858136	404
0.1010510490733	0.907306853764938	180
0.10140883922882	0.907211457837158	180
0.10040312737798	0.906314534082061	180
0.02006836130343	1.08668096204983	180
0.02015070189972	1.08699171306418	61
0.02031552276731	1.08722702084927	61
0.02031837389016	1.08720177898495	582
-0.0080505659002601	1.42991299250213	582
0.10169797164515	0.907481324222691	582
0.10076130506037	0.907036493899438	8
0.11588153022474	1.67072291421303	27
0.10169797164515	0.907481324222691	134
-0.0289006408960499	1.76479051467299	124
0.00471174243903993	1.26752924438909	124
0.1010510490733	0.907306853764938	152
0.0204834483229701	1.08721326266073	155
0.10076130506037	0.907036493899438	155
0.0205631041351999	1.08651003252682	155
0.10169797164515	0.907481324222691	155
0.1010510490733	0.907306853764938	17
0.10111934269334	0.906805351634796	17
0.0203980031558	1.0871767114521	17
0.10011277032147	0.906043996244228	55
0.10076130506037	0.907036493899438	55
0.10140883922882	0.907211457837158	55
0.0204008877337201	1.08726349047316	689
0.0202359067337601	1.08702803190715	8
0.10076130506037	0.907036493899438	134
0.1010510490733	0.907306853764938	134
0.10134042861547	0.907439175692279	134
0.0998220473131901	0.905637435218337	371
0.0626092228622299	1.99678076802202	124
0.10134042861547	0.907439175692279	124
0.10140883922882	0.907211457837158	152
0.10076130506037	0.907036493899438	152
0.0204037946245501	1.08674830937689	155
0.01998337185417	1.08611843935067	162
0.10069311904779	0.906447303544458	61
0.10140883922882	0.907211457837158	61
0.10134042861547	0.907439175692279	151
0.0204008877337201	1.08726349047316	27
0.00441583875479989	1.26730366912119	124
-0.0289521909056001	1.76483810484982	124
0.0200656326488	1.08642879439558	152
0.0202330890348299	1.08716538684327	162
0.0203980031558	1.0871767114521	17
0.1010510490733	0.907306853764938	61
0.10011277032147	0.906043996244228	61
0.10011277032147	0.906043996244228	61
0.10169797164515	0.907481324222691	226
0.10076130506037	0.907036493899438	8
0.00443398203170009	1.26695825260079	27
0.02031552276731	1.08722702084927	124
0.02014793989224	1.08660223194899	124
0.10169797164515	0.907481324222691	155
0.10076130506037	0.907036493899438	450
0.0204834483229701	1.08721326266073	55
0.1019867405053	0.90761319649506	61
0.0204008877337201	1.08726349047316	180
0.10040312737798	0.906314534082061	180
0.0998220473131901	0.905637435218337	155
0.08610914963769	1.83101152462205	219
0.10140883922882	0.907211457837158	55
0.02031552276731	1.08722702084927	260
0.02031552276731	1.08722702084927	8
0.10011277032147	0.906043996244228	124
0.02031552276731	1.08722702084927	155
0.10018072136498	0.905968393470807	180
0.02015070189972	1.08699171306418	180
0.1010510490733	0.907306853764938	152
0.10140883922882	0.907211457837158	155
0.10076130506037	0.907036493899438	155
0.1010510490733	0.907306853764938	3
0.0202330890348299	1.08716538684327	61
0.02039514090175	1.08642663294251	61
-0.00816905142947011	1.43020256644836	260
0.10076130506037	0.907036493899438	582
0.10011277032147	0.906043996244228	77
0.10040312737798	0.906314534082061	3
-0.12192187107833	1.88365252477937	123
0.0202330890348299	1.08716538684327	55
0.02031837389016	1.08720177898495	55
0.0267640471152499	2.33016511593262	452
0.10018072136498	0.905968393470807	582
0.1010510490733	0.907306853764938	582
0.02031837389016	1.08720177898495	8
0.1010510490733	0.907306853764938	134
0.10169797164515	0.907481324222691	371
-0.0080505659002601	1.42991299250213	199
0.00441583875479989	1.26730366912119	124
0.1010510490733	0.907306853764938	401
0.0045916666494199	1.26657690556951	180
0.0046190920332001	1.26744350671332	180
0.0204805302589	1.08698968363812	180
0.0200656326488	1.08642879439558	152
0.1010510490733	0.907306853764938	152
0.1010510490733	0.907306853764938	77
0.00432345988638994	1.26711745363877	17
0.10140883922882	0.907211457837158	61
0.0202359067337601	1.08702803190715	61
0.10111934269334	0.906805351634796	489
0.0044067994233401	1.26672036127882	582
-0.0595959012177001	2.43888166316815	31
0.02031552276731	1.08722702084927	55
0.10227514637137	0.907479796914141	55
0.10011277032147	0.906043996244228	61
0.0860552131697401	1.83042386999703	61
0.10134042861547	0.907439175692279	401
0.10134042861547	0.907439175692279	404
0.10076130506037	0.907036493899438	404
0.10169797164515	0.907481324222691	180
0.0202330890348299	1.08716538684327	180
0.02014793989224	1.08660223194899	180
-0.00816954662453995	1.43013942626621	17
0.10076130506037	0.907036493899438	61
0.02023029364311	1.08666376039989	61
0.10169797164515	0.907481324222691	8
0.0204834483229701	1.08721326266073	8
0.00442489963282999	1.26732282797632	331
0.10047119601252	0.906629847858136	180
0.10076130506037	0.907036493899438	3
0.10047119601252	0.906629847858136	55
0.1010510490733	0.907306853764938	582
0.1019867405053	0.90761319649506	27
0.00443398203170009	1.26695825260079	331
0.0862144202586499	1.83090698153578	125
0.00471174243903993	1.26752924438909	124
0.10040312737798	0.906314534082061	436
0.10040312737798	0.906314534082061	390
0.10040312737798	0.906314534082061	17
0.10076130506037	0.907036493899438	582
-0.00812893309948004	1.4300559927535	27
0.1010510490733	0.907306853764938	27
0.10134042861547	0.907439175692279	134
0.02014793989224	1.08660223194899	401
0.00432345988638994	1.26711745363877	180
-0.01927118243591	1.59407269704666	218
0.1010510490733	0.907306853764938	390
0.0046190920332001	1.26744350671332	15
-0.0192722256757001	1.59377042364206	27
-0.12356055611325	1.711602593177	27
0.00432345988638994	1.26711745363877	27
0.02031552276731	1.08722702084927	27
0.00412997416611005	1.26615091474705	27
-0.00836679118789996	1.42818125588299	101
0.0043144609891399	1.26663501946895	124
0.0204037946245501	1.08674830937689	180
0.10111934269334	0.906805351634796	152
0.1010510490733	0.907306853764938	166
0.10169797164515	0.907481324222691	55
0.02031837389016	1.08720177898495	61
0.10111934269334	0.906805351634796	61
0.10011277032147	0.906043996244228	89
0.10227514637137	0.907479796914141	412
0.10076130506037	0.907036493899438	124
0.11599862638025	1.67218275321416	180
0.00489723437064993	1.26738622111217	218
0.10076130506037	0.907036493899438	390
0.1010510490733	0.907306853764938	61
0.10040312737798	0.906314534082061	8
0.00450828107786006	1.26738916091211	33
0.10140883922882	0.907211457837158	134
-0.00816954662453995	1.43013942626621	331
0.10076130506037	0.907036493899438	180
0.00470253863687997	1.26757955472315	180
0.10162944424993	0.907306148917365	671
-0.00828834446159998	1.42947777885845	260
0.10111934269334	0.906805351634796	582
0.0202330890348299	1.08716538684327	8
-0.00816905142947011	1.43020256644836	101
-0.0290391790165101	1.76434796761741	101
0.10134042861547	0.907439175692279	152
0.1010510490733	0.907306853764938	155
0.00413889226423003	1.26637302879736	162
0.1019867405053	0.90761319649506	61
0.10169797164515	0.907481324222691	245
-0.0454865817713299	2.10368797807746	83
-0.03771400276399	1.93398978751916	101
-0.12192889122504	1.8837416750547	101
-0.00816954662453995	1.43013942626621	124
0.00460078691791011	1.26737379434533	124
0.10011277032147	0.906043996244228	404
-0.0288915152095399	1.7648774562573	357
0.10140883922882	0.907211457837158	55
0.10134042861547	0.907439175692279	55
0.0203980031558	1.0871767114521	61
0.10162944424993	0.907306148917365	89
0.10069311904779	0.906447303544458	412
0.1010510490733	0.907306853764938	124
-0.00820806820271991	1.42992111448034	101
0.02006836130343	1.08668096204983	180
-0.00808933511228993	1.42998279559144	218
0.0204834483229701	1.08721326266073	218
0.10111934269334	0.906805351634796	636
0.10227514637137	0.907479796914141	55
0.10134042861547	0.907439175692279	349
0.11595898376722	1.67211268918592	452
0.10134042861547	0.907439175692279	582
0.1010510490733	0.907306853764938	371
-0.0192717222280301	1.59406298863138	357
0.00450828107786006	1.26738916091211	357
-0.02898764297334	1.76430040426712	218
0.02015070189972	1.08699171306418	3
0.10134042861547	0.907439175692279	61
0.10140883922882	0.907211457837158	55
0.0048044565309	1.26751412482029	61
0.10076130506037	0.907036493899438	412
0.02031837389016	1.08720177898495	260
0.10076130506037	0.907036493899438	15
0.10076130506037	0.907036493899438	248
0.02015070189972	1.08699171306418	27
0.00449920128930992	1.26670496101616	33
0.11599940110988	1.6719845300661	124
0.10018072136498	0.905968393470807	3
-0.12212533749607	1.88346953049044	17
0.10011277032147	0.906043996244228	55
0.11588062242664	1.67144947165012	582
0.10076130506037	0.907036493899438	15
0.1010510490733	0.907306853764938	15
0.00412997416611005	1.26615091474705	248
0.1010510490733	0.907306853764938	27
0.10134042861547	0.907439175692279	371
0.0995309577872301	0.904976551106435	371
0.00450828107786006	1.26738916091211	371
-0.01932397196478	1.59396944947553	125
-0.12192279864678	2.22284894493531	101
0.0043144609891399	1.26663501946895	155
0.0046190920332001	1.26744350671332	166
-0.0192717222280301	1.59406298863138	219
-0.02897850080257	1.76475847854036	149
0.1019867405053	0.90761319649506	671
0.11595978847181	1.67191451729395	260
0.00451738240719002	1.26750919799834	248
0.1010510490733	0.907306853764938	248
0.10040312737798	0.906314534082061	371
-0.0191671311839501	1.59308591917955	101
0.02015070189972	1.08699171306418	43
-0.0191656092131001	1.59310979410745	166
0.10169797164515	0.907481324222691	218
-0.00828775604957999	1.4295409766298	77
0.10040312737798	0.906314534082061	77
0.00460992872118005	1.26759481849811	149
0.11599862638025	1.67218275321416	17
0.10169797164515	0.907481324222691	61
0.02031837389016	1.08720177898495	582
0.02014793989224	1.08660223194899	8
0.10069311904779	0.906447303544458	8
0.02015070189972	1.08699171306418	371
0.10140883922882	0.907211457837158	371
0.11583851496825	1.67079947328966	43
-0.12345425164484	1.71139124680864	219
-0.00816954662453995	1.43013942626621	123
0.1010510490733	0.907306853764938	55
0.1019867405053	0.90761319649506	55
0.0202359067337601	1.08702803190715	61
0.0203980031558	1.0871767114521	61
0.02014793989224	1.08660223194899	349
0.00451738240719002	1.26750919799834	248
0.00451738240719002	1.26750919799834	33
0.1019867405053	0.90761319649506	371
-0.02898656439832	1.76440968562572	101
0.00471174243903993	1.26752924438909	219
0.1010510490733	0.907306853764938	436
0.10076130506037	0.907036493899438	442
0.10169797164515	0.907481324222691	442
0.02014793989224	1.08660223194899	390
0.1019867405053	0.90761319649506	213
0.00432345988638994	1.26711745363877	371
-0.01929885585724	1.5933477515314	101
-0.0455592663561799	2.10412254994655	357
-0.02896937696939	1.76467349911097	218
0.0202359067337601	1.08702803190715	442
0.10076130506037	0.907036493899438	390
0.02015070189972	1.08699171306418	17
0.0202330890348299	1.08716538684327	61
0.1010510490733	0.907306853764938	55
0.10169797164515	0.907481324222691	61
0.10169797164515	0.907481324222691	245
0.10076130506037	0.907036493899438	412
0.0203980031558	1.0871767114521	260
0.02015070189972	1.08699171306418	8
0.1010510490733	0.907306853764938	248
0.1159582222917	1.67203694353386	101
0.00442489963282999	1.26732282797632	218
0.0202330890348299	1.08716538684327	149
0.00441583875479989	1.26730366912119	618
0.10069311904779	0.906447303544458	314
-0.00812893309948004	1.4300559927535	61
0.10076130506037	0.907036493899438	582
0.1159582222917	1.67203694353386	27
0.10040312737798	0.906314534082061	213
0.00442489963282999	1.26732282797632	42
0.0202359067337601	1.08702803190715	180
0.1019867405053	0.90761319649506	180
0.00460992872118005	1.26759481849811	354
0.11599862638025	1.67218275321416	218
0.02031552276731	1.08722702084927	55
0.10069311904779	0.906447303544458	198
0.10040312737798	0.906314534082061	412
0.1010510490733	0.907306853764938	260
0.10111934269334	0.906805351634796	151
0.02006836130343	1.08668096204983	248
0.00451738240719002	1.26750919799834	27
-0.01921839485302	1.59386436858632	27
0.10076130506037	0.907036493899438	371
0.1010510490733	0.907306853764938	213
0.11607868569294	1.67181489710959	371
-0.0289521909056001	1.76483810484982	125
0.02015348620595	1.08671721277481	43
-0.0455604155201501	2.10426400851021	149
0.00452650525141007	1.26725704656624	742
0.00441583875479989	1.26730366912119	17
0.10047119601252	0.906629847858136	61
0.02031552276731	1.08722702084927	61
0.02007111224821	1.0861123896304	55
-0.12344657816694	1.71156700722341	33
-0.0290048202980699	1.76440485373206	125
0.11595898376722	1.67211268918592	357
0.10169797164515	0.907481324222691	354
0.10111934269334	0.906805351634796	17
0.0200656326488	1.08642879439558	17
0.0044067994233401	1.26672036127882	61
0.10134042861547	0.907439175692279	61
0.10040312737798	0.906314534082061	151
-0.0595798763318201	2.43950414575056	125
0.02031837389016	1.08720177898495	42
0.00450828107786006	1.26738916091211	42
-0.12221052497561	1.88269089296931	101
0.0043144609891399	1.26663501946895	43
0.0861615189554501	1.83120671361739	218
0.0200656326488	1.08642879439558	61
0.02015070189972	1.08699171306418	61
-0.04563667962375	2.10416609406065	15
0.02031552276731	1.08722702084927	15
0.10140883922882	0.907211457837158	248
0.10076130506037	0.907036493899438	248
0.10140883922882	0.907211457837158	17
0.0202330890348299	1.08716538684327	61
0.10040312737798	0.906314534082061	55
0.10134042861547	0.907439175692279	213
-0.00812944264519011	1.43022320646088	327
0.10134042861547	0.907439175692279	717
0.1010510490733	0.907306853764938	155
0.02006836130343	1.08668096204983	155
0.02031837389016	1.08720177898495	218
-0.01929837156153	1.5938587623588	17
0.00424012445408994	1.26657799887494	314
0.10047119601252	0.906629847858136	314
0.10076130506037	0.907036493899438	15
0.02015070189972	1.08699171306418	27
0.10040312737798	0.906314534082061	213
-0.00808981354402993	1.43015001915236	337
0.0046190920332001	1.26744350671332	719
0.0204008877337201	1.08726349047316	166
0.00432345988638994	1.26711745363877	61
0.0044067994233401	1.26672036127882	61
0.10111934269334	0.906805351634796	198
0.0204834483229701	1.08721326266073	61
-0.12134593351348	2.05375661608351	83
-0.01929785090683	1.59406123668821	83
0.0268410889786499	2.33060296919235	83
0.0204037946245501	1.08674830937689	27
0.10134042861547	0.907439175692279	371
-0.05906706349799	2.44071958788657	125
-0.01932501132811	1.59343601328711	101
0.10140883922882	0.907211457837158	43
-0.12149420631936	2.05432139862972	123
0.0202330890348299	1.08716538684327	17
0.0202359067337601	1.08702803190715	314
0.02015070189972	1.08699171306418	61
0.10076130506037	0.907036493899438	55
0.0204008877337201	1.08726349047316	198
-0.02896937696939	1.76467349911097	83
-0.01911388046936	1.59288761894546	83
0.10011277032147	0.906043996244228	582
0.1010510490733	0.907306853764938	27
0.0126436417664799	2.49714922564619	125
0.10134042861547	0.907439175692279	180
0.0203126939600899	1.08661347608547	354
0.1010510490733	0.907306853764938	166
-0.00812944264519011	1.43022320646088	166
0.00471174243903993	1.26752924438909	218
0.10040312737798	0.906314534082061	61
0.1010510490733	0.907306853764938	582
0.10069311904779	0.906447303544458	8
0.00451738240719002	1.26750919799834	33
0.10169797164515	0.907481324222691	27
0.02031552276731	1.08722702084927	27
0.1010510490733	0.907306853764938	27
0.02014793989224	1.08660223194899	155
0.08616101854994	1.83114697133688	219
0.02023029364311	1.08666376039989	218
0.10111934269334	0.906805351634796	436
0.00471174243903993	1.26752924438909	17
0.10047119601252	0.906629847858136	17
0.10111934269334	0.906805351634796	61
0.0203980031558	1.0871767114521	83
0.1010510490733	0.907306853764938	582
0.10076130506037	0.907036493899438	8
0.10140883922882	0.907211457837158	8
0.10169797164515	0.907481324222691	8
-0.00820806820271991	1.42992111448034	371
-0.0458613234310901	2.10353430663065	11
0.0044067994233401	1.26672036127882	719
0.10140883922882	0.907211457837158	354
-0.0290209433550901	1.76351745536133	155
0.00460078691791011	1.26737379434533	218
0.10040312737798	0.906314534082061	61
0.1010510490733	0.907306853764938	61
0.10169797164515	0.907481324222691	245
0.1019867405053	0.90761319649506	15
0.10169797164515	0.907481324222691	8
0.0205690296265399	1.08676005277754	27
0.10018072136498	0.905968393470807	213
0.00460992872118005	1.26759481849811	354
0.0860285255976301	1.82941474084264	357
0.0860557103266899	1.83076696207567	155
0.0202330890348299	1.08716538684327	17
0.00432345988638994	1.26711745363877	17
-0.0290048202980699	1.76440485373206	123
0.10069311904779	0.906447303544458	55
0.1010510490733	0.907306853764938	61
0.02031552276731	1.08722702084927	15
0.10040312737798	0.906314534082061	582
0.00441583875479989	1.26730366912119	27
0.11588062242664	1.67144947165012	27
0.10111934269334	0.906805351634796	213
0.02031837389016	1.08720177898495	213
-0.00809097589683994	1.42908508881845	101
-0.00812893309948004	1.4300559927535	101
0.10134042861547	0.907439175692279	719
0.00460992872118005	1.26759481849811	354
0.02031837389016	1.08720177898495	61
0.1010510490733	0.907306853764938	61
0.10162944424993	0.907306148917365	61
0.10169797164515	0.907481324222691	55
0.10134042861547	0.907439175692279	61
0.02031552276731	1.08722702084927	371
-0.00824820811480009	1.42987345750567	101
0.02031837389016	1.08720177898495	42
0.0200656326488	1.08642879439558	42
0.0204008877337201	1.08726349047316	42
0.0202330890348299	1.08716538684327	42
0.1010510490733	0.907306853764938	719
0.10111934269334	0.906805351634796	287
0.10040312737798	0.906314534082061	43
0.0204834483229701	1.08721326266073	155
-0.12212189023534	1.88330290733178	219
0.11599940110988	1.6719845300661	61
0.10076130506037	0.907036493899438	61
0.1019867405053	0.90761319649506	61
0.1010510490733	0.907306853764938	61
0.02056605571645	1.0870263213164	582
0.10040312737798	0.906314534082061	33
0.10169797164515	0.907481324222691	213
0.10076130506037	0.907036493899438	42
0.00450828107786006	1.26738916091211	287
0.02047763452684	1.0859475081263	229
0.1010510490733	0.907306853764938	43
0.11595978847181	1.67191451729395	155
0.1010510490733	0.907306853764938	17
0.10169797164515	0.907481324222691	248
0.1010510490733	0.907306853764938	27
-0.0193245098139601	1.59385699483893	101
-0.00820863991371001	1.43008822900997	357
0.11599940110988	1.6719845300661	357
0.02031837389016	1.08720177898495	17
0.10162944424993	0.907306148917365	61
0.10111934269334	0.906805351634796	61
0.1010510490733	0.907306853764938	30
0.10140883922882	0.907211457837158	245
-0.0192717222280301	1.59406298863138	83
0.1019867405053	0.90761319649506	582
-0.01921839485302	1.59386436858632	101
-0.0378545695431001	1.93368252623359	101
-0.0192717222280301	1.59406298863138	101
-0.01940228947374	1.59307352400211	719
0.10076130506037	0.907036493899438	436
0.10111934269334	0.906805351634796	61
0.10069311904779	0.906447303544458	61
0.0203126939600899	1.08661347608547	61
0.0202330890348299	1.08716538684327	61
0.10076130506037	0.907036493899438	213
0.10069311904779	0.906447303544458	371
0.02023029364311	1.08666376039989	357
0.0203980031558	1.0871767114521	218
0.02015070189972	1.08699171306418	218
-0.00812893309948004	1.4300559927535	218
0.00443398203170009	1.26695825260079	17
0.0202330890348299	1.08716538684327	61
0.0995309577872301	0.904976551106435	610
0.1010510490733	0.907306853764938	198
0.00471174243903993	1.26752924438909	33
0.02031837389016	1.08720177898495	371
0.10047119601252	0.906629847858136	149
0.1010510490733	0.907306853764938	61
0.10011277032147	0.906043996244228	61
0.1010510490733	0.907306853764938	61
0.1010510490733	0.907306853764938	30
0.1019867405053	0.90761319649506	245
0.0861882336822299	1.8309571695715	101
0.10076130506037	0.907036493899438	346
-0.00824760535259994	1.42970643407314	155
0.0047952122163899	1.26745147666955	155
-0.12205749777619	1.88369102875329	149
0.0204008877337201	1.08726349047316	415
0.0625405060128399	1.99656769941696	123
-0.0288743295328899	1.76486162125887	17
0.00450828107786006	1.26738916091211	61
0.00451738240719002	1.26750919799834	61
0.10076130506037	0.907036493899438	61
0.10169797164515	0.907481324222691	15
0.10169797164515	0.907481324222691	15
0.10140883922882	0.907211457837158	371
0.10169797164515	0.907481324222691	309
0.10069311904779	0.906447303544458	309
0.10140883922882	0.907211457837158	43
0.00450828107786006	1.26738916091211	218
0.00450828107786006	1.26738916091211	61
0.1010510490733	0.907306853764938	15
0.00441583875479989	1.26730366912119	101
0.10076130506037	0.907036493899438	287
0.10040312737798	0.906314534082061	43
0.00450828107786006	1.26738916091211	276
0.00460992872118005	1.26759481849811	276
0.10076130506037	0.907036493899438	583
-0.0377826558024099	1.93385694081522	15
0.10140883922882	0.907211457837158	8
0.0995309577872301	0.904976551106435	371
0.10076130506037	0.907036493899438	309
-0.00820863991371001	1.43008822900997	101
0.10076130506037	0.907036493899438	567
0.0998220473131901	0.905637435218337	567
0.10169797164515	0.907481324222691	287
0.0202330890348299	1.08716538684327	287
0.00470253863687997	1.26757955472315	287
0.0204008877337201	1.08726349047316	674
0.00442489963282999	1.26732282797632	753
0.10011277032147	0.906043996244228	149
0.10040312737798	0.906314534082061	61
0.10098274589515	0.90631524989093	61
0.10169797164515	0.907481324222691	245
0.01998337185417	1.08611843935067	83
0.10169797164515	0.907481324222691	213
0.02023029364311	1.08666376039989	371
0.11607729951499	1.67193753658563	101
-0.12361378515733	1.7113488526773	101
0.0204008877337201	1.08726349047316	287
-0.00808981354402993	1.43015001915236	357
0.1010510490733	0.907306853764938	276
0.10040312737798	0.906314534082061	314
0.10011277032147	0.906043996244228	61
0.10169797164515	0.907481324222691	61
0.10040312737798	0.906314534082061	198
0.0203980031558	1.0871767114521	27
0.10047119601252	0.906629847858136	27
0.10011277032147	0.906043996244228	371
0.1010510490733	0.907306853764938	321
0.10047119601252	0.906629847858136	382
0.10140883922882	0.907211457837158	276
0.1019867405053	0.90761319649506	314
0.10140883922882	0.907211457837158	248
0.00433248033584999	1.26702409393016	27
0.0204834483229701	1.08721326266073	27
0.0202330890348299	1.08716538684327	213
0.0046190920332001	1.26744350671332	101
0.11599789489516	1.67210704534538	339
0.10162944424993	0.907306148917365	276
0.10169797164515	0.907481324222691	61
0.00433248033584999	1.26702409393016	33
0.0204834483229701	1.08721326266073	27
0.0204805302589	1.08698968363812	43
0.02014793989224	1.08660223194899	43
0.10018072136498	0.905968393470807	43
0.10111934269334	0.906805351634796	346
0.00441583875479989	1.26730366912119	218
0.1010510490733	0.907306853764938	276
0.10140883922882	0.907211457837158	610
0.10134042861547	0.907439175692279	245
0.1010510490733	0.907306853764938	248
0.1010510490733	0.907306853764938	371
0.1010510490733	0.907306853764938	42
0.02031552276731	1.08722702084927	321
0.11599940110988	1.6719845300661	357
0.10227514637137	0.907479796914141	35
0.0202359067337601	1.08702803190715	35
0.10040312737798	0.906314534082061	436
0.0203980031558	1.0871767114521	276
0.10069311904779	0.906447303544458	61
0.0204037946245501	1.08674830937689	61
-0.0377645049881401	1.93292644216005	101
-0.0376388251058299	1.93339037998482	101
0.0204008877337201	1.08726349047316	287
0.00422218592422996	1.26644907004953	218
0.10169797164515	0.907481324222691	61
0.10134042861547	0.907439175692279	61
0.02031552276731	1.08722702084927	245
0.10134042861547	0.907439175692279	583
0.02015070189972	1.08699171306418	8
-0.00824820811480009	1.42987345750567	27
0.02031552276731	1.08722702084927	502
-0.0378610867729801	1.93368795111839	101
0.10069311904779	0.906447303544458	346
0.0202330890348299	1.08716538684327	61
0.10040312737798	0.906314534082061	248
0.0998220473131901	0.905637435218337	321
0.0861882336822299	1.8309571695715	229
0.0046190920332001	1.26744350671332	357
0.0200656326488	1.08642879439558	674
0.10076130506037	0.907036493899438	61
0.10076130506037	0.907036493899438	198
0.02031837389016	1.08720177898495	15
-0.12356055611325	1.711602593177	33
-0.12213574731337	1.88348158441411	101
0.1019867405053	0.90761319649506	321
0.0202359067337601	1.08702803190715	321
-0.1219966651688	1.88384718593472	357
0.1019867405053	0.90761319649506	610
0.10134042861547	0.907439175692279	610
0.1010510490733	0.907306853764938	198
0.02007111224821	1.0861123896304	15
0.11587975782567	1.67164744925165	33
0.0200656326488	1.08642879439558	43
0.10011277032147	0.906043996244228	346
0.0202359067337601	1.08702803190715	155
0.10011277032147	0.906043996244228	149
0.02023029364311	1.08666376039989	17
0.10040312737798	0.906314534082061	61
0.10134042861547	0.907439175692279	15
-0.00816905142947011	1.43020256644836	248
0.00460992872118005	1.26759481849811	33
0.10169797164515	0.907481324222691	27
0.10076130506037	0.907036493899438	502
0.0202330890348299	1.08716538684327	354
0.08610914963769	1.83101152462205	219
0.10011277032147	0.906043996244228	610
0.10076130506037	0.907036493899438	30
0.0202330890348299	1.08716538684327	15
0.0202359067337601	1.08702803190715	248
0.10076130506037	0.907036493899438	502
0.11607797096649	1.67201313509304	42
0.10011277032147	0.906043996244228	714
0.08610811686825	1.83096215346366	166
0.10076130506037	0.907036493899438	155
0.02023029364311	1.08666376039989	314
0.10134042861547	0.907439175692279	245
0.0204008877337201	1.08726349047316	649
-0.03779398213693	1.93399314940759	101
0.0204037946245501	1.08674830937689	287
0.0203126939600899	1.08661347608547	43
0.10076130506037	0.907036493899438	155
0.02023029364311	1.08666376039989	35
0.10134042861547	0.907439175692279	198
0.02015070189972	1.08699171306418	198
0.10076130506037	0.907036493899438	245
0.10134042861547	0.907439175692279	15
0.10047119601252	0.906629847858136	8
-0.00801049432382994	1.42968340564007	27
0.10140883922882	0.907211457837158	502
0.11599862638025	1.67218275321416	42
0.00460078691791011	1.26737379434533	415
0.10140883922882	0.907211457837158	314
0.10076130506037	0.907036493899438	198
0.10169797164515	0.907481324222691	30
0.02007111224821	1.0861123896304	248
-0.01932397196478	1.59396944947553	33
0.10076130506037	0.907036493899438	33
0.0200656326488	1.08642879439558	714
0.0203980031558	1.0871767114521	287
-0.12364433742948	1.71012383935554	354
0.00423114441033001	1.26681890289088	354
-0.0080505659002601	1.42991299250213	357
0.02015070189972	1.08699171306418	43
0.0203980031558	1.0871767114521	155
0.0043144609891399	1.26663501946895	155
0.0204008877337201	1.08726349047316	436
0.08613481335185	1.83119716884744	149
-0.1236290269897	1.71125064072851	123
-0.02896131979835	1.76474263578357	17
0.10040312737798	0.906314534082061	61
0.10140883922882	0.907211457837158	61
0.02031552276731	1.08722702084927	61
0.10018072136498	0.905968393470807	15
0.10162944424993	0.907306148917365	151
0.02039514090175	1.08642663294251	27
-0.0192450633257399	1.59407443975006	33
-0.00816851079064995	1.4300353891087	33
-0.02893500620606	1.76491086431637	485
-0.01927118243591	1.59407269704666	357
0.10140883922882	0.907211457837158	155
0.10169797164515	0.907481324222691	276
0.10134042861547	0.907439175692279	610
0.1019867405053	0.90761319649506	8
0.00460078691791011	1.26737379434533	27
0.1010510490733	0.907306853764938	502
-0.12261672112295	2.39239282890601	101
0.10111934269334	0.906805351634796	42
0.10076130506037	0.907036493899438	155
0.10076130506037	0.907036493899438	35
0.02031552276731	1.08722702084927	298
-0.00809024649045997	1.4300869710178	17
0.02031552276731	1.08722702084927	314
0.1010510490733	0.907306853764938	61
0.00469335633716006	1.26724564254518	15
-0.00820863991371001	1.43008822900997	248
-0.00816851079064995	1.4300353891087	33
0.00460992872118005	1.26759481849811	321
0.02031552276731	1.08722702084927	155
0.1159582222917	1.67203694353386	149
0.1010510490733	0.907306853764938	149
0.10134042861547	0.907439175692279	610
0.10040312737798	0.906314534082061	30
0.02023029364311	1.08666376039989	15
0.0202359067337601	1.08702803190715	15
0.10011277032147	0.906043996244228	27
0.1159185694725	1.67186179681578	101
0.11599862638025	1.67218275321416	42
0.10162944424993	0.907306148917365	321
0.01998337185417	1.08611843935067	298
0.0202330890348299	1.08716538684327	61
0.10169797164515	0.907481324222691	61
0.10069311904779	0.906447303544458	15
0.00451738240719002	1.26750919799834	33
-0.00812893309948004	1.4300559927535	42
0.10134042861547	0.907439175692279	42
0.1010510490733	0.907306853764938	321
0.1010510490733	0.907306853764938	321
0.0046190920332001	1.26744350671332	321
0.1010510490733	0.907306853764938	321
0.10169797164515	0.907481324222691	287
0.10047119601252	0.906629847858136	382
0.10047119601252	0.906629847858136	346
0.1019867405053	0.90761319649506	35
0.00471174243903993	1.26752924438909	276
0.1019867405053	0.90761319649506	610
0.1010510490733	0.907306853764938	502
-0.00812893309948004	1.4300559927535	485
0.0202330890348299	1.08716538684327	713
0.1010510490733	0.907306853764938	382
-0.02896131979835	1.76474263578357	219
-0.12354530680394	1.71153873221317	339
0.11599789489516	1.67210704534538	218
0.00450828107786006	1.26738916091211	15
0.1019867405053	0.90761319649506	303
0.0204037946245501	1.08674830937689	15
0.0047952122163899	1.26745147666955	485
0.10162944424993	0.907306148917365	42
0.1159185694725	1.67186179681578	42
0.0048044565309	1.26751412482029	354
0.10069311904779	0.906447303544458	354
0.06241813073359	1.9954706730395	357
0.10134042861547	0.907439175692279	382
0.10040312737798	0.906314534082061	346
-0.12350737823771	1.71162164896366	339
-0.12134506189701	2.05330899542768	123
0.10162944424993	0.907306148917365	276
0.10040312737798	0.906314534082061	276
0.0046190920332001	1.26744350671332	276
0.00460992872118005	1.26759481849811	276
0.00471174243903993	1.26752924438909	276
0.10134042861547	0.907439175692279	314
0.0204037946245501	1.08674830937689	61
0.01998337185417	1.08611843935067	61
0.1019867405053	0.90761319649506	30
0.1010510490733	0.907306853764938	245
0.02015348620595	1.08671721277481	248
0.10098274589515	0.90631524989093	213
0.0204008877337201	1.08726349047316	42
0.1010510490733	0.907306853764938	321
0.0204008877337201	1.08726349047316	714
-0.00816851079064995	1.4300353891087	354
0.11607667133679	1.67159238674712	276
0.0203212473177801	1.08657462671375	276
0.00451738240719002	1.26750919799834	61
0.10040312737798	0.906314534082061	61
-0.12348445172888	1.711647833518	33
0.0204008877337201	1.08726349047316	502
-0.12178741273523	2.22328671499494	11
-0.01934949410507	1.59350323903824	101
0.10169797164515	0.907481324222691	321
0.10040312737798	0.906314534082061	287
0.00460078691791011	1.26737379434533	357
0.10076130506037	0.907036493899438	382
0.10076130506037	0.907036493899438	346
0.10076130506037	0.907036493899438	346
-0.04563311805897	2.10371615170727	339
0.10011277032147	0.906043996244228	610
0.10111934269334	0.906805351634796	245
0.0202330890348299	1.08716538684327	68
0.0204008877337201	1.08726349047316	714
-0.00820806820271991	1.42992111448034	714
0.0046190920332001	1.26744350671332	166
0.0998220473131901	0.905637435218337	346
0.0047952122163899	1.26745147666955	276
-0.00816954662453995	1.43013942626621	17
0.10134042861547	0.907439175692279	30
0.10011277032147	0.906043996244228	248
0.10140883922882	0.907211457837158	502
0.10076130506037	0.907036493899438	68
-0.12336279012664	1.71133000010336	42
0.00452650525141007	1.26725704656624	166
0.10047119601252	0.906629847858136	198
0.10111934269334	0.906805351634796	245
0.10162944424993	0.907306148917365	245
0.10069311904779	0.906447303544458	248
0.10040312737798	0.906314534082061	248
0.10047119601252	0.906629847858136	502
-0.0191932904063099	1.59350255152923	101
0.00441583875479989	1.26730366912119	101
0.00451738240719002	1.26750919799834	229
-0.00828834446159998	1.42947777885845	229
0.0860295182887301	1.83051298407296	229
-0.0193767634425499	1.59357895856227	357
0.1019867405053	0.90761319649506	382
-0.12156991374195	2.05399962554788	123
0.0998220473131901	0.905637435218337	276
0.0203980031558	1.0871767114521	276
0.00460992872118005	1.26759481849811	61
0.1010510490733	0.907306853764938	61
-0.00816905142947011	1.43020256644836	20
0.10076130506037	0.907036493899438	198
0.1010510490733	0.907306853764938	15
0.0203126939600899	1.08661347608547	42
0.02048638870796	1.08681008603723	714
0.10076130506037	0.907036493899438	714
-0.00816999636742	1.42984958407953	679
0.10011277032147	0.906043996244228	346
0.02015070189972	1.08699171306418	155
0.10040312737798	0.906314534082061	298
0.02023029364311	1.08666376039989	314
0.1010510490733	0.907306853764938	314
0.02015070189972	1.08699171306418	61
0.0861615189554501	1.83120671361739	377
0.02031837389016	1.08720177898495	83
0.00460992872118005	1.26759481849811	33
0.11595898376722	1.67211268918592	42
0.11599720665359	1.67176169367105	714
0.0044067994233401	1.26672036127882	714
0.00471174243903993	1.26752924438909	166
0.10140883922882	0.907211457837158	346
0.0998220473131901	0.905637435218337	436
0.02014793989224	1.08660223194899	533
0.02015070189972	1.08699171306418	17
0.00451738240719002	1.26750919799834	105
0.00422218592422996	1.26644907004953	248
0.0202330890348299	1.08716538684327	33
0.0200656326488	1.08642879439558	27
0.10076130506037	0.907036493899438	502
0.0046190920332001	1.26744350671332	42
0.02006836130343	1.08668096204983	714
-0.03761256101883	1.93372266507535	357
0.02031552276731	1.08722702084927	166
0.1010510490733	0.907306853764938	3
0.02031552276731	1.08722702084927	17
0.0204008877337201	1.08726349047316	61
0.10134042861547	0.907439175692279	61
0.10076130506037	0.907036493899438	61
0.1010510490733	0.907306853764938	61
0.1010510490733	0.907306853764938	61
-0.0083279031774699	1.42898509978579	61
0.10076130506037	0.907036493899438	151
0.0625865289937999	1.99646188990892	33
0.00449920128930992	1.26670496101616	166
-0.02888346028371	1.76459397139223	166
0.1010510490733	0.907306853764938	346
0.10111934269334	0.906805351634796	298
0.02031837389016	1.08720177898495	314
0.1010510490733	0.907306853764938	15
-0.0192717222280301	1.59406298863138	33
0.11591936092073	1.67193756873	42
0.00432345988638994	1.26711745363877	42
0.10169797164515	0.907481324222691	382
0.1010510490733	0.907306853764938	346
0.11611703156142	1.6716845631233	219
0.11607797096649	1.67201313509304	339
0.00433248033584999	1.26702409393016	17
0.10111934269334	0.906805351634796	314
0.0204008877337201	1.08726349047316	105
0.10076130506037	0.907036493899438	15
0.1019867405053	0.90761319649506	213
0.0202359067337601	1.08702803190715	502
0.1010510490733	0.907306853764938	68
-0.12226449754114	1.88262886751656	339
0.10047119601252	0.906629847858136	314
0.10134042861547	0.907439175692279	61
0.10076130506037	0.907036493899438	198
0.1010510490733	0.907306853764938	198
0.10047119601252	0.906629847858136	126
0.0204805302589	1.08698968363812	248
0.0202330890348299	1.08716538684327	213
0.0431004118175899	2.16361848221911	679
0.10169797164515	0.907481324222691	166
0.10169797164515	0.907481324222691	61
0.1010510490733	0.907306853764938	198
0.10076130506037	0.907036493899438	15
0.10111934269334	0.906805351634796	248
-0.01932339781954	1.59379464034925	68
0.10069311904779	0.906447303544458	68
-0.01927118243591	1.59407269704666	166
-0.00809063394377008	1.42979726550601	123
-0.01932397196478	1.59396944947553	17
0.0044067994233401	1.26672036127882	61
0.02023029364311	1.08666376039989	61
0.1010510490733	0.907306853764938	198
-0.00824695719852997	1.42909488241631	166
0.00469335633716006	1.26724564254518	155
0.10040312737798	0.906314534082061	35
0.00451738240719002	1.26750919799834	61
-0.00816792471718997	1.4294234851381	105
0.11599789489516	1.67210704534538	94
-0.12166073797934	2.05315967534089	83
0.00450828107786006	1.26738916091211	248
0.10140883922882	0.907211457837158	92
0.10169797164515	0.907481324222691	68
0.10134042861547	0.907439175692279	68
-0.0377334933812099	1.93410828600984	63
-0.12192889122504	1.8837416750547	153
0.0043144609891399	1.26663501946895	61
0.11595898376722	1.67211268918592	61
0.10227514637137	0.907479796914141	248
-0.0288136531509	1.7644962321634	33
0.02014793989224	1.08660223194899	68
0.10169797164515	0.907481324222691	68
0.0860547512476	1.82946240281183	68
-0.05277321077988	2.27319318267224	229
-0.0457098665812099	2.10426441095113	679
0.11599862638025	1.67218275321416	166
0.0861076533365299	1.83042143869656	153
0.1010510490733	0.907306853764938	436
-0.00812944264519011	1.43022320646088	436
0.0204008877337201	1.08726349047316	436
0.02031837389016	1.08720177898495	61
0.00433248033584999	1.26702409393016	20
0.10111934269334	0.906805351634796	198
0.10069311904779	0.906447303544458	248
0.10040312737798	0.906314534082061	68
-0.12335514042163	1.71117622470388	229
-0.1219861978712	1.88359136184285	329
0.11595750404462	1.67169156760626	17
-0.0193500854078901	1.59378315663786	105
0.1010510490733	0.907306853764938	105
-0.00809024649045997	1.4300869710178	105
-0.12362140148907	1.71134057981935	94
-0.0192972939318401	1.59398092068027	83
-0.0291514028688999	1.76246502787151	83
-0.0193245098139601	1.59385699483893	68
-0.01919280223847	1.59380286108175	153
0.00460992872118005	1.26759481849811	490
-0.00812944264519011	1.43022320646088	490
0.10169797164515	0.907481324222691	314
0.10140883922882	0.907211457837158	198
0.02031552276731	1.08722702084927	198
0.10069311904779	0.906447303544458	248
-0.0193761912421999	1.59349174099347	33
-0.00816905142947011	1.43020256644836	33
0.08613481335185	1.83119716884744	33
0.10227514637137	0.907479796914141	68
-0.12274811591178	2.39259516023347	63
-0.0192972939318401	1.59398092068027	63
0.11603828877498	1.67215060395899	746
0.1019867405053	0.90761319649506	198
0.10011277032147	0.906043996244228	198
0.10162944424993	0.907306148917365	248
0.1010510490733	0.907306853764938	273
0.10134042861547	0.907439175692279	3
0.02023029364311	1.08666376039989	298
0.00452650525141007	1.26725704656624	105
0.10169797164515	0.907481324222691	61
0.02031837389016	1.08720177898495	61
0.02023029364311	1.08666376039989	92
0.00441583875479989	1.26730366912119	92
0.02014793989224	1.08660223194899	329
0.00470253863687997	1.26757955472315	105
0.0995309577872301	0.904976551106435	198
-0.12199316471279	1.88384289128553	83
-0.1234920847203	1.71171997252611	123
-0.0290391790165101	1.76434796761741	105
-0.0288915152095399	1.7648774562573	61
0.0203126939600899	1.08661347608547	126
0.1019867405053	0.90761319649506	94
0.10140883922882	0.907211457837158	126
-0.00824876547538	1.42981026669857	92
-0.1234920847203	1.71171997252611	33
-0.1219253754689	1.88373740872012	63
-0.01929785090683	1.59406123668821	35
0.10169797164515	0.907481324222691	61
0.00449920128930992	1.26670496101616	20
0.1010510490733	0.907306853764938	198
0.0204805302589	1.08698968363812	92
0.02023029364311	1.08666376039989	273
-0.0192717222280301	1.59406298863138	33
-0.00816954662453995	1.43013942626621	68
0.10140883922882	0.907211457837158	490
-0.12212189023534	1.88330290733178	123
-0.00816954662453995	1.43013942626621	105
0.11587975782567	1.67164744925165	105
0.00460992872118005	1.26759481849811	105
0.02023029364311	1.08666376039989	94
0.00441583875479989	1.26730366912119	83
0.0204008877337201	1.08726349047316	92
0.00471174243903993	1.26752924438909	336
0.08618723124562	1.83099674814076	68
0.00451738240719002	1.26750919799834	68
0.10140883922882	0.907211457837158	490
0.10076130506037	0.907036493899438	490
0.02684017103012	2.33065481007081	746
0.06268548967474	1.99649984073456	33
0.11951552669718	2.39945156941338	123
0.0202330890348299	1.08716538684327	554
-0.12212879609546	1.88355449952714	105
-0.00808881120370009	1.4293709347442	20
0.1010510490733	0.907306853764938	198
-0.0457117648387699	2.1040815193356	83
-0.12356055611325	1.711602593177	92
0.0046190920332001	1.26744350671332	273
0.10040312737798	0.906314534082061	68
0.10098274589515	0.90631524989093	329
0.10069311904779	0.906447303544458	374
0.0204008877337201	1.08726349047316	554
0.10134042861547	0.907439175692279	92
0.1159185694725	1.67186179681578	92
0.00460992872118005	1.26759481849811	68
-0.12263182392785	2.39289053210454	63
0.0203980031558	1.0871767114521	20
-0.00808981354402993	1.43015001915236	20
0.0202330890348299	1.08716538684327	20
0.10134042861547	0.907439175692279	198
0.00460992872118005	1.26759481849811	126
0.10076130506037	0.907036493899438	126
0.02031552276731	1.08722702084927	92
0.0268419548587	2.33016209153414	33
0.02006836130343	1.08668096204983	68
-0.0594771242052801	2.44047686527072	63
0.0624642424237201	1.99583823099656	63
0.02031837389016	1.08720177898495	554
0.0998220473131901	0.905637435218337	554
0.02023874672922	1.08626403054227	61
0.02031837389016	1.08720177898495	105
-0.0288571452217901	1.7647571319712	198
0.10082948147517	0.906144530064968	126
0.0998220473131901	0.905637435218337	92
0.02031552276731	1.08722702084927	33
0.0204008877337201	1.08726349047316	68
-0.12200017698243	1.88376985983044	53
-0.12190663757616	2.22334534786203	63
0.0204008877337201	1.08726349047316	198
-0.00797080417122009	1.42922903873539	83
0.0202330890348299	1.08716538684327	92
0.1010510490733	0.907306853764938	35
0.10111934269334	0.906805351634796	20
0.0202330890348299	1.08716538684327	20
0.10076130506037	0.907036493899438	126
0.11603828877498	1.67215060395899	92
0.1010510490733	0.907306853764938	273
0.11588062242664	1.67144947165012	33
-0.0192450633257399	1.59407443975006	33
0.00422218592422996	1.26644907004953	33
0.0204834483229701	1.08721326266073	68
0.02031552276731	1.08722702084927	61
0.0200656326488	1.08642879439558	126
0.1010510490733	0.907306853764938	126
-0.1234920847203	1.71171997252611	83
0.10076130506037	0.907036493899438	24
-0.0082091662019701	1.43002505804072	33
0.1010510490733	0.907306853764938	436
0.10076130506037	0.907036493899438	3
0.10076130506037	0.907036493899438	490
0.02015070189972	1.08699171306418	105
0.10076130506037	0.907036493899438	24
0.02006836130343	1.08668096204983	24
0.00460992872118005	1.26759481849811	68
-0.0379136117415499	1.93250766715012	17
0.10011277032147	0.906043996244228	198
0.00442489963282999	1.26732282797632	198
-0.0289430804416599	1.76437631049577	92
0.00443398203170009	1.26695825260079	92
-0.00820806820271991	1.42992111448034	92
0.00443398203170009	1.26695825260079	33
0.10047119601252	0.906629847858136	266
0.10040312737798	0.906314534082061	436
-0.00813032533469005	1.4298703102814	149
0.10140883922882	0.907211457837158	525
0.0200656326488	1.08642879439558	531
0.10162944424993	0.907306148917365	92
0.06259410311301	1.99666840632369	33
0.02015070189972	1.08699171306418	68
0.00441583875479989	1.26730366912119	68
0.0625329549387099	1.99646305392139	153
0.0203980031558	1.0871767114521	149
0.11607729951499	1.67193753658563	490
0.0204008877337201	1.08726349047316	17
-0.0192445043996401	1.59386262780574	105
0.0202330890348299	1.08716538684327	20
0.02669194865049	2.33065599681752	666
0.08616101854994	1.83114697133688	666
0.1194442477412	2.39960181723251	601
-0.0193506404389701	1.59376521661266	601
0.10069311904779	0.906447303544458	96
0.02015348620595	1.08671721277481	35
-0.00816905142947011	1.43020256644836	52
-0.02899568316696	1.76468573176583	20
0.00451738240719002	1.26750919799834	126
0.0203980031558	1.0871767114521	92
0.10111934269334	0.906805351634796	24
0.02031837389016	1.08720177898495	92
0.10169797164515	0.907481324222691	33
0.0202359067337601	1.08702803190715	33
-0.12199316471279	1.88384289128553	184
0.00498075061482006	1.26656199680977	666
0.08618771484074	1.8311565080565	666
-0.12156837469968	2.05429797873281	297
-0.1215630853108	2.2229324342426	297
0.0127286302587	2.49769753658027	462
0.11944773653957	2.3995418238562	297
-0.12205403528862	1.88352440132232	601
0.01273286932778	2.4977351268303	601
0.10111934269334	0.906805351634796	96
0.02014793989224	1.08660223194899	96
0.0203980031558	1.0871767114521	149
-0.00816905142947011	1.43020256644836	17
0.10162944424993	0.907306148917365	525
0.10076130506037	0.907036493899438	20
0.0204834483229701	1.08721326266073	20
0.10140883922882	0.907211457837158	198
0.1010510490733	0.907306853764938	24
0.0202330890348299	1.08716538684327	24
0.00471174243903993	1.26752924438909	33
0.0861076533365299	1.83042143869656	184
0.0862139182177599	1.83100627890233	184
-0.12291984995516	2.39159237616985	75
-0.12156912296187	2.05418108419357	666
0.1193086453555	2.39907734848662	297
-0.12188252553673	2.22347566335905	297
0.0267660595517301	2.33081202141349	601
0.0267665301609501	2.3307392445921	601
-0.1219183780528	1.88348599211044	601
0.1019867405053	0.90761319649506	96
0.0998220473131901	0.905637435218337	436
0.00470253863687997	1.26757955472315	52
-0.01942955687224	1.59286510629827	105
0.02056605571645	1.0870263213164	20
0.02015070189972	1.08699171306418	126
0.00441583875479989	1.26730366912119	92
-0.00816905142947011	1.43020256644836	33
0.0998220473131901	0.905637435218337	68
-0.02890870225264	1.76480469795324	666
0.0126479149146901	2.49727884479467	297
-0.1219253754689	1.88373740872012	297
-0.01927118243591	1.59407269704666	601
0.00449920128930992	1.26670496101616	96
0.0204834483229701	1.08721326266073	96
0.10040312737798	0.906314534082061	436
-0.0377891822610099	1.93403756943079	409
0.1010510490733	0.907306853764938	24
0.02048638870796	1.08681008603723	24
0.00433248033584999	1.26702409393016	92
-0.0379297301422501	1.93319127701964	33
0.00460078691791011	1.26737379434533	266
0.00441583875479989	1.26730366912119	68
0.04296397794246	2.16354953405849	666
-0.12164294942067	2.05409679731858	462
-0.12349972689027	1.71171165776677	601
0.0625405060128399	1.99656769941696	601
0.0127370938934901	2.49767993885857	678
-0.00820806820271991	1.42992111448034	149
0.10134042861547	0.907439175692279	525
0.10140883922882	0.907211457837158	198
0.02031837389016	1.08720177898495	231
0.10134042861547	0.907439175692279	24
0.00470253863687997	1.26757955472315	92
0.02048638870796	1.08681008603723	437
-0.0593115090009699	2.44124335350503	555
-0.0457104858842801	2.10429055164279	184
0.0429504460502099	2.16337860614015	184
-0.12181130189962	2.22363390104394	297
-0.0591301657301999	2.44148887104256	462
0.04295384661681	2.16356652524444	601
0.11599862638025	1.67218275321416	96
0.10047119601252	0.906629847858136	525
0.02031552276731	1.08722702084927	20
0.10047119601252	0.906629847858136	198
0.0204834483229701	1.08721326266073	231
0.10140883922882	0.907211457837158	231
0.10076130506037	0.907036493899438	24
0.10011277032147	0.906043996244228	24
-0.00820863991371001	1.43008822900997	33
0.10011277032147	0.906043996244228	266
-0.12206097161136	1.8837759873802	555
-0.0527818899563799	2.27330289541612	184
-0.12164706494674	2.05398878606735	297
-0.12199316471279	1.88384289128553	297
0.0626167684886201	1.99669291271305	601
0.0204008877337201	1.08726349047316	153
-0.0192450633257399	1.59407443975006	123
0.0046190920332001	1.26744350671332	20
0.02031552276731	1.08722702084927	126
0.00432345988638994	1.26711745363877	68
0.11937992887142	2.3993918152279	555
-0.0591223171958399	2.44149435464367	555
0.0428274687424901	2.1626538806425	555
0.08618771484074	1.8311565080565	184
-0.0457104858842801	2.10429055164279	184
-0.0457849190891599	2.10400461631547	184
-0.12189858294831	2.22347000591218	184
-0.12356055611325	1.711602593177	666
0.11951552669718	2.39945156941338	462
-0.00816905142947011	1.43020256644836	601
0.1019867405053	0.90761319649506	96
0.10076130506037	0.907036493899438	149
0.10111934269334	0.906805351634796	52
0.00451738240719002	1.26750919799834	20
0.1010510490733	0.907306853764938	105
-0.01919171680833	1.5931980438762	20
0.0048044565309	1.26751412482029	198
-0.0193767634425499	1.59357895856227	33
-0.01929785090683	1.59406123668821	33
-0.01921839485302	1.59386436858632	266
-0.12276359042796	2.39208684699774	184
-0.05285867958436	2.27307785859279	184
-0.12272505713578	2.39274221034987	184
-0.0457104858842801	2.10429055164279	666
0.06254804759254	1.99657535462009	666
0.0269147434146799	2.3302307950534	462
-0.0592090028055099	2.44151037936031	462
0.02661578523474	2.33031359630339	601
0.11599862638025	1.67218275321416	601
0.00423114441033001	1.26681890289088	52
0.00432345988638994	1.26711745363877	20
0.00460992872118005	1.26759481849811	20
0.10140883922882	0.907211457837158	425
0.0204008877337201	1.08726349047316	231
-0.1217914417027	2.22350655935512	33
0.0861615189554501	1.83120671361739	33
0.1019867405053	0.90761319649506	266
-0.0377891822610099	1.93403756943079	555
-0.12181130189962	2.22363390104394	184
-0.12213226603432	1.88355884561488	184
-0.1219861978712	1.88359136184285	184
-0.01927118243591	1.59407269704666	184
-0.12164219171217	2.05405135139804	184
0.0428207900128801	2.16275999075892	666
0.00487868616206	1.26635617876469	666
0.1159568290246	1.67084360638738	666
-0.12172421540595	2.05374301263606	297
-0.02898764297334	1.76430040426712	297
0.11603692907932	1.67172966823839	601
0.01281354163907	2.49796230011292	601
-0.12282624254894	2.39230458829952	601
0.10169797164515	0.907481324222691	96
0.02014793989224	1.08660223194899	525
0.0204037946245501	1.08674830937689	20
0.0203980031558	1.0871767114521	20
0.10040312737798	0.906314534082061	24
0.0430322043298701	2.16369084013168	555
0.11930517563177	2.3990367506215	184
-0.05293984141241	2.2726914443371	666
0.06254804759254	1.99657535462009	666
0.11945121400422	2.3993811498843	666
-0.12199316471279	1.88384289128553	462
-0.05261965091542	2.27316767605513	297
0.0626628121192001	1.99676488553833	297
0.08613533055631	1.83115904318384	297
0.0626016677364201	1.99677309024653	601
-0.0288915152095399	1.7648774562573	601
0.0127370938934901	2.49767993885857	601
0.10047119601252	0.906629847858136	96
0.10134042861547	0.907439175692279	35
0.10111934269334	0.906805351634796	20
0.1010510490733	0.907306853764938	626
0.10169797164515	0.907481324222691	20
0.02015070189972	1.08699171306418	20
0.1010510490733	0.907306853764938	24
0.0204037946245501	1.08674830937689	92
0.11584106898909	1.67102254206351	92
-0.00805016410918991	1.42997597870338	33
-0.12246060339302	2.39292441306786	555
-0.1223976190538	2.39274566349038	184
-0.12206795332733	1.88370300778673	184
-0.12149455684194	2.05430339164224	184
-0.0457849190891599	2.10400461631547	666
-0.12156991374195	2.05399962554788	462
-0.04578824467865	2.10325393351194	462
-0.0528630472612499	2.27308851945592	297
-0.12353009419577	1.71114494414882	746
0.0203212473177801	1.08657462671375	525
0.10134042861547	0.907439175692279	525
-0.00809024649045997	1.4300869710178	525
0.00450828107786006	1.26738916091211	20
0.1010510490733	0.907306853764938	20
0.10169797164515	0.907481324222691	626
0.0204037946245501	1.08674830937689	231
0.10169797164515	0.907481324222691	231
0.02031552276731	1.08722702084927	92
0.11599789489516	1.67210704534538	33
0.02023029364311	1.08666376039989	266
-0.12258413980329	2.39275322273526	184
-0.0457117648387699	2.1040815193356	666
-0.0378643635954501	1.9335568090653	666
-0.0528630472612499	2.27308851945592	462
-0.12142039239225	2.05414364955915	601
0.02031837389016	1.08720177898495	96
0.02023029364311	1.08666376039989	20
0.0204037946245501	1.08674830937689	105
0.0202359067337601	1.08702803190715	20
0.00460992872118005	1.26759481849811	105
0.10069311904779	0.906447303544458	198
0.00432345988638994	1.26711745363877	92
0.02014793989224	1.08660223194899	33
0.0204008877337201	1.08726349047316	437
-0.12257652115184	2.3929653251353	184
-0.12149420631936	2.05432139862972	184
0.0266899158545899	2.33038610475245	184
-0.03771400276399	1.93398978751916	184
-0.02899568316696	1.76468573176583	666
-0.02893500620606	1.76491086431637	666
-0.04563732033053	2.10392895092959	462
-0.0591380310445699	2.44139696269983	297
-0.0192717222280301	1.59406298863138	601
0.00442489963282999	1.26732282797632	601
0.11595978847181	1.67191451729395	601
-0.04593788091322	2.10251754627947	601
0.02014793989224	1.08660223194899	298
-0.00816905142947011	1.43020256644836	52
0.00434152231202001	1.2665121372412	20
0.1019867405053	0.90761319649506	425
0.10047119601252	0.906629847858136	425
0.1010510490733	0.907306853764938	437
0.10169797164515	0.907481324222691	437
0.02023029364311	1.08666376039989	266
0.11599862638025	1.67218275321416	184
-0.1219617609535	2.22303455021274	666
0.11600021908437	1.67125740472679	666
-0.02896131979835	1.76474263578357	666
-0.00836804674443004	1.42782899881121	666
-0.12343125875332	1.7116653589773	666
0.0626016677364201	1.99677309024653	666
0.04309360535714	2.16372444292119	462
0.0267655759400101	2.33079102124126	462
-0.12256891824969	2.39309557364748	297
-0.04563667962375	2.10416609406065	297
-0.05921687256463	2.44150485203128	297
-0.12173790629694	2.05316854416483	601
0.10134042861547	0.907439175692279	96
0.00449920128930992	1.26670496101616	20
0.10134042861547	0.907439175692279	20
0.00489723437064993	1.26738622111217	20
0.10076130506037	0.907036493899438	198
0.00451738240719002	1.26750919799834	83
0.10047119601252	0.906629847858136	79
0.00451738240719002	1.26750919799834	33
0.00441583875479989	1.26730366912119	266
-0.03779398213693	1.93399314940759	555
0.0129706355563699	2.49775167491053	184
-0.0457842942849001	2.10388947715273	184
0.00450828107786006	1.26738916091211	666
0.11599940110988	1.6719845300661	666
-0.12171638515759	2.05371494592758	462
-0.12256891824969	2.39309557364748	297
-0.12254620411621	2.39299511100626	297
0.00404670338562996	1.26559377700192	601
0.1010510490733	0.907306853764938	35
-0.0081299067263001	1.43016010723581	105
-0.12363666165821	1.71107497243346	409
0.00460992872118005	1.26759481849811	79
0.10076130506037	0.907036493899438	24
0.10169797164515	0.907481324222691	24
0.10076130506037	0.907036493899438	266
0.11595898376722	1.67211268918592	184
-0.12263939896999	2.39300700436052	184
-0.0192455859223499	1.59397460976847	184
0.0263922628275699	2.32826491931491	666
0.11595898376722	1.67211268918592	666
0.00450828107786006	1.26738916091211	666
-0.01906157747474	1.5905185144046	666
0.0624256452713501	1.99547828358965	666
-0.0591223171958399	2.44149435464367	462
-0.12213923993331	1.88331955780577	297
-0.0377334933812099	1.93410828600984	297
-0.03779398213693	1.93399314940759	601
-0.03779398213693	1.93399314940759	339
0.11603758729791	1.67207494504311	339
0.10082948147517	0.906144530064968	35
0.02015348620595	1.08671721277481	35
0.00471174243903993	1.26752924438909	149
0.10076130506037	0.907036493899438	52
0.10169797164515	0.907481324222691	198
0.1010510490733	0.907306853764938	126
0.10162944424993	0.907306148917365	231
0.10076130506037	0.907036493899438	79
0.1010510490733	0.907306853764938	24
0.0204834483229701	1.08721326266073	266
-0.0594771242052801	2.44047686527072	555
0.0267660595517301	2.33081202141349	184
-0.12283397468085	2.39217406291795	184
-0.0458620074348901	2.10338623979472	184
-0.00816851079064995	1.4300353891087	666
0.11924081802949	2.39846245551172	666
0.11924426128399	2.39840243215102	601
-0.12281082664718	2.39232128616395	601
0.0429572354544101	2.16365562068483	601
-0.01927118243591	1.59407269704666	339
0.00432345988638994	1.26711745363877	149
0.1019867405053	0.90761319649506	149
0.11599940110988	1.6719845300661	52
0.02031837389016	1.08720177898495	17
0.10076130506037	0.907036493899438	626
0.10111934269334	0.906805351634796	198
0.02015348620595	1.08671721277481	126
-0.04563543858585	2.10437504787499	409
0.10040312737798	0.906314534082061	24
-0.12142005922957	2.05416161598781	33
-0.12155907088005	2.2229653075533	33
0.1010510490733	0.907306853764938	437
0.00441583875479989	1.26730366912119	666
0.0860824254261101	1.8310019576483	666
0.04296061256297	2.16364957439529	666
-0.0527775428575701	2.27329218798195	666
0.11950850728152	2.39947083471044	666
-0.12174812735056	2.22301027293333	462
-0.12181130189962	2.22363390104394	297
-0.0592326623524599	2.4412344895044	297
0.1193086453555	2.39907734848662	601
0.11603828877498	1.67215060395899	601
0.04295384661681	2.16356652524444	123
0.02031552276731	1.08722702084927	20
0.02031552276731	1.08722702084927	105
0.10140883922882	0.907211457837158	126
0.00460992872118005	1.26759481849811	33
0.02014793989224	1.08660223194899	437
0.10169797164515	0.907481324222691	91
0.04281406443023	2.16248330263026	184
-0.03771400276399	1.93398978751916	666
-0.12219319470351	1.88309326241266	666
0.04308675192006	2.16344734238289	666
-0.0287540679799201	1.75856316125028	666
0.06256310226186	1.99630254019491	462
0.1194372361404	2.39941756117025	601
-0.0192455859223499	1.59397460976847	601
-0.0591538119878601	2.44095255891164	297
0.00460992872118005	1.26759481849811	96
0.10134042861547	0.907439175692279	96
0.0045916666494199	1.26657690556951	52
0.11599720665359	1.67176169367105	746
0.0204834483229701	1.08721326266073	525
0.02031837389016	1.08720177898495	20
-0.0192221759359299	1.59318876291396	20
0.10134042861547	0.907439175692279	198
0.1010510490733	0.907306853764938	198
0.10134042861547	0.907439175692279	126
0.02031552276731	1.08722702084927	79
-0.12156991374195	2.05399962554788	75
-0.12149455684194	2.05430339164224	666
-0.0591301657301999	2.44148887104256	601
-0.05921687256463	2.44150485203128	297
0.0046190920332001	1.26744350671332	525
-0.0082091662019701	1.43002505804072	20
-0.0081299067263001	1.43016010723581	20
-0.0082091662019701	1.43002505804072	626
0.10047119601252	0.906629847858136	198
0.11599862638025	1.67218275321416	33
0.10047119601252	0.906629847858136	437
0.00460992872118005	1.26759481849811	266
0.10140883922882	0.907211457837158	266
-0.12171936261589	2.22366568736183	75
-0.12198967561379	1.88375796037316	678
0.10111934269334	0.906805351634796	298
-0.0289006408960499	1.76479051467299	52
0.0204008877337201	1.08726349047316	20
0.0204834483229701	1.08721326266073	20
0.10040312737798	0.906314534082061	198
0.06268548967474	1.99649984073456	91
0.02014793989224	1.08660223194899	266
0.0266914599338699	2.33072873640822	297
0.1010510490733	0.907306853764938	35
0.02015070189972	1.08699171306418	52
-0.00816851079064995	1.4300353891087	746
0.10011277032147	0.906043996244228	670
0.00432345988638994	1.26711745363877	20
0.10111934269334	0.906805351634796	20
0.00451738240719002	1.26750919799834	126
0.00441583875479989	1.26730366912119	126
0.10076130506037	0.907036493899438	33
0.0129108439350401	2.49717884429854	153
0.0203212473177801	1.08657462671375	149
0.1010510490733	0.907306853764938	169
0.00471174243903993	1.26752924438909	126
0.1010510490733	0.907306853764938	79
-0.0192455859223499	1.59397460976847	79
-0.0193500854078901	1.59378315663786	92
0.0204037946245501	1.08674830937689	617
0.02031552276731	1.08722702084927	149
-0.0457849190891599	2.10400461631547	746
0.00451738240719002	1.26750919799834	20
0.10111934269334	0.906805351634796	198
0.10140883922882	0.907211457837158	126
0.02048638870796	1.08681008603723	79
0.11592107345739	1.67101261501741	33
-0.03759705903436	1.93373671024131	339
0.10140883922882	0.907211457837158	380
0.00460992872118005	1.26759481849811	20
0.00442489963282999	1.26732282797632	126
-0.00816851079064995	1.4300353891087	531
0.0204008877337201	1.08726349047316	126
-0.12362140148907	1.71134057981935	83
-0.0082091662019701	1.43002505804072	92
-0.12181933439792	2.22350928292395	75
-0.0526921198906101	2.27322828568265	75
-0.05287182761198	2.27284974583251	75
-0.0457092607299201	2.10414921199758	297
-0.12179230339536	2.05306570739778	297
-0.0526239717781101	2.27309179274544	297
0.10140883922882	0.907211457837158	149
0.0204008877337201	1.08726349047316	52
-0.01932397196478	1.59396944947553	126
-0.12164256428685	2.0541148749181	83
0.10134042861547	0.907439175692279	79
0.10169797164515	0.907481324222691	617
0.0860829761940001	1.83075750845358	33
0.10076130506037	0.907036493899438	52
0.00433248033584999	1.26702409393016	105
0.0203126939600899	1.08661347608547	105
0.10169797164515	0.907481324222691	20
0.10140883922882	0.907211457837158	198
0.10047119601252	0.906629847858136	198
0.10076130506037	0.907036493899438	198
0.00442489963282999	1.26732282797632	126
0.00469335633716006	1.26724564254518	126
0.02015070189972	1.08699171306418	52
0.08618723124562	1.83099674814076	746
0.0202330890348299	1.08716538684327	670
0.10047119601252	0.906629847858136	20
0.0203980031558	1.0871767114521	20
0.10140883922882	0.907211457837158	126
0.11595898376722	1.67211268918592	84
0.08610811686825	1.83096215346366	91
0.10047119601252	0.906629847858136	52
0.10140883922882	0.907211457837158	20
0.10011277032147	0.906043996244228	20
0.10069311904779	0.906447303544458	126
0.10069311904779	0.906447303544458	126
-0.0290472384304401	1.76388071346656	92
0.10140883922882	0.907211457837158	266
0.11938339113529	2.39923112294824	297
-0.0457862090169501	2.10396972835765	678
0.1010510490733	0.907306853764938	149
0.02014793989224	1.08660223194899	380
-0.0192194419837799	1.59379142345729	20
0.02023029364311	1.08666376039989	126
0.10134042861547	0.907439175692279	126
-0.12149529563251	2.0540241531072	297
-0.0457104858842801	2.10429055164279	297
-0.0288652172280599	1.76454374317206	339
-0.0192450633257399	1.59407443975006	52
0.08618771484074	1.8311565080565	746
0.10040312737798	0.906314534082061	126
0.10140883922882	0.907211457837158	84
0.0203212473177801	1.08657462671375	79
-0.00804971681222	1.42980877383538	84
0.1159582222917	1.67203694353386	617
0.10047119601252	0.906629847858136	298
0.1010510490733	0.907306853764938	670
0.10098274589515	0.90631524989093	20
0.0998220473131901	0.905637435218337	20
0.10076130506037	0.907036493899438	20
-0.0289258906630501	1.76464010293934	105
0.1010510490733	0.907306853764938	617
-0.00824760535259994	1.42970643407314	153
0.10011277032147	0.906043996244228	3
0.0204805302589	1.08698968363812	198
0.02023029364311	1.08666376039989	126
0.10134042861547	0.907439175692279	126
0.0998220473131901	0.905637435218337	298
0.00451738240719002	1.26750919799834	169
0.08613481335185	1.83119716884744	105
0.0998220473131901	0.905637435218337	198
0.02015070189972	1.08699171306418	198
0.0204008877337201	1.08726349047316	126
0.0047952122163899	1.26745147666955	91
0.00469335633716006	1.26724564254518	33
-0.00820863991371001	1.43008822900997	91
0.0625865289937999	1.99646188990892	339
0.1019867405053	0.90761319649506	380
0.11603903351186	1.6719523584767	20
0.10140883922882	0.907211457837158	198
-0.00812944264519011	1.43022320646088	79
-0.00824876547538	1.42981026669857	79
-0.0082091662019701	1.43002505804072	92
0.0202330890348299	1.08716538684327	92
0.0202330890348299	1.08716538684327	469
0.00433248033584999	1.26702409393016	91
0.1010510490733	0.907306853764938	380
0.00442489963282999	1.26732282797632	20
-0.01932501132811	1.59343601328711	105
0.02031837389016	1.08720177898495	198
0.10076130506037	0.907036493899438	198
0.10140883922882	0.907211457837158	198
0.00442489963282999	1.26732282797632	126
-0.00824876547538	1.42981026669857	84
-0.0376203253043399	1.93358183667273	84
0.00470253863687997	1.26757955472315	92
-0.02893500620606	1.76491086431637	33
0.02048638870796	1.08681008603723	173
-0.0377891822610099	1.93403756943079	148
-0.0080505659002601	1.42991299250213	422
0.10169797164515	0.907481324222691	198
0.02031552276731	1.08722702084927	126
0.0202330890348299	1.08716538684327	198
0.00460078691791011	1.26737379434533	92
0.11592019558246	1.67173947776944	33
0.00499942288102995	1.26689001719374	91
-0.12349972689027	1.71171165776677	595
-0.12156837469968	2.05429797873281	595
-0.00817040065032004	1.42913718866796	595
-0.12156912296187	2.05418108419357	75
-0.0457849190891599	2.10400461631547	75
-0.02897850080257	1.76475847854036	148
-0.12180328670133	2.22367751918088	678
0.1159185694725	1.67186179681578	678
0.1010510490733	0.907306853764938	250
-0.00832590878362005	1.42827087062704	20
0.10134042861547	0.907439175692279	20
0.1010510490733	0.907306853764938	126
-0.0192722256757001	1.59377042364206	84
-0.00824876547538	1.42981026669857	84
0.00460992872118005	1.26759481849811	92
0.02056605571645	1.0870263213164	92
0.11607868569294	1.67181489710959	91
-0.05945337497042	2.44022798034196	75
-0.12180328670133	2.22367751918088	75
-0.12226449754114	1.88262886751656	148
-0.0377257626077401	1.93415907160506	339
-0.0080505659002601	1.42991299250213	169
0.0204008877337201	1.08726349047316	20
-0.01932397196478	1.59396944947553	105
0.10134042861547	0.907439175692279	198
0.10169797164515	0.907481324222691	198
-0.00808933511228993	1.42998279559144	250
0.02015070189972	1.08699171306418	52
0.10169797164515	0.907481324222691	169
0.10134042861547	0.907439175692279	20
0.10047119601252	0.906629847858136	126
0.10076130506037	0.907036493899438	198
0.00441583875479989	1.26730366912119	126
-0.00805016410918991	1.42997597870338	84
-0.0193245098139601	1.59385699483893	84
0.0204008877337201	1.08726349047316	91
0.00451738240719002	1.26750919799834	33
0.0127370938934901	2.49767993885857	595
-0.01929785090683	1.59406123668821	35
0.00489723437064993	1.26738622111217	149
0.10169797164515	0.907481324222691	198
0.11592019558246	1.67173947776944	126
0.02015070189972	1.08699171306418	126
0.0046190920332001	1.26744350671332	84
0.02014793989224	1.08660223194899	617
0.00441583875479989	1.26730366912119	91
-0.02878735371429	1.76385123244252	91
-0.0459357723566101	2.10296358777155	595
0.02015070189972	1.08699171306418	105
0.00451738240719002	1.26750919799834	126
0.10134042861547	0.907439175692279	126
0.10011277032147	0.906043996244228	198
0.00442489963282999	1.26732282797632	84
0.11599940110988	1.6719845300661	84
-0.01929785090683	1.59406123668821	84
-0.00816905142947011	1.43020256644836	79
0.1010510490733	0.907306853764938	617
-0.03767301965827	1.93403535576006	92
0.10076130506037	0.907036493899438	266
-0.12164219171217	2.05405135139804	339
0.02014793989224	1.08660223194899	35
0.0202330890348299	1.08716538684327	52
0.10111934269334	0.906805351634796	52
0.0044067994233401	1.26672036127882	149
0.0202359067337601	1.08702803190715	52
0.00442489963282999	1.26732282797632	169
0.10140883922882	0.907211457837158	198
0.02023029364311	1.08666376039989	126
0.0204834483229701	1.08721326266073	79
0.10169797164515	0.907481324222691	79
0.11599789489516	1.67210704534538	92
-0.12349972689027	1.71171165776677	91
0.06256310226186	1.99630254019491	339
0.0267660595517301	2.33081202141349	339
0.10011277032147	0.906043996244228	298
0.0203980031558	1.0871767114521	52
0.10069311904779	0.906447303544458	52
0.10076130506037	0.907036493899438	52
0.02031552276731	1.08722702084927	20
0.00452650525141007	1.26725704656624	20
0.10040312737798	0.906314534082061	126
0.02031837389016	1.08720177898495	84
0.00441583875479989	1.26730366912119	84
0.00442489963282999	1.26732282797632	84
0.11603758729791	1.67207494504311	83
0.0046190920332001	1.26744350671332	91
-0.12209756328883	2.22205408119089	148
0.1010510490733	0.907306853764938	20
-0.01929837156153	1.5938587623588	20
0.00423114441033001	1.26681890289088	126
0.08605624268728	1.83074792718716	84
0.1010510490733	0.907306853764938	84
0.10169797164515	0.907481324222691	84
0.0203212473177801	1.08657462671375	84
0.02014793989224	1.08660223194899	617
0.0204008877337201	1.08726349047316	91
0.10169797164515	0.907481324222691	266
0.10076130506037	0.907036493899438	298
0.10040312737798	0.906314534082061	149
0.10140883922882	0.907211457837158	52
0.10076130506037	0.907036493899438	52
0.11599862638025	1.67218275321416	169
0.10140883922882	0.907211457837158	20
0.10011277032147	0.906043996244228	126
0.00460078691791011	1.26737379434533	84
0.10134042861547	0.907439175692279	79
0.02015070189972	1.08699171306418	266
0.10098274589515	0.90631524989093	35
0.0202359067337601	1.08702803190715	52
0.1010510490733	0.907306853764938	52
-0.02893500620606	1.76491086431637	169
0.00472096771726993	1.26694665553405	84
0.02031837389016	1.08720177898495	84
0.10047119601252	0.906629847858136	84
0.00443398203170009	1.26695825260079	84
0.02006836130343	1.08668096204983	92
0.10169797164515	0.907481324222691	173
0.10169797164515	0.907481324222691	52
0.10011277032147	0.906043996244228	52
0.0046190920332001	1.26744350671332	20
0.10140883922882	0.907211457837158	126
0.1010510490733	0.907306853764938	126
0.0200656326488	1.08642879439558	84
0.10076130506037	0.907036493899438	634
0.02015070189972	1.08699171306418	92
-0.12343891386936	1.71165702339019	75
-0.0288915152095399	1.7648774562573	75
-0.02888346028371	1.76459397139223	75
-0.12189858294831	2.22347000591218	75
-0.0192455859223499	1.59397460976847	12
0.10011277032147	0.906043996244228	52
0.0202330890348299	1.08716538684327	84
-0.03780170946087	1.933852307153	33
0.0202330890348299	1.08716538684327	266
0.0127370938934901	2.49767993885857	148
0.0202330890348299	1.08716538684327	52
0.00451738240719002	1.26750919799834	126
0.10140883922882	0.907211457837158	126
0.00451738240719002	1.26750919799834	634
0.02031837389016	1.08720177898495	91
0.02056605571645	1.0870263213164	91
0.10076130506037	0.907036493899438	266
0.02031552276731	1.08722702084927	35
0.02031552276731	1.08722702084927	52
0.02039514090175	1.08642663294251	52
0.02023029364311	1.08666376039989	20
0.00470253863687997	1.26757955472315	126
-0.03779398213693	1.93399314940759	75
0.0129664410008801	2.49762223386307	75
0.11599789489516	1.67210704534538	250
0.00441583875479989	1.26730366912119	149
0.00469335633716006	1.26724564254518	52
-0.01919280223847	1.59380286108175	20
-0.0289097849372599	1.76414557103932	83
0.10047119601252	0.906629847858136	84
0.0203126939600899	1.08661347608547	91
0.10169797164515	0.907481324222691	52
0.0200656326488	1.08642879439558	169
0.11599789489516	1.67210704534538	84
-0.01934949410507	1.59350323903824	84
0.01998337185417	1.08611843935067	84
0.11607797096649	1.67201313509304	84
0.0046190920332001	1.26744350671332	634
-0.12206795332733	1.88370300778673	33
-0.00821008247582	1.42902288203956	91
-0.12164256428685	2.0541148749181	75
0.00432345988638994	1.26711745363877	169
0.0200656326488	1.08642879439558	126
-0.00812837809794997	1.42944406171566	634
0.00470253863687997	1.26757955472315	91
0.10162944424993	0.907306148917365	52
0.10162944424993	0.907306148917365	52
0.0206517174387699	1.08657346379585	20
0.10040312737798	0.906314534082061	20
-0.00816999636742	1.42984958407953	422
0.1010510490733	0.907306853764938	126
0.10076130506037	0.907036493899438	91
0.00432345988638994	1.26711745363877	91
0.02015070189972	1.08699171306418	3
0.1010510490733	0.907306853764938	169
0.02015070189972	1.08699171306418	126
0.0861343313830101	1.83091198622133	617
0.00442489963282999	1.26732282797632	91
-0.00812944264519011	1.43022320646088	91
0.10169797164515	0.907481324222691	298
0.10011277032147	0.906043996244228	52
0.00450828107786006	1.26738916091211	169
0.10076130506037	0.907036493899438	20
0.10040312737798	0.906314534082061	20
0.00471174243903993	1.26752924438909	84
0.0203212473177801	1.08657462671375	634
-0.00817040065032004	1.42913718866796	91
0.0202330890348299	1.08716538684327	20
0.00451738240719002	1.26750919799834	84
0.02023029364311	1.08666376039989	91
0.11596063640551	1.67118746865856	169
0.0044067994233401	1.26672036127882	20
0.00441583875479989	1.26730366912119	126
-0.00824820811480009	1.42987345750567	84
0.10169797164515	0.907481324222691	92
0.02031837389016	1.08720177898495	617
0.00451738240719002	1.26750919799834	617
0.00422218592422996	1.26644907004953	52
-0.00824760535259994	1.42970643407314	169
0.0998220473131901	0.905637435218337	126
0.00433248033584999	1.26702409393016	84
0.0046282768277901	1.2667602061577	84
0.11607868569294	1.67181489710959	84
-0.01929785090683	1.59406123668821	92
0.11603828877498	1.67215060395899	266
-0.12255375972422	2.39311162135063	339
0.02015070189972	1.08699171306418	35
0.10111934269334	0.906805351634796	52
0.00471174243903993	1.26752924438909	169
0.00450828107786006	1.26738916091211	20
0.00432345988638994	1.26711745363877	422
0.00433248033584999	1.26702409393016	92
0.1019867405053	0.90761319649506	617
-0.0194562253683099	1.5919995784527	91
-0.0529442296238301	2.27270205572395	148
-0.12197782804619	2.22319417704825	12
0.10047119601252	0.906629847858136	35
0.10076130506037	0.907036493899438	657
0.0204008877337201	1.08726349047316	52
-0.0082091662019701	1.43002505804072	20
0.10134042861547	0.907439175692279	126
-0.00816905142947011	1.43020256644836	91
0.0626092228622299	1.99678076802202	339
0.01998337185417	1.08611843935067	20
0.0048044565309	1.26751412482029	20
0.0202359067337601	1.08702803190715	126
-0.0080505659002601	1.42991299250213	126
-0.0288915152095399	1.7648774562573	84
-0.05929571040203	2.44134093080297	12
-0.0192450633257399	1.59407443975006	52
0.0202330890348299	1.08716538684327	52
0.00442489963282999	1.26732282797632	20
-0.00812944264519011	1.43022320646088	20
-0.00820863991371001	1.43008822900997	20
0.0203126939600899	1.08661347608547	126
0.0203980031558	1.0871767114521	126
0.00471174243903993	1.26752924438909	84
0.0202330890348299	1.08716538684327	634
-0.0192455859223499	1.59397460976847	91
0.00470253863687997	1.26757955472315	91
0.02015348620595	1.08671721277481	169
0.02014793989224	1.08660223194899	720
0.00442489963282999	1.26732282797632	84
0.10040312737798	0.906314534082061	91
0.0202330890348299	1.08716538684327	91
-0.12182738419055	2.22330299321335	339
0.02031837389016	1.08720177898495	20
0.10162944424993	0.907306148917365	126
0.0044067994233401	1.26672036127882	126
0.0203980031558	1.0871767114521	92
0.02023029364311	1.08666376039989	92
0.02015070189972	1.08699171306418	266
0.00451738240719002	1.26750919799834	169
0.10069311904779	0.906447303544458	126
0.00451738240719002	1.26750919799834	126
0.02031837389016	1.08720177898495	84
0.02031837389016	1.08720177898495	92
0.0202330890348299	1.08716538684327	91
-0.00808981354402993	1.43015001915236	91
-0.12171638515759	2.05371494592758	72
0.11599862638025	1.67218275321416	148
0.11916953394688	2.39750034787145	52
0.00460992872118005	1.26759481849811	169
0.0204037946245501	1.08674830937689	52
0.1159582222917	1.67203694353386	126
-0.01927118243591	1.59407269704666	84
0.10040312737798	0.906314534082061	92
0.10082948147517	0.906144530064968	634
0.00441583875479989	1.26730366912119	52
0.10140883922882	0.907211457837158	52
0.0202359067337601	1.08702803190715	126
0.1019867405053	0.90761319649506	126
0.02014793989224	1.08660223194899	84
0.10111934269334	0.906805351634796	92
0.1010510490733	0.907306853764938	91
-0.00809063394377008	1.42979726550601	91
0.00488794952172	1.26717505630802	91
-0.0290128668924601	1.76452115219308	339
0.00441583875479989	1.26730366912119	149
0.1010510490733	0.907306853764938	52
0.10076130506037	0.907036493899438	52
0.11607868569294	1.67181489710959	20
0.0202330890348299	1.08716538684327	126
0.10169797164515	0.907481324222691	92
-0.00828712225724004	1.42937407738212	92
-0.00812944264519011	1.43022320646088	92
0.10169797164515	0.907481324222691	92
0.0202330890348299	1.08716538684327	91
0.02031552276731	1.08722702084927	91
0.10069311904779	0.906447303544458	52
0.10011277032147	0.906043996244228	126
0.10134042861547	0.907439175692279	92
-0.00812944264519011	1.43022320646088	92
0.10134042861547	0.907439175692279	617
0.0047952122163899	1.26745147666955	91
-0.00812893309948004	1.4300559927535	91
-0.0082091662019701	1.43002505804072	91
0.10140883922882	0.907211457837158	266
0.10140883922882	0.907211457837158	52
0.1019867405053	0.90761319649506	665
0.0202359067337601	1.08702803190715	52
0.11603692907932	1.67172966823839	169
0.08616101854994	1.83114697133688	20
0.10162944424993	0.907306148917365	126
-0.01927118243591	1.59407269704666	84
0.0202359067337601	1.08702803190715	92
0.00432345988638994	1.26711745363877	92
-0.04578368292277	2.10368107545508	339
0.02031552276731	1.08722702084927	52
0.0200656326488	1.08642879439558	126
0.10140883922882	0.907211457837158	126
-0.0081299067263001	1.43016010723581	169
0.00442489963282999	1.26732282797632	92
0.10134042861547	0.907439175692279	92
0.10169797164515	0.907481324222691	617
-0.00820863991371001	1.43008822900997	91
0.00443398203170009	1.26695825260079	91
0.1019867405053	0.90761319649506	665
0.0204008877337201	1.08726349047316	52
0.0203980031558	1.0871767114521	20
0.02023029364311	1.08666376039989	126
0.02031837389016	1.08720177898495	126
0.0203126939600899	1.08661347608547	720
0.10076130506037	0.907036493899438	92
0.00452650525141007	1.26725704656624	92
0.10227514637137	0.907479796914141	634
0.10040312737798	0.906314534082061	617
0.02015070189972	1.08699171306418	91
0.02015070189972	1.08699171306418	91
0.0626167684886201	1.99669291271305	339
-0.0191661529127101	1.59359288290892	35
0.10134042861547	0.907439175692279	20
0.10134042861547	0.907439175692279	126
0.10076130506037	0.907036493899438	126
-0.00820863991371001	1.43008822900997	92
0.10134042861547	0.907439175692279	617
0.0203980031558	1.0871767114521	91
0.00460992872118005	1.26759481849811	91
0.10140883922882	0.907211457837158	91
0.10076130506037	0.907036493899438	266
-0.12273270593067	2.39277491850203	12
0.02015348620595	1.08671721277481	52
-0.00808881120370009	1.4293709347442	52
0.00452650525141007	1.26725704656624	20
0.10069311904779	0.906447303544458	126
0.02031552276731	1.08722702084927	169
0.0202330890348299	1.08716538684327	720
-0.0289006408960499	1.76479051467299	92
0.00452650525141007	1.26725704656624	92
0.02014793989224	1.08660223194899	92
0.0204805302589	1.08698968363812	266
-0.12260919337527	2.39199999542087	12
0.0203980031558	1.0871767114521	52
0.1010510490733	0.907306853764938	20
0.02031552276731	1.08722702084927	20
0.00433248033584999	1.26702409393016	20
0.02023029364311	1.08666376039989	126
0.02031552276731	1.08722702084927	169
0.02014793989224	1.08660223194899	634
0.00432345988638994	1.26711745363877	91
0.00472096771726993	1.26694665553405	91
-0.0081299067263001	1.43016010723581	91
0.10076130506037	0.907036493899438	242
0.0203126939600899	1.08661347608547	52
-0.00812944264519011	1.43022320646088	169
0.02023029364311	1.08666376039989	20
0.00460078691791011	1.26737379434533	720
0.10040312737798	0.906314534082061	84
-0.00816851079064995	1.4300353891087	84
0.1019867405053	0.90761319649506	92
0.0204008877337201	1.08726349047316	91
0.00441583875479989	1.26730366912119	91
-0.0526025179974099	2.27257920073164	167
0.0202359067337601	1.08702803190715	657
0.11595898376722	1.67211268918592	169
-0.0192221759359299	1.59318876291396	169
0.10134042861547	0.907439175692279	126
0.00432345988638994	1.26711745363877	169
0.0203126939600899	1.08661347608547	720
0.0046282768277901	1.2667602061577	91
-0.00812893309948004	1.4300559927535	91
-0.1237431405	1.71028001059924	91
0.10169797164515	0.907481324222691	52
-0.03779398213693	1.93399314940759	169
0.0204805302589	1.08698968363812	20
0.0202359067337601	1.08702803190715	20
0.10076130506037	0.907036493899438	92
0.0860824254261101	1.8310019576483	12
0.10040312737798	0.906314534082061	52
-0.00812944264519011	1.43022320646088	52
-0.0376807716040899	1.93389448678401	169
0.1010510490733	0.907306853764938	126
0.02048638870796	1.08681008603723	126
-0.01921839485302	1.59386436858632	91
0.10111934269334	0.906805351634796	266
0.0204805302589	1.08698968363812	266
0.11607667133679	1.67159238674712	12
0.10018072136498	0.905968393470807	298
-0.0192445043996401	1.59386262780574	169
0.0047952122163899	1.26745147666955	20
-0.0289430804416599	1.76437631049577	84
0.02031552276731	1.08722702084927	720
0.0202330890348299	1.08716538684327	720
0.00460992872118005	1.26759481849811	505
0.10134042861547	0.907439175692279	91
-0.00820863991371001	1.43008822900997	91
0.0998220473131901	0.905637435218337	657
0.02031837389016	1.08720177898495	109
0.0202330890348299	1.08716538684327	52
0.11587893642245	1.67157166373218	169
-0.00824927742527004	1.42952047600197	126
0.0204805302589	1.08698968363812	720
0.11607729951499	1.67193753658563	84
0.02056605571645	1.0870263213164	695
0.1010510490733	0.907306853764938	298
-0.00816999636742	1.42984958407953	20
0.0046190920332001	1.26744350671332	110
0.1010510490733	0.907306853764938	110
-0.01921893659528	1.59398605327326	20
-0.00824820811480009	1.42987345750567	126
0.10227514637137	0.907479796914141	126
0.10134042861547	0.907439175692279	617
0.00451738240719002	1.26750919799834	91
-0.0376885324063601	1.933658103156	169
0.00441583875479989	1.26730366912119	169
0.02023029364311	1.08666376039989	20
-0.00820863991371001	1.43008822900997	126
0.0203980031558	1.0871767114521	169
0.10140883922882	0.907211457837158	720
0.10011277032147	0.906043996244228	90
0.02014793989224	1.08660223194899	90
0.08603006742369	1.83037392366014	505
0.1010510490733	0.907306853764938	92
-0.12164219171217	2.05405135139804	169
0.10076130506037	0.907036493899438	20
0.0204834483229701	1.08721326266073	110
0.10011277032147	0.906043996244228	169
0.0202330890348299	1.08716538684327	92
0.02015070189972	1.08699171306418	92
0.02015070189972	1.08699171306418	695
-0.0590513250034499	2.44116375826748	715
0.0200656326488	1.08642879439558	538
0.02014793989224	1.08660223194899	35
0.1010510490733	0.907306853764938	3
0.10140883922882	0.907211457837158	3
0.0202330890348299	1.08716538684327	110
-0.0192717222280301	1.59406298863138	169
0.0861076533365299	1.83042143869656	505
0.02015348620595	1.08671721277481	695
0.00460992872118005	1.26759481849811	52
0.1010510490733	0.907306853764938	52
0.10076130506037	0.907036493899438	52
0.10111934269334	0.906805351634796	92
0.10140883922882	0.907211457837158	106
0.1010510490733	0.907306853764938	695
0.1010510490733	0.907306853764938	695
0.10140883922882	0.907211457837158	109
0.02031837389016	1.08720177898495	52
0.0861343313830101	1.83091198622133	169
0.0204008877337201	1.08726349047316	90
0.0202330890348299	1.08716538684327	91
-0.12352250165702	1.71081121206341	743
0.10098274589515	0.90631524989093	695
0.11595898376722	1.67211268918592	169
0.11595978847181	1.67191451729395	92
0.10140883922882	0.907211457837158	35
0.0202359067337601	1.08702803190715	169
0.10134042861547	0.907439175692279	52
0.10040312737798	0.906314534082061	20
0.00460078691791011	1.26737379434533	169
0.08618771484074	1.8311565080565	505
-0.01942955687224	1.59286510629827	92
0.10169797164515	0.907481324222691	91
0.00471174243903993	1.26752924438909	169
0.00432345988638994	1.26711745363877	20
0.02031837389016	1.08720177898495	110
0.00452650525141007	1.26725704656624	110
0.10011277032147	0.906043996244228	169
0.02048638870796	1.08681008603723	92
-0.0377891822610099	1.93403756943079	169
0.02031552276731	1.08722702084927	169
0.1010510490733	0.907306853764938	84
0.10140883922882	0.907211457837158	92
0.00450828107786006	1.26738916091211	743
0.1010510490733	0.907306853764938	242
0.1019867405053	0.90761319649506	52
0.02048638870796	1.08681008603723	20
0.00460992872118005	1.26759481849811	110
0.02056605571645	1.0870263213164	91
0.11607797096649	1.67201313509304	743
0.00453564958455011	1.2664615468243	695
-0.04578555733378	2.10403071375903	12
0.10169797164515	0.907481324222691	242
0.10140883922882	0.907211457837158	20
0.00460078691791011	1.26737379434533	536
0.0998220473131901	0.905637435218337	90
0.10134042861547	0.907439175692279	25
0.0626243046138899	1.99650795162738	84
0.1019867405053	0.90761319649506	92
0.00470253863687997	1.26757955472315	92
0.10040312737798	0.906314534082061	308
0.10076130506037	0.907036493899438	106
0.00470253863687997	1.26757955472315	106
0.02031552276731	1.08722702084927	91
-0.00812944264519011	1.43022320646088	91
-0.01921839485302	1.59386436858632	743
-0.0288743295328899	1.76486162125887	538
0.11599940110988	1.6719845300661	110
0.00470253863687997	1.26757955472315	84
0.0625405060128399	1.99656769941696	743
0.10011277032147	0.906043996244228	91
0.02031837389016	1.08720177898495	109
0.00449920128930992	1.26670496101616	90
0.0043144609891399	1.26663501946895	25
0.10069311904779	0.906447303544458	106
0.10076130506037	0.907036493899438	743
0.08613481335185	1.83119716884744	91
0.0043144609891399	1.26663501946895	52
0.00472096771726993	1.26694665553405	20
0.10169797164515	0.907481324222691	110
-0.00816999636742	1.42984958407953	536
0.02031837389016	1.08720177898495	536
0.0202330890348299	1.08716538684327	169
0.10134042861547	0.907439175692279	106
0.02031552276731	1.08722702084927	106
0.02015070189972	1.08699171306418	91
0.0202330890348299	1.08716538684327	35
0.10076130506037	0.907036493899438	52
0.02048638870796	1.08681008603723	169
-0.1234920847203	1.71171997252611	536
0.1159582222917	1.67203694353386	536
0.1019867405053	0.90761319649506	110
0.0204834483229701	1.08721326266073	106
0.10076130506037	0.907036493899438	91
0.0625405060128399	1.99656769941696	538
0.10169797164515	0.907481324222691	35
0.10040312737798	0.906314534082061	242
0.02014793989224	1.08660223194899	52
0.10169797164515	0.907481324222691	109
0.1010510490733	0.907306853764938	52
0.10047119601252	0.906629847858136	20
0.02015070189972	1.08699171306418	84
-0.00824820811480009	1.42987345750567	84
0.02015070189972	1.08699171306418	106
0.10069311904779	0.906447303544458	109
0.10111934269334	0.906805351634796	20
0.1019867405053	0.90761319649506	20
0.0203980031558	1.0871767114521	20
0.0860819098513299	1.83091446928203	169
-0.00816954662453995	1.43013942626621	92
0.02015070189972	1.08699171306418	35
0.1019867405053	0.90761319649506	52
0.02006836130343	1.08668096204983	110
-0.0081299067263001	1.43016010723581	169
0.10047119601252	0.906629847858136	90
0.02023029364311	1.08666376039989	90
0.10082948147517	0.906144530064968	84
0.02015070189972	1.08699171306418	106
0.0203980031558	1.0871767114521	106
0.0202359067337601	1.08702803190715	91
0.10011277032147	0.906043996244228	695
0.02015070189972	1.08699171306418	695
0.1010510490733	0.907306853764938	91
0.10047119601252	0.906629847858136	242
0.0046190920332001	1.26744350671332	52
0.0202330890348299	1.08716538684327	20
-0.0192445043996401	1.59386262780574	536
0.0267640471152499	2.33016511593262	536
-0.12172421540595	2.05374301263606	264
0.02015070189972	1.08699171306418	20
0.02031837389016	1.08720177898495	110
0.10098274589515	0.90631524989093	308
0.10011277032147	0.906043996244228	308
0.00460992872118005	1.26759481849811	743
-0.00820863991371001	1.43008822900997	52
0.00433248033584999	1.26702409393016	20
0.02014793989224	1.08660223194899	110
0.1010510490733	0.907306853764938	110
0.10134042861547	0.907439175692279	110
0.10011277032147	0.906043996244228	35
0.10076130506037	0.907036493899438	3
0.10134042861547	0.907439175692279	169
0.1019867405053	0.90761319649506	20
0.10111934269334	0.906805351634796	20
0.0202330890348299	1.08716538684327	20
0.00450828107786006	1.26738916091211	110
0.02031552276731	1.08722702084927	106
0.10134042861547	0.907439175692279	91
0.1010510490733	0.907306853764938	91
0.10076130506037	0.907036493899438	538
0.02015070189972	1.08699171306418	20
0.00471174243903993	1.26752924438909	20
0.1010510490733	0.907306853764938	110
-0.0193506404389701	1.59376521661266	169
0.0046190920332001	1.26744350671332	25
0.10069311904779	0.906447303544458	308
0.0202330890348299	1.08716538684327	52
0.1010510490733	0.907306853764938	52
0.00452650525141007	1.26725704656624	169
0.00470253863687997	1.26757955472315	169
0.10140883922882	0.907211457837158	90
0.10169797164515	0.907481324222691	84
0.1010510490733	0.907306853764938	106
-0.0288915152095399	1.7648774562573	743
0.10011277032147	0.906043996244228	242
0.0044067994233401	1.26672036127882	20
-0.00824820811480009	1.42987345750567	20
0.00460992872118005	1.26759481849811	169
0.02031552276731	1.08722702084927	84
0.11599720665359	1.67176169367105	743
0.10069311904779	0.906447303544458	52
-0.00820806820271991	1.42992111448034	169
0.10040312737798	0.906314534082061	110
-0.01932339781954	1.59379464034925	84
-0.00812893309948004	1.4300559927535	106
0.1010510490733	0.907306853764938	106
0.10011277032147	0.906043996244228	109
0.10018072136498	0.905968393470807	110
0.00470253863687997	1.26757955472315	110
0.10076130506037	0.907036493899438	106
0.02014793989224	1.08660223194899	308
0.10140883922882	0.907211457837158	392
0.0202330890348299	1.08716538684327	90
-0.01919280223847	1.59380286108175	84
-0.00808981354402993	1.43015001915236	743
-0.00824820811480009	1.42987345750567	110
0.10040312737798	0.906314534082061	110
0.02014793989224	1.08660223194899	106
0.00450828107786006	1.26738916091211	106
0.10011277032147	0.906043996244228	106
0.10047119601252	0.906629847858136	308
0.1019867405053	0.90761319649506	106
0.10047119601252	0.906629847858136	109
0.10069311904779	0.906447303544458	392
0.0046190920332001	1.26744350671332	169
0.02015070189972	1.08699171306418	110
0.10082948147517	0.906144530064968	110
0.02031552276731	1.08722702084927	84
0.11599862638025	1.67218275321416	84
-0.0192221759359299	1.59318876291396	84
0.00412997416611005	1.26615091474705	743
0.00470253863687997	1.26757955472315	20
0.0861615189554501	1.83120671361739	110
0.00451738240719002	1.26750919799834	110
0.0048044565309	1.26751412482029	110
0.00422218592422996	1.26644907004953	25
-0.00820806820271991	1.42992111448034	84
0.02031837389016	1.08720177898495	87
0.02015070189972	1.08699171306418	87
-0.00816954662453995	1.43013942626621	169
-0.00812837809794997	1.42944406171566	110
-0.00820806820271991	1.42992111448034	110
0.10069311904779	0.906447303544458	25
0.10069311904779	0.906447303544458	84
0.10069311904779	0.906447303544458	106
0.10040312737798	0.906314534082061	308
0.0048044565309	1.26751412482029	91
0.02015348620595	1.08671721277481	52
0.1010510490733	0.907306853764938	392
0.10076130506037	0.907036493899438	110
0.00441583875479989	1.26730366912119	169
0.00460992872118005	1.26759481849811	84
0.0202330890348299	1.08716538684327	695
0.04288902214192	2.16331470739437	264
0.10169797164515	0.907481324222691	35
0.02015070189972	1.08699171306418	20
0.00441583875479989	1.26730366912119	20
0.10162944424993	0.907306148917365	90
0.10169797164515	0.907481324222691	90
0.10111934269334	0.906805351634796	90
0.11599720665359	1.67176169367105	84
0.02015070189972	1.08699171306418	84
-0.12343125875332	1.7116653589773	264
0.10134042861547	0.907439175692279	109
0.02031552276731	1.08722702084927	110
-0.0192972939318401	1.59398092068027	169
0.10040312737798	0.906314534082061	308
0.10082948147517	0.906144530064968	91
0.10011277032147	0.906043996244228	91
0.10169797164515	0.907481324222691	3
0.10134042861547	0.907439175692279	110
0.00432345988638994	1.26711745363877	84
0.0203980031558	1.0871767114521	106
0.00450828107786006	1.26738916091211	20
-0.00820806820271991	1.42992111448034	169
0.02031552276731	1.08722702084927	110
-0.0081299067263001	1.43016010723581	84
0.02014793989224	1.08660223194899	106
0.11607868569294	1.67181489710959	91
0.10040312737798	0.906314534082061	298
0.02031837389016	1.08720177898495	20
-0.0192706063386501	1.59377088503181	20
-0.00812893309948004	1.4300559927535	20
0.1010510490733	0.907306853764938	169
0.0203980031558	1.0871767114521	110
0.00450828107786006	1.26738916091211	84
-0.01921893659528	1.59398605327326	84
-0.00812944264519011	1.43022320646088	84
0.0204008877337201	1.08726349047316	106
0.10140883922882	0.907211457837158	106
-0.00816954662453995	1.43013942626621	91
0.02031837389016	1.08720177898495	52
0.0203980031558	1.0871767114521	169
0.02048638870796	1.08681008603723	87
0.0202330890348299	1.08716538684327	91
0.00450828107786006	1.26738916091211	91
0.10076130506037	0.907036493899438	242
-0.00816905142947011	1.43020256644836	52
0.10069311904779	0.906447303544458	109
-0.0192706063386501	1.59377088503181	169
0.00443398203170009	1.26695825260079	169
-0.00813069846288994	1.42915796753416	110
0.00460992872118005	1.26759481849811	87
0.11950850728152	2.39947083471044	743
0.10040312737798	0.906314534082061	91
0.10076130506037	0.907036493899438	35
0.10076130506037	0.907036493899438	109
-0.00816851079064995	1.4300353891087	169
0.10011277032147	0.906043996244228	169
-0.00812944264519011	1.43022320646088	110
0.10076130506037	0.907036493899438	90
0.0200656326488	1.08642879439558	25
0.10011277032147	0.906043996244228	106
0.10076130506037	0.907036493899438	87
0.00470253863687997	1.26757955472315	743
0.02014793989224	1.08660223194899	91
-0.0288915152095399	1.7648774562573	169
-0.00824927742527004	1.42952047600197	84
0.10040312737798	0.906314534082061	25
-0.00816851079064995	1.4300353891087	84
0.10111934269334	0.906805351634796	91
-0.00804971681222	1.42980877383538	91
0.00441583875479989	1.26730366912119	169
0.02023029364311	1.08666376039989	169
0.10076130506037	0.907036493899438	110
0.00432345988638994	1.26711745363877	25
0.0046190920332001	1.26744350671332	84
-0.0192722256757001	1.59377042364206	538
0.0203980031558	1.0871767114521	35
0.10134042861547	0.907439175692279	109
0.0202330890348299	1.08716538684327	20
0.0200656326488	1.08642879439558	90
0.02006836130343	1.08668096204983	25
-0.00820964705870009	1.42973521682158	84
-0.00816851079064995	1.4300353891087	84
0.11603692907932	1.67172966823839	743
0.00460078691791011	1.26737379434533	35
0.0202330890348299	1.08716538684327	52
0.00412997416611005	1.26615091474705	20
0.0202330890348299	1.08716538684327	84
-0.00808933511228993	1.42998279559144	87
-0.0377257626077401	1.93415907160506	52
-0.12199316471279	1.88384289128553	169
0.10169797164515	0.907481324222691	110
0.00441583875479989	1.26730366912119	110
0.10047119601252	0.906629847858136	84
-0.00820863991371001	1.43008822900997	84
-0.00812944264519011	1.43022320646088	84
0.02048638870796	1.08681008603723	87
0.0202330890348299	1.08716538684327	110
0.10140883922882	0.907211457837158	87
0.00449920128930992	1.26670496101616	743
0.02006836130343	1.08668096204983	298
0.10140883922882	0.907211457837158	110
0.0203126939600899	1.08661347608547	110
0.10040312737798	0.906314534082061	90
0.0047952122163899	1.26745147666955	84
-0.00812944264519011	1.43022320646088	84
-0.12353769591171	1.71138480403139	169
0.02031552276731	1.08722702084927	169
0.10011277032147	0.906043996244228	281
0.10169797164515	0.907481324222691	84
0.10047119601252	0.906629847858136	106
0.01998337185417	1.08611843935067	396
0.10140883922882	0.907211457837158	91
0.10047119601252	0.906629847858136	298
0.00432345988638994	1.26711745363877	52
0.00471174243903993	1.26752924438909	52
-0.00812944264519011	1.43022320646088	20
0.0202359067337601	1.08702803190715	20
0.10076130506037	0.907036493899438	90
0.10047119601252	0.906629847858136	84
-0.01921893659528	1.59398605327326	91
0.10140883922882	0.907211457837158	298
0.02031552276731	1.08722702084927	289
0.0202359067337601	1.08702803190715	608
0.00442489963282999	1.26732282797632	110
0.02031552276731	1.08722702084927	110
0.02015070189972	1.08699171306418	110
0.10076130506037	0.907036493899438	84
0.10140883922882	0.907211457837158	106
0.10040312737798	0.906314534082061	20
0.00460078691791011	1.26737379434533	20
0.0202330890348299	1.08716538684327	110
0.0204008877337201	1.08726349047316	84
0.00469335633716006	1.26724564254518	84
-0.00820863991371001	1.43008822900997	84
0.10011277032147	0.906043996244228	106
0.0204834483229701	1.08721326266073	106
0.00470253863687997	1.26757955472315	84
-0.00828834446159998	1.42947777885845	743
0.11592019558246	1.67173947776944	12
0.10069311904779	0.906447303544458	298
0.00451738240719002	1.26750919799834	52
0.02031837389016	1.08720177898495	20
0.11599862638025	1.67218275321416	169
0.00451738240719002	1.26750919799834	110
0.1010510490733	0.907306853764938	84
0.10076130506037	0.907036493899438	320
0.0202330890348299	1.08716538684327	222
0.10040312737798	0.906314534082061	52
0.0203980031558	1.0871767114521	52
-0.00804971681222	1.42980877383538	169
-0.01927118243591	1.59407269704666	169
0.10076130506037	0.907036493899438	735
0.10076130506037	0.907036493899438	608
0.10011277032147	0.906043996244228	110
0.10140883922882	0.907211457837158	110
0.0204834483229701	1.08721326266073	84
0.10162944424993	0.907306148917365	320
0.10140883922882	0.907211457837158	396
0.00451738240719002	1.26750919799834	91
0.11595978847181	1.67191451729395	169
0.0202359067337601	1.08702803190715	20
0.0204805302589	1.08698968363812	169
0.02006836130343	1.08668096204983	110
0.10134042861547	0.907439175692279	110
0.11603828877498	1.67215060395899	84
-0.00809024649045997	1.4300869710178	84
0.1010510490733	0.907306853764938	106
0.02031552276731	1.08722702084927	106
0.00451738240719002	1.26750919799834	91
0.10140883922882	0.907211457837158	35
0.1019867405053	0.90761319649506	298
0.00433248033584999	1.26702409393016	20
0.10140883922882	0.907211457837158	106
0.10140883922882	0.907211457837158	35
0.1010510490733	0.907306853764938	608
0.0203980031558	1.0871767114521	110
0.1019867405053	0.90761319649506	84
0.00442489963282999	1.26732282797632	91
0.0626016677364201	1.99677309024653	743
0.1010510490733	0.907306853764938	396
0.0043144609891399	1.26663501946895	91
0.00413889226423003	1.26637302879736	20
-0.0193767634425499	1.59357895856227	169
0.10076130506037	0.907036493899438	91
-0.00816999636742	1.42984958407953	91
0.10076130506037	0.907036493899438	396
-0.0192706063386501	1.59377088503181	122
0.10134042861547	0.907439175692279	608
-0.01932397196478	1.59396944947553	169
0.02015348620595	1.08671721277481	110
0.0202359067337601	1.08702803190715	110
0.0202330890348299	1.08716538684327	110
0.10040312737798	0.906314534082061	90
0.00470253863687997	1.26757955472315	25
0.10076130506037	0.907036493899438	84
-0.01919227769273	1.59377601191682	84
0.10076130506037	0.907036493899438	652
0.0204834483229701	1.08721326266073	91
-0.0377257626077401	1.93415907160506	743
0.02015070189972	1.08699171306418	91
-0.00812893309948004	1.4300559927535	169
0.02048638870796	1.08681008603723	110
0.02015348620595	1.08671721277481	84
0.0203980031558	1.0871767114521	84
0.00441583875479989	1.26730366912119	84
0.10140883922882	0.907211457837158	91
0.0204834483229701	1.08721326266073	91
0.10076130506037	0.907036493899438	106
0.02031552276731	1.08722702084927	122
0.1159185694725	1.67186179681578	52
0.10169797164515	0.907481324222691	608
0.02015070189972	1.08699171306418	169
0.1010510490733	0.907306853764938	106
0.10134042861547	0.907439175692279	652
0.10047119601252	0.906629847858136	652
0.10040312737798	0.906314534082061	320
0.10011277032147	0.906043996244228	396
0.02015070189972	1.08699171306418	396
-0.01934949410507	1.59350323903824	122
-0.00820806820271991	1.42992111448034	169
0.0046190920332001	1.26744350671332	91
-0.12156874254608	2.05427993483442	12
0.0998220473131901	0.905637435218337	52
0.0202330890348299	1.08716538684327	52
0.10076130506037	0.907036493899438	20
0.0200656326488	1.08642879439558	608
0.02031552276731	1.08722702084927	110
0.10169797164515	0.907481324222691	25
0.02015070189972	1.08699171306418	87
0.02031837389016	1.08720177898495	396
0.10069311904779	0.906447303544458	222
0.02015070189972	1.08699171306418	52
0.00441583875479989	1.26730366912119	169
-0.00824876547538	1.42981026669857	84
0.1010510490733	0.907306853764938	652
0.1019867405053	0.90761319649506	320
0.0204008877337201	1.08726349047316	91
0.0202330890348299	1.08716538684327	20
-0.00812893309948004	1.4300559927535	169
0.02031837389016	1.08720177898495	110
0.10169797164515	0.907481324222691	90
0.10140883922882	0.907211457837158	281
0.0203980031558	1.0871767114521	25
0.00470253863687997	1.26757955472315	91
0.02023029364311	1.08666376039989	106
0.10040312737798	0.906314534082061	106
0.10134042861547	0.907439175692279	396
0.10169797164515	0.907481324222691	222
0.1010510490733	0.907306853764938	3
0.1010510490733	0.907306853764938	289
0.10076130506037	0.907036493899438	3
0.02039514090175	1.08642663294251	52
0.0204008877337201	1.08726349047316	20
0.10076130506037	0.907036493899438	20
-0.12221052497561	1.88269089296931	169
0.1019867405053	0.90761319649506	608
0.10134042861547	0.907439175692279	110
0.11603828877498	1.67215060395899	169
0.02031552276731	1.08722702084927	91
0.10140883922882	0.907211457837158	106
0.10162944424993	0.907306148917365	106
0.10076130506037	0.907036493899438	109
0.02031552276731	1.08722702084927	52
0.10040312737798	0.906314534082061	20
0.0204805302589	1.08698968363812	169
0.10134042861547	0.907439175692279	110
-0.0377567388104101	1.93338948658359	110
0.10047119601252	0.906629847858136	169
0.10169797164515	0.907481324222691	110
0.1019867405053	0.90761319649506	90
0.10011277032147	0.906043996244228	25
0.00422218592422996	1.26644907004953	87
0.10140883922882	0.907211457837158	3
0.11607797096649	1.67201313509304	52
0.10076130506037	0.907036493899438	764
0.00452650525141007	1.26725704656624	52
0.0205631041351999	1.08651003252682	52
-0.02899568316696	1.76468573176583	169
0.0044067994233401	1.26672036127882	169
-0.0192722256757001	1.59377042364206	84
0.0047952122163899	1.26745147666955	84
-0.01932397196478	1.59396944947553	12
0.1019867405053	0.90761319649506	109
0.06259410311301	1.99666840632369	169
0.02031552276731	1.08722702084927	20
0.02015070189972	1.08699171306418	25
0.0200656326488	1.08642879439558	106
0.10162944424993	0.907306148917365	106
0.00451738240719002	1.26750919799834	91
-0.1234920847203	1.71171997252611	14
0.10069311904779	0.906447303544458	289
0.00460078691791011	1.26737379434533	110
0.0203212473177801	1.08657462671375	90
0.11599789489516	1.67210704534538	84
0.1019867405053	0.90761319649506	106
0.10076130506037	0.907036493899438	106
0.10076130506037	0.907036493899438	106
0.02031552276731	1.08722702084927	289
0.10169797164515	0.907481324222691	52
-0.00813032533469005	1.4298703102814	169
0.02031837389016	1.08720177898495	169
0.0203126939600899	1.08661347608547	20
0.10076130506037	0.907036493899438	20
0.0202330890348299	1.08716538684327	20
0.0202330890348299	1.08716538684327	110
0.0428207900128801	2.16275999075892	84
0.00460992872118005	1.26759481849811	20
0.10040312737798	0.906314534082061	608
0.00452650525141007	1.26725704656624	110
0.10134042861547	0.907439175692279	90
0.10040312737798	0.906314534082061	25
0.10140883922882	0.907211457837158	25
0.10169797164515	0.907481324222691	106
-0.0377257626077401	1.93415907160506	122
0.0626016677364201	1.99677309024653	122
0.00451738240719002	1.26750919799834	169
0.10169797164515	0.907481324222691	20
0.10098274589515	0.90631524989093	608
0.0202359067337601	1.08702803190715	110
0.02015070189972	1.08699171306418	84
0.10011277032147	0.906043996244228	106
-0.01925694304421	1.59308211932324	91
0.0048044565309	1.26751412482029	122
0.10111934269334	0.906805351634796	20
0.10069311904779	0.906447303544458	110
0.10047119601252	0.906629847858136	106
0.10134042861547	0.907439175692279	396
0.0203126939600899	1.08661347608547	52
0.00442489963282999	1.26732282797632	169
0.0202359067337601	1.08702803190715	110
0.10047119601252	0.906629847858136	110
0.10040312737798	0.906314534082061	91
0.11607868569294	1.67181489710959	169
0.10076130506037	0.907036493899438	110
0.02031837389016	1.08720177898495	25
-0.0193245098139601	1.59385699483893	25
0.00471174243903993	1.26752924438909	84
0.02031837389016	1.08720177898495	91
0.0204805302589	1.08698968363812	396
0.10011277032147	0.906043996244228	764
0.00441583875479989	1.26730366912119	169
0.00460992872118005	1.26759481849811	169
0.00470253863687997	1.26757955472315	169
0.1010510490733	0.907306853764938	110
0.1010510490733	0.907306853764938	25
0.00451738240719002	1.26750919799834	25
0.0204037946245501	1.08674830937689	25
0.10140883922882	0.907211457837158	25
0.0205690296265399	1.08676005277754	106
0.00460992872118005	1.26759481849811	91
0.10069311904779	0.906447303544458	396
0.02031552276731	1.08722702084927	52
0.02031837389016	1.08720177898495	52
0.0044067994233401	1.26672036127882	764
-0.02889960012988	1.7641155082519	169
0.02031837389016	1.08720177898495	608
0.10134042861547	0.907439175692279	110
0.1010510490733	0.907306853764938	110
0.10169797164515	0.907481324222691	25
0.10162944424993	0.907306148917365	90
0.0203980031558	1.0871767114521	25
0.0204834483229701	1.08721326266073	106
0.0203126939600899	1.08661347608547	91
0.10134042861547	0.907439175692279	91
0.10169797164515	0.907481324222691	289
0.0047952122163899	1.26745147666955	169
0.00443398203170009	1.26695825260079	169
-0.1216561647971	2.05352331287356	169
0.00452650525141007	1.26725704656624	110
0.10162944424993	0.907306148917365	110
-0.00808981354402993	1.43015001915236	84
0.0202330890348299	1.08716538684327	91
0.02015070189972	1.08699171306418	91
0.10040312737798	0.906314534082061	396
0.00460078691791011	1.26737379434533	289
0.10069311904779	0.906447303544458	52
0.10140883922882	0.907211457837158	52
-0.00820863991371001	1.43008822900997	52
0.0204008877337201	1.08726349047316	608
0.10140883922882	0.907211457837158	110
0.0624406458777	1.9952057074966	169
0.10169797164515	0.907481324222691	25
0.00441583875479989	1.26730366912119	106
0.08621495753523	1.83017401206226	91
-0.01932339781954	1.59379464034925	91
0.02015070189972	1.08699171306418	222
0.02014793989224	1.08660223194899	289
0.00450828107786006	1.26738916091211	52
0.0202330890348299	1.08716538684327	52
-0.00820806820271991	1.42992111448034	52
0.02014793989224	1.08660223194899	169
0.1010510490733	0.907306853764938	169
0.0043144609891399	1.26663501946895	169
0.00432345988638994	1.26711745363877	608
0.00470253863687997	1.26757955472315	169
0.10076130506037	0.907036493899438	110
0.00450828107786006	1.26738916091211	84
0.0204008877337201	1.08726349047316	222
0.00441583875479989	1.26730366912119	52
-0.00820863991371001	1.43008822900997	431
0.10140883922882	0.907211457837158	106
0.0203126939600899	1.08661347608547	91
0.0046282768277901	1.2667602061577	169
-0.00816905142947011	1.43020256644836	169
0.1010510490733	0.907306853764938	110
0.0203980031558	1.0871767114521	25
0.11603758729791	1.67207494504311	25
0.0199860671873999	1.08607619587368	91
0.0998220473131901	0.905637435218337	396
-0.00820863991371001	1.43008822900997	52
0.0203980031558	1.0871767114521	608
0.1010510490733	0.907306853764938	110
0.10076130506037	0.907036493899438	110
0.02006836130343	1.08668096204983	110
0.1010510490733	0.907306853764938	110
0.10169797164515	0.907481324222691	25
0.10140883922882	0.907211457837158	25
0.0204834483229701	1.08721326266073	91
0.00423114441033001	1.26681890289088	109
-0.00816954662453995	1.43013942626621	169
0.00471174243903993	1.26752924438909	169
0.1010510490733	0.907306853764938	110
0.1010510490733	0.907306853764938	110
0.00453564958455011	1.2664615468243	110
0.1010510490733	0.907306853764938	110
0.0202359067337601	1.08702803190715	91
0.1010510490733	0.907306853764938	52
0.10162944424993	0.907306148917365	169
-0.01932397196478	1.59396944947553	169
0.10076130506037	0.907036493899438	169
0.10047119601252	0.906629847858136	110
0.10169797164515	0.907481324222691	206
0.10169797164515	0.907481324222691	25
-0.00820964705870009	1.42973521682158	91
0.0202330890348299	1.08716538684327	91
0.00441583875479989	1.26730366912119	222
-0.04578368292277	2.10368107545508	12
-0.0082091662019701	1.43002505804072	52
0.00442489963282999	1.26732282797632	169
0.10040312737798	0.906314534082061	25
-0.0192706063386501	1.59377088503181	91
0.11603903351186	1.6719523584767	91
0.10111934269334	0.906805351634796	106
0.10069311904779	0.906447303544458	106
-0.1222748501115	1.8823942994172	12
0.06268548967474	1.99649984073456	169
0.00441583875479989	1.26730366912119	169
-0.00808981354402993	1.43015001915236	110
0.10162944424993	0.907306148917365	91
0.00442489963282999	1.26732282797632	1
-0.00824876547538	1.42981026669857	91
0.1010510490733	0.907306853764938	14
0.1010510490733	0.907306853764938	109
0.0202330890348299	1.08716538684327	169
-0.00820806820271991	1.42992111448034	169
0.1019867405053	0.90761319649506	110
0.10169797164515	0.907481324222691	25
0.02023029364311	1.08666376039989	106
0.00460992872118005	1.26759481849811	91
0.0047952122163899	1.26745147666955	169
0.0045916666494199	1.26657690556951	169
0.10134042861547	0.907439175692279	110
0.1010510490733	0.907306853764938	1
0.04309701445953	2.16371845470073	169
0.11952250074267	2.39902736600923	169
0.0204037946245501	1.08674830937689	110
0.10076130506037	0.907036493899438	110
0.11599789489516	1.67210704534538	169
0.02031552276731	1.08722702084927	25
-0.00808933511228993	1.42998279559144	84
-0.00804971681222	1.42980877383538	106
-0.00809024649045997	1.4300869710178	91
0.00470253863687997	1.26757955472315	52
0.10040312737798	0.906314534082061	169
0.00443398203170009	1.26695825260079	169
0.02015070189972	1.08699171306418	110
0.02015070189972	1.08699171306418	206
0.1019867405053	0.90761319649506	25
0.0204037946245501	1.08674830937689	25
0.0204008877337201	1.08726349047316	106
0.00450828107786006	1.26738916091211	52
0.0203980031558	1.0871767114521	169
-0.00820863991371001	1.43008822900997	169
0.00460078691791011	1.26737379434533	91
0.10169797164515	0.907481324222691	289
-0.0192445043996401	1.59386262780574	169
0.0204008877337201	1.08726349047316	169
0.1010510490733	0.907306853764938	206
0.00412997416611005	1.26615091474705	106
-0.00816905142947011	1.43020256644836	106
0.0202330890348299	1.08716538684327	106
-0.00816999636742	1.42984958407953	91
0.0202330890348299	1.08716538684327	448
0.02014793989224	1.08660223194899	52
0.10098274589515	0.90631524989093	169
0.10169797164515	0.907481324222691	206
0.10134042861547	0.907439175692279	106
-0.0081299067263001	1.43016010723581	106
0.10111934269334	0.906805351634796	1
0.02014793989224	1.08660223194899	461
0.10134042861547	0.907439175692279	109
0.00433248033584999	1.26702409393016	169
0.08610914963769	1.83101152462205	169
0.0625555796761199	1.99648749235713	169
0.08613533055631	1.83115904318384	25
0.11599940110988	1.6719845300661	448
0.10040312737798	0.906314534082061	289
0.0200656326488	1.08642879439558	52
0.1010510490733	0.907306853764938	109
0.0998220473131901	0.905637435218337	109
0.11599789489516	1.67210704534538	169
-0.00816999636742	1.42984958407953	169
0.00442489963282999	1.26732282797632	169
0.11599789489516	1.67210704534538	169
0.1010510490733	0.907306853764938	110
0.10076130506037	0.907036493899438	206
0.02015070189972	1.08699171306418	25
0.02031837389016	1.08720177898495	91
0.00478598939783992	1.26696918670783	91
0.02031837389016	1.08720177898495	91
0.0998220473131901	0.905637435218337	461
-0.12205749777619	1.88369102875329	169
0.10076130506037	0.907036493899438	169
0.02031837389016	1.08720177898495	169
-0.00820863991371001	1.43008822900997	169
-0.12338579436452	1.71130369175733	644
-0.00816954662453995	1.43013942626621	289
0.10011277032147	0.906043996244228	52
0.00423114441033001	1.26681890289088	169
0.0202330890348299	1.08716538684327	169
0.00433248033584999	1.26702409393016	169
0.02014793989224	1.08660223194899	25
0.10040312737798	0.906314534082061	25
0.00442489963282999	1.26732282797632	431
0.10076130506037	0.907036493899438	106
0.10011277032147	0.906043996244228	52
-0.0192455859223499	1.59397460976847	169
0.0203126939600899	1.08661347608547	206
0.0202330890348299	1.08716538684327	431
0.0203980031558	1.0871767114521	106
0.11579972956941	1.67052870207712	91
-0.00820745107839005	1.42930933466445	91
0.0202359067337601	1.08702803190715	52
0.1019867405053	0.90761319649506	169
0.10169797164515	0.907481324222691	696
0.1010510490733	0.907306853764938	169
0.00434152231202001	1.2665121372412	169
0.00443398203170009	1.26695825260079	169
-0.00816905142947011	1.43020256644836	25
0.00450828107786006	1.26738916091211	25
-0.00812944264519011	1.43022320646088	169
0.10134042861547	0.907439175692279	697
0.10111934269334	0.906805351634796	91
0.0199860671873999	1.08607619587368	106
0.0203126939600899	1.08661347608547	106
-0.00808881120370009	1.4293709347442	52
0.11611767296985	1.67176008870757	169
-0.0192717222280301	1.59406298863138	169
0.02023029364311	1.08666376039989	169
-0.00824876547538	1.42981026669857	169
0.08616055340116	1.8307618204529	169
0.0046190920332001	1.26744350671332	169
0.10111934269334	0.906805351634796	697
0.1010510490733	0.907306853764938	697
0.00441583875479989	1.26730366912119	697
0.02031552276731	1.08722702084927	106
0.00432345988638994	1.26711745363877	91
0.1010510490733	0.907306853764938	461
0.0043144609891399	1.26663501946895	169
-0.01929785090683	1.59406123668821	169
-0.00820964705870009	1.42973521682158	169
0.00451738240719002	1.26750919799834	84
0.10076130506037	0.907036493899438	91
0.0861343313830101	1.83091198622133	431
0.00450828107786006	1.26738916091211	91
0.10169797164515	0.907481324222691	3
0.08610861564577	1.83114948833727	169
0.10076130506037	0.907036493899438	696
0.10076130506037	0.907036493899438	41
-0.01908724072472	1.59222236966362	169
0.10111934269334	0.906805351634796	25
0.00460992872118005	1.26759481849811	25
0.0203212473177801	1.08657462671375	697
0.10111934269334	0.906805351634796	91
0.1010510490733	0.907306853764938	91
0.10140883922882	0.907211457837158	52
0.10076130506037	0.907036493899438	52
0.0203212473177801	1.08657462671375	169
0.11615804945285	1.67117092182105	169
-0.00812944264519011	1.43022320646088	169
0.00460992872118005	1.26759481849811	169
0.10140883922882	0.907211457837158	41
0.0204037946245501	1.08674830937689	25
0.00460992872118005	1.26759481849811	697
0.00460992872118005	1.26759481849811	106
0.11599862638025	1.67218275321416	431
0.0203980031558	1.0871767114521	1
0.10140883922882	0.907211457837158	91
0.0047952122163899	1.26745147666955	52
-0.0288571452217901	1.7647571319712	169
0.02031837389016	1.08720177898495	52
0.10076130506037	0.907036493899438	169
0.0203980031558	1.0871767114521	25
0.02031552276731	1.08722702084927	91
0.10011277032147	0.906043996244228	91
0.1019867405053	0.90761319649506	106
0.02014793989224	1.08660223194899	91
0.10069311904779	0.906447303544458	1
0.10069311904779	0.906447303544458	3
-0.0289258906630501	1.76464010293934	342
0.02031552276731	1.08722702084927	41
0.11587893642245	1.67157166373218	169
0.00489723437064993	1.26738622111217	91
0.0204805302589	1.08698968363812	91
0.0204008877337201	1.08726349047316	106
-0.0288561234826299	1.76336649975374	250
-0.0193506404389701	1.59376521661266	52
0.00422218592422996	1.26644907004953	169
-0.00820863991371001	1.43008822900997	169
0.11603828877498	1.67215060395899	41
0.02031552276731	1.08722702084927	91
0.10140883922882	0.907211457837158	3
0.1019867405053	0.90761319649506	561
-0.0082091662019701	1.43002505804072	169
-0.00808933511228993	1.42998279559144	169
0.02015348620595	1.08671721277481	41
-0.0191394940048	1.59292687052573	697
-0.12186113503196	1.88341016304908	91
0.02015070189972	1.08699171306418	106
-0.0193506404389701	1.59376521661266	91
-0.12134727222491	2.05319552574499	169
-0.0193767634425499	1.59357895856227	169
0.00460992872118005	1.26759481849811	169
0.0044067994233401	1.26672036127882	169
0.10018072136498	0.905968393470807	697
0.02031552276731	1.08722702084927	1
0.0044067994233401	1.26672036127882	91
0.02031837389016	1.08720177898495	169
-0.0081299067263001	1.43016010723581	169
0.00422218592422996	1.26644907004953	25
0.02031552276731	1.08722702084927	697
0.10040312737798	0.906314534082061	106
0.02031837389016	1.08720177898495	28
-0.12340834850612	1.71119959095338	169
0.0202359067337601	1.08702803190715	169
0.02023029364311	1.08666376039989	25
-0.00816792471718997	1.4294234851381	169
0.00460078691791011	1.26737379434533	91
0.0205690296265399	1.08676005277754	106
0.00451738240719002	1.26750919799834	169
0.00450828107786006	1.26738916091211	25
0.0860295182887301	1.83051298407296	169
0.02031552276731	1.08722702084927	91
0.0202330890348299	1.08716538684327	91
0.00442489963282999	1.26732282797632	365
0.0202359067337601	1.08702803190715	1
0.00413889226423003	1.26637302879736	1
0.0998220473131901	0.905637435218337	91
0.0204008877337201	1.08726349047316	3
0.10011277032147	0.906043996244228	3
-0.00820863991371001	1.43008822900997	169
0.01998337185417	1.08611843935067	25
0.0202330890348299	1.08716538684327	106
0.02031837389016	1.08720177898495	91
0.0626318312362899	1.99622094728112	169
-0.03771400276399	1.93398978751916	169
0.1010510490733	0.907306853764938	25
-0.0192450633257399	1.59407443975006	169
0.00422218592422996	1.26644907004953	91
-0.00816851079064995	1.4300353891087	342
0.11599789489516	1.67210704534538	169
0.0046190920332001	1.26744350671332	41
-0.00816792471718997	1.4294234851381	91
0.02015070189972	1.08699171306418	91
0.00442489963282999	1.26732282797632	365
0.00423114441033001	1.26681890289088	342
0.02031837389016	1.08720177898495	28
-0.0193245098139601	1.59385699483893	169
0.11599862638025	1.67218275321416	169
0.11603828877498	1.67215060395899	169
-0.00809024649045997	1.4300869710178	169
0.02056605571645	1.0870263213164	696
0.02023029364311	1.08666376039989	696
-0.01929785090683	1.59406123668821	91
0.02039514090175	1.08642663294251	1
0.11599940110988	1.6719845300661	91
0.08624061432093	1.83075680560434	232
0.10076130506037	0.907036493899438	342
-0.0081299067263001	1.43016010723581	342
-0.00812893309948004	1.4300559927535	169
0.0202330890348299	1.08716538684327	28
0.0048044565309	1.26751412482029	169
0.00452650525141007	1.26725704656624	169
0.0199011574497501	1.08551441143935	169
0.02006836130343	1.08668096204983	696
-0.00816905142947011	1.43020256644836	41
0.1010510490733	0.907306853764938	41
0.00452650525141007	1.26725704656624	41
0.11599862638025	1.67218275321416	91
0.10140883922882	0.907211457837158	91
0.08613533055631	1.83115904318384	289
0.10169797164515	0.907481324222691	28
0.11591936092073	1.67193756873	169
-0.0081299067263001	1.43016010723581	169
0.10111934269334	0.906805351634796	696
0.00441583875479989	1.26730366912119	169
0.11611703156142	1.6716845631233	91
0.00470253863687997	1.26757955472315	91
-0.02890870225264	1.76480469795324	289
-0.0288308398077	1.76460066667206	169
0.1010510490733	0.907306853764938	696
0.11588062242664	1.67144947165012	41
0.02031837389016	1.08720177898495	41
-0.00824820811480009	1.42987345750567	697
0.0048044565309	1.26751412482029	91
0.00460992872118005	1.26759481849811	91
0.10011277032147	0.906043996244228	102
0.00432345988638994	1.26711745363877	232
-0.0376652765693799	1.93408615505551	169
0.1010510490733	0.907306853764938	696
0.1010510490733	0.907306853764938	91
0.00442489963282999	1.26732282797632	91
0.0046190920332001	1.26744350671332	91
-0.00824760535259994	1.42970643407314	289
-0.12157900164472	2.05336118094632	342
0.10140883922882	0.907211457837158	169
0.0044067994233401	1.26672036127882	91
0.0203980031558	1.0871767114521	1
-0.00805123293558996	1.42891153920034	169
0.10076130506037	0.907036493899438	696
-0.00820806820271991	1.42992111448034	41
-0.0193506404389701	1.59376521661266	365
0.10069311904779	0.906447303544458	1
0.00451738240719002	1.26750919799834	342
0.11603758729791	1.67207494504311	169
-0.12348445172888	1.711647833518	169
-0.00820863991371001	1.43008822900997	169
0.10134042861547	0.907439175692279	696
0.00442489963282999	1.26732282797632	365
0.10011277032147	0.906043996244228	1
0.10040312737798	0.906314534082061	169
0.11599789489516	1.67210704534538	169
0.0203212473177801	1.08657462671375	91
0.0202330890348299	1.08716538684327	91
0.02031837389016	1.08720177898495	91
0.00413889226423003	1.26637302879736	365
0.10076130506037	0.907036493899438	1
0.00423114441033001	1.26681890289088	91
0.10169797164515	0.907481324222691	1
0.00442489963282999	1.26732282797632	342
-0.01927118243591	1.59407269704666	169
0.10040312737798	0.906314534082061	696
0.10076130506037	0.907036493899438	696
0.0202330890348299	1.08716538684327	41
0.02031837389016	1.08720177898495	169
-0.0377257626077401	1.93415907160506	169
0.00469335633716006	1.26724564254518	342
0.10040312737798	0.906314534082061	696
0.10169797164515	0.907481324222691	696
0.1019867405053	0.90761319649506	696
0.00450828107786006	1.26738916091211	91
-0.00816954662453995	1.43013942626621	91
0.0204834483229701	1.08721326266073	91
-0.00812944264519011	1.43022320646088	365
0.10140883922882	0.907211457837158	1
0.0202359067337601	1.08702803190715	102
0.11592019558246	1.67173947776944	169
0.02015070189972	1.08699171306418	169
0.02015070189972	1.08699171306418	41
0.10069311904779	0.906447303544458	169
-0.0289521909056001	1.76483810484982	169
0.0202359067337601	1.08702803190715	1
-0.12199316471279	1.88384289128553	550
0.10076130506037	0.907036493899438	169
-0.0192221759359299	1.59318876291396	169
-0.01925694304421	1.59308211932324	169
-0.00809024649045997	1.4300869710178	169
0.00450828107786006	1.26738916091211	696
0.02015070189972	1.08699171306418	41
-0.12356055611325	1.711602593177	169
0.00451738240719002	1.26750919799834	91
-0.00824695719852997	1.42909488241631	214
0.02015070189972	1.08699171306418	289
0.0860824254261101	1.8310019576483	550
0.10140883922882	0.907211457837158	28
0.11599789489516	1.67210704534538	169
0.10140883922882	0.907211457837158	696
0.10111934269334	0.906805351634796	169
0.10111934269334	0.906805351634796	697
0.00452650525141007	1.26725704656624	91
-0.0082091662019701	1.43002505804072	1
0.02031837389016	1.08720177898495	1
0.00450828107786006	1.26738916091211	342
0.00452650525141007	1.26725704656624	550
0.00441583875479989	1.26730366912119	169
-0.00809063394377008	1.42979726550601	169
0.02031552276731	1.08722702084927	169
-0.01927118243591	1.59407269704666	169
-0.00824876547538	1.42981026669857	342
0.00432345988638994	1.26711745363877	28
0.11587975782567	1.67164744925165	550
0.02031837389016	1.08720177898495	41
-0.00813069846288994	1.42915796753416	169
0.00460992872118005	1.26759481849811	169
-0.0379362624277999	1.932833722914	169
-0.02893500620606	1.76491086431637	91
-0.00816905142947011	1.43020256644836	81
-0.1235758421155	1.71133687483536	342
0.00460078691791011	1.26737379434533	169
0.1019867405053	0.90761319649506	41
0.00452650525141007	1.26725704656624	169
0.1010510490733	0.907306853764938	3
0.01998337185417	1.08611843935067	28
0.10040312737798	0.906314534082061	28
0.10047119601252	0.906629847858136	696
0.02015348620595	1.08671721277481	41
0.02015348620595	1.08671721277481	91
0.0204008877337201	1.08726349047316	342
0.10162944424993	0.907306148917365	28
0.10076130506037	0.907036493899438	169
0.10169797164515	0.907481324222691	41
0.08605624268728	1.83074792718716	91
0.1019867405053	0.90761319649506	91
0.02015348620595	1.08671721277481	91
0.00424012445408994	1.26657799887494	642
-0.0192706063386501	1.59377088503181	1
0.10076130506037	0.907036493899438	3
0.10111934269334	0.906805351634796	310
0.0202359067337601	1.08702803190715	28
0.10076130506037	0.907036493899438	169
0.10040312737798	0.906314534082061	602
0.0860552131697401	1.83042386999703	169
0.10140883922882	0.907211457837158	91
0.10140883922882	0.907211457837158	642
0.0202330890348299	1.08716538684327	1
0.10227514637137	0.907479796914141	81
0.1159582222917	1.67203694353386	1
0.11595978847181	1.67191451729395	169
0.10227514637137	0.907479796914141	418
0.02048638870796	1.08681008603723	91
0.0998220473131901	0.905637435218337	1
0.10076130506037	0.907036493899438	1
0.0204008877337201	1.08726349047316	1
0.10082948147517	0.906144530064968	28
0.0625329549387099	1.99646305392139	169
0.10076130506037	0.907036493899438	41
0.1019867405053	0.90761319649506	642
0.0203212473177801	1.08657462671375	1
0.0046190920332001	1.26744350671332	81
0.10169797164515	0.907481324222691	1
0.1159582222917	1.67203694353386	1
0.10134042861547	0.907439175692279	169
0.00471174243903993	1.26752924438909	41
-0.00824876547538	1.42981026669857	91
0.11599789489516	1.67210704534538	91
0.1010510490733	0.907306853764938	214
0.00460992872118005	1.26759481849811	1
0.10047119601252	0.906629847858136	310
0.0203126939600899	1.08661347608547	28
0.10069311904779	0.906447303544458	28
0.0199860671873999	1.08607619587368	28
-0.0289521909056001	1.76483810484982	169
0.0998220473131901	0.905637435218337	348
0.1019867405053	0.90761319649506	348
0.00433248033584999	1.26702409393016	91
0.00441583875479989	1.26730366912119	91
0.1010510490733	0.907306853764938	214
0.10076130506037	0.907036493899438	310
0.11599720665359	1.67176169367105	169
0.02031837389016	1.08720177898495	169
-0.00808933511228993	1.42998279559144	91
0.02031837389016	1.08720177898495	214
0.10227514637137	0.907479796914141	1
0.02023029364311	1.08666376039989	1
-0.00816905142947011	1.43020256644836	169
0.00460992872118005	1.26759481849811	169
0.0860829761940001	1.83075750845358	91
0.10076130506037	0.907036493899438	1
0.00471174243903993	1.26752924438909	289
0.10040312737798	0.906314534082061	310
0.00432345988638994	1.26711745363877	169
0.00451738240719002	1.26750919799834	169
-0.00816905142947011	1.43020256644836	169
0.0202330890348299	1.08716538684327	169
0.00450828107786006	1.26738916091211	91
0.1010510490733	0.907306853764938	214
0.02015070189972	1.08699171306418	1
0.00452650525141007	1.26725704656624	289
0.02031552276731	1.08722702084927	169
-0.0378545695431001	1.93368252623359	169
0.0861615189554501	1.83120671361739	602
-0.01921893659528	1.59398605327326	169
-0.00816905142947011	1.43020256644836	169
0.10011277032147	0.906043996244228	348
-0.00824760535259994	1.42970643407314	680
0.02014793989224	1.08660223194899	169
0.1010510490733	0.907306853764938	91
0.0203980031558	1.0871767114521	1
0.1010510490733	0.907306853764938	3
0.0204008877337201	1.08726349047316	342
-0.0193516415297099	1.59256991728028	169
0.0199860671873999	1.08607619587368	41
0.1010510490733	0.907306853764938	348
0.10076130506037	0.907036493899438	348
0.0203980031558	1.0871767114521	214
0.0046190920332001	1.26744350671332	1
-0.00801007818241994	1.42951625305314	28
0.02031552276731	1.08722702084927	169
0.00470253863687997	1.26757955472315	602
0.10134042861547	0.907439175692279	169
0.10076130506037	0.907036493899438	348
-0.00808981354402993	1.43015001915236	91
-0.0082091662019701	1.43002505804072	91
0.1010510490733	0.907306853764938	642
0.02015070189972	1.08699171306418	1
0.00450828107786006	1.26738916091211	1
0.10011277032147	0.906043996244228	1
0.0998220473131901	0.905637435218337	310
0.0204008877337201	1.08726349047316	28
-0.00828888748389001	1.42918809679625	169
-0.00828888748389001	1.42918809679625	602
0.0860829761940001	1.83075750845358	169
0.00460078691791011	1.26737379434533	169
-0.00820806820271991	1.42992111448034	169
0.10076130506037	0.907036493899438	348
0.02023029364311	1.08666376039989	91
0.10040312737798	0.906314534082061	1
0.1010510490733	0.907306853764938	3
0.10134042861547	0.907439175692279	3
0.06254804759254	1.99657535462009	169
-0.00824760535259994	1.42970643407314	169
0.02015070189972	1.08699171306418	169
0.02014793989224	1.08660223194899	169
0.10011277032147	0.906043996244228	91
0.02031837389016	1.08720177898495	1
0.00489723437064993	1.26738622111217	362
0.10047119601252	0.906629847858136	3
0.0205690296265399	1.08676005277754	602
0.00449920128930992	1.26670496101616	680
-0.00816851079064995	1.4300353891087	169
0.10076130506037	0.907036493899438	41
-0.0193506404389701	1.59376521661266	50
0.10069311904779	0.906447303544458	91
0.10040312737798	0.906314534082061	214
0.11587893642245	1.67157166373218	169
0.0202330890348299	1.08716538684327	169
-0.0081299067263001	1.43016010723581	169
0.11587893642245	1.67157166373218	169
0.1010510490733	0.907306853764938	348
0.0202359067337601	1.08702803190715	348
-0.0080505659002601	1.42991299250213	28
-0.00816905142947011	1.43020256644836	28
0.10011277032147	0.906043996244228	348
0.02015070189972	1.08699171306418	91
0.0998220473131901	0.905637435218337	642
-0.00828712225724004	1.42937407738212	102
0.1010510490733	0.907306853764938	169
0.10169797164515	0.907481324222691	348
0.00451738240719002	1.26750919799834	91
0.10111934269334	0.906805351634796	214
0.1010510490733	0.907306853764938	214
0.02023029364311	1.08666376039989	214
0.0428957327237001	2.16320859577239	644
0.10169797164515	0.907481324222691	310
0.11595898376722	1.67211268918592	169
0.00460992872118005	1.26759481849811	602
0.10047119601252	0.906629847858136	169
0.1019867405053	0.90761319649506	91
0.1019867405053	0.90761319649506	642
-0.0192722256757001	1.59377042364206	81
-0.0192445043996401	1.59386262780574	342
0.10076130506037	0.907036493899438	28
0.08621262382453	1.82911273878308	91
0.02031837389016	1.08720177898495	91
0.0204008877337201	1.08726349047316	50
0.0200656326488	1.08642879439558	214
0.02031552276731	1.08722702084927	214
0.11607729951499	1.67193753658563	1
0.00460078691791011	1.26737379434533	81
-0.0192717222280301	1.59406298863138	232
0.10134042861547	0.907439175692279	680
0.11603903351186	1.6719523584767	41
0.1010510490733	0.907306853764938	50
0.10040312737798	0.906314534082061	50
0.02031837389016	1.08720177898495	1
-0.12360617799545	1.71127669916824	81
-0.00816905142947011	1.43020256644836	289
0.10134042861547	0.907439175692279	28
-0.00812893309948004	1.4300559927535	28
0.10169797164515	0.907481324222691	41
0.08616101854994	1.83114697133688	50
0.0045916666494199	1.26657690556951	50
0.00441583875479989	1.26730366912119	91
-0.0192972939318401	1.59398092068027	91
0.1010510490733	0.907306853764938	1
-0.1219861978712	1.88359136184285	81
0.1010510490733	0.907306853764938	3
0.00471174243903993	1.26752924438909	542
0.0204834483229701	1.08721326266073	169
0.0043144609891399	1.26663501946895	169
0.0202330890348299	1.08716538684327	169
0.10018072136498	0.905968393470807	680
-0.0192450633257399	1.59407443975006	169
0.10140883922882	0.907211457837158	41
0.10134042861547	0.907439175692279	1
0.0204008877337201	1.08726349047316	1
-0.0290219989788001	1.76442068785819	169
0.02015070189972	1.08699171306418	680
0.0202330890348299	1.08716538684327	91
-0.00804922401755004	1.42919708773058	91
-0.00812944264519011	1.43022320646088	169
-0.00824820811480009	1.42987345750567	169
0.02014793989224	1.08660223194899	91
0.00451738240719002	1.26750919799834	214
0.01998337185417	1.08611843935067	1
0.00441583875479989	1.26730366912119	1
-0.00824820811480009	1.42987345750567	1
0.0047952122163899	1.26745147666955	680
0.10076130506037	0.907036493899438	680
0.0203980031558	1.0871767114521	41
0.00450828107786006	1.26738916091211	50
0.10169797164515	0.907481324222691	50
0.00509236897300003	1.2666143092385	91
0.0202330890348299	1.08716538684327	405
0.11592019558246	1.67173947776944	1
0.02023029364311	1.08666376039989	542
0.00432345988638994	1.26711745363877	50
0.0044067994233401	1.26672036127882	91
-0.12348445172888	1.711647833518	289
0.0861882336822299	1.8309571695715	542
0.0202330890348299	1.08716538684327	28
0.10076130506037	0.907036493899438	680
0.10011277032147	0.906043996244228	418
0.0204008877337201	1.08726349047316	348
0.0204008877337201	1.08726349047316	50
-0.02888346028371	1.76459397139223	102
0.0202330890348299	1.08716538684327	28
0.11603828877498	1.67215060395899	169
0.10069311904779	0.906447303544458	680
0.1010510490733	0.907306853764938	91
0.0205690296265399	1.08676005277754	91
0.10040312737798	0.906314534082061	3
0.10111934269334	0.906805351634796	28
0.02031552276731	1.08722702084927	28
0.0862134514444699	1.83073964911402	169
-0.00816954662453995	1.43013942626621	142
0.10162944424993	0.907306148917365	646
0.11596063640551	1.67118746865856	41
0.0998220473131901	0.905637435218337	91
0.10076130506037	0.907036493899438	214
0.10069311904779	0.906447303544458	214
0.11591782123742	1.67151644870732	81
-0.0192450633257399	1.59407443975006	102
0.10111934269334	0.906805351634796	3
0.10140883922882	0.907211457837158	3
0.11595898376722	1.67211268918592	542
0.00460992872118005	1.26759481849811	169
-0.00820806820271991	1.42992111448034	169
0.11599940110988	1.6719845300661	169
0.00441583875479989	1.26730366912119	169
-0.0080505659002601	1.42991299250213	91
-0.00808933511228993	1.42998279559144	28
-0.01929785090683	1.59406123668821	169
0.0202330890348299	1.08716538684327	169
0.10227514637137	0.907479796914141	418
0.10076130506037	0.907036493899438	28
0.10069311904779	0.906447303544458	28
0.10011277032147	0.906043996244228	50
0.00478598939783992	1.26696918670783	50
-0.01921893659528	1.59398605327326	169
-0.0193511591590501	1.59343422305333	169
0.10140883922882	0.907211457837158	418
0.11599862638025	1.67218275321416	91
0.1010510490733	0.907306853764938	91
0.10076130506037	0.907036493899438	1
0.0202330890348299	1.08716538684327	1
0.0200656326488	1.08642879439558	1
-0.00824820811480009	1.42987345750567	169
0.02031552276731	1.08722702084927	646
0.10134042861547	0.907439175692279	1
0.04302202505308	2.16370774767602	289
0.10134042861547	0.907439175692279	28
0.10040312737798	0.906314534082061	28
0.10169797164515	0.907481324222691	28
-0.12198967561379	1.88375796037316	142
-0.00812944264519011	1.43022320646088	28
0.10169797164515	0.907481324222691	28
-0.00816954662453995	1.43013942626621	28
0.10169797164515	0.907481324222691	292
0.00452650525141007	1.26725704656624	3
0.08616205458604	1.8309095165323	169
0.10047119601252	0.906629847858136	292
0.11587893642245	1.67157166373218	81
0.0267669877652701	2.33056978140996	542
-0.01921839485302	1.59386436858632	169
-0.00820863991371001	1.43008822900997	169
-0.12366706525326	1.71085089700176	50
0.10011277032147	0.906043996244228	1
0.02031837389016	1.08720177898495	1
-0.00809024649045997	1.4300869710178	12
0.10076130506037	0.907036493899438	28
0.1010510490733	0.907306853764938	646
0.0203212473177801	1.08657462671375	418
0.10040312737798	0.906314534082061	699
0.0202330890348299	1.08716538684327	289
0.11584017446684	1.67122036775922	703
-0.02893500620606	1.76491086431637	142
0.1010510490733	0.907306853764938	1
0.1010510490733	0.907306853764938	765
0.00451738240719002	1.26750919799834	28
0.00460078691791011	1.26737379434533	169
-0.0192706063386501	1.59377088503181	169
0.00452650525141007	1.26725704656624	169
0.10134042861547	0.907439175692279	418
0.11930517563177	2.3990367506215	50
0.10140883922882	0.907211457837158	292
-0.12361378515733	1.7113488526773	650
0.0204008877337201	1.08726349047316	28
0.0204037946245501	1.08674830937689	28
0.10134042861547	0.907439175692279	28
-0.02896131979835	1.76474263578357	169
0.1010510490733	0.907306853764938	456
0.10069311904779	0.906447303544458	456
0.0045916666494199	1.26657690556951	50
-0.00812893309948004	1.4300559927535	91
0.10076130506037	0.907036493899438	292
0.10169797164515	0.907481324222691	292
0.0048044565309	1.26751412482029	1
0.08616101854994	1.83114697133688	765
0.02023029364311	1.08666376039989	28
-0.01927118243591	1.59407269704666	142
0.1010510490733	0.907306853764938	28
0.10011277032147	0.906043996244228	28
-0.00808933511228993	1.42998279559144	142
0.00472096771726993	1.26694665553405	28
0.10076130506037	0.907036493899438	91
0.0203212473177801	1.08657462671375	91
0.10134042861547	0.907439175692279	292
0.10011277032147	0.906043996244228	765
0.0044067994233401	1.26672036127882	169
0.11603758729791	1.67207494504311	169
0.10076130506037	0.907036493899438	348
0.00442489963282999	1.26732282797632	91
0.10011277032147	0.906043996244228	1
0.0203980031558	1.0871767114521	405
0.1010510490733	0.907306853764938	765
0.10076130506037	0.907036493899438	28
0.00460992872118005	1.26759481849811	28
0.0047952122163899	1.26745147666955	28
0.0202330890348299	1.08716538684327	456
0.10011277032147	0.906043996244228	348
0.0202330890348299	1.08716538684327	50
0.10011277032147	0.906043996244228	481
0.0202330890348299	1.08716538684327	28
0.02015348620595	1.08671721277481	28
0.11591711621446	1.67066861664008	28
-0.0192972939318401	1.59398092068027	169
0.10076130506037	0.907036493899438	91
0.00460078691791011	1.26737379434533	91
0.10047119601252	0.906629847858136	1
0.10069311904779	0.906447303544458	1
0.00451738240719002	1.26750919799834	1
0.11591936092073	1.67193756873	142
0.10140883922882	0.907211457837158	28
0.00412997416611005	1.26615091474705	28
0.02014793989224	1.08660223194899	28
0.11611587860562	1.67049239783823	50
0.00432345988638994	1.26711745363877	91
0.02031552276731	1.08722702084927	405
0.0266888215538801	2.3296751657752	650
-0.0288824079933601	1.76437920404089	142
0.02031552276731	1.08722702084927	28
-0.0526921198906101	2.27322828568265	142
0.08624113480682	1.83012389428733	142
0.02031837389016	1.08720177898495	91
-0.12349972689027	1.71171165776677	326
0.02007111224821	1.0861123896304	50
0.00441583875479989	1.26730366912119	28
0.0204008877337201	1.08726349047316	169
0.02031837389016	1.08720177898495	348
0.10069311904779	0.906447303544458	348
0.10169797164515	0.907481324222691	3
0.08626681587463	1.83049979423755	142
-0.01919280223847	1.59380286108175	142
-0.0192450633257399	1.59407443975006	169
0.0204805302589	1.08698968363812	1
0.02014793989224	1.08660223194899	1
-0.00816851079064995	1.4300353891087	405
0.0624868550461899	1.99615680303535	142
0.00442489963282999	1.26732282797632	142
0.02015070189972	1.08699171306418	28
0.0202330890348299	1.08716538684327	28
-0.00816905142947011	1.43020256644836	28
0.0204008877337201	1.08726349047316	28
-0.0457124244866201	2.1038443356857	169
0.02031837389016	1.08720177898495	91
0.10140883922882	0.907211457837158	1
0.10134042861547	0.907439175692279	28
0.0046190920332001	1.26744350671332	28
0.00442489963282999	1.26732282797632	91
0.02031837389016	1.08720177898495	91
0.0200656326488	1.08642879439558	1
0.10140883922882	0.907211457837158	1
0.00469335633716006	1.26724564254518	289
-0.00816905142947011	1.43020256644836	28
0.0047952122163899	1.26745147666955	405
0.00433248033584999	1.26702409393016	1
0.0202330890348299	1.08716538684327	765
0.1019867405053	0.90761319649506	481
0.0626703808075	1.99677258606445	478
0.10011277032147	0.906043996244228	28
0.00433248033584999	1.26702409393016	28
0.02031552276731	1.08722702084927	28
-0.01932501132811	1.59343601328711	169
-0.12196978586468	2.22315622802932	326
0.10040312737798	0.906314534082061	1
0.02014793989224	1.08660223194899	1
-0.00828938510770994	1.42847626856242	405
0.10169797164515	0.907481324222691	1
0.0626092228622299	1.99678076802202	81
0.02015348620595	1.08671721277481	289
-0.0290644262447399	1.76336528409999	142
0.02015070189972	1.08699171306418	142
-0.00808981354402993	1.43015001915236	326
0.0998220473131901	0.905637435218337	1
0.1010510490733	0.907306853764938	1
-0.12367465952798	1.71092303090449	650
-0.12205749777619	1.88369102875329	142
0.08610914963769	1.83101152462205	169
0.08616101854994	1.83114697133688	326
0.0203980031558	1.0871767114521	405
0.0204037946245501	1.08674830937689	1
0.02047763452684	1.0859475081263	1
-0.0288308398077	1.76460066667206	81
0.10040312737798	0.906314534082061	418
0.0202330890348299	1.08716538684327	405
0.00432345988638994	1.26711745363877	405
0.10140883922882	0.907211457837158	1
0.10169797164515	0.907481324222691	28
0.0046190920332001	1.26744350671332	28
-0.02899568316696	1.76468573176583	142
0.00442489963282999	1.26732282797632	405
-0.0081299067263001	1.43016010723581	102
-0.00816905142947011	1.43020256644836	261
0.02023029364311	1.08666376039989	28
-0.1218576039484	1.88340592731373	142
0.00450828107786006	1.26738916091211	18
-0.01921893659528	1.59398605327326	50
0.10162944424993	0.907306148917365	86
-0.0193245098139601	1.59385699483893	81
0.0204805302589	1.08698968363812	18
0.02015348620595	1.08671721277481	348
0.02031837389016	1.08720177898495	348
0.0861882336822299	1.8309571695715	326
0.02015348620595	1.08671721277481	405
0.00469335633716006	1.26724564254518	18
-0.0192445043996401	1.59386262780574	405
0.00432345988638994	1.26711745363877	405
0.0046190920332001	1.26744350671332	405
-0.00805092217799008	1.42962342803793	405
0.10227514637137	0.907479796914141	28
0.10076130506037	0.907036493899438	18
0.02031552276731	1.08722702084927	348
0.10140883922882	0.907211457837158	348
0.0204834483229701	1.08721326266073	288
0.0204008877337201	1.08726349047316	28
0.10140883922882	0.907211457837158	28
0.1010510490733	0.907306853764938	50
0.10140883922882	0.907211457837158	1
-0.0379264821963099	1.9332323104303	142
-0.0192194419837799	1.59379142345729	345
0.0202359067337601	1.08702803190715	738
0.10076130506037	0.907036493899438	738
0.1019867405053	0.90761319649506	481
0.10134042861547	0.907439175692279	553
0.10169797164515	0.907481324222691	18
0.10134042861547	0.907439175692279	18
0.00471174243903993	1.26752924438909	169
0.06268548967474	1.99649984073456	66
-0.0192450633257399	1.59407443975006	81
0.0204834483229701	1.08721326266073	288
0.10011277032147	0.906043996244228	516
-0.02899568316696	1.76468573176583	66
0.1010510490733	0.907306853764938	481
-0.0377257626077401	1.93415907160506	326
0.02031552276731	1.08722702084927	66
0.1010510490733	0.907306853764938	86
0.11595898376722	1.67211268918592	21
0.1010510490733	0.907306853764938	481
0.02006836130343	1.08668096204983	28
0.02031837389016	1.08720177898495	142
0.1019867405053	0.90761319649506	86
0.10076130506037	0.907036493899438	28
0.0205690296265399	1.08676005277754	405
-0.01932397196478	1.59396944947553	142
0.00469335633716006	1.26724564254518	18
0.0998220473131901	0.905637435218337	10
0.10011277032147	0.906043996244228	18
0.10040312737798	0.906314534082061	18
0.10047119601252	0.906629847858136	10
0.08618771484074	1.8311565080565	81
0.10076130506037	0.907036493899438	18
0.10069311904779	0.906447303544458	18
0.10162944424993	0.907306148917365	10
0.11599862638025	1.67218275321416	326
-0.00820863991371001	1.43008822900997	405
0.00441583875479989	1.26730366912119	405
-0.12346921328605	1.71125406116871	142
0.00412997416611005	1.26615091474705	553
0.1194442477412	2.39960181723251	345
0.10169797164515	0.907481324222691	10
0.00450828107786006	1.26738916091211	405
0.1019867405053	0.90761319649506	86
0.0204008877337201	1.08726349047316	207
-0.01932397196478	1.59396944947553	142
0.0203980031558	1.0871767114521	18
0.1010510490733	0.907306853764938	18
0.08613533055631	1.83115904318384	50
0.00432345988638994	1.26711745363877	50
0.10047119601252	0.906629847858136	10
0.10169797164515	0.907481324222691	10
0.10169797164515	0.907481324222691	86
0.02031837389016	1.08720177898495	316
-0.0378610867729801	1.93368795111839	288
-0.00805016410918991	1.42997597870338	28
0.00443398203170009	1.26695825260079	18
0.00443398203170009	1.26695825260079	50
0.0860819098513299	1.83091446928203	405
-0.01937779894401	1.59256808996752	66
0.10169797164515	0.907481324222691	66
0.00449920128930992	1.26670496101616	66
-0.0192455859223499	1.59397460976847	142
0.00433248033584999	1.26702409393016	142
0.00453564958455011	1.2664615468243	18
0.10134042861547	0.907439175692279	18
0.00469335633716006	1.26724564254518	169
0.0203212473177801	1.08657462671375	169
-0.0192717222280301	1.59406298863138	737
0.02014793989224	1.08660223194899	405
-0.0288824079933601	1.76437920404089	361
0.10140883922882	0.907211457837158	18
0.02023029364311	1.08666376039989	10
0.11591711621446	1.67066861664008	737
0.00460992872118005	1.26759481849811	86
-0.01929837156153	1.5938587623588	497
-0.00812893309948004	1.4300559927535	142
0.0995309577872301	0.904976551106435	86
0.10169797164515	0.907481324222691	3
0.02015348620595	1.08671721277481	516
0.0266899158545899	2.33038610475245	142
0.10076130506037	0.907036493899438	18
0.0204008877337201	1.08726349047316	50
0.02006836130343	1.08668096204983	86
-0.12349972689027	1.71171165776677	81
0.1010510490733	0.907306853764938	1
-0.00820964705870009	1.42973521682158	207
0.11607729951499	1.67193753658563	142
-0.01932397196478	1.59396944947553	142
0.10169797164515	0.907481324222691	169
0.10134042861547	0.907439175692279	345
-0.00824820811480009	1.42987345750567	405
0.0204834483229701	1.08721326266073	86
0.1010510490733	0.907306853764938	207
0.0202330890348299	1.08716538684327	405
0.10047119601252	0.906629847858136	288
0.00470253863687997	1.26757955472315	18
0.0203126939600899	1.08661347608547	18
-0.00805016410918991	1.42997597870338	405
0.08613533055631	1.83115904318384	142
0.0205690296265399	1.08676005277754	18
0.10047119601252	0.906629847858136	18
-0.00820863991371001	1.43008822900997	66
0.0861615189554501	1.83120671361739	169
0.02031552276731	1.08722702084927	169
0.10076130506037	0.907036493899438	348
0.0046190920332001	1.26744350671332	66
0.10047119601252	0.906629847858136	10
0.10111934269334	0.906805351634796	10
0.10011277032147	0.906043996244228	10
0.0204008877337201	1.08726349047316	86
-0.12361378515733	1.7113488526773	142
0.02014793989224	1.08660223194899	18
0.0204834483229701	1.08721326266073	18
-0.0193511591590501	1.59343422305333	169
0.0624717894545399	1.99604458741971	405
0.1010510490733	0.907306853764938	1
0.0200656326488	1.08642879439558	142
-0.0193511591590501	1.59343422305333	10
-0.0289521909056001	1.76483810484982	86
-0.0457849190891599	2.10400461631547	207
-0.0082091662019701	1.43002505804072	142
0.11596063640551	1.67118746865856	142
0.1019867405053	0.90761319649506	18
0.02023029364311	1.08666376039989	18
0.0202330890348299	1.08716538684327	169
0.10018072136498	0.905968393470807	405
0.11599720665359	1.67176169367105	288
-0.12213226603432	1.88355884561488	361
-0.0288308398077	1.76460066667206	142
-0.0377489814830101	1.93373101327584	142
-0.01927118243591	1.59407269704666	169
-0.02884910313972	1.76388831260675	50
-0.12198967561379	1.88375796037316	21
0.00412997416611005	1.26615091474705	481
-0.0457104858842801	2.10429055164279	316
0.0202330890348299	1.08716538684327	207
-0.00812944264519011	1.43022320646088	169
0.08610861564577	1.83114948833727	66
0.0202330890348299	1.08716538684327	10
0.0203980031558	1.0871767114521	86
0.1010510490733	0.907306853764938	481
0.08618723124562	1.83099674814076	207
-0.0457104858842801	2.10429055164279	142
0.11595898376722	1.67211268918592	142
0.02015070189972	1.08699171306418	81
0.00460078691791011	1.26737379434533	481
-0.0456336779931401	2.10402511817049	516
0.00451738240719002	1.26750919799834	388
0.0203126939600899	1.08661347608547	388
0.02015070189972	1.08699171306418	10
0.11607868569294	1.67181489710959	405
0.00451738240719002	1.26750919799834	66
0.08610971881186	1.8305081257446	66
0.10011277032147	0.906043996244228	81
-0.12348445172888	1.711647833518	316
0.10162944424993	0.907306148917365	3
-0.00816905142947011	1.43020256644836	516
0.00478598939783992	1.26696918670783	18
-0.0288743295328899	1.76486162125887	66
0.00442489963282999	1.26732282797632	10
0.00471174243903993	1.26752924438909	405
0.11599940110988	1.6719845300661	66
0.10040312737798	0.906314534082061	86
-0.12344657816694	1.71156700722341	64
0.00424012445408994	1.26657799887494	516
0.1010510490733	0.907306853764938	169
0.10169797164515	0.907481324222691	18
0.10140883922882	0.907211457837158	10
-0.00828775604957999	1.4295409766298	10
-0.00808981354402993	1.43015001915236	405
-0.12345425164484	1.71139124680864	66
-0.0192445043996401	1.59386262780574	1
-0.02882173585175	1.76379432308111	207
0.02031552276731	1.08722702084927	516
0.1010510490733	0.907306853764938	18
-0.00821008247582	1.42902288203956	172
-0.00816905142947011	1.43020256644836	66
0.00450828107786006	1.26738916091211	10
-0.0457124244866201	2.1038443356857	66
0.1010510490733	0.907306853764938	86
0.1019867405053	0.90761319649506	86
0.10140883922882	0.907211457837158	288
0.11599789489516	1.67210704534538	388
-0.00816905142947011	1.43020256644836	169
-0.00812837809794997	1.42944406171566	172
-0.00828834446159998	1.42947777885845	405
0.1010510490733	0.907306853764938	405
0.00432345988638994	1.26711745363877	81
0.10076130506037	0.907036493899438	3
0.0861358829644601	1.8307620509691	142
-0.00824876547538	1.42981026669857	142
0.02031552276731	1.08722702084927	169
-0.00824820811480009	1.42987345750567	169
0.0200656326488	1.08642879439558	405
0.0431004118175899	2.16361848221911	405
0.10040312737798	0.906314534082061	64
0.02031552276731	1.08722702084927	388
-0.00820863991371001	1.43008822900997	405
0.00451738240719002	1.26750919799834	207
-0.12206795332733	1.88370300778673	142
-0.0193772993560599	1.59334247632566	405
-0.0192445043996401	1.59386262780574	405
0.0995309577872301	0.904976551106435	405
0.0860023074515	1.82926744341884	66
0.10098274589515	0.90631524989093	3
-0.00809024649045997	1.4300869710178	64
-0.0289178228698499	1.76489502125808	64
0.00470253863687997	1.26757955472315	169
0.00451738240719002	1.26750919799834	169
0.0046190920332001	1.26744350671332	169
-0.00809024649045997	1.4300869710178	169
-0.0081299067263001	1.43016010723581	172
0.10134042861547	0.907439175692279	405
-0.0192221759359299	1.59318876291396	405
0.08605624268728	1.83074792718716	66
-0.00812893309948004	1.4300559927535	66
0.0202359067337601	1.08702803190715	81
0.0043144609891399	1.26663501946895	81
0.02031837389016	1.08720177898495	729
-0.04571111863739	2.10422959330058	361
0.00442489963282999	1.26732282797632	142
-0.00812893309948004	1.4300559927535	169
0.02031552276731	1.08722702084927	169
-0.00816905142947011	1.43020256644836	405
0.00488794952172	1.26717505630802	81
0.00452650525141007	1.26725704656624	81
0.00460992872118005	1.26759481849811	207
0.08618723124562	1.83099674814076	361
0.11603828877498	1.67215060395899	142
0.02023029364311	1.08666376039989	169
0.0860819098513299	1.83091446928203	66
-0.0193767634425499	1.59357895856227	81
-0.0192445043996401	1.59386262780574	64
0.1010510490733	0.907306853764938	207
-0.12355292687146	1.71161088701926	142
0.1010510490733	0.907306853764938	142
0.0203980031558	1.0871767114521	405
0.0202330890348299	1.08716538684327	81
0.1010510490733	0.907306853764938	64
0.1010510490733	0.907306853764938	288
0.08610861564577	1.83114948833727	142
0.10134042861547	0.907439175692279	388
0.10040312737798	0.906314534082061	169
0.00470253863687997	1.26757955472315	81
0.02006836130343	1.08668096204983	64
0.11607729951499	1.67193753658563	207
-0.0193506404389701	1.59376521661266	142
0.02006836130343	1.08668096204983	81
-0.00828775604957999	1.4295409766298	64
0.02031837389016	1.08720177898495	388
-0.01927118243591	1.59407269704666	172
-0.0379329902196801	1.9330602288048	172
0.00433248033584999	1.26702409393016	66
-0.0289521909056001	1.76483810484982	66
0.0624717894545399	1.99604458741971	142
0.0266914599338699	2.33072873640822	142
0.02031552276731	1.08722702084927	169
-0.0288743295328899	1.76486162125887	66
0.10011277032147	0.906043996244228	81
-0.0288136531509	1.7644962321634	81
-0.00812837809794997	1.42944406171566	288
0.0204008877337201	1.08726349047316	388
0.11607797096649	1.67201313509304	66
0.0860829761940001	1.83075750845358	405
-0.00832728373497993	1.42904828693934	81
0.02015070189972	1.08699171306418	288
0.11599789489516	1.67210704534538	142
-0.12373554993305	1.7102882412522	169
0.10111934269334	0.906805351634796	169
0.0204805302589	1.08698968363812	169
0.00442489963282999	1.26732282797632	405
-0.01927118243591	1.59407269704666	66
0.10169797164515	0.907481324222691	81
-0.01932339781954	1.59379464034925	172
0.11599789489516	1.67210704534538	81
-0.0191133711773499	1.59263841028897	288
-0.12362140148907	1.71134057981935	142
0.0625405060128399	1.99656769941696	66
-0.12352270846034	1.71117653264783	66
0.0626016677364201	1.99677309024653	207
-0.00816954662453995	1.43013942626621	361
-0.00812944264519011	1.43022320646088	172
0.11937992887142	2.3993918152279	66
0.10134042861547	0.907439175692279	202
0.1010510490733	0.907306853764938	165
0.10076130506037	0.907036493899438	165
0.08618771484074	1.8311565080565	66
0.02015070189972	1.08699171306418	165
0.10169797164515	0.907481324222691	142
0.11595898376722	1.67211268918592	142
0.00472096771726993	1.26694665553405	142
0.1019867405053	0.90761319649506	202
0.0043144609891399	1.26663501946895	202
0.00470253863687997	1.26757955472315	66
0.10227514637137	0.907479796914141	165
0.1019867405053	0.90761319649506	3
-0.0192717222280301	1.59406298863138	361
0.02031837389016	1.08720177898495	169
0.0127243766913501	2.49756792753282	66
-0.00816905142947011	1.43020256644836	66
0.00441583875479989	1.26730366912119	66
0.01265217358249	2.49731647095841	66
0.0860819098513299	1.83091446928203	261
0.00469335633716006	1.26724564254518	288
0.06259410311301	1.99666840632369	361
-0.01927118243591	1.59407269704666	165
-0.00813069846288994	1.42915796753416	64
0.0048044565309	1.26751412482029	202
0.1159185694725	1.67186179681578	66
0.1159185694725	1.67186179681578	361
0.0626628121192001	1.99676488553833	361
-0.01921893659528	1.59398605327326	361
0.1010510490733	0.907306853764938	202
0.00470253863687997	1.26757955472315	165
0.0861343313830101	1.83091198622133	361
0.0861338846809201	1.8302713886231	361
-0.0378699247993399	1.9333252232955	361
0.08618771484074	1.8311565080565	361
-0.02898764297334	1.76430040426712	172
0.11599789489516	1.67210704534538	172
-0.00804971681222	1.42980877383538	66
0.0625555796761199	1.99648749235713	66
0.00452650525141007	1.26725704656624	361
-0.12342361282002	1.71159325405413	361
0.11595898376722	1.67211268918592	172
0.00451738240719002	1.26750919799834	169
-0.1217863151636	1.88247885072135	66
0.00452650525141007	1.26725704656624	66
-0.12368226296802	1.7109147791027	81
0.1010510490733	0.907306853764938	143
0.10111934269334	0.906805351634796	143
0.10162944424993	0.907306148917365	143
0.02006836130343	1.08668096204983	143
0.10047119601252	0.906629847858136	143
0.0202330890348299	1.08716538684327	169
0.10040312737798	0.906314534082061	169
0.10040312737798	0.906314534082061	169
0.0998220473131901	0.905637435218337	3
0.02014793989224	1.08660223194899	3
0.0203980031558	1.0871767114521	165
0.10040312737798	0.906314534082061	427
0.1010510490733	0.907306853764938	143
0.1019867405053	0.90761319649506	143
0.0204008877337201	1.08726349047316	3
0.1010510490733	0.907306853764938	143
0.1010510490733	0.907306853764938	143
0.10076130506037	0.907036493899438	139
0.10111934269334	0.906805351634796	143
0.0204008877337201	1.08726349047316	143
0.10140883922882	0.907211457837158	143
0.10162944424993	0.907306148917365	143
0.10018072136498	0.905968393470807	3
0.10111934269334	0.906805351634796	189
0.10047119601252	0.906629847858136	139
0.10111934269334	0.906805351634796	143
0.10111934269334	0.906805351634796	638
0.1019867405053	0.90761319649506	202
0.10076130506037	0.907036493899438	202
0.01998337185417	1.08611843935067	3
0.0202330890348299	1.08716538684327	3
0.0204008877337201	1.08726349047316	165
0.10011277032147	0.906043996244228	427
0.1010510490733	0.907306853764938	189
0.10018072136498	0.905968393470807	143
0.10040312737798	0.906314534082061	143
0.00470253863687997	1.26757955472315	139
0.02031837389016	1.08720177898495	3
0.00441583875479989	1.26730366912119	202
0.10076130506037	0.907036493899438	3
0.10227514637137	0.907479796914141	3
0.02048638870796	1.08681008603723	3
0.10134042861547	0.907439175692279	165
0.10134042861547	0.907439175692279	189
0.02031552276731	1.08722702084927	143
0.02048638870796	1.08681008603723	143
0.10076130506037	0.907036493899438	143
0.10111934269334	0.906805351634796	638
0.10011277032147	0.906043996244228	3
0.10011277032147	0.906043996244228	165
0.10134042861547	0.907439175692279	64
0.00450828107786006	1.26738916091211	638
-0.0191661529127101	1.59359288290892	145
-0.12342361282002	1.71159325405413	145
0.11607729951499	1.67193753658563	145
0.00442489963282999	1.26732282797632	165
-0.00809024649045997	1.4300869710178	190
0.10140883922882	0.907211457837158	143
0.0204008877337201	1.08726349047316	143
0.0202359067337601	1.08702803190715	637
0.0203980031558	1.0871767114521	638
0.10076130506037	0.907036493899438	638
0.10140883922882	0.907211457837158	202
0.1010510490733	0.907306853764938	190
0.1010510490733	0.907306853764938	3
0.11937992887142	2.3993918152279	19
0.10082948147517	0.906144530064968	202
0.10111934269334	0.906805351634796	202
0.0428856492692	2.16322566420752	190
0.10011277032147	0.906043996244228	139
0.1019867405053	0.90761319649506	139
0.10011277032147	0.906043996244228	139
0.10076130506037	0.907036493899438	139
0.10134042861547	0.907439175692279	139
0.0202330890348299	1.08716538684327	143
0.10076130506037	0.907036493899438	143
0.10011277032147	0.906043996244228	202
0.00452650525141007	1.26725704656624	202
0.02039514090175	1.08642663294251	165
-0.00816905142947011	1.43020256644836	165
-0.12354530680394	1.71153873221317	557
0.02031837389016	1.08720177898495	143
0.00443398203170009	1.26695825260079	19
0.10111934269334	0.906805351634796	202
0.00460992872118005	1.26759481849811	145
0.10169797164515	0.907481324222691	165
0.0202330890348299	1.08716538684327	3
0.0203980031558	1.0871767114521	19
0.10076130506037	0.907036493899438	165
0.10134042861547	0.907439175692279	165
0.06249437360372	1.99606895801821	557
0.0202330890348299	1.08716538684327	3
0.10169797164515	0.907481324222691	19
0.10134042861547	0.907439175692279	19
0.02056605571645	1.0870263213164	202
0.10069311904779	0.906447303544458	202
0.0205690296265399	1.08676005277754	202
0.0202330890348299	1.08716538684327	3
0.11615739480012	1.67136904007055	64
-0.0193500854078901	1.59378315663786	98
-0.0193245098139601	1.59385699483893	19
0.02031552276731	1.08722702084927	3
0.0202359067337601	1.08702803190715	202
0.00423114441033001	1.26681890289088	145
0.11595978847181	1.67191451729395	145
0.10140883922882	0.907211457837158	3
-0.00816905142947011	1.43020256644836	165
0.10047119601252	0.906629847858136	3
0.10069311904779	0.906447303544458	143
0.10076130506037	0.907036493899438	366
0.1010510490733	0.907306853764938	366
0.00460992872118005	1.26759481849811	278
0.10169797164515	0.907481324222691	143
0.02015348620595	1.08671721277481	143
0.0200656326488	1.08642879439558	143
0.10140883922882	0.907211457837158	3
0.10134042861547	0.907439175692279	3
0.11588153022474	1.67072291421303	278
0.02015070189972	1.08699171306418	143
0.0204008877337201	1.08726349047316	143
0.10134042861547	0.907439175692279	3
0.10040312737798	0.906314534082061	3
0.1010510490733	0.907306853764938	3
0.10169797164515	0.907481324222691	3
-0.0377412330064499	1.93396741520429	104
-0.0082091662019701	1.43002505804072	366
0.10140883922882	0.907211457837158	3
0.00470253863687997	1.26757955472315	633
0.10076130506037	0.907036493899438	165
-0.00828775604957999	1.4295409766298	335
-0.12186755752806	2.22314195578277	145
-0.00801086493897008	1.42962049404901	145
0.0202359067337601	1.08702803190715	100
0.01289419041661	2.49799008709466	335
0.10140883922882	0.907211457837158	168
0.10076130506037	0.907036493899438	146
0.02015070189972	1.08699171306418	146
0.0203126939600899	1.08661347608547	104
-0.0377257626077401	1.93415907160506	104
0.0204805302589	1.08698968363812	366
0.0204008877337201	1.08726349047316	366
-0.00816954662453995	1.43013942626621	366
0.1010510490733	0.907306853764938	168
0.02014793989224	1.08660223194899	168
0.10134042861547	0.907439175692279	168
0.0202330890348299	1.08716538684327	100
-0.0191932904063099	1.59350255152923	366
0.10076130506037	0.907036493899438	366
0.1010510490733	0.907306853764938	366
0.02031837389016	1.08720177898495	168
0.0204805302589	1.08698968363812	168
0.10169797164515	0.907481324222691	168
-0.01929785090683	1.59406123668821	168
0.02015348620595	1.08671721277481	168
0.0998220473131901	0.905637435218337	100
0.0044067994233401	1.26672036127882	100
-0.0528456665987001	2.27250042370922	104
-0.00824876547538	1.42981026669857	185
0.00441583875479989	1.26730366912119	185
0.0204008877337201	1.08726349047316	185
0.10040312737798	0.906314534082061	168
0.0200656326488	1.08642879439558	100
-0.1234920847203	1.71171997252611	158
0.0626016677364201	1.99677309024653	145
0.0626092228622299	1.99678076802202	710
-0.12164256428685	2.0541148749181	146
-0.0080505659002601	1.42991299250213	145
0.02015070189972	1.08699171306418	475
-0.01919280223847	1.59380286108175	546
-0.00816954662453995	1.43013942626621	158
0.0203980031558	1.0871767114521	726
0.00481372231478994	1.26703249349199	475
0.10076130506037	0.907036493899438	112
0.11603758729791	1.67207494504311	46
0.0860295182887301	1.83051298407296	145
0.10076130506037	0.907036493899438	693
-0.00816905142947011	1.43020256644836	46
0.10082948147517	0.906144530064968	419
0.10111934269334	0.906805351634796	726
0.10111934269334	0.906805351634796	419
0.10018072136498	0.905968393470807	115
0.10162944424993	0.907306148917365	85
0.00451738240719002	1.26750919799834	100
0.0048044565309	1.26751412482029	100
0.1010510490733	0.907306853764938	143
0.1010510490733	0.907306853764938	693
0.0202330890348299	1.08716538684327	363
0.10140883922882	0.907211457837158	363
0.0202330890348299	1.08716538684327	475
0.10076130506037	0.907036493899438	100
0.10040312737798	0.906314534082061	112
0.02031837389016	1.08720177898495	46
0.0043144609891399	1.26663501946895	46
-0.0289178228698499	1.76489502125808	158
0.1010510490733	0.907306853764938	419
0.0046190920332001	1.26744350671332	475
-0.01929785090683	1.59406123668821	475
0.10011277032147	0.906043996244228	100
0.10011277032147	0.906043996244228	475
0.1019867405053	0.90761319649506	475
0.10047119601252	0.906629847858136	115
0.10047119601252	0.906629847858136	85
0.10169797164515	0.907481324222691	85
0.10140883922882	0.907211457837158	85
0.10040312737798	0.906314534082061	85
0.00433248033584999	1.26702409393016	100
0.02014793989224	1.08660223194899	112
0.0203980031558	1.0871767114521	112
0.06254804759254	1.99657535462009	293
0.10134042861547	0.907439175692279	112
0.01273286932778	2.4977351268303	224
0.11603758729791	1.67207494504311	224
0.0047952122163899	1.26745147666955	224
0.10047119601252	0.906629847858136	224
0.02023874672922	1.08626403054227	112
0.0203126939600899	1.08661347608547	293
0.00441583875479989	1.26730366912119	224
0.10047119601252	0.906629847858136	85
0.10134042861547	0.907439175692279	224
0.10140883922882	0.907211457837158	46
0.10169797164515	0.907481324222691	100
0.10011277032147	0.906043996244228	112
-0.00812944264519011	1.43022320646088	718
0.1010510490733	0.907306853764938	112
0.00412997416611005	1.26615091474705	178
-0.0082091662019701	1.43002505804072	178
-0.02898656439832	1.76440968562572	368
-0.0377826558024099	1.93385694081522	651
0.00433248033584999	1.26702409393016	651
-0.121567676728	2.05408670644853	368
0.00442489963282999	1.26732282797632	251
0.00422218592422996	1.26644907004953	651
-0.12346160783667	1.71092032822092	368
0.00442489963282999	1.26732282797632	251
0.10227514637137	0.907479796914141	651
-0.12272505713578	2.39274221034987	60
-0.12360617799545	1.71127669916824	368
-0.0192722256757001	1.59377042364206	313
0.1159185694725	1.67186179681578	178
0.11603828877498	1.67215060395899	368
0.0268396925360499	2.33054102020936	631
0.0048044565309	1.26751412482029	620
0.10162944424993	0.907306148917365	559
-0.01932397196478	1.59396944947553	559
0.0200656326488	1.08642879439558	88
0.1010510490733	0.907306853764938	290
0.0998220473131901	0.905637435218337	468
0.11603758729791	1.67207494504311	620
0.10140883922882	0.907211457837158	620
0.0202359067337601	1.08702803190715	559
0.0204008877337201	1.08726349047316	313
0.11607667133679	1.67159238674712	559
0.10076130506037	0.907036493899438	290
0.10040312737798	0.906314534082061	26
0.10111934269334	0.906805351634796	217
0.1010510490733	0.907306853764938	559
0.10047119601252	0.906629847858136	26
0.1010510490733	0.907306853764938	620
0.00460992872118005	1.26759481849811	620
0.0203212473177801	1.08657462671375	620
0.11580061082909	1.6706044636507	559
0.02031837389016	1.08720177898495	88
0.02015070189972	1.08699171306418	88
0.0202359067337601	1.08702803190715	468
0.10047119601252	0.906629847858136	736
0.0204805302589	1.08698968363812	736
-0.12192889122504	1.8837416750547	559
0.00471174243903993	1.26752924438909	559
0.0202330890348299	1.08716538684327	290
0.02023029364311	1.08666376039989	85
0.11588062242664	1.67144947165012	88
0.1010510490733	0.907306853764938	290
0.0200656326488	1.08642879439558	468
-0.01921839485302	1.59386436858632	368
0.1019867405053	0.90761319649506	736
0.1010510490733	0.907306853764938	736
0.0200656326488	1.08642879439558	736
0.0202330890348299	1.08716538684327	468
0.10169797164515	0.907481324222691	290
0.02015070189972	1.08699171306418	88
0.02031552276731	1.08722702084927	736
0.0047952122163899	1.26745147666955	559
-0.12346921328605	1.71125406116871	88
0.0202330890348299	1.08716538684327	468
-0.12356819452829	1.71151261047821	251
-0.0193767634425499	1.59357895856227	88
0.10069311904779	0.906447303544458	171
0.10040312737798	0.906314534082061	217
0.10076130506037	0.907036493899438	559
0.00470253863687997	1.26757955472315	178
0.11607797096649	1.67201313509304	559
-0.12342361282002	1.71159325405413	88
0.02031837389016	1.08720177898495	85
-0.12183545127171	2.22301294868619	178
0.04303557394853	2.16349561952155	313
0.00471174243903993	1.26752924438909	178
0.00499007602016	1.26711001458846	178
0.11607797096649	1.67201313509304	630
0.08613481335185	1.83119716884744	178
-0.05276889372739	2.27300250303763	251
-0.12172876354253	2.05363397609675	630
-0.02890870225264	1.76480469795324	313
-0.04571111863739	2.10422959330058	269
-0.00816954662453995	1.43013942626621	630
0.0127286302587	2.49769753658027	178
-0.01929785090683	1.59406123668821	251
0.11603828877498	1.67215060395899	251
-0.12343891386936	1.71165702339019	499
0.06270113529966	1.99586637746575	347
0.0625405060128399	1.99656769941696	62
0.0861615189554501	1.83120671361739	62
0.02031552276731	1.08722702084927	347
0.00460992872118005	1.26759481849811	347
0.06240307319673	1.99515999181016	347
-0.12207321541456	2.22267507052956	188
-0.00828644309459992	1.42876287567043	347
0.08613481335185	1.83119716884744	178
-0.12142073815108	2.05404490645875	632
0.11949433232046	2.39821157781624	271
0.11944074760837	2.39956115063537	479
0.00460992872118005	1.26759481849811	479
0.10140883922882	0.907211457837158	479
0.06259410311301	1.99666840632369	200
-0.12266227376626	2.39286042256349	62
0.10134042861547	0.907439175692279	205
-0.0457117648387699	2.1040815193356	741
0.00460992872118005	1.26759481849811	741
0.10040312737798	0.906314534082061	200
-0.12198967561379	1.88375796037316	632
-0.12263939896999	2.39300700436052	200
-0.0527950213374899	2.27281316172942	178
-0.0527818899563799	2.27330289541612	269
-0.01932339781954	1.59379464034925	271
0.10134042861547	0.907439175692279	205
0.01265641776466	2.49726134491607	200
0.1159185694725	1.67186179681578	205
0.1010510490733	0.907306853764938	319
0.0625555796761199	1.99648749235713	741
-0.02888346028371	1.76459397139223	205
-0.12364430549356	1.71080575403358	62
-0.00816851079064995	1.4300353891087	270
-0.12296705187641	2.3906633548773	178
-0.12349972689027	1.71171165776677	544
-0.03759705903436	1.93373671024131	543
-0.00816792471718997	1.4294234851381	62
-0.12346962613661	1.71074519911455	200
-0.03771074098606	1.93376547312847	200
-0.0192455859223499	1.59397460976847	200
-0.0289006408960499	1.76479051467299	132
-0.00805092217799008	1.42962342803793	267
0.1159568290246	1.67084360638738	132
0.11937645528281	2.39945183298935	659
-0.12336279012664	1.71133000010336	267
-0.04563732033053	2.10392895092959	269
-0.12193595683592	1.88350224425132	267
-0.0290391790165101	1.76434796761741	267
-0.00816999636742	1.42984958407953	267
-0.02897850080257	1.76475847854036	543
0.1194372361404	2.39941756117025	267
-0.12195375331841	2.22282542528249	659
0.00450828107786006	1.26738916091211	267
0.0128008398199799	2.49757280469602	178
0.0860819098513299	1.83091446928203	543
0.11938339113529	2.39923112294824	543
-0.12220355887143	1.88310538648377	178
0.0128219369222899	2.49775667196992	549
-0.0192717222280301	1.59406298863138	549
-0.00820745107839005	1.42930933466445	543
-0.0192445043996401	1.59386262780574	267
-0.12192187107833	1.88365252477937	549
-0.1234920847203	1.71171997252611	549
0.04296733159291	2.16335429762931	659
0.00471174243903993	1.26752924438909	267
-0.12350737823771	1.71162164896366	659
0.11603828877498	1.67215060395899	267
0.02015070189972	1.08699171306418	340
0.11599862638025	1.67218275321416	132
0.0995309577872301	0.904976551106435	340
0.10140883922882	0.907211457837158	340
0.00433248033584999	1.26702409393016	340
0.0044067994233401	1.26672036127882	200
0.0202330890348299	1.08716538684327	193
0.11595898376722	1.67211268918592	340
-0.0290128668924601	1.76452115219308	132
0.11587975782567	1.67164744925165	178
-0.12157444993373	2.05372481388007	269
-0.12345425164484	1.71139124680864	543
0.10040312737798	0.906314534082061	340
0.06265523393023	1.99666018747663	267
-0.0289006408960499	1.76479051467299	103
0.08610914963769	1.83101152462205	103
-0.12207851102458	1.88293496880416	663
0.0625405060128399	1.99656769941696	258
0.11929118355536	2.39777803820205	545
-0.0591459131326	2.44121863131817	103
0.10047119601252	0.906629847858136	545
-0.12172404446241	2.22363101365819	103
-0.0193767634425499	1.59357895856227	103
0.02031837389016	1.08720177898495	47
-0.12182738419055	2.22330299321335	191
0.0626243046138899	1.99650795162738	472
-0.12262426464297	2.39268737833151	129
0.04308675192006	2.16344734238289	93
0.026839201032	2.33033345085983	93
-0.00816999636742	1.42984958407953	440
-0.0081299067263001	1.43016010723581	532
0.00423114441033001	1.26681890289088	410
0.10076130506037	0.907036493899438	681
0.11603828877498	1.67215060395899	410
0.0206487099727399	1.08654676680341	410
0.10134042861547	0.907439175692279	254
0.1010510490733	0.907306853764938	254
0.10040312737798	0.906314534082061	410
0.10169797164515	0.907481324222691	254
0.08624012909212	1.83074917616967	234
0.0043144609891399	1.26663501946895	410
0.04309360535714	2.16372444292119	681
-0.03777941079338	1.93363261335793	410
0.0204834483229701	1.08721326266073	384
0.10069311904779	0.906447303544458	254
-0.02899568316696	1.76468573176583	93
0.10076130506037	0.907036493899438	254
-0.00812893309948004	1.4300559927535	410
0.0626016677364201	1.99677309024653	435
0.02048638870796	1.08681008603723	410
0.10040312737798	0.906314534082061	384
0.00449920128930992	1.26670496101616	410
0.10134042861547	0.907439175692279	254
0.10140883922882	0.907211457837158	340
0.0205690296265399	1.08676005277754	340
0.11599789489516	1.67210704534538	170
0.11595898376722	1.67211268918592	170
-0.00824927742527004	1.42952047600197	441
-0.00812944264519011	1.43022320646088	170
-0.00816905142947011	1.43020256644836	170
0.0204834483229701	1.08721326266073	170
0.11599862638025	1.67218275321416	93
0.00460992872118005	1.26759481849811	93
-0.00816954662453995	1.43013942626621	211
0.1010510490733	0.907306853764938	170
0.0204008877337201	1.08726349047316	584
0.11936947412815	2.39926764404093	515
0.0202330890348299	1.08716538684327	170
0.00460078691791011	1.26737379434533	170
0.11599940110988	1.6719845300661	170
0.02014793989224	1.08660223194899	170
0.0202330890348299	1.08716538684327	170
0.11584106898909	1.67102254206351	93
0.00460078691791011	1.26737379434533	441
0.00450828107786006	1.26738916091211	170
0.02014793989224	1.08660223194899	170
-0.0192972939318401	1.59398092068027	441
-0.0192717222280301	1.59406298863138	211
-0.0378610867729801	1.93368795111839	93
0.0860819098513299	1.83091446928203	93
-0.03779398213693	1.93399314940759	372
0.11619655520214	1.67071190535699	355
-0.05261965091542	2.27316767605513	535
0.06265523393023	1.99666018747663	195
-0.0527007578082901	2.27333807867448	228
0.10047119601252	0.906629847858136	662
0.10140883922882	0.907211457837158	662
-0.00828775604957999	1.4295409766298	74
0.10076130506037	0.907036493899438	74
0.10111934269334	0.906805351634796	195
-0.12200205815437	2.22281946751761	467
0.02015348620595	1.08671721277481	74
-0.0288399622753199	1.76456061557413	596
-0.0592799787777301	2.44108604417843	647
0.11591936092073	1.67193756873	74
-0.01932339781954	1.59379464034925	228
0.00451738240719002	1.26750919799834	228
-0.00801086493897008	1.42962049404901	74
-0.01932397196478	1.59396944947553	228
-0.00816905142947011	1.43020256644836	195
-0.00812944264519011	1.43022320646088	195
0.1010510490733	0.907306853764938	662
-0.00824760535259994	1.42970643407314	74
0.00452650525141007	1.26725704656624	195
0.1159582222917	1.67203694353386	195
0.00443398203170009	1.26695825260079	195
0.0129706355563699	2.49775167491053	355
0.00451738240719002	1.26750919799834	228
-0.00816851079064995	1.4300353891087	74
-0.00828775604957999	1.4295409766298	228
0.08603006742369	1.83037392366014	228
-0.03767301965827	1.93403535576006	228
0.01273286932778	2.4977351268303	304
0.00442489963282999	1.26732282797632	304
-0.03779398213693	1.93399314940759	432
-0.00824760535259994	1.42970643407314	560
-0.12214437685521	2.22203803089081	432
-0.12156912296187	2.05418108419357	128
0.02031552276731	1.08722702084927	54
-0.1219966651688	1.88384718593472	128
0.0626167684886201	1.99669291271305	128
-0.02903005197999	1.7642573794314	128
0.04296397794246	2.16354953405849	128
0.11603828877498	1.67215060395899	128
0.04308675192006	2.16344734238289	157
-0.12354530680394	1.71153873221317	524
-0.0192455859223499	1.59397460976847	675
-0.05939035191875	2.44099278755705	157
-0.01919227769273	1.59377601191682	136
-0.01929785090683	1.59406123668821	136
0.11603903351186	1.6719523584767	136
0.11599720665359	1.67176169367105	136
-0.00809024649045997	1.4300869710178	523
-0.0081299067263001	1.43016010723581	157
