x	y	clickSelects
0.04187248890107	1.00452497119926	3
0.0424863391386201	1.00395907264506	243
-0.0691873076300098	1.72482286180047	244
0.0409847658483999	1.00513822787385	89
0.0409847658483999	1.00513822787385	447
0.0501689534724801	1.53441147942154	447
0.04987808511343	1.5350464079897	643
0.04160013732706	1.00468673041439	120
0.0428280559997101	1.00342135116854	120
0.0422145666767899	1.00412011001723	243
0.04187248890107	1.00452497119926	3
0.0430992507299399	1.00326104207221	259
0.0424863391386201	1.00395907264506	89
-0.06924136840657	1.72493661682302	154
0.0412576979158199	1.00497575293314	187
0.0500788828294501	1.53384650098352	34
0.0422145666767899	1.00412011001723	3
-0.0693768868524298	1.72527166988414	244
-0.0180223571128399	2.14510988155479	643
0.0412576979158199	1.00497575293314	3
0.04187248890107	1.00452497119926	9
0.0424863391386201	1.00395907264506	221
0.0497883158466701	1.53448054888632	244
0.0434406073993501	1.00244973962138	8
0.04064196408278	1.00529559672823	447
0.0422145666767899	1.00412011001723	120
0.04160013732706	1.00468673041439	120
0.04371122577767	1.00229017267433	9
0.05007183686245	1.5347271317717	73
0.04187248890107	1.00452497119926	370
0.0430992507299399	1.00326104207221	8
0.0409847658483999	1.00513822787385	120
0.0422145666767899	1.00412011001723	3
0.0430992507299399	1.00326104207221	187
0.04160013732706	1.00468673041439	259
0.04187248890107	1.00452497119926	3
-0.0693229649941398	1.72515814201093	34
0.04036845013987	1.00545877925808	73
0.04160013732706	1.00468673041439	221
0.04064196408278	1.00529559672823	370
0.0422145666767899	1.00412011001723	3
0.0424863391386201	1.00395907264506	3
0.04160013732706	1.00468673041439	187
0.0422145666767899	1.00412011001723	3
0.0430992507299399	1.00326104207221	120
0.04187248890107	1.00452497119926	187
0.0424863391386201	1.00395907264506	154
0.06755038690593	1.95420444899253	154
0.0428280559997101	1.00342135116854	73
0.0409847658483999	1.00513822787385	244
0.0428280559997101	1.00342135116854	3
0.04996791562211	1.53411554644338	3
0.0409847658483999	1.00513822787385	9
0.04187248890107	1.00452497119926	3
0.0428280559997101	1.00342135116854	325
0.04064196408278	1.00529559672823	89
0.0409847658483999	1.00513822787385	120
0.0412576979158199	1.00497575293314	187
0.04036845013987	1.00545877925808	243
0.04160013732706	1.00468673041439	34
0.0400252853031899	1.00534830783408	34
0.0424863391386201	1.00395907264506	259
0.0409847658483999	1.00513822787385	447
-0.0692010591650498	1.72561591353871	243
0.0412576979158199	1.00497575293314	73
0.0430992507299399	1.00326104207221	447
0.0430992507299399	1.00326104207221	447
0.0412576979158199	1.00497575293314	275
0.0409847658483999	1.00513822787385	73
0.0430992507299399	1.00326104207221	226
0.04036845013987	1.00545877925808	325
-0.0693229649941398	1.72515814201093	259
0.0409847658483999	1.00513822787385	259
0.04160013732706	1.00468673041439	3
0.04187248890107	1.00452497119926	3
0.0424863391386201	1.00395907264506	243
0.0422145666767899	1.00412011001723	73
0.0409847658483999	1.00513822787385	325
0.0409847658483999	1.00513822787385	447
-0.0693229649941398	1.72515814201093	315
0.04036845013987	1.00545877925808	187
0.0424863391386201	1.00395907264506	732
0.0409847658483999	1.00513822787385	370
0.0424863391386201	1.00395907264506	89
0.04997488077554	1.53493871942332	275
0.05007183686245	1.5347271317717	315
0.04371122577767	1.00229017267433	180
0.04187248890107	1.00452497119926	359
-0.0691468526749102	1.72528340275446	732
0.04064196408278	1.00529559672823	221
0.04998186678345	1.5341617567398	325
0.0500648117231	1.53400774588574	315
0.0430992507299399	1.00326104207221	4
-0.0693091493230402	1.72595109769969	3
0.0424863391386201	1.00395907264506	221
0.0412576979158199	1.00497575293314	221
0.04064196408278	1.00529559672823	325
-0.0693768868524298	1.72527166988414	89
0.0428280559997101	1.00342135116854	8
0.0424863391386201	1.00395907264506	49
0.04160013732706	1.00468673041439	640
0.0424863391386201	1.00395907264506	73
0.04187248890107	1.00452497119926	73
0.0424863391386201	1.00395907264506	196
0.0430992507299399	1.00326104207221	701
0.0424863391386201	1.00395907264506	89
0.04187248890107	1.00452497119926	8
0.04187248890107	1.00452497119926	259
0.04987808511343	1.5350464079897	315
0.04036845013987	1.00545877925808	180
0.04187248890107	1.00452497119926	3
0.0409847658483999	1.00513822787385	196
0.04371122577767	1.00229017267433	196
0.0412576979158199	1.00497575293314	370
0.04187248890107	1.00452497119926	244
0.0428280559997101	1.00342135116854	8
0.0497814497756	1.53504277273395	259
0.0409847658483999	1.00513822787385	259
0.05017605939062	1.53341949176621	275
0.04987808511343	1.5350464079897	315
-0.0693768868524298	1.72527166988414	359
0.0412576979158199	1.00497575293314	640
0.0422145666767899	1.00412011001723	221
0.0430992507299399	1.00326104207221	221
0.04160013732706	1.00468673041439	325
0.04187248890107	1.00452497119926	325
-0.0989590713504001	2.34019890397602	315
0.0428280559997101	1.00342135116854	315
-0.0180735948122899	2.14538490897637	315
0.0500648117231	1.53400774588574	180
0.0412576979158199	1.00497575293314	416
0.0428280559997101	1.00342135116854	640
0.04997488077554	1.53493871942332	8
0.04160013732706	1.00468673041439	259
0.0424863391386201	1.00395907264506	259
0.04036845013987	1.00545877925808	315
0.0409847658483999	1.00513822787385	359
0.0412576979158199	1.00497575293314	196
0.0424863391386201	1.00395907264506	259
0.0502662307017301	1.53398396288833	259
0.0412576979158199	1.00497575293314	259
0.0424863391386201	1.00395907264506	180
0.0676289251336899	1.95511350290471	359
0.0412576979158199	1.00497575293314	221
0.04371122577767	1.00229017267433	370
0.0422145666767899	1.00412011001723	8
0.04187248890107	1.00452497119926	275
0.05007183686245	1.5347271317717	49
0.04968497465935	1.53490875287205	180
0.0497746046108001	1.5339785940798	180
0.04996791562211	1.53411554644338	732
0.0409847658483999	1.00513822787385	196
0.0428280559997101	1.00342135116854	275
0.0430992507299399	1.00326104207221	275
-0.0692953215898902	1.72493981665132	49
0.0430992507299399	1.00326104207221	4
0.0422145666767899	1.00412011001723	3
0.0675935295068399	1.95418840721565	34
0.0430992507299399	1.00326104207221	226
0.0409847658483999	1.00513822787385	221
0.0424863391386201	1.00395907264506	221
0.04064196408278	1.00529559672823	259
0.04064196408278	1.00529559672823	315
-0.0694844082134298	1.72515654847652	180
0.04997488077554	1.53493871942332	209
0.04187248890107	1.00452497119926	221
0.04187248890107	1.00452497119926	325
0.0424863391386201	1.00395907264506	325
0.04187248890107	1.00452497119926	49
0.0428280559997101	1.00342135116854	49
0.05035646359533	1.53305351011994	640
0.0430992507299399	1.00326104207221	226
0.04036845013987	1.00545877925808	325
0.04371122577767	1.00229017267433	259
0.04187248890107	1.00452497119926	49
0.0422145666767899	1.00412011001723	180
0.0422145666767899	1.00412011001723	395
0.04997488077554	1.53493871942332	615
0.04064196408278	1.00529559672823	221
0.04997488077554	1.53493871942332	196
0.04996791562211	1.53411554644338	325
0.0424863391386201	1.00395907264506	275
0.04160013732706	1.00468673041439	49
0.0424863391386201	1.00395907264506	49
0.0424863391386201	1.00395907264506	259
-0.0694168093592702	1.7258360136096	259
0.0424863391386201	1.00395907264506	307
-0.0694844082134298	1.72515654847652	209
0.0428280559997101	1.00342135116854	226
0.0424863391386201	1.00395907264506	89
0.0422145666767899	1.00412011001723	226
0.04160013732706	1.00468673041439	49
0.0430992507299399	1.00326104207221	49
0.0428280559997101	1.00342135116854	4
-0.0691468526749102	1.72528340275446	34
0.0409847658483999	1.00513822787385	73
0.0430992507299399	1.00326104207221	196
-0.0181298245303601	2.14433952621247	244
0.04036845013987	1.00545877925808	8
0.0422145666767899	1.00412011001723	259
0.04160013732706	1.00468673041439	389
0.04987117995193	1.53411217415911	49
0.0497814497756	1.53504277273395	315
0.04187248890107	1.00452497119926	226
-0.06924136840657	1.72493661682302	73
0.0424863391386201	1.00395907264506	196
0.0428280559997101	1.00342135116854	325
0.04160013732706	1.00468673041439	275
0.0424863391386201	1.00395907264506	275
0.04187248890107	1.00452497119926	49
0.04187248890107	1.00452497119926	49
0.0412576979158199	1.00497575293314	395
0.0422145666767899	1.00412011001723	640
0.04187248890107	1.00452497119926	325
-0.0693091493230402	1.72595109769969	325
0.0409847658483999	1.00513822787385	259
0.04064196408278	1.00529559672823	259
0.04968497465935	1.53490875287205	130
0.0409847658483999	1.00513822787385	180
0.0412576979158199	1.00497575293314	4
0.04997488077554	1.53493871942332	395
0.0412576979158199	1.00497575293314	3
0.04187248890107	1.00452497119926	73
0.0424863391386201	1.00395907264506	221
0.04036845013987	1.00545877925808	196
0.0422145666767899	1.00412011001723	325
0.0430992507299399	1.00326104207221	259
0.04160013732706	1.00468673041439	4
0.04187248890107	1.00452497119926	180
0.04987117995193	1.53411217415911	180
-0.0691468526749102	1.72528340275446	522
0.04160013732706	1.00468673041439	196
0.04187248890107	1.00452497119926	196
0.0422145666767899	1.00412011001723	501
0.05007183686245	1.5347271317717	9
0.04997488077554	1.53493871942332	196
0.04187248890107	1.00452497119926	501
0.0424863391386201	1.00395907264506	259
0.0675935295068399	1.95418840721565	334
0.04160013732706	1.00468673041439	275
0.03975118810209	1.00551217757229	49
0.04036845013987	1.00545877925808	49
0.0424863391386201	1.00395907264506	49
0.04160013732706	1.00468673041439	4
0.03975118810209	1.00551217757229	4
0.04036845013987	1.00545877925808	395
0.0409847658483999	1.00513822787385	192
0.0409847658483999	1.00513822787385	221
0.03975118810209	1.00551217757229	275
0.04160013732706	1.00468673041439	130
0.0428280559997101	1.00342135116854	4
-0.0693091493230402	1.72595109769969	49
0.0424863391386201	1.00395907264506	180
0.0424863391386201	1.00395907264506	296
0.0500648117231	1.53400774588574	196
0.0422145666767899	1.00412011001723	226
0.0500648117231	1.53400774588574	259
0.0424863391386201	1.00395907264506	130
0.0428280559997101	1.00342135116854	4
0.0422145666767899	1.00412011001723	49
0.04187248890107	1.00452497119926	180
0.0409847658483999	1.00513822787385	4
0.04987808511343	1.5350464079897	732
0.0428280559997101	1.00342135116854	196
0.04997488077554	1.53493871942332	196
0.0430992507299399	1.00326104207221	226
0.0422145666767899	1.00412011001723	325
0.04160013732706	1.00468673041439	259
0.0430992507299399	1.00326104207221	259
0.0430992507299399	1.00326104207221	275
0.0430992507299399	1.00326104207221	275
0.04160013732706	1.00468673041439	49
0.04160013732706	1.00468673041439	615
0.0409847658483999	1.00513822787385	3
0.0422145666767899	1.00412011001723	296
0.0424863391386201	1.00395907264506	226
0.04160013732706	1.00468673041439	221
0.0428280559997101	1.00342135116854	226
0.04187248890107	1.00452497119926	501
0.04187248890107	1.00452497119926	501
0.0424863391386201	1.00395907264506	275
0.0676055963706901	1.9552644005591	522
0.04998186678345	1.5341617567398	615
0.0424863391386201	1.00395907264506	370
-0.06924136840657	1.72493661682302	259
0.0422145666767899	1.00412011001723	275
0.06760473195332	1.95390619667678	130
-0.0990415817933901	2.33935343060168	315
0.0497814497756	1.53504277273395	522
0.0422145666767899	1.00412011001723	8
-0.0694307012425899	1.72527460776237	334
-0.0181013663851002	2.1463351918709	334
0.0430992507299399	1.00326104207221	4
0.0424863391386201	1.00395907264506	522
0.04160013732706	1.00468673041439	9
0.0428280559997101	1.00342135116854	9
0.0424863391386201	1.00395907264506	296
0.04997488077554	1.53493871942332	8
0.06766336688358	1.95406979477964	141
0.0424863391386201	1.00395907264506	130
0.0409847658483999	1.00513822787385	49
0.04187248890107	1.00452497119926	4
0.04187248890107	1.00452497119926	395
-0.0692689356204399	1.72493697905846	370
0.04160013732706	1.00468673041439	325
0.04160013732706	1.00468673041439	332
0.06761943037442	1.95303013010539	334
0.04187248890107	1.00452497119926	275
0.0496917807550601	1.53447683339699	599
0.0412576979158199	1.00497575293314	49
0.0424863391386201	1.00395907264506	3
0.0430992507299399	1.00326104207221	192
0.0428280559997101	1.00342135116854	192
0.0428280559997101	1.00342135116854	226
0.04064196408278	1.00529559672823	226
0.04160013732706	1.00468673041439	226
-0.0180197337980101	2.14496587509245	556
0.0412576979158199	1.00497575293314	240
0.04187248890107	1.00452497119926	240
0.0424863391386201	1.00395907264506	4
0.04036845013987	1.00545877925808	49
0.0409847658483999	1.00513822787385	196
0.04160013732706	1.00468673041439	4
0.06762787425703	1.95501491976175	522
0.0422145666767899	1.00412011001723	522
0.0424863391386201	1.00395907264506	73
0.04187248890107	1.00452497119926	226
0.0676178774598599	1.95500113100214	334
0.0412576979158199	1.00497575293314	49
0.0428280559997101	1.00342135116854	4
0.04160013732706	1.00468673041439	192
0.04997488077554	1.53493871942332	259
0.0428280559997101	1.00342135116854	49
0.04064196408278	1.00529559672823	4
0.04160013732706	1.00468673041439	192
0.0428280559997101	1.00342135116854	221
0.0502662307017301	1.53398396288833	259
0.04160013732706	1.00468673041439	4
0.0422145666767899	1.00412011001723	325
0.0422145666767899	1.00412011001723	325
0.0422145666767899	1.00412011001723	325
0.0424863391386201	1.00395907264506	623
0.0428280559997101	1.00342135116854	4
0.0424863391386201	1.00395907264506	49
0.0430992507299399	1.00326104207221	395
0.0428280559997101	1.00342135116854	73
0.0422145666767899	1.00412011001723	221
-0.0691331392143102	1.72460150561685	49
0.04187248890107	1.00452497119926	49
0.04160013732706	1.00468673041439	395
0.04160013732706	1.00468673041439	226
0.04064196408278	1.00529559672823	196
0.04187248890107	1.00452497119926	89
-0.0692551580327598	1.72583737770434	49
0.04997488077554	1.53493871942332	49
0.04187248890107	1.00452497119926	4
0.04160013732706	1.00468673041439	4
0.0428280559997101	1.00342135116854	296
0.0422145666767899	1.00412011001723	226
0.0422145666767899	1.00412011001723	325
0.04958865965996	1.5345974556223	259
0.04187248890107	1.00452497119926	334
0.04160013732706	1.00468673041439	259
0.0430992507299399	1.00326104207221	49
0.0409847658483999	1.00513822787385	4
0.0428280559997101	1.00342135116854	4
0.04187248890107	1.00452497119926	192
0.0428280559997101	1.00342135116854	196
0.04996791562211	1.53411554644338	259
0.0424863391386201	1.00395907264506	226
0.0430992507299399	1.00326104207221	226
0.06758342942631	1.95513278928403	259
0.04160013732706	1.00468673041439	275
0.04997488077554	1.53493871942332	49
0.0424863391386201	1.00395907264506	8
0.0412576979158199	1.00497575293314	259
0.0424863391386201	1.00395907264506	4
0.04160013732706	1.00468673041439	4
0.04064196408278	1.00529559672823	4
0.0412576979158199	1.00497575293314	4
0.04160013732706	1.00468673041439	4
0.0430992507299399	1.00326104207221	49
0.0422145666767899	1.00412011001723	192
-0.0691331392143102	1.72460150561685	732
0.04160013732706	1.00468673041439	226
0.04187248890107	1.00452497119926	325
0.0497814497756	1.53504277273395	8
0.04160013732706	1.00468673041439	275
0.05007183686245	1.5347271317717	34
0.04160013732706	1.00468673041439	221
0.04187248890107	1.00452497119926	226
-0.0693091493230402	1.72595109769969	196
0.05007183686245	1.5347271317717	226
0.0675712078223301	1.95443774252574	466
0.04987117995193	1.53411217415911	259
0.0424863391386201	1.00395907264506	4
-0.0691873076300098	1.72482286180047	180
0.0422145666767899	1.00412011001723	247
0.0409847658483999	1.00513822787385	226
0.0428280559997101	1.00342135116854	226
0.0422145666767899	1.00412011001723	325
0.0430992507299399	1.00326104207221	8
0.0422145666767899	1.00412011001723	574
0.0422145666767899	1.00412011001723	574
0.04371122577767	1.00229017267433	574
0.0424863391386201	1.00395907264506	3
0.0676289251336899	1.95511350290471	4
0.0430992507299399	1.00326104207221	4
0.04160013732706	1.00468673041439	4
0.04160013732706	1.00468673041439	4
0.04064196408278	1.00529559672823	4
0.04987808511343	1.5350464079897	180
0.0424863391386201	1.00395907264506	226
0.0412576979158199	1.00497575293314	226
0.0430992507299399	1.00326104207221	8
0.04187248890107	1.00452497119926	4
0.04160013732706	1.00468673041439	180
0.04187248890107	1.00452497119926	226
0.04187248890107	1.00452497119926	226
0.0422145666767899	1.00412011001723	8
0.04968497465935	1.53490875287205	8
-0.0693229649941398	1.72515814201093	295
0.04987808511343	1.5350464079897	17
0.04997488077554	1.53493871942332	17
0.0424863391386201	1.00395907264506	61
0.04187248890107	1.00452497119926	226
0.0428280559997101	1.00342135116854	226
0.0430992507299399	1.00326104207221	332
0.04187248890107	1.00452497119926	8
0.0409847658483999	1.00513822787385	295
0.04187248890107	1.00452497119926	180
0.0424863391386201	1.00395907264506	192
0.0428280559997101	1.00342135116854	226
0.0409847658483999	1.00513822787385	8
0.04187248890107	1.00452497119926	8
0.0430992507299399	1.00326104207221	539
0.0676622346081499	1.95488349887811	295
-0.0693091493230402	1.72595109769969	295
0.04187248890107	1.00452497119926	17
0.0428280559997101	1.00342135116854	17
0.04160013732706	1.00468673041439	73
0.04187248890107	1.00452497119926	55
0.04987808511343	1.5350464079897	61
0.0424863391386201	1.00395907264506	226
-0.0692551580327598	1.72583737770434	8
0.04187248890107	1.00452497119926	8
0.04987808511343	1.5350464079897	280
0.0422145666767899	1.00412011001723	8
0.0422145666767899	1.00412011001723	8
0.0424863391386201	1.00395907264506	539
0.0428280559997101	1.00342135116854	539
-0.0692551580327598	1.72583737770434	539
-0.0991215504979501	2.34009646310083	360
0.0430992507299399	1.00326104207221	180
0.0422145666767899	1.00412011001723	17
0.0430992507299399	1.00326104207221	55
0.0424863391386201	1.00395907264506	226
0.04160013732706	1.00468673041439	226
0.04987808511343	1.5350464079897	8
0.07124014239698	2.42289509985599	721
0.04160013732706	1.00468673041439	55
0.04036845013987	1.00545877925808	230
0.0424863391386201	1.00395907264506	280
0.0428280559997101	1.00342135116854	17
0.0409847658483999	1.00513822787385	17
0.04187248890107	1.00452497119926	55
0.0412576979158199	1.00497575293314	55
0.0430992507299399	1.00326104207221	8
0.04160013732706	1.00468673041439	307
0.04036845013987	1.00545877925808	8
0.0409847658483999	1.00513822787385	8
-0.0692689356204399	1.72493697905846	17
0.04064196408278	1.00529559672823	55
0.0422145666767899	1.00412011001723	226
0.04160013732706	1.00468673041439	8
0.0412576979158199	1.00497575293314	8
0.0412576979158199	1.00497575293314	8
0.0409847658483999	1.00513822787385	307
0.0412576979158199	1.00497575293314	295
0.04987808511343	1.5350464079897	180
0.04187248890107	1.00452497119926	180
0.0424863391386201	1.00395907264506	3
-0.0694844082134298	1.72515654847652	17
0.0422145666767899	1.00412011001723	192
0.04187248890107	1.00452497119926	55
0.0424863391386201	1.00395907264506	55
0.0430992507299399	1.00326104207221	73
0.04997488077554	1.53493871942332	61
0.0412576979158199	1.00497575293314	226
-0.0694844082134298	1.72515654847652	8
0.04036845013987	1.00545877925808	180
0.04160013732706	1.00468673041439	55
0.0409847658483999	1.00513822787385	8
-0.0692010591650498	1.72561591353871	8
0.0500788828294501	1.53384650098352	641
0.04187248890107	1.00452497119926	404
0.0422145666767899	1.00412011001723	404
0.04187248890107	1.00452497119926	295
0.0430992507299399	1.00326104207221	192
0.0430992507299399	1.00326104207221	731
0.04160013732706	1.00468673041439	404
0.04187248890107	1.00452497119926	152
0.0424863391386201	1.00395907264506	152
0.0409847658483999	1.00513822787385	364
0.0412576979158199	1.00497575293314	226
0.04187248890107	1.00452497119926	89
0.06765234115591	1.95395751830995	494
0.0409847658483999	1.00513822787385	13
0.04160013732706	1.00468673041439	615
0.0412576979158199	1.00497575293314	55
-0.0692010591650498	1.72561591353871	494
0.0428280559997101	1.00342135116854	180
-0.0693229649941398	1.72515814201093	247
0.04987808511343	1.5350464079897	162
0.04187248890107	1.00452497119926	3
0.04160013732706	1.00468673041439	134
0.0430992507299399	1.00326104207221	134
0.0424863391386201	1.00395907264506	731
0.04187248890107	1.00452497119926	38
0.0412576979158199	1.00497575293314	180
0.0502590856134999	1.53348070488333	13
0.04187248890107	1.00452497119926	61
0.0424863391386201	1.00395907264506	364
0.0424863391386201	1.00395907264506	8
0.04997488077554	1.53493871942332	280
0.0409847658483999	1.00513822787385	134
0.0422145666767899	1.00412011001723	402
0.04998186678345	1.5341617567398	641
0.0424863391386201	1.00395907264506	61
0.0428280559997101	1.00342135116854	755
0.04160013732706	1.00468673041439	8
-0.0180215174297902	2.1461943054577	494
0.0424863391386201	1.00395907264506	38
0.0424863391386201	1.00395907264506	364
0.0424863391386201	1.00395907264506	226
0.0428280559997101	1.00342135116854	226
0.05007183686245	1.5347271317717	13
0.0412576979158199	1.00497575293314	13
0.04036845013987	1.00545877925808	615
0.0434406073993501	1.00244973962138	61
0.0424863391386201	1.00395907264506	55
0.0675712078223301	1.95443774252574	439
0.0422145666767899	1.00412011001723	439
0.04187248890107	1.00452497119926	38
0.0409847658483999	1.00513822787385	38
0.04996791562211	1.53411554644338	124
0.0412576979158199	1.00497575293314	404
0.04187248890107	1.00452497119926	295
0.04187248890107	1.00452497119926	55
0.0430992507299399	1.00326104207221	27
0.0424863391386201	1.00395907264506	134
-0.0691331392143102	1.72460150561685	163
0.04160013732706	1.00468673041439	38
0.04187248890107	1.00452497119926	152
0.0409847658483999	1.00513822787385	80
0.0424863391386201	1.00395907264506	364
0.0428280559997101	1.00342135116854	8
0.05016186835447	1.53379618716286	439
0.04160013732706	1.00468673041439	134
0.0422145666767899	1.00412011001723	731
0.06762787425703	1.95501491976175	13
-0.0692953215898902	1.72493981665132	61
0.04036845013987	1.00545877925808	55
0.04187248890107	1.00452497119926	8
0.04187248890107	1.00452497119926	8
0.04160013732706	1.00468673041439	307
0.0412576979158199	1.00497575293314	134
-0.0693229649941398	1.72515814201093	494
0.0409847658483999	1.00513822787385	38
0.0422145666767899	1.00412011001723	55
0.0422145666767899	1.00412011001723	439
0.04160013732706	1.00468673041439	439
0.0497746046108001	1.5339785940798	439
-0.0692010591650498	1.72561591353871	27
0.04160013732706	1.00468673041439	307
-0.0694168093592702	1.7258360136096	494
0.0428280559997101	1.00342135116854	61
0.04187248890107	1.00452497119926	55
0.04064196408278	1.00529559672823	364
0.04064196408278	1.00529559672823	8
0.0428280559997101	1.00342135116854	152
0.0430992507299399	1.00326104207221	61
0.0409847658483999	1.00513822787385	61
0.0424863391386201	1.00395907264506	134
0.04036845013987	1.00545877925808	13
-0.0693630330824999	1.72595411557521	13
0.04160013732706	1.00468673041439	3
-0.0180215174297902	2.1461943054577	689
0.04371122577767	1.00229017267433	151
0.04160013732706	1.00468673041439	8
0.0412576979158199	1.00497575293314	439
0.04160013732706	1.00468673041439	8
0.0424863391386201	1.00395907264506	124
-0.0692551580327598	1.72583737770434	731
0.04160013732706	1.00468673041439	404
0.0409847658483999	1.00513822787385	17
0.04160013732706	1.00468673041439	55
0.0428280559997101	1.00342135116854	61
0.0498850111556299	1.53437305087792	230
0.0422145666767899	1.00412011001723	8
0.0409847658483999	1.00513822787385	280
0.04187248890107	1.00452497119926	307
0.0430992507299399	1.00326104207221	134
0.03975118810209	1.00551217757229	134
0.04160013732706	1.00468673041439	731
0.0412576979158199	1.00497575293314	529
0.0412576979158199	1.00497575293314	55
0.0422145666767899	1.00412011001723	134
0.04996791562211	1.53411554644338	494
0.0430992507299399	1.00326104207221	152
0.0412576979158199	1.00497575293314	80
0.0422145666767899	1.00412011001723	77
0.04968497465935	1.53490875287205	61
0.04187248890107	1.00452497119926	364
0.0422145666767899	1.00412011001723	55
0.04998186678345	1.5341617567398	61
0.0412576979158199	1.00497575293314	124
0.04987117995193	1.53411217415911	124
0.0430992507299399	1.00326104207221	124
0.04160013732706	1.00468673041439	295
0.0428280559997101	1.00342135116854	38
0.0422145666767899	1.00412011001723	152
0.0428280559997101	1.00342135116854	364
0.0428280559997101	1.00342135116854	364
0.0428280559997101	1.00342135116854	27
0.05007183686245	1.5347271317717	494
0.0424863391386201	1.00395907264506	494
0.04371122577767	1.00229017267433	124
0.04187248890107	1.00452497119926	38
0.0498850111556299	1.53437305087792	152
0.04160013732706	1.00468673041439	152
0.04997488077554	1.53493871942332	13
0.0422145666767899	1.00412011001723	77
0.04987808511343	1.5350464079897	77
0.0409847658483999	1.00513822787385	226
0.0409847658483999	1.00513822787385	412
0.04160013732706	1.00468673041439	439
0.0500648117231	1.53400774588574	494
0.04160013732706	1.00468673041439	152
0.0424863391386201	1.00395907264506	3
-0.0180215174297902	2.1461943054577	17
0.0676622346081499	1.95488349887811	61
0.04160013732706	1.00468673041439	61
0.04160013732706	1.00468673041439	55
0.04064196408278	1.00529559672823	134
0.0409847658483999	1.00513822787385	731
0.0412576979158199	1.00497575293314	152
0.04187248890107	1.00452497119926	180
0.04187248890107	1.00452497119926	162
0.0497746046108001	1.5339785940798	61
0.0422145666767899	1.00412011001723	8
0.0434406073993501	1.00244973962138	439
0.0497814497756	1.53504277273395	163
0.0424863391386201	1.00395907264506	295
0.0412576979158199	1.00497575293314	295
0.04998186678345	1.5341617567398	61
0.04187248890107	1.00452497119926	364
0.0424863391386201	1.00395907264506	61
0.04187248890107	1.00452497119926	151
0.04160013732706	1.00468673041439	134
0.0424863391386201	1.00395907264506	731
0.0409847658483999	1.00513822787385	731
0.0424863391386201	1.00395907264506	404
0.0412576979158199	1.00497575293314	162
0.0430992507299399	1.00326104207221	61
0.0428280559997101	1.00342135116854	55
0.0412576979158199	1.00497575293314	134
0.04160013732706	1.00468673041439	38
0.04187248890107	1.00452497119926	152
0.0422145666767899	1.00412011001723	55
0.0424863391386201	1.00395907264506	61
0.0412576979158199	1.00497575293314	226
0.0495954057772401	1.53434286247939	755
0.04187248890107	1.00452497119926	27
0.0424863391386201	1.00395907264506	134
0.04187248890107	1.00452497119926	161
0.0424863391386201	1.00395907264506	162
0.0422145666767899	1.00412011001723	3
0.0412576979158199	1.00497575293314	89
0.04187248890107	1.00452497119926	552
0.04160013732706	1.00468673041439	582
0.04187248890107	1.00452497119926	364
0.04160013732706	1.00468673041439	61
0.04371122577767	1.00229017267433	61
-0.0694307012425899	1.72527460776237	280
0.0428280559997101	1.00342135116854	134
0.04187248890107	1.00452497119926	124
0.04187248890107	1.00452497119926	61
0.0422145666767899	1.00412011001723	61
0.0424863391386201	1.00395907264506	61
0.04987808511343	1.5350464079897	124
0.0428280559997101	1.00342135116854	731
0.04160013732706	1.00468673041439	180
0.0424863391386201	1.00395907264506	77
0.0501689534724801	1.53441147942154	55
0.04160013732706	1.00468673041439	364
0.0412576979158199	1.00497575293314	364
0.04064196408278	1.00529559672823	89
0.0409847658483999	1.00513822787385	8
0.0412576979158199	1.00497575293314	162
0.04187248890107	1.00452497119926	162
0.04187248890107	1.00452497119926	77
0.0422145666767899	1.00412011001723	133
0.0424863391386201	1.00395907264506	38
0.0434406073993501	1.00244973962138	152
0.0422145666767899	1.00412011001723	3
0.0409847658483999	1.00513822787385	77
0.04187248890107	1.00452497119926	364
-0.0693768868524298	1.72527166988414	230
0.04187248890107	1.00452497119926	133
0.0422145666767899	1.00412011001723	161
-0.0694844082134298	1.72515654847652	162
0.0409847658483999	1.00513822787385	55
0.04187248890107	1.00452497119926	230
0.0412576979158199	1.00497575293314	731
0.05007183686245	1.5347271317717	38
0.0497814497756	1.53504277273395	180
0.0430992507299399	1.00326104207221	364
0.04187248890107	1.00452497119926	364
0.0409847658483999	1.00513822787385	134
0.0409847658483999	1.00513822787385	161
0.0428280559997101	1.00342135116854	731
0.04187248890107	1.00452497119926	731
0.0409847658483999	1.00513822787385	152
0.0430992507299399	1.00326104207221	3
0.0430992507299399	1.00326104207221	61
0.0502590856134999	1.53348070488333	552
0.04036845013987	1.00545877925808	582
0.0422145666767899	1.00412011001723	8
-0.0180223571128399	2.14510988155479	280
0.0424863391386201	1.00395907264506	486
0.0428280559997101	1.00342135116854	124
0.0424863391386201	1.00395907264506	38
0.04160013732706	1.00468673041439	180
0.04187248890107	1.00452497119926	3
0.04187248890107	1.00452497119926	364
0.0496917807550601	1.53447683339699	8
0.0409847658483999	1.00513822787385	38
-0.0692953215898902	1.72493981665132	162
0.0497883158466701	1.53448054888632	17
0.0409847658483999	1.00513822787385	55
0.0412576979158199	1.00497575293314	61
0.0409847658483999	1.00513822787385	230
0.04160013732706	1.00468673041439	582
0.0424863391386201	1.00395907264506	38
0.0430992507299399	1.00326104207221	61
0.0428280559997101	1.00342135116854	134
0.0434406073993501	1.00244973962138	404
0.0412576979158199	1.00497575293314	38
0.0422145666767899	1.00412011001723	38
0.0430992507299399	1.00326104207221	38
0.04187248890107	1.00452497119926	3
0.0500648117231	1.53400774588574	17
0.0412576979158199	1.00497575293314	8
0.04187248890107	1.00452497119926	133
0.04160013732706	1.00468673041439	162
0.04187248890107	1.00452497119926	124
0.04160013732706	1.00468673041439	38
-0.0693229649941398	1.72515814201093	61
0.0412576979158199	1.00497575293314	529
0.04160013732706	1.00468673041439	55
0.0424863391386201	1.00395907264506	8
0.04064196408278	1.00529559672823	134
0.04160013732706	1.00468673041439	176
-0.0693630330824999	1.72595411557521	124
-0.0693091493230402	1.72595109769969	731
0.0409847658483999	1.00513822787385	38
0.0497883158466701	1.53448054888632	61
0.0424863391386201	1.00395907264506	61
0.0424863391386201	1.00395907264506	55
0.0424863391386201	1.00395907264506	364
0.04160013732706	1.00468673041439	134
0.04968497465935	1.53490875287205	163
0.0424863391386201	1.00395907264506	124
0.0434406073993501	1.00244973962138	731
0.0428280559997101	1.00342135116854	582
0.04160013732706	1.00468673041439	151
0.04160013732706	1.00468673041439	486
0.0428280559997101	1.00342135116854	176
0.04998186678345	1.5341617567398	55
0.0715473068825601	2.42146292990848	344
0.0409847658483999	1.00513822787385	486
-0.0690244792899302	1.72381527136911	176
0.0428280559997101	1.00342135116854	403
0.04160013732706	1.00468673041439	152
-0.0693091493230402	1.72595109769969	162
0.0422145666767899	1.00412011001723	483
0.0424863391386201	1.00395907264506	582
0.0409847658483999	1.00513822787385	38
-0.0695380078153298	1.72489447956081	219
0.04064196408278	1.00529559672823	486
-0.0180492375113799	2.14506773256724	176
0.0412576979158199	1.00497575293314	161
0.04160013732706	1.00468673041439	38
-0.06924136840657	1.72493661682302	61
0.0424863391386201	1.00395907264506	486
0.0412576979158199	1.00497575293314	161
0.04371122577767	1.00229017267433	38
0.04160013732706	1.00468673041439	38
0.04187248890107	1.00452497119926	582
0.0422145666767899	1.00412011001723	8
0.05016186835447	1.53379618716286	124
0.0424863391386201	1.00395907264506	38
0.04187248890107	1.00452497119926	483
0.0424863391386201	1.00395907264506	55
-0.0693768868524298	1.72527166988414	124
0.04160013732706	1.00468673041439	161
0.0412576979158199	1.00497575293314	152
0.04187248890107	1.00452497119926	77
0.0430992507299399	1.00326104207221	55
0.0422145666767899	1.00412011001723	8
0.0409847658483999	1.00513822787385	161
0.0412576979158199	1.00497575293314	38
-0.0693091493230402	1.72595109769969	162
0.0412576979158199	1.00497575293314	162
0.0428280559997101	1.00342135116854	61
0.0409847658483999	1.00513822787385	8
0.0422145666767899	1.00412011001723	133
0.0496917807550601	1.53447683339699	176
0.04160013732706	1.00468673041439	124
0.04187248890107	1.00452497119926	38
0.04036845013987	1.00545877925808	162
0.0422145666767899	1.00412011001723	364
0.0430992507299399	1.00326104207221	412
-0.01796856921727	2.14489815723515	163
0.0424863391386201	1.00395907264506	176
0.04968497465935	1.53490875287205	124
0.0409847658483999	1.00513822787385	161
0.04160013732706	1.00468673041439	38
0.0422145666767899	1.00412011001723	80
0.04160013732706	1.00468673041439	582
0.0424863391386201	1.00395907264506	8
0.0500648117231	1.53400774588574	124
0.0424863391386201	1.00395907264506	404
0.0412576979158199	1.00497575293314	162
0.0434406073993501	1.00244973962138	529
0.0422145666767899	1.00412011001723	176
0.04187248890107	1.00452497119926	404
-0.0691331392143102	1.72460150561685	180
0.0430992507299399	1.00326104207221	162
0.0675944990339601	1.95524511881705	17
0.0422145666767899	1.00412011001723	55
0.0428280559997101	1.00342135116854	55
0.04160013732706	1.00468673041439	552
0.0422145666767899	1.00412011001723	552
0.0424863391386201	1.00395907264506	8
0.0400252853031899	1.00534830783408	27
0.0400252853031899	1.00534830783408	486
0.0424863391386201	1.00395907264506	133
0.0422145666767899	1.00412011001723	176
0.0497883158466701	1.53448054888632	124
0.0409847658483999	1.00513822787385	38
0.0422145666767899	1.00412011001723	218
0.04187248890107	1.00452497119926	55
0.0424863391386201	1.00395907264506	412
0.04987117995193	1.53411217415911	133
0.0430992507299399	1.00326104207221	133
0.04160013732706	1.00468673041439	152
0.04160013732706	1.00468673041439	162
0.05017605939062	1.53341949176621	162
0.0428280559997101	1.00342135116854	3
0.0424863391386201	1.00395907264506	731
0.0409847658483999	1.00513822787385	483
0.04187248890107	1.00452497119926	364
0.0424863391386201	1.00395907264506	55
0.0497814497756	1.53504277273395	27
0.0409847658483999	1.00513822787385	161
0.04187248890107	1.00452497119926	404
-0.0180744676062701	2.14637737308454	218
0.04160013732706	1.00468673041439	55
0.0412576979158199	1.00497575293314	226
0.0424863391386201	1.00395907264506	486
0.04160013732706	1.00468673041439	124
0.0428280559997101	1.00342135116854	161
0.0434406073993501	1.00244973962138	161
0.05007183686245	1.5347271317717	162
0.0422145666767899	1.00412011001723	8
0.04036845013987	1.00545877925808	8
0.04187248890107	1.00452497119926	124
0.04160013732706	1.00468673041439	38
0.0422145666767899	1.00412011001723	152
0.0412576979158199	1.00497575293314	162
0.0422145666767899	1.00412011001723	61
0.0422145666767899	1.00412011001723	540
0.0424863391386201	1.00395907264506	152
0.0424863391386201	1.00395907264506	162
0.05007183686245	1.5347271317717	77
0.04036845013987	1.00545877925808	483
-0.0692551580327598	1.72583737770434	582
0.0422145666767899	1.00412011001723	8
0.04997488077554	1.53493871942332	280
0.04160013732706	1.00468673041439	134
0.0412576979158199	1.00497575293314	403
0.04987808511343	1.5350464079897	124
0.05016186835447	1.53379618716286	180
0.0424863391386201	1.00395907264506	77
0.0430992507299399	1.00326104207221	582
0.0495954057772401	1.53434286247939	280
0.0424863391386201	1.00395907264506	38
0.05016186835447	1.53379618716286	219
0.04160013732706	1.00468673041439	529
0.0422145666767899	1.00412011001723	55
0.0412576979158199	1.00497575293314	61
0.04064196408278	1.00529559672823	61
0.04064196408278	1.00529559672823	582
0.0424863391386201	1.00395907264506	582
0.0412576979158199	1.00497575293314	280
0.0430992507299399	1.00326104207221	486
0.0412576979158199	1.00497575293314	124
0.0412576979158199	1.00497575293314	61
0.04187248890107	1.00452497119926	61
0.04160013732706	1.00468673041439	27
-0.0690788631152199	1.72426925020167	27
-0.0693630330824999	1.72595411557521	124
0.07126457237062	2.4214754166752	218
0.04036845013987	1.00545877925808	162
0.04371122577767	1.00229017267433	162
0.04187248890107	1.00452497119926	483
0.04160013732706	1.00468673041439	529
0.04998186678345	1.5341617567398	61
0.0428280559997101	1.00342135116854	161
0.04187248890107	1.00452497119926	38
0.0428280559997101	1.00342135116854	38
0.0500648117231	1.53400774588574	180
0.04160013732706	1.00468673041439	152
0.0498850111556299	1.53437305087792	218
0.04160013732706	1.00468673041439	77
0.04187248890107	1.00452497119926	61
0.04997488077554	1.53493871942332	61
0.0424863391386201	1.00395907264506	134
-0.0693091493230402	1.72595109769969	124
0.04036845013987	1.00545877925808	161
0.0428280559997101	1.00342135116854	404
0.0424863391386201	1.00395907264506	134
0.0497814497756	1.53504277273395	176
0.0424863391386201	1.00395907264506	180
-0.0691873076300098	1.72482286180047	149
0.0424863391386201	1.00395907264506	61
0.0409847658483999	1.00513822787385	55
0.0424863391386201	1.00395907264506	152
0.04371122577767	1.00229017267433	155
-0.0690925385188299	1.72482900681441	218
0.0422145666767899	1.00412011001723	162
0.04187248890107	1.00452497119926	552
0.04160013732706	1.00468673041439	582
0.04160013732706	1.00468673041439	8
0.0494991908073401	1.53403178969284	486
0.0422145666767899	1.00412011001723	180
-0.0694844082134298	1.72515654847652	17
0.0712482944820501	2.42307813888342	344
0.04187248890107	1.00452497119926	582
0.04187248890107	1.00452497119926	152
0.0503636686440301	1.53342497510473	61
0.04187248890107	1.00452497119926	61
0.0409847658483999	1.00513822787385	55
0.04187248890107	1.00452497119926	55
0.04064196408278	1.00529559672823	489
0.04160013732706	1.00468673041439	124
0.0428280559997101	1.00342135116854	155
0.0422145666767899	1.00412011001723	55
0.04187248890107	1.00452497119926	55
0.0409847658483999	1.00513822787385	61
0.04160013732706	1.00468673041439	582
0.0501689534724801	1.53441147942154	27
-0.0694168093592702	1.7258360136096	486
0.0412576979158199	1.00497575293314	124
-0.0693768868524298	1.72527166988414	124
0.04187248890107	1.00452497119926	155
0.0422145666767899	1.00412011001723	3
0.0409847658483999	1.00513822787385	450
0.0412576979158199	1.00497575293314	61
0.0409847658483999	1.00513822787385	55
0.0422145666767899	1.00412011001723	55
0.04160013732706	1.00468673041439	226
0.0428280559997101	1.00342135116854	582
0.0409847658483999	1.00513822787385	134
0.04036845013987	1.00545877925808	124
-0.0694844082134298	1.72515654847652	180
0.05007183686245	1.5347271317717	77
0.04160013732706	1.00468673041439	61
0.04064196408278	1.00529559672823	671
0.0422145666767899	1.00412011001723	55
0.04187248890107	1.00452497119926	55
0.0409847658483999	1.00513822787385	61
0.0497814497756	1.53504277273395	27
0.0412576979158199	1.00497575293314	27
0.0409847658483999	1.00513822787385	124
0.0430992507299399	1.00326104207221	155
0.0409847658483999	1.00513822787385	61
0.04187248890107	1.00452497119926	61
0.0409847658483999	1.00513822787385	55
0.04160013732706	1.00468673041439	8
-0.0692953215898902	1.72493981665132	8
0.0424863391386201	1.00395907264506	134
0.04160013732706	1.00468673041439	155
0.04160013732706	1.00468673041439	155
0.04160013732706	1.00468673041439	55
0.04064196408278	1.00529559672823	55
0.04036845013987	1.00545877925808	582
0.04187248890107	1.00452497119926	134
0.0676511037013099	1.95505772738263	124
0.05035646359533	1.53305351011994	180
0.0422145666767899	1.00412011001723	55
0.04064196408278	1.00529559672823	134
0.0412576979158199	1.00497575293314	613
0.04160013732706	1.00468673041439	404
0.0400252853031899	1.00534830783408	180
0.0430992507299399	1.00326104207221	3
0.0424863391386201	1.00395907264506	3
0.0409847658483999	1.00513822787385	17
0.04987808511343	1.5350464079897	55
0.0424863391386201	1.00395907264506	375
0.0409847658483999	1.00513822787385	371
0.04987808511343	1.5350464079897	401
0.0424863391386201	1.00395907264506	404
0.0409847658483999	1.00513822787385	162
0.0422145666767899	1.00412011001723	55
0.04036845013987	1.00545877925808	582
-0.06924136840657	1.72493661682302	27
0.04160013732706	1.00468673041439	162
0.0430992507299399	1.00326104207221	89
0.0409847658483999	1.00513822787385	582
0.0422145666767899	1.00412011001723	124
0.05016186835447	1.53379618716286	218
0.04160013732706	1.00468673041439	390
0.0424863391386201	1.00395907264506	722
0.04160013732706	1.00468673041439	55
0.04187248890107	1.00452497119926	27
0.0424863391386201	1.00395907264506	124
0.04160013732706	1.00468673041439	436
0.0424863391386201	1.00395907264506	331
0.0422145666767899	1.00412011001723	199
0.0412576979158199	1.00497575293314	124
0.04160013732706	1.00468673041439	404
0.0501689534724801	1.53441147942154	218
0.04371122577767	1.00229017267433	61
-0.0693491672274198	1.72482205735331	61
0.04160013732706	1.00468673041439	199
0.0424863391386201	1.00395907264506	180
0.04160013732706	1.00468673041439	162
0.0428280559997101	1.00342135116854	390
0.04160013732706	1.00468673041439	582
0.0422145666767899	1.00412011001723	401
0.0424863391386201	1.00395907264506	401
0.0422145666767899	1.00412011001723	349
0.0422145666767899	1.00412011001723	8
0.0428280559997101	1.00342135116854	124
0.0422145666767899	1.00412011001723	162
0.0422145666767899	1.00412011001723	8
0.0422145666767899	1.00412011001723	8
0.04160013732706	1.00468673041439	124
0.04160013732706	1.00468673041439	180
0.0422145666767899	1.00412011001723	155
0.0409847658483999	1.00513822787385	162
0.0424863391386201	1.00395907264506	3
-0.0693229649941398	1.72515814201093	636
0.04187248890107	1.00452497119926	390
0.0501689534724801	1.53441147942154	61
0.04187248890107	1.00452497119926	61
0.04160013732706	1.00468673041439	61
-0.0693229649941398	1.72515814201093	27
0.0409847658483999	1.00513822787385	27
0.04160013732706	1.00468673041439	371
0.0497814497756	1.53504277273395	124
-0.0693229649941398	1.72515814201093	404
0.0424863391386201	1.00395907264506	43
0.0676167214430099	1.95518922494245	17
0.0428280559997101	1.00342135116854	722
0.0498850111556299	1.53437305087792	61
0.04064196408278	1.00529559672823	61
0.0424863391386201	1.00395907264506	15
-0.06924136840657	1.72493661682302	27
0.04998186678345	1.5341617567398	124
0.04036845013987	1.00545877925808	404
0.04187248890107	1.00452497119926	457
0.04997488077554	1.53493871942332	218
-0.0692953215898902	1.72493981665132	218
0.04160013732706	1.00468673041439	722
0.0424863391386201	1.00395907264506	55
-0.06924136840657	1.72493661682302	452
0.0412576979158199	1.00497575293314	27
0.0428280559997101	1.00342135116854	457
0.0497883158466701	1.53448054888632	123
0.04187248890107	1.00452497119926	55
0.0412576979158199	1.00497575293314	61
0.04997488077554	1.53493871942332	260
0.04160013732706	1.00468673041439	582
0.04187248890107	1.00452497119926	8
-0.0180753056409801	2.14620777843677	357
0.0412576979158199	1.00497575293314	390
0.04187248890107	1.00452497119926	61
0.04187248890107	1.00452497119926	55
0.0422145666767899	1.00412011001723	55
0.04371122577767	1.00229017267433	61
-0.0690925385188299	1.72482900681441	83
0.0422145666767899	1.00412011001723	582
0.0430992507299399	1.00326104207221	371
0.0409847658483999	1.00513822787385	436
0.0498850111556299	1.53437305087792	618
0.0422145666767899	1.00412011001723	442
0.0409847658483999	1.00513822787385	349
0.04160013732706	1.00468673041439	89
0.04160013732706	1.00468673041439	412
0.0422145666767899	1.00412011001723	412
0.04160013732706	1.00468673041439	582
0.0497814497756	1.53504277273395	151
0.0428280559997101	1.00342135116854	27
0.0675823547983301	1.95436258823879	27
0.0501689534724801	1.53441147942154	55
0.04160013732706	1.00468673041439	412
0.0412576979158199	1.00497575293314	83
0.04036845013987	1.00545877925808	15
0.0409847658483999	1.00513822787385	15
0.04160013732706	1.00468673041439	8
0.0424863391386201	1.00395907264506	27
0.0498850111556299	1.53437305087792	27
0.0424863391386201	1.00395907264506	27
0.04064196408278	1.00529559672823	371
0.0409847658483999	1.00513822787385	371
0.04187248890107	1.00452497119926	371
-0.0691062019572399	1.72355175325384	180
0.0424863391386201	1.00395907264506	436
0.0424863391386201	1.00395907264506	27
0.0424863391386201	1.00395907264506	357
0.04064196408278	1.00529559672823	17
0.04187248890107	1.00452497119926	371
0.0422145666767899	1.00412011001723	314
0.04160013732706	1.00468673041439	61
0.04160013732706	1.00468673041439	61
0.05007183686245	1.5347271317717	27
0.0430992507299399	1.00326104207221	371
0.0498850111556299	1.53437305087792	166
0.0675613733699001	1.95461948100637	17
0.0424863391386201	1.00395907264506	55
-0.0692953215898902	1.72493981665132	27
0.0428280559997101	1.00342135116854	436
-0.0693630330824999	1.72595411557521	42
0.04997488077554	1.53493871942332	17
-0.0692010591650498	1.72561591353871	354
0.0409847658483999	1.00513822787385	717
0.0428280559997101	1.00342135116854	155
0.0412576979158199	1.00497575293314	314
0.04187248890107	1.00452497119926	61
0.04187248890107	1.00452497119926	349
0.04160013732706	1.00468673041439	248
0.04187248890107	1.00452497119926	180
-0.0693768868524298	1.72527166988414	357
0.0497746046108001	1.5339785940798	354
0.04160013732706	1.00468673041439	43
0.04160013732706	1.00468673041439	436
0.0422145666767899	1.00412011001723	314
0.04371122577767	1.00229017267433	8
0.04187248890107	1.00452497119926	8
0.04036845013987	1.00545877925808	371
0.0409847658483999	1.00513822787385	719
0.0497746046108001	1.5339785940798	354
0.0412576979158199	1.00497575293314	717
0.04996791562211	1.53411554644338	15
0.04160013732706	1.00468673041439	218
0.0428280559997101	1.00342135116854	349
0.0412576979158199	1.00497575293314	15
0.0412576979158199	1.00497575293314	248
-0.0693091493230402	1.72595109769969	27
0.0424863391386201	1.00395907264506	213
0.04996791562211	1.53411554644338	354
-0.0990660670202499	2.33981079328958	219
0.0424863391386201	1.00395907264506	15
0.0430992507299399	1.00326104207221	371
0.0424863391386201	1.00395907264506	180
0.0412576979158199	1.00497575293314	17
0.0424863391386201	1.00395907264506	314
0.04187248890107	1.00452497119926	8
0.0430992507299399	1.00326104207221	371
-0.09901385158927	2.34070556378321	101
0.04997488077554	1.53493871942332	43
0.04187248890107	1.00452497119926	149
0.04187248890107	1.00452497119926	357
0.0434406073993501	1.00244973962138	43
0.05007183686245	1.5347271317717	17
0.04064196408278	1.00529559672823	314
0.0428280559997101	1.00342135116854	61
0.0422145666767899	1.00412011001723	198
0.04187248890107	1.00452497119926	582
0.0422145666767899	1.00412011001723	15
0.0434406073993501	1.00244973962138	27
-0.0694168093592702	1.7258360136096	101
0.0497883158466701	1.53448054888632	43
0.04187248890107	1.00452497119926	245
0.04160013732706	1.00468673041439	83
0.0496917807550601	1.53447683339699	218
0.04160013732706	1.00468673041439	314
0.0422145666767899	1.00412011001723	55
0.0424863391386201	1.00395907264506	55
0.04187248890107	1.00452497119926	213
0.0497883158466701	1.53448054888632	166
0.0422145666767899	1.00412011001723	155
0.04160013732706	1.00468673041439	155
0.05045400239277	1.53249502235073	17
0.04160013732706	1.00468673041439	198
0.0422145666767899	1.00412011001723	198
0.0412576979158199	1.00497575293314	213
0.04187248890107	1.00452497119926	719
-0.0692551580327598	1.72583737770434	354
0.04996791562211	1.53411554644338	43
0.0428280559997101	1.00342135116854	166
0.0422145666767899	1.00412011001723	436
0.0675944990339601	1.95524511881705	17
0.04160013732706	1.00468673041439	198
0.0424863391386201	1.00395907264506	248
0.0676167214430099	1.95518922494245	33
0.04160013732706	1.00468673041439	61
0.04160013732706	1.00468673041439	198
0.05007183686245	1.5347271317717	15
0.0422145666767899	1.00412011001723	27
0.0422145666767899	1.00412011001723	27
0.04160013732706	1.00468673041439	436
0.0422145666767899	1.00412011001723	61
0.04036845013987	1.00545877925808	198
0.0422145666767899	1.00412011001723	582
0.0430992507299399	1.00326104207221	8
0.04187248890107	1.00452497119926	27
0.0428280559997101	1.00342135116854	61
0.0412576979158199	1.00497575293314	198
0.04187248890107	1.00452497119926	30
0.0422145666767899	1.00412011001723	8
0.0424863391386201	1.00395907264506	27
0.0501689534724801	1.53441147942154	27
-0.0179946097813799	2.14603800823915	357
0.05016186835447	1.53379618716286	218
0.05007183686245	1.5347271317717	218
0.0412576979158199	1.00497575293314	61
0.0422145666767899	1.00412011001723	61
0.0409847658483999	1.00513822787385	151
0.0496917807550601	1.53447683339699	415
0.0412576979158199	1.00497575293314	61
0.04160013732706	1.00468673041439	314
0.04187248890107	1.00452497119926	61
0.0409847658483999	1.00513822787385	61
0.04064196408278	1.00529559672823	30
0.0412576979158199	1.00497575293314	151
-0.0692551580327598	1.72583737770434	27
0.0400252853031899	1.00534830783408	371
0.04160013732706	1.00468673041439	3
0.071256437807	2.42271576027108	17
0.04187248890107	1.00452497119926	61
0.05027339656188	1.53286114131614	61
0.04187248890107	1.00452497119926	245
0.0409847658483999	1.00513822787385	8
0.0424863391386201	1.00395907264506	27
0.0409847658483999	1.00513822787385	321
0.0428280559997101	1.00342135116854	321
0.04187248890107	1.00452497119926	287
0.04187248890107	1.00452497119926	43
0.0422145666767899	1.00412011001723	610
0.0409847658483999	1.00513822787385	198
0.0422145666767899	1.00412011001723	8
0.0424863391386201	1.00395907264506	213
0.0422145666767899	1.00412011001723	287
0.04371122577767	1.00229017267433	346
0.04160013732706	1.00468673041439	35
0.0422145666767899	1.00412011001723	198
0.04187248890107	1.00452497119926	33
0.04371122577767	1.00229017267433	101
0.04987808511343	1.5350464079897	357
0.0424863391386201	1.00395907264506	415
0.0424863391386201	1.00395907264506	248
0.04997488077554	1.53493871942332	218
0.04064196408278	1.00529559672823	314
0.0412576979158199	1.00497575293314	61
0.0422145666767899	1.00412011001723	61
0.0424863391386201	1.00395907264506	213
0.04160013732706	1.00468673041439	287
0.0424863391386201	1.00395907264506	674
0.0497883158466701	1.53448054888632	357
0.0422145666767899	1.00412011001723	346
0.04187248890107	1.00452497119926	155
0.04160013732706	1.00468673041439	583
0.04996791562211	1.53411554644338	15
0.04160013732706	1.00468673041439	321
-0.0693768868524298	1.72527166988414	218
0.0412576979158199	1.00497575293314	415
0.05007183686245	1.5347271317717	17
0.04160013732706	1.00468673041439	610
0.0430992507299399	1.00326104207221	42
0.0412576979158199	1.00497575293314	43
0.0409847658483999	1.00513822787385	346
0.04187248890107	1.00452497119926	346
0.0422145666767899	1.00412011001723	346
0.05007183686245	1.5347271317717	61
0.0428280559997101	1.00342135116854	583
0.04160013732706	1.00468673041439	583
0.04160013732706	1.00468673041439	8
0.0422145666767899	1.00412011001723	248
0.04997488077554	1.53493871942332	354
0.0412576979158199	1.00497575293314	382
0.0422145666767899	1.00412011001723	276
0.0412576979158199	1.00497575293314	314
0.0422145666767899	1.00412011001723	61
0.04160013732706	1.00468673041439	198
0.04187248890107	1.00452497119926	583
0.0424863391386201	1.00395907264506	213
0.0428280559997101	1.00342135116854	354
0.04160013732706	1.00468673041439	155
0.0412576979158199	1.00497575293314	149
0.0500648117231	1.53400774588574	61
0.0409847658483999	1.00513822787385	33
0.0434406073993501	1.00244973962138	346
0.04160013732706	1.00468673041439	198
0.04187248890107	1.00452497119926	583
0.0430992507299399	1.00326104207221	8
0.0412576979158199	1.00497575293314	8
0.0424863391386201	1.00395907264506	27
0.04160013732706	1.00468673041439	213
0.04187248890107	1.00452497119926	674
-0.0693229649941398	1.72515814201093	17
0.04997488077554	1.53493871942332	314
0.04987808511343	1.5350464079897	314
0.0412576979158199	1.00497575293314	213
0.04996791562211	1.53411554644338	354
0.0430992507299399	1.00326104207221	43
-0.0693630330824999	1.72595411557521	123
0.0428280559997101	1.00342135116854	61
0.0422145666767899	1.00412011001723	61
0.0400252853031899	1.00534830783408	583
-0.0693091493230402	1.72595109769969	321
0.04997488077554	1.53493871942332	321
0.04987808511343	1.5350464079897	346
0.04187248890107	1.00452497119926	346
0.0424863391386201	1.00395907264506	149
0.04371122577767	1.00229017267433	314
0.0409847658483999	1.00513822787385	583
0.0409847658483999	1.00513822787385	27
0.0412576979158199	1.00497575293314	213
0.0428280559997101	1.00342135116854	213
0.0412576979158199	1.00497575293314	346
0.04187248890107	1.00452497119926	436
0.04036845013987	1.00545877925808	610
0.0424863391386201	1.00395907264506	610
0.0424863391386201	1.00395907264506	252
0.0424863391386201	1.00395907264506	8
0.04187248890107	1.00452497119926	649
0.04187248890107	1.00452497119926	213
-0.0693768868524298	1.72527166988414	42
-0.0694168093592702	1.7258360136096	35
0.0412576979158199	1.00497575293314	198
0.0422145666767899	1.00412011001723	126
0.0412576979158199	1.00497575293314	248
0.04036845013987	1.00545877925808	502
-0.0693630330824999	1.72595411557521	354
0.0428280559997101	1.00342135116854	155
0.05007183686245	1.5347271317717	298
0.04160013732706	1.00468673041439	61
0.04187248890107	1.00452497119926	30
0.04997488077554	1.53493871942332	15
0.0430992507299399	1.00326104207221	151
0.04160013732706	1.00468673041439	649
0.0424863391386201	1.00395907264506	213
0.0424863391386201	1.00395907264506	354
0.04371122577767	1.00229017267433	610
-0.0180761088792898	2.14492775807413	33
0.0422145666767899	1.00412011001723	287
0.0412576979158199	1.00497575293314	287
0.04987808511343	1.5350464079897	35
0.04187248890107	1.00452497119926	436
0.0430992507299399	1.00326104207221	298
0.04160013732706	1.00468673041439	610
0.04371122577767	1.00229017267433	27
0.04064196408278	1.00529559672823	213
0.0497814497756	1.53504277273395	287
0.04064196408278	1.00529559672823	357
0.04187248890107	1.00452497119926	30
0.04187248890107	1.00452497119926	287
0.04160013732706	1.00468673041439	354
0.04187248890107	1.00452497119926	155
0.0424863391386201	1.00395907264506	61
-0.0693630330824999	1.72595411557521	15
0.0422145666767899	1.00412011001723	321
0.04064196408278	1.00529559672823	287
0.0430992507299399	1.00326104207221	354
0.04187248890107	1.00452497119926	35
0.0428280559997101	1.00342135116854	298
0.0409847658483999	1.00513822787385	298
0.0424863391386201	1.00395907264506	276
0.0428280559997101	1.00342135116854	314
0.0409847658483999	1.00513822787385	61
0.04160013732706	1.00468673041439	303
0.0424863391386201	1.00395907264506	649
0.0430992507299399	1.00326104207221	287
0.0422145666767899	1.00412011001723	287
0.04187248890107	1.00452497119926	382
0.0498850111556299	1.53437305087792	155
0.04187248890107	1.00452497119926	198
0.0422145666767899	1.00412011001723	198
0.0424863391386201	1.00395907264506	303
0.0422145666767899	1.00412011001723	248
-0.0691873076300098	1.72482286180047	101
0.0428280559997101	1.00342135116854	35
-0.0180223571128399	2.14510988155479	149
0.0409847658483999	1.00513822787385	61
0.04160013732706	1.00468673041439	198
0.0428280559997101	1.00342135116854	303
0.04160013732706	1.00468673041439	248
0.04160013732706	1.00468673041439	42
0.0400252853031899	1.00534830783408	321
0.04187248890107	1.00452497119926	354
0.06758342942631	1.95513278928403	43
0.0428280559997101	1.00342135116854	346
0.0412576979158199	1.00497575293314	248
0.04187248890107	1.00452497119926	346
-0.0180206429788399	2.14616531979373	219
0.04160013732706	1.00468673041439	314
0.04187248890107	1.00452497119926	314
0.0400252853031899	1.00534830783408	198
0.0498850111556299	1.53437305087792	33
-0.0693091493230402	1.72595109769969	218
0.04064196408278	1.00529559672823	314
0.04187248890107	1.00452497119926	213
0.0428280559997101	1.00342135116854	321
0.0430992507299399	1.00326104207221	314
0.04036845013987	1.00545877925808	314
0.04187248890107	1.00452497119926	252
0.04187248890107	1.00452497119926	15
0.04160013732706	1.00468673041439	213
0.04160013732706	1.00468673041439	382
0.04371122577767	1.00229017267433	382
0.0424863391386201	1.00395907264506	276
0.0424863391386201	1.00395907264506	314
0.0422145666767899	1.00412011001723	314
0.04187248890107	1.00452497119926	610
0.0501689534724801	1.53441147942154	42
0.0428280559997101	1.00342135116854	321
0.04064196408278	1.00529559672823	714
0.0412576979158199	1.00497575293314	346
0.0422145666767899	1.00412011001723	346
0.0422145666767899	1.00412011001723	35
0.0422145666767899	1.00412011001723	3
0.06764000054526	1.95513283817126	276
0.0422145666767899	1.00412011001723	248
0.04187248890107	1.00452497119926	248
0.0424863391386201	1.00395907264506	33
0.0428280559997101	1.00342135116854	27
0.0500648117231	1.53400774588574	42
0.0422145666767899	1.00412011001723	610
0.04160013732706	1.00468673041439	198
0.04997488077554	1.53493871942332	68
0.04187248890107	1.00452497119926	287
0.0497883158466701	1.53448054888632	382
0.0422145666767899	1.00412011001723	346
0.0428280559997101	1.00342135116854	3
0.0498850111556299	1.53437305087792	610
0.04160013732706	1.00468673041439	68
-0.0694168093592702	1.7258360136096	101
0.0424863391386201	1.00395907264506	714
0.04996791562211	1.53411554644338	166
0.0424863391386201	1.00395907264506	346
0.0424863391386201	1.00395907264506	198
0.0430992507299399	1.00326104207221	30
-0.0693091493230402	1.72595109769969	94
0.0412576979158199	1.00497575293314	151
0.04036845013987	1.00545877925808	248
-0.0692551580327598	1.72583737770434	714
0.04160013732706	1.00468673041439	714
0.0409847658483999	1.00513822787385	287
0.0497814497756	1.53504277273395	357
0.04187248890107	1.00452497119926	298
0.04987117995193	1.53411217415911	61
0.0430992507299399	1.00326104207221	610
0.0430992507299399	1.00326104207221	198
0.0422145666767899	1.00412011001723	346
0.0422145666767899	1.00412011001723	346
-0.0693091493230402	1.72595109769969	155
0.04968497465935	1.53490875287205	126
0.0422145666767899	1.00412011001723	15
0.04187248890107	1.00452497119926	248
0.04187248890107	1.00452497119926	713
0.0430992507299399	1.00326104207221	346
-0.0181559202674602	2.14547867357317	126
0.04160013732706	1.00468673041439	248
0.04187248890107	1.00452497119926	502
0.0424863391386201	1.00395907264506	229
0.03975118810209	1.00551217757229	166
0.0424863391386201	1.00395907264506	610
0.0409847658483999	1.00513822787385	126
0.0424863391386201	1.00395907264506	151
-0.0691331392143102	1.72460150561685	68
-0.0692010591650498	1.72561591353871	42
0.0409847658483999	1.00513822787385	166
0.0412576979158199	1.00497575293314	276
0.0412576979158199	1.00497575293314	276
0.0500788828294501	1.53384650098352	123
0.04160013732706	1.00468673041439	30
0.0430992507299399	1.00326104207221	155
0.0409847658483999	1.00513822787385	61
0.0424863391386201	1.00395907264506	248
0.04064196408278	1.00529559672823	248
0.0500648117231	1.53400774588574	746
-0.0693229649941398	1.72515814201093	20
0.0500788828294501	1.53384650098352	151
0.05007183686245	1.5347271317717	248
0.07124014239698	2.42289509985599	33
0.0676055963706901	1.9552644005591	339
0.0424863391386201	1.00395907264506	61
0.0428280559997101	1.00342135116854	248
0.0412576979158199	1.00497575293314	198
0.04996791562211	1.53411554644338	92
0.04036845013987	1.00545877925808	436
0.0424863391386201	1.00395907264506	61
0.0502590856134999	1.53348070488333	61
0.0412576979158199	1.00497575293314	20
0.0409847658483999	1.00513822787385	198
0.0676055963706901	1.9552644005591	94
0.05016186835447	1.53379618716286	336
0.0428280559997101	1.00342135116854	248
0.05007183686245	1.5347271317717	126
0.0412576979158199	1.00497575293314	126
0.05017605939062	1.53341949176621	68
-0.0990669095350301	2.34084735936149	105
0.04064196408278	1.00529559672823	198
0.04160013732706	1.00468673041439	94
0.0409847658483999	1.00513822787385	126
0.04998186678345	1.5341617567398	68
-0.0179407673923802	2.14539469950066	105
-0.0695380078153298	1.72489447956081	20
0.04996791562211	1.53411554644338	94
-0.0990121300631102	2.33949248170359	92
-0.0690925385188299	1.72482900681441	105
0.06762787425703	1.95501491976175	105
0.0676511037013099	1.95505772738263	83
-0.0694844082134298	1.72515654847652	92
0.0430992507299399	1.00326104207221	198
-0.06924136840657	1.72493661682302	198
0.04160013732706	1.00468673041439	126
0.0497814497756	1.53504277273395	94
-0.0694704782029501	1.72557375604786	273
0.0497814497756	1.53504277273395	198
0.05007183686245	1.5347271317717	126
0.0428280559997101	1.00342135116854	336
0.0675944990339601	1.95524511881705	33
-0.0691605541453799	1.72415102275511	68
0.04160013732706	1.00468673041439	490
0.0424863391386201	1.00395907264506	490
0.0422145666767899	1.00412011001723	554
0.0501689534724801	1.53441147942154	61
0.04160013732706	1.00468673041439	198
0.0412576979158199	1.00497575293314	126
-0.0180206429788399	2.14616531979373	92
-0.0690244792899302	1.72381527136911	105
0.0409847658483999	1.00513822787385	105
0.03975118810209	1.00551217757229	629
0.04160013732706	1.00468673041439	126
0.0422145666767899	1.00412011001723	336
0.0424863391386201	1.00395907264506	68
0.0424863391386201	1.00395907264506	61
0.04997488077554	1.53493871942332	629
0.0412576979158199	1.00497575293314	20
-0.0695380078153298	1.72489447956081	126
0.0424863391386201	1.00395907264506	68
-0.0990669095350301	2.34084735936149	68
-0.0694168093592702	1.7258360136096	339
0.0430992507299399	1.00326104207221	3
0.0422145666767899	1.00412011001723	126
0.0430992507299399	1.00326104207221	126
0.04187248890107	1.00452497119926	92
0.0502590856134999	1.53348070488333	92
0.0422145666767899	1.00412011001723	336
0.0428280559997101	1.00342135116854	374
0.0430992507299399	1.00326104207221	629
0.04996791562211	1.53411554644338	20
0.0422145666767899	1.00412011001723	198
0.0675600885729399	1.95441853743153	531
0.0430992507299399	1.00326104207221	336
0.0412576979158199	1.00497575293314	198
-0.0180484160491701	2.14624998266137	531
-0.0179946097813799	2.14603800823915	92
0.0428280559997101	1.00342135116854	273
-0.0695380078153298	1.72489447956081	33
-0.0692551580327598	1.72583737770434	17
0.0428280559997101	1.00342135116854	198
0.0496917807550601	1.53447683339699	105
0.04987117995193	1.53411217415911	105
0.0424863391386201	1.00395907264506	126
0.0676622346081499	1.95488349887811	83
0.0409847658483999	1.00513822787385	231
0.0676855015847699	1.95401417096342	33
-0.0692551580327598	1.72583737770434	437
0.04160013732706	1.00468673041439	68
0.0430992507299399	1.00326104207221	266
0.04160013732706	1.00468673041439	490
0.04160013732706	1.00468673041439	425
0.0498850111556299	1.53437305087792	68
0.0430992507299399	1.00326104207221	35
0.0495954057772401	1.53434286247939	52
-0.0694704782029501	1.72557375604786	17
-0.0990121300631102	2.33949248170359	105
0.0422145666767899	1.00412011001723	24
-0.0693229649941398	1.72515814201093	24
0.0430992507299399	1.00326104207221	420
0.0430992507299399	1.00326104207221	626
-0.0692010591650498	1.72561591353871	531
0.0424863391386201	1.00395907264506	24
0.0409847658483999	1.00513822787385	92
-0.0180197337980101	2.14496587509245	33
0.0412576979158199	1.00497575293314	525
0.04160013732706	1.00468673041439	20
0.0501689534724801	1.53441147942154	96
-0.0990669095350301	2.34084735936149	20
0.0430992507299399	1.00326104207221	24
0.04160013732706	1.00468673041439	266
0.0676289251336899	1.95511350290471	83
-0.0692010591650498	1.72561591353871	96
0.04160013732706	1.00468673041439	626
0.04064196408278	1.00529559672823	425
0.04160013732706	1.00468673041439	24
0.0412576979158199	1.00497575293314	437
0.0424863391386201	1.00395907264506	149
0.0424863391386201	1.00395907264506	525
0.04160013732706	1.00468673041439	20
0.0422145666767899	1.00412011001723	20
0.0412576979158199	1.00497575293314	198
0.04160013732706	1.00468673041439	231
0.05007183686245	1.5347271317717	24
0.04036845013987	1.00545877925808	33
0.0424863391386201	1.00395907264506	149
0.0501689534724801	1.53441147942154	20
0.04187248890107	1.00452497119926	425
0.04160013732706	1.00468673041439	24
0.04997488077554	1.53493871942332	33
0.0430992507299399	1.00326104207221	298
0.04187248890107	1.00452497119926	626
0.0409847658483999	1.00513822787385	198
-0.0692010591650498	1.72561591353871	24
0.04160013732706	1.00468673041439	437
0.07126457237062	2.4214754166752	123
0.05035646359533	1.53305351011994	20
0.04064196408278	1.00529559672823	266
0.0422145666767899	1.00412011001723	96
-0.0693229649941398	1.72515814201093	20
0.0428280559997101	1.00342135116854	96
0.04997488077554	1.53493871942332	153
0.0502662307017301	1.53398396288833	52
0.0424863391386201	1.00395907264506	20
0.04187248890107	1.00452497119926	105
0.0430992507299399	1.00326104207221	198
0.0500648117231	1.53400774588574	33
0.04987808511343	1.5350464079897	266
0.0428280559997101	1.00342135116854	96
0.04036845013987	1.00545877925808	20
0.04187248890107	1.00452497119926	24
0.0412576979158199	1.00497575293314	96
0.04160013732706	1.00468673041439	525
0.04987808511343	1.5350464079897	20
0.0422145666767899	1.00412011001723	20
0.0496917807550601	1.53447683339699	24
0.0428280559997101	1.00342135116854	425
-0.0181021862068098	2.14606762955528	266
0.0501689534724801	1.53441147942154	20
0.04998186678345	1.5341617567398	33
0.0409847658483999	1.00513822787385	437
0.04160013732706	1.00468673041439	35
0.04187248890107	1.00452497119926	298
0.0675723875407499	1.95492585543584	123
0.0412576979158199	1.00497575293314	626
0.0676167214430099	1.95518922494245	531
0.06762787425703	1.95501491976175	83
0.0409847658483999	1.00513822787385	24
0.04187248890107	1.00452497119926	24
0.04064196408278	1.00529559672823	96
0.0430992507299399	1.00326104207221	198
0.0428280559997101	1.00342135116854	126
0.0424863391386201	1.00395907264506	24
0.0428280559997101	1.00342135116854	437
-0.0693091493230402	1.72595109769969	35
-0.0692953215898902	1.72493981665132	105
0.0422145666767899	1.00412011001723	437
-0.01796856921727	2.14489815723515	339
0.0496917807550601	1.53447683339699	20
0.0409847658483999	1.00513822787385	198
0.04160013732706	1.00468673041439	149
0.04187248890107	1.00452497119926	198
0.0434406073993501	1.00244973962138	24
-0.0180484160491701	2.14624998266137	33
0.0409847658483999	1.00513822787385	670
0.0434406073993501	1.00244973962138	626
0.05007183686245	1.5347271317717	105
0.0498850111556299	1.53437305087792	79
0.0424863391386201	1.00395907264506	92
0.0501689534724801	1.53441147942154	617
0.0412576979158199	1.00497575293314	52
0.0428280559997101	1.00342135116854	670
0.0424863391386201	1.00395907264506	626
-0.0692551580327598	1.72583737770434	105
0.04997488077554	1.53493871942332	531
0.0409847658483999	1.00513822787385	79
-0.0692010591650498	1.72561591353871	91
0.04187248890107	1.00452497119926	20
-0.0694844082134298	1.72515654847652	91
0.0412576979158199	1.00497575293314	198
0.0422145666767899	1.00412011001723	126
0.0676744203575499	1.95408914823252	79
0.0430992507299399	1.00326104207221	198
-0.0693630330824999	1.72595411557521	92
0.04997488077554	1.53493871942332	91
0.04968497465935	1.53490875287205	266
0.0494031357375	1.53330765995257	670
-0.0690925385188299	1.72482900681441	198
0.04998186678345	1.5341617567398	126
0.0409847658483999	1.00513822787385	126
0.04160013732706	1.00468673041439	126
0.04187248890107	1.00452497119926	126
0.0498850111556299	1.53437305087792	79
0.0424863391386201	1.00395907264506	20
0.04187248890107	1.00452497119926	79
0.0501689534724801	1.53441147942154	617
0.04187248890107	1.00452497119926	91
0.04187248890107	1.00452497119926	3
0.0412576979158199	1.00497575293314	730
0.04998186678345	1.5341617567398	20
0.04064196408278	1.00529559672823	617
0.0713679455887599	2.42273201795144	33
0.05016186835447	1.53379618716286	105
0.0428280559997101	1.00342135116854	20
0.0422145666767899	1.00412011001723	126
-0.0179946097813799	2.14603800823915	92
0.04187248890107	1.00452497119926	3
0.04371122577767	1.00229017267433	20
0.0424863391386201	1.00395907264506	92
-0.0692010591650498	1.72561591353871	91
0.0422145666767899	1.00412011001723	20
0.04987117995193	1.53411217415911	169
0.04160013732706	1.00468673041439	20
0.0424863391386201	1.00395907264506	126
-0.0694844082134298	1.72515654847652	126
0.0675944990339601	1.95524511881705	92
0.06758342942631	1.95513278928403	92
0.0412576979158199	1.00497575293314	730
0.0412576979158199	1.00497575293314	92
0.0430992507299399	1.00326104207221	35
0.0422145666767899	1.00412011001723	198
-0.0693630330824999	1.72595411557521	84
0.05016186835447	1.53379618716286	91
0.0412576979158199	1.00497575293314	730
-0.0692551580327598	1.72583737770434	20
0.04987808511343	1.5350464079897	126
0.0496917807550601	1.53447683339699	79
0.06762787425703	1.95501491976175	92
0.0430992507299399	1.00326104207221	617
-0.0693630330824999	1.72595411557521	173
0.0430992507299399	1.00326104207221	250
0.0495954057772401	1.53434286247939	149
0.04160013732706	1.00468673041439	20
0.0424863391386201	1.00395907264506	20
0.0424863391386201	1.00395907264506	105
0.05007183686245	1.5347271317717	105
0.04187248890107	1.00452497119926	198
0.04036845013987	1.00545877925808	79
0.0422145666767899	1.00412011001723	173
0.04187248890107	1.00452497119926	20
0.0424863391386201	1.00395907264506	126
0.0412576979158199	1.00497575293314	91
0.0676744203575499	1.95408914823252	339
0.0676178774598599	1.95500113100214	149
0.04160013732706	1.00468673041439	52
0.0424863391386201	1.00395907264506	169
0.0424863391386201	1.00395907264506	20
0.0424863391386201	1.00395907264506	198
0.0424863391386201	1.00395907264506	126
0.0500648117231	1.53400774588574	84
-0.0694704782029501	1.72557375604786	52
0.04160013732706	1.00468673041439	198
0.05007183686245	1.5347271317717	79
0.0412576979158199	1.00497575293314	79
0.0676055963706901	1.9552644005591	92
0.0497883158466701	1.53448054888632	91
-0.0692551580327598	1.72583737770434	91
-0.0692551580327598	1.72583737770434	52
-0.0692551580327598	1.72583737770434	169
0.04160013732706	1.00468673041439	20
0.04997488077554	1.53493871942332	79
0.0424863391386201	1.00395907264506	3
0.04968497465935	1.53490875287205	149
0.04160013732706	1.00468673041439	664
-0.0180761088792898	2.14492775807413	169
0.0412576979158199	1.00497575293314	20
0.0676178774598599	1.95500113100214	84
-0.0180484160491701	2.14624998266137	92
0.0676167214430099	1.95518922494245	91
0.0412576979158199	1.00497575293314	298
0.0424863391386201	1.00395907264506	664
0.04036845013987	1.00545877925808	169
-0.0692689356204399	1.72493697905846	84
0.0428280559997101	1.00342135116854	617
0.07118030619982	2.42292945314167	339
0.0675944990339601	1.95524511881705	52
-0.0693091493230402	1.72595109769969	126
0.0502590856134999	1.53348070488333	84
0.04036845013987	1.00545877925808	84
0.04987117995193	1.53411217415911	91
0.0424863391386201	1.00395907264506	35
0.04160013732706	1.00468673041439	298
0.04160013732706	1.00468673041439	298
0.04987808511343	1.5350464079897	126
0.0430992507299399	1.00326104207221	84
0.04036845013987	1.00545877925808	298
0.04187248890107	1.00452497119926	52
0.0496917807550601	1.53447683339699	126
0.04997488077554	1.53493871942332	84
0.04997488077554	1.53493871942332	634
0.0409847658483999	1.00513822787385	173
0.0424863391386201	1.00395907264506	298
-0.0693229649941398	1.72515814201093	52
0.04996791562211	1.53411554644338	20
0.04160013732706	1.00468673041439	20
0.0412576979158199	1.00497575293314	126
0.0424863391386201	1.00395907264506	84
0.0496917807550601	1.53447683339699	617
0.0424863391386201	1.00395907264506	126
0.0422145666767899	1.00412011001723	126
0.0430992507299399	1.00326104207221	84
0.0676055963706901	1.9552644005591	84
0.0424863391386201	1.00395907264506	92
0.05016186835447	1.53379618716286	91
0.0422145666767899	1.00412011001723	3
0.0502590856134999	1.53348070488333	20
0.07141955904418	2.42223221217048	422
0.04036845013987	1.00545877925808	126
0.0424863391386201	1.00395907264506	91
0.0422145666767899	1.00412011001723	52
0.05035646359533	1.53305351011994	169
0.04998186678345	1.5341617567398	20
0.04187248890107	1.00452497119926	91
0.04160013732706	1.00468673041439	91
0.0412576979158199	1.00497575293314	298
0.0412576979158199	1.00497575293314	3
0.0412576979158199	1.00497575293314	126
0.04160013732706	1.00468673041439	634
0.0676622346081499	1.95488349887811	92
0.0422145666767899	1.00412011001723	91
0.0502662307017301	1.53398396288833	250
0.04997488077554	1.53493871942332	35
0.0412576979158199	1.00497575293314	52
0.04160013732706	1.00468673041439	52
0.04187248890107	1.00452497119926	169
-0.0693630330824999	1.72595411557521	422
-0.06896998769732	1.72321592818684	126
-0.0693091493230402	1.72595109769969	84
0.04987808511343	1.5350464079897	84
-0.0180761088792898	2.14492775807413	84
0.06765234115591	1.95395751830995	92
-0.0693091493230402	1.72595109769969	52
-0.0693091493230402	1.72595109769969	169
-0.0693630330824999	1.72595411557521	20
0.0412576979158199	1.00497575293314	126
-0.0693091493230402	1.72595109769969	20
-0.0690788631152199	1.72426925020167	12
0.0430992507299399	1.00326104207221	20
0.04987808511343	1.5350464079897	84
0.0500788828294501	1.53384650098352	84
0.0412576979158199	1.00497575293314	634
0.0412576979158199	1.00497575293314	634
-0.0693768868524298	1.72527166988414	92
-0.0691331392143102	1.72460150561685	91
-0.0180215174297902	2.1461943054577	91
-0.0990677182883499	2.3406087671883	91
0.0409847658483999	1.00513822787385	52
-0.09909302256724	2.33981342651827	20
0.0424863391386201	1.00395907264506	720
0.0497746046108001	1.5339785940798	84
0.0430992507299399	1.00326104207221	634
0.0434406073993501	1.00244973962138	298
0.0424863391386201	1.00395907264506	126
0.04371122577767	1.00229017267433	720
0.04997488077554	1.53493871942332	91
0.0430992507299399	1.00326104207221	169
0.0422145666767899	1.00412011001723	20
0.04997488077554	1.53493871942332	92
0.04187248890107	1.00452497119926	617
-0.0692010591650498	1.72561591353871	52
-0.0692689356204399	1.72493697905846	20
0.04987808511343	1.5350464079897	20
0.0430992507299399	1.00326104207221	126
0.04987808511343	1.5350464079897	92
0.0434406073993501	1.00244973962138	92
0.04968497465935	1.53490875287205	52
0.0497814497756	1.53504277273395	126
-0.0692010591650498	1.72561591353871	91
0.04160013732706	1.00468673041439	91
0.0676055963706901	1.9552644005591	35
0.04160013732706	1.00468673041439	52
0.0424863391386201	1.00395907264506	126
0.0412576979158199	1.00497575293314	126
0.0424863391386201	1.00395907264506	126
0.0497814497756	1.53504277273395	126
0.0422145666767899	1.00412011001723	91
0.0412576979158199	1.00497575293314	665
-0.09901466171114	2.33945265376684	92
0.04160013732706	1.00468673041439	91
-0.0691873076300098	1.72482286180047	91
-0.0179954676819598	2.14505426819744	91
0.04036845013987	1.00545877925808	126
0.04187248890107	1.00452497119926	126
0.04160013732706	1.00468673041439	126
0.06764000054526	1.95513283817126	84
0.0409847658483999	1.00513822787385	52
0.05027339656188	1.53286114131614	169
0.0424863391386201	1.00395907264506	126
0.0424863391386201	1.00395907264506	84
0.0412576979158199	1.00497575293314	35
-0.0694307012425899	1.72527460776237	52
0.04987808511343	1.5350464079897	169
0.0409847658483999	1.00513822787385	20
0.05007183686245	1.5347271317717	20
0.0495954057772401	1.53434286247939	634
0.0501689534724801	1.53441147942154	657
-0.0692953215898902	1.72493981665132	169
0.0500788828294501	1.53384650098352	20
-0.0180475598046401	2.14632166201908	91
0.04187248890107	1.00452497119926	665
0.06766336688358	1.95406979477964	92
0.04187248890107	1.00452497119926	91
0.04187248890107	1.00452497119926	665
-0.0693630330824999	1.72595411557521	422
0.05016186835447	1.53379618716286	657
0.0424863391386201	1.00395907264506	52
0.04987808511343	1.5350464079897	20
-0.0691331392143102	1.72460150561685	20
0.04996791562211	1.53411554644338	20
0.0409847658483999	1.00513822787385	126
0.0430992507299399	1.00326104207221	126
0.0424863391386201	1.00395907264506	298
0.0430992507299399	1.00326104207221	720
0.0497746046108001	1.5339785940798	92
0.04987117995193	1.53411217415911	91
0.0500648117231	1.53400774588574	91
0.0424863391386201	1.00395907264506	52
-0.0692551580327598	1.72583737770434	20
0.05007183686245	1.5347271317717	20
0.0430992507299399	1.00326104207221	720
0.0500788828294501	1.53384650098352	91
0.0498850111556299	1.53437305087792	339
0.04187248890107	1.00452497119926	109
0.0428280559997101	1.00342135116854	20
0.04996791562211	1.53411554644338	126
0.0424863391386201	1.00395907264506	720
0.0428280559997101	1.00342135116854	52
0.0412576979158199	1.00497575293314	126
0.04160013732706	1.00468673041439	126
0.0430992507299399	1.00326104207221	126
0.0424863391386201	1.00395907264506	634
0.0496781894949201	1.53366797698559	91
0.0495954057772401	1.53434286247939	20
0.0424863391386201	1.00395907264506	126
0.04036845013987	1.00545877925808	126
0.0430992507299399	1.00326104207221	634
0.04160013732706	1.00468673041439	52
0.0412576979158199	1.00497575293314	169
0.05016186835447	1.53379618716286	20
0.04187248890107	1.00452497119926	126
0.0409847658483999	1.00513822787385	720
-0.0692147986855698	1.72460488186238	92
-0.0694307012425899	1.72527460776237	52
0.0424863391386201	1.00395907264506	109
0.05016186835447	1.53379618716286	20
0.0422145666767899	1.00412011001723	91
0.0412576979158199	1.00497575293314	91
0.04187248890107	1.00452497119926	84
0.0497883158466701	1.53448054888632	92
0.05007183686245	1.5347271317717	52
0.04160013732706	1.00468673041439	720
0.04187248890107	1.00452497119926	617
-0.0691873076300098	1.72482286180047	242
0.0501689534724801	1.53441147942154	242
0.04187248890107	1.00452497119926	242
0.04997488077554	1.53493871942332	52
0.0676622346081499	1.95488349887811	169
0.04187248890107	1.00452497119926	634
0.0501689534724801	1.53441147942154	617
0.04187248890107	1.00452497119926	109
0.0496917807550601	1.53447683339699	20
0.0422145666767899	1.00412011001723	92
0.0409847658483999	1.00513822787385	91
0.0502662307017301	1.53398396288833	266
0.05016186835447	1.53379618716286	169
0.06758342942631	1.95513278928403	169
0.04187248890107	1.00452497119926	20
-0.0693630330824999	1.72595411557521	92
0.0412576979158199	1.00497575293314	35
0.04187248890107	1.00452497119926	109
0.04160013732706	1.00468673041439	52
-0.0691873076300098	1.72482286180047	52
0.0498850111556299	1.53437305087792	92
0.0500648117231	1.53400774588574	92
-0.0694844082134298	1.72515654847652	657
0.0424863391386201	1.00395907264506	657
0.0428280559997101	1.00342135116854	109
-0.0991484536767899	2.33967183935223	169
0.04371122577767	1.00229017267433	169
0.0424863391386201	1.00395907264506	758
0.0434406073993501	1.00244973962138	308
0.0424863391386201	1.00395907264506	3
0.0409847658483999	1.00513822787385	433
0.0502590856134999	1.53348070488333	92
0.0422145666767899	1.00412011001723	308
0.0409847658483999	1.00513822787385	308
-0.0180744676062701	2.14637737308454	52
0.0412576979158199	1.00497575293314	52
0.04160013732706	1.00468673041439	20
0.04187248890107	1.00452497119926	20
0.0412576979158199	1.00497575293314	20
-0.0693491672274198	1.72482205735331	20
0.0434406073993501	1.00244973962138	308
0.0412576979158199	1.00497575293314	52
0.04160013732706	1.00468673041439	52
0.0428280559997101	1.00342135116854	20
0.0424863391386201	1.00395907264506	20
-0.0693630330824999	1.72595411557521	92
0.04187248890107	1.00452497119926	92
0.0409847658483999	1.00513822787385	695
0.04187248890107	1.00452497119926	52
-0.0691873076300098	1.72482286180047	20
0.0675712078223301	1.95443774252574	169
0.0412576979158199	1.00497575293314	308
0.04187248890107	1.00452497119926	109
0.0424863391386201	1.00395907264506	20
0.0430992507299399	1.00326104207221	92
0.0497814497756	1.53504277273395	91
-0.0694844082134298	1.72515654847652	52
-0.0692551580327598	1.72583737770434	20
0.04187248890107	1.00452497119926	92
0.0412576979158199	1.00497575293314	92
0.0502662307017301	1.53398396288833	92
0.0412576979158199	1.00497575293314	308
-0.0691873076300098	1.72482286180047	91
0.04371122577767	1.00229017267433	695
0.04160013732706	1.00468673041439	695
0.0497746046108001	1.5339785940798	695
0.04187248890107	1.00452497119926	242
0.0424863391386201	1.00395907264506	52
-0.0692953215898902	1.72493981665132	169
0.04036845013987	1.00545877925808	3
-0.0181021862068098	2.14606762955528	169
0.0424863391386201	1.00395907264506	433
0.0500648117231	1.53400774588574	169
0.0496917807550601	1.53447683339699	110
-0.0989590713504001	2.34019890397602	538
0.04064196408278	1.00529559672823	52
-0.0692147986855698	1.72460488186238	169
0.0500648117231	1.53400774588574	110
-0.0180744676062701	2.14637737308454	92
0.04987808511343	1.5350464079897	92
0.0428280559997101	1.00342135116854	110
0.0497814497756	1.53504277273395	91
0.0428280559997101	1.00342135116854	91
0.0409847658483999	1.00513822787385	35
0.04160013732706	1.00468673041439	90
-0.0181551368805502	2.14595409124009	84
0.04160013732706	1.00468673041439	90
0.0424863391386201	1.00395907264506	25
0.05045400239277	1.53249502235073	92
0.04187248890107	1.00452497119926	52
0.05007183686245	1.5347271317717	20
-0.0694844082134298	1.72515654847652	20
0.0428280559997101	1.00342135116854	106
0.04968497465935	1.53490875287205	110
0.04160013732706	1.00468673041439	110
0.0422145666767899	1.00412011001723	90
0.04987117995193	1.53411217415911	110
0.0497883158466701	1.53448054888632	25
0.04996791562211	1.53411554644338	695
0.0430992507299399	1.00326104207221	695
0.0424863391386201	1.00395907264506	657
0.0676167214430099	1.95518922494245	169
0.0424863391386201	1.00395907264506	392
-0.0692147986855698	1.72460488186238	110
0.04160013732706	1.00468673041439	106
0.04998186678345	1.5341617567398	91
0.04187248890107	1.00452497119926	91
-0.0693091493230402	1.72595109769969	52
0.05016186835447	1.53379618716286	110
0.04187248890107	1.00452497119926	90
0.0424863391386201	1.00395907264506	695
0.0422145666767899	1.00412011001723	242
0.0409847658483999	1.00513822787385	90
0.0430992507299399	1.00326104207221	308
0.0676289251336899	1.95511350290471	743
0.04187248890107	1.00452497119926	90
-0.0180466688154	2.14522868025351	92
0.0497814497756	1.53504277273395	106
0.04987808511343	1.5350464079897	106
0.05007183686245	1.5347271317717	91
0.0412576979158199	1.00497575293314	91
0.04160013732706	1.00468673041439	110
0.0675600885729399	1.95441853743153	536
0.0428280559997101	1.00342135116854	308
0.04987117995193	1.53411217415911	743
0.0412576979158199	1.00497575293314	392
0.0676622346081499	1.95488349887811	169
0.04371122577767	1.00229017267433	110
0.05007183686245	1.5347271317717	25
0.04187248890107	1.00452497119926	106
0.0430992507299399	1.00326104207221	695
0.05007183686245	1.5347271317717	52
0.0430992507299399	1.00326104207221	52
0.0412576979158199	1.00497575293314	20
0.04160013732706	1.00468673041439	20
0.0501689534724801	1.53441147942154	20
0.04160013732706	1.00468673041439	106
0.04187248890107	1.00452497119926	106
0.0422145666767899	1.00412011001723	110
0.0675489970438601	1.95430638104481	84
0.0409847658483999	1.00513822787385	106
0.06766336688358	1.95406979477964	91
0.04187248890107	1.00452497119926	110
0.0422145666767899	1.00412011001723	110
0.0409847658483999	1.00513822787385	106
0.04187248890107	1.00452497119926	110
0.06764000054526	1.95513283817126	536
0.04160013732706	1.00468673041439	25
0.04187248890107	1.00452497119926	106
0.0424863391386201	1.00395907264506	20
0.0422145666767899	1.00412011001723	106
0.0412576979158199	1.00497575293314	35
-0.0693229649941398	1.72515814201093	84
0.04160013732706	1.00468673041439	110
0.0495954057772401	1.53434286247939	110
0.0424863391386201	1.00395907264506	106
0.04187248890107	1.00452497119926	106
0.0430992507299399	1.00326104207221	106
-0.0693091493230402	1.72595109769969	743
0.04997488077554	1.53493871942332	695
0.04371122577767	1.00229017267433	3
0.04187248890107	1.00452497119926	242
0.0409847658483999	1.00513822787385	90
0.0424863391386201	1.00395907264506	308
0.04997488077554	1.53493871942332	695
-0.0692953215898902	1.72493981665132	110
0.04996791562211	1.53411554644338	110
0.0675379332283099	1.95409971841094	110
0.0430992507299399	1.00326104207221	25
0.0424863391386201	1.00395907264506	25
0.04160013732706	1.00468673041439	106
-0.0692010591650498	1.72561591353871	695
0.04187248890107	1.00452497119926	25
-0.0694844082134298	1.72515654847652	538
0.05007183686245	1.5347271317717	289
0.0424863391386201	1.00395907264506	20
0.04987808511343	1.5350464079897	110
0.0424863391386201	1.00395907264506	110
0.04064196408278	1.00529559672823	90
0.0409847658483999	1.00513822787385	169
0.0412576979158199	1.00497575293314	298
0.0409847658483999	1.00513822787385	298
-0.0691062019572399	1.72355175325384	242
0.0424863391386201	1.00395907264506	109
0.0434406073993501	1.00244973962138	20
0.04187248890107	1.00452497119926	308
-0.09901300769604	2.34073905987293	743
0.0424863391386201	1.00395907264506	110
0.0424863391386201	1.00395907264506	109
0.04160013732706	1.00468673041439	52
0.04996791562211	1.53411554644338	169
0.0424863391386201	1.00395907264506	90
0.0713679455887599	2.42273201795144	84
0.0676744203575499	1.95408914823252	84
0.04160013732706	1.00468673041439	106
0.04064196408278	1.00529559672823	106
0.0676055963706901	1.9552644005591	87
0.0424863391386201	1.00395907264506	242
0.06758342942631	1.95513278928403	169
0.04987808511343	1.5350464079897	169
0.04987808511343	1.5350464079897	110
0.0434406073993501	1.00244973962138	110
0.0422145666767899	1.00412011001723	110
0.04160013732706	1.00468673041439	106
0.04160013732706	1.00468673041439	106
0.06763905481846	1.95473247290848	91
0.06764000054526	1.95513283817126	20
0.04160013732706	1.00468673041439	110
0.0497814497756	1.53504277273395	110
0.04036845013987	1.00545877925808	106
0.0428280559997101	1.00342135116854	35
0.0422145666767899	1.00412011001723	20
0.0675849007907301	1.9540727346384	169
0.0412576979158199	1.00497575293314	106
0.0422145666767899	1.00412011001723	106
0.0412576979158199	1.00497575293314	87
0.0676167214430099	1.95518922494245	87
0.0500788828294501	1.53384650098352	91
-0.0693229649941398	1.72515814201093	169
0.0497883158466701	1.53448054888632	84
-0.0693091493230402	1.72595109769969	84
0.0424863391386201	1.00395907264506	308
-0.0180215174297902	2.1461943054577	91
0.04996791562211	1.53411554644338	110
0.0422145666767899	1.00412011001723	110
0.0409847658483999	1.00513822787385	90
0.0409847658483999	1.00513822787385	109
-0.0693630330824999	1.72595411557521	110
-0.0694168093592702	1.7258360136096	91
0.0422145666767899	1.00412011001723	106
0.0497814497756	1.53504277273395	87
0.06774132423364	1.95181549016929	91
-0.0692551580327598	1.72583737770434	20
0.05007183686245	1.5347271317717	169
0.05007183686245	1.5347271317717	169
-0.0692551580327598	1.72583737770434	169
-0.0692010591650498	1.72561591353871	110
0.0430992507299399	1.00326104207221	281
0.06765234115591	1.95395751830995	242
-0.0691468526749102	1.72528340275446	84
-0.0694844082134298	1.72515654847652	106
-0.0691468526749102	1.72528340275446	87
0.04160013732706	1.00468673041439	298
0.0412576979158199	1.00497575293314	298
0.05007183686245	1.5347271317717	52
0.04187248890107	1.00452497119926	110
0.04187248890107	1.00452497119926	90
0.04160013732706	1.00468673041439	91
-0.0691873076300098	1.72482286180047	169
-0.0989860438377899	2.34052623750534	169
-0.0693630330824999	1.72595411557521	84
0.0498850111556299	1.53437305087792	52
0.04187248890107	1.00452497119926	90
0.04987808511343	1.5350464079897	735
0.0430992507299399	1.00326104207221	84
0.04187248890107	1.00452497119926	106
0.04987808511343	1.5350464079897	91
0.04160013732706	1.00468673041439	109
0.0500648117231	1.53400774588574	110
-0.0691873076300098	1.72482286180047	91
0.04064196408278	1.00529559672823	764
0.05016186835447	1.53379618716286	84
0.0412576979158199	1.00497575293314	320
0.0422145666767899	1.00412011001723	396
-0.0692953215898902	1.72493981665132	20
0.04187248890107	1.00452497119926	652
0.0409847658483999	1.00513822787385	25
-0.0693091493230402	1.72595109769969	52
0.0497814497756	1.53504277273395	20
0.0430992507299399	1.00326104207221	110
0.04187248890107	1.00452497119926	110
0.04987808511343	1.5350464079897	84
-0.0692551580327598	1.72583737770434	169
0.0422145666767899	1.00412011001723	25
0.04987117995193	1.53411217415911	84
0.0430992507299399	1.00326104207221	298
0.04187248890107	1.00452497119926	298
0.0412576979158199	1.00497575293314	608
0.0422145666767899	1.00412011001723	106
0.0430992507299399	1.00326104207221	106
0.0501689534724801	1.53441147942154	122
0.0430992507299399	1.00326104207221	764
0.04160013732706	1.00468673041439	281
-0.0694168093592702	1.7258360136096	91
0.04064196408278	1.00529559672823	222
0.0422145666767899	1.00412011001723	608
0.0424863391386201	1.00395907264506	608
0.04187248890107	1.00452497119926	298
0.0430992507299399	1.00326104207221	109
0.0430992507299399	1.00326104207221	396
0.04160013732706	1.00468673041439	298
0.0424863391386201	1.00395907264506	20
0.04187248890107	1.00452497119926	608
-0.0179946097813799	2.14603800823915	84
0.0428280559997101	1.00342135116854	106
0.04160013732706	1.00468673041439	320
0.04987808511343	1.5350464079897	122
0.0409847658483999	1.00513822787385	109
0.0422145666767899	1.00412011001723	90
0.04996791562211	1.53411554644338	106
0.0409847658483999	1.00513822787385	106
0.0424863391386201	1.00395907264506	396
-0.0180206429788399	2.14616531979373	169
-0.0694307012425899	1.72527460776237	608
-0.0694168093592702	1.7258360136096	169
0.0409847658483999	1.00513822787385	90
-0.0695380078153298	1.72489447956081	84
0.04997488077554	1.53493871942332	608
0.0409847658483999	1.00513822787385	281
0.0412576979158199	1.00497575293314	3
0.04187248890107	1.00452497119926	110
0.05007183686245	1.5347271317717	106
0.0497814497756	1.53504277273395	106
-0.0693091493230402	1.72595109769969	87
0.04187248890107	1.00452497119926	109
-0.0693768868524298	1.72527166988414	608
0.0424863391386201	1.00395907264506	90
0.0412576979158199	1.00497575293314	90
0.0422145666767899	1.00412011001723	281
0.0424863391386201	1.00395907264506	281
0.0424863391386201	1.00395907264506	298
0.0422145666767899	1.00412011001723	106
0.0498850111556299	1.53437305087792	87
0.0422145666767899	1.00412011001723	91
0.0497814497756	1.53504277273395	91
0.0428280559997101	1.00342135116854	110
0.04160013732706	1.00468673041439	109
-0.0692689356204399	1.72493697905846	169
0.0412576979158199	1.00497575293314	110
0.05007183686245	1.5347271317717	25
0.0412576979158199	1.00497575293314	106
0.04064196408278	1.00529559672823	3
0.04187248890107	1.00452497119926	109
0.04160013732706	1.00468673041439	764
0.04187248890107	1.00452497119926	52
0.0409847658483999	1.00513822787385	20
0.0434406073993501	1.00244973962138	90
0.0497883158466701	1.53448054888632	91
0.0501689534724801	1.53441147942154	52
0.0424863391386201	1.00395907264506	20
0.04187248890107	1.00452497119926	110
0.04187248890107	1.00452497119926	90
0.04187248890107	1.00452497119926	106
0.0430992507299399	1.00326104207221	91
0.05016186835447	1.53379618716286	20
0.0409847658483999	1.00513822787385	20
0.04187248890107	1.00452497119926	110
0.0412576979158199	1.00497575293314	90
0.0424863391386201	1.00395907264506	652
0.04160013732706	1.00468673041439	110
0.0412576979158199	1.00497575293314	320
0.0424863391386201	1.00395907264506	52
0.04187248890107	1.00452497119926	52
0.0424863391386201	1.00395907264506	20
0.0412576979158199	1.00497575293314	608
0.0430992507299399	1.00326104207221	608
0.0495954057772401	1.53434286247939	110
0.0430992507299399	1.00326104207221	110
0.0409847658483999	1.00513822787385	110
0.0422145666767899	1.00412011001723	91
0.0412576979158199	1.00497575293314	396
0.04187248890107	1.00452497119926	222
0.0428280559997101	1.00342135116854	109
-0.06924136840657	1.72493661682302	110
0.04187248890107	1.00452497119926	169
0.0409847658483999	1.00513822787385	90
0.04160013732706	1.00468673041439	3
-0.0691468526749102	1.72528340275446	52
-0.0692551580327598	1.72583737770434	608
-0.0693491672274198	1.72482205735331	169
0.0496781894949201	1.53366797698559	84
0.0412576979158199	1.00497575293314	106
0.0428280559997101	1.00342135116854	3
0.04968497465935	1.53490875287205	289
0.0430992507299399	1.00326104207221	396
0.04187248890107	1.00452497119926	52
0.04160013732706	1.00468673041439	20
0.0409847658483999	1.00513822787385	110
0.04987117995193	1.53411217415911	25
-0.0692953215898902	1.72493981665132	91
0.0409847658483999	1.00513822787385	222
0.0409847658483999	1.00513822787385	222
0.0713244301987599	2.42134914844974	12
0.04187248890107	1.00452497119926	35
0.04371122577767	1.00229017267433	608
0.04187248890107	1.00452497119926	169
0.0422145666767899	1.00412011001723	25
0.0497746046108001	1.5339785940798	91
0.0424863391386201	1.00395907264506	110
0.0434406073993501	1.00244973962138	110
-0.0694307012425899	1.72527460776237	91
0.05007183686245	1.5347271317717	87
0.04968497465935	1.53490875287205	52
0.03975118810209	1.00551217757229	169
0.0409847658483999	1.00513822787385	110
0.04997488077554	1.53493871942332	84
0.0500648117231	1.53400774588574	52
0.0430992507299399	1.00326104207221	206
-0.0693091493230402	1.72595109769969	91
0.04996791562211	1.53411554644338	91
0.04160013732706	1.00468673041439	461
0.0500648117231	1.53400774588574	169
0.04160013732706	1.00468673041439	25
0.0502662307017301	1.53398396288833	91
0.04187248890107	1.00452497119926	52
0.04187248890107	1.00452497119926	109
-0.0180744676062701	2.14637737308454	20
0.04036845013987	1.00545877925808	110
0.04987117995193	1.53411217415911	25
0.04187248890107	1.00452497119926	3
0.0497814497756	1.53504277273395	52
0.04958865965996	1.5345974556223	25
0.0675712078223301	1.95443774252574	91
0.04997488077554	1.53493871942332	222
0.0412576979158199	1.00497575293314	52
0.0498850111556299	1.53437305087792	169
0.04997488077554	1.53493871942332	169
0.0430992507299399	1.00326104207221	106
0.0412576979158199	1.00497575293314	109
0.0412576979158199	1.00497575293314	52
0.0498850111556299	1.53437305087792	52
-0.0693091493230402	1.72595109769969	608
0.0424863391386201	1.00395907264506	91
0.0422145666767899	1.00412011001723	14
0.04187248890107	1.00452497119926	52
0.0424863391386201	1.00395907264506	206
0.0422145666767899	1.00412011001723	91
0.0424863391386201	1.00395907264506	106
0.0422145666767899	1.00412011001723	87
0.0500788828294501	1.53384650098352	91
0.0501689534724801	1.53441147942154	91
0.0428280559997101	1.00342135116854	1
0.0424863391386201	1.00395907264506	3
0.04996791562211	1.53411554644338	169
-0.0692010591650498	1.72561591353871	25
0.04968497465935	1.53490875287205	25
0.0422145666767899	1.00412011001723	25
0.0497814497756	1.53504277273395	52
0.04064196408278	1.00529559672823	206
0.0497814497756	1.53504277273395	106
0.0428280559997101	1.00342135116854	106
0.04987808511343	1.5350464079897	52
0.0424863391386201	1.00395907264506	109
0.0424863391386201	1.00395907264506	106
0.0422145666767899	1.00412011001723	106
0.0497883158466701	1.53448054888632	106
0.04160013732706	1.00468673041439	91
0.04187248890107	1.00452497119926	289
-0.0694307012425899	1.72527460776237	110
0.0412576979158199	1.00497575293314	106
0.0412576979158199	1.00497575293314	91
0.0675712078223301	1.95443774252574	91
0.0424863391386201	1.00395907264506	91
0.0434406073993501	1.00244973962138	91
0.05016186835447	1.53379618716286	169
0.0422145666767899	1.00412011001723	110
0.05007183686245	1.5347271317717	25
0.0422145666767899	1.00412011001723	25
-0.0694029053681402	1.72456033367931	91
0.0434406073993501	1.00244973962138	91
-0.0179667822498302	2.14552188445609	91
0.04036845013987	1.00545877925808	109
0.0430992507299399	1.00326104207221	52
-0.0693091493230402	1.72595109769969	169
0.0428280559997101	1.00342135116854	206
0.04958865965996	1.5345974556223	52
0.04997488077554	1.53493871942332	52
0.04036845013987	1.00545877925808	206
0.0428280559997101	1.00342135116854	3
0.0495954057772401	1.53434286247939	52
-0.0693630330824999	1.72595411557521	169
0.0422145666767899	1.00412011001723	206
0.0497814497756	1.53504277273395	84
0.0675944990339601	1.95524511881705	84
0.0495954057772401	1.53434286247939	91
-0.0692551580327598	1.72583737770434	106
-0.0693630330824999	1.72595411557521	102
0.0424863391386201	1.00395907264506	206
0.0424863391386201	1.00395907264506	206
0.0496917807550601	1.53447683339699	169
0.0409847658483999	1.00513822787385	169
0.04997488077554	1.53493871942332	169
-0.0693491672274198	1.72482205735331	696
0.04997488077554	1.53493871942332	169
0.0500648117231	1.53400774588574	84
0.0412576979158199	1.00497575293314	91
0.04987808511343	1.5350464079897	91
0.0496781894949201	1.53366797698559	14
0.04371122577767	1.00229017267433	109
0.05017605939062	1.53341949176621	52
0.04187248890107	1.00452497119926	696
0.04987808511343	1.5350464079897	91
0.04998186678345	1.5341617567398	91
0.0500788828294501	1.53384650098352	91
0.0434406073993501	1.00244973962138	461
0.0501689534724801	1.53441147942154	52
0.0424863391386201	1.00395907264506	696
0.0424863391386201	1.00395907264506	91
0.0430992507299399	1.00326104207221	3
0.04160013732706	1.00468673041439	52
0.0424863391386201	1.00395907264506	696
0.04064196408278	1.00529559672823	696
0.04371122577767	1.00229017267433	41
0.0422145666767899	1.00412011001723	41
0.0428280559997101	1.00342135116854	25
0.04160013732706	1.00468673041439	25
0.0676178774598599	1.95500113100214	169
0.05007183686245	1.5347271317717	41
0.0422145666767899	1.00412011001723	25
0.04997488077554	1.53493871942332	697
0.0422145666767899	1.00412011001723	91
0.04997488077554	1.53493871942332	169
0.0428280559997101	1.00342135116854	169
0.0495954057772401	1.53434286247939	696
0.04187248890107	1.00452497119926	41
0.0424863391386201	1.00395907264506	25
0.0424863391386201	1.00395907264506	91
0.0428280559997101	1.00342135116854	91
0.04187248890107	1.00452497119926	52
-0.0180753056409801	2.14620777843677	169
0.05007183686245	1.5347271317717	169
0.04036845013987	1.00545877925808	25
0.0424863391386201	1.00395907264506	106
0.0500788828294501	1.53384650098352	91
0.0430992507299399	1.00326104207221	561
0.04187248890107	1.00452497119926	365
0.0434406073993501	1.00244973962138	3
0.0498850111556299	1.53437305087792	169
0.0422145666767899	1.00412011001723	169
0.04187248890107	1.00452497119926	169
0.04996791562211	1.53411554644338	169
0.04997488077554	1.53493871942332	41
0.0497883158466701	1.53448054888632	106
0.04187248890107	1.00452497119926	1
0.0412576979158199	1.00497575293314	169
0.04187248890107	1.00452497119926	25
-0.0691468526749102	1.72528340275446	91
0.0497883158466701	1.53448054888632	365
0.0497883158466701	1.53448054888632	1
0.0424863391386201	1.00395907264506	25
0.0428280559997101	1.00342135116854	28
0.0422145666767899	1.00412011001723	91
0.0428280559997101	1.00342135116854	3
0.04987808511343	1.5350464079897	342
0.04064196408278	1.00529559672823	1
0.0409847658483999	1.00513822787385	91
0.04987808511343	1.5350464079897	169
0.0676055963706901	1.9552644005591	28
0.04160013732706	1.00468673041439	106
0.0676178774598599	1.95500113100214	342
0.05007183686245	1.5347271317717	28
0.0430992507299399	1.00326104207221	696
0.04187248890107	1.00452497119926	169
0.0428280559997101	1.00342135116854	106
0.04187248890107	1.00452497119926	1
0.04160013732706	1.00468673041439	342
0.0424863391386201	1.00395907264506	169
-0.0989860438377899	2.34052623750534	102
-0.0693630330824999	1.72595411557521	362
0.0502590856134999	1.53348070488333	169
0.0422145666767899	1.00412011001723	25
-0.0694844082134298	1.72515654847652	697
0.04997488077554	1.53493871942332	697
0.0430992507299399	1.00326104207221	697
0.04160013732706	1.00468673041439	461
0.0498850111556299	1.53437305087792	28
0.04968497465935	1.53490875287205	169
0.04998186678345	1.5341617567398	41
0.0409847658483999	1.00513822787385	697
0.04160013732706	1.00468673041439	1
0.04160013732706	1.00468673041439	461
0.0497814497756	1.53504277273395	169
-0.0693091493230402	1.72595109769969	697
0.04187248890107	1.00452497119926	91
0.05007183686245	1.5347271317717	232
0.0497814497756	1.53504277273395	362
0.04187248890107	1.00452497119926	169
0.0500648117231	1.53400774588574	169
0.0424863391386201	1.00395907264506	461
0.04997488077554	1.53493871942332	169
-0.0692689356204399	1.72493697905846	28
-0.0691605541453799	1.72415102275511	169
0.0412576979158199	1.00497575293314	169
0.0424863391386201	1.00395907264506	169
0.0412576979158199	1.00497575293314	169
0.0422145666767899	1.00412011001723	91
0.0422145666767899	1.00412011001723	1
0.0501689534724801	1.53441147942154	28
0.0500788828294501	1.53384650098352	28
0.04187248890107	1.00452497119926	696
0.0412576979158199	1.00497575293314	696
0.0424863391386201	1.00395907264506	41
-0.0693229649941398	1.72515814201093	91
0.04160013732706	1.00468673041439	1
0.0497883158466701	1.53448054888632	41
-0.0989590713504001	2.34019890397602	169
0.0428280559997101	1.00342135116854	1
0.0422145666767899	1.00412011001723	91
0.0422145666767899	1.00412011001723	696
0.0424863391386201	1.00395907264506	696
0.0424863391386201	1.00395907264506	41
0.04160013732706	1.00468673041439	1
-0.06924136840657	1.72493661682302	102
0.04160013732706	1.00468673041439	28
0.0412576979158199	1.00497575293314	41
0.0424863391386201	1.00395907264506	697
0.04998186678345	1.5341617567398	91
0.0498850111556299	1.53437305087792	28
0.0424863391386201	1.00395907264506	41
0.0498850111556299	1.53437305087792	1
-0.0690788631152199	1.72426925020167	342
0.04187248890107	1.00452497119926	696
0.04160013732706	1.00468673041439	696
0.05007183686245	1.5347271317717	697
0.04987808511343	1.5350464079897	1
-0.0694844082134298	1.72515654847652	3
0.04160013732706	1.00468673041439	41
0.0428280559997101	1.00342135116854	1
0.04987808511343	1.5350464079897	28
0.0424863391386201	1.00395907264506	696
0.0422145666767899	1.00412011001723	696
0.04996791562211	1.53411554644338	41
0.05016186835447	1.53379618716286	91
-0.0694168093592702	1.7258360136096	232
0.0501689534724801	1.53441147942154	169
-0.0692551580327598	1.72583737770434	41
0.04160013732706	1.00468673041439	91
-0.0693091493230402	1.72595109769969	91
0.0675944990339601	1.95524511881705	102
-0.0693768868524298	1.72527166988414	169
0.04160013732706	1.00468673041439	91
0.0409847658483999	1.00513822787385	1
-0.0692551580327598	1.72583737770434	169
0.0424863391386201	1.00395907264506	348
0.0428280559997101	1.00342135116854	418
0.04160013732706	1.00468673041439	91
0.0434406073993501	1.00244973962138	214
0.07135158337283	2.42144636505014	342
0.0500648117231	1.53400774588574	169
0.0424863391386201	1.00395907264506	41
-0.0180484160491701	2.14624998266137	81
0.04187248890107	1.00452497119926	1
0.0430992507299399	1.00326104207221	310
-0.0690788631152199	1.72426925020167	169
0.0422145666767899	1.00412011001723	602
0.0430992507299399	1.00326104207221	91
0.0424863391386201	1.00395907264506	214
0.0430992507299399	1.00326104207221	102
0.0496917807550601	1.53447683339699	28
0.0424863391386201	1.00395907264506	28
-0.0694307012425899	1.72527460776237	169
0.04996791562211	1.53411554644338	91
0.04987117995193	1.53411217415911	642
0.0422145666767899	1.00412011001723	214
0.0422145666767899	1.00412011001723	1
0.04160013732706	1.00468673041439	310
-0.06924136840657	1.72493661682302	169
-0.0692010591650498	1.72561591353871	169
0.05007183686245	1.5347271317717	91
0.0430992507299399	1.00326104207221	214
0.04160013732706	1.00468673041439	310
0.05007183686245	1.5347271317717	169
0.0409847658483999	1.00513822787385	214
0.04187248890107	1.00452497119926	1
0.04987808511343	1.5350464079897	169
-0.0180753056409801	2.14620777843677	169
0.0422145666767899	1.00412011001723	348
0.04187248890107	1.00452497119926	214
0.0422145666767899	1.00412011001723	102
0.0501689534724801	1.53441147942154	3
0.0409847658483999	1.00513822787385	310
0.0430992507299399	1.00326104207221	169
0.04064196408278	1.00529559672823	169
-0.01810051178989	2.14544061231199	91
0.0412576979158199	1.00497575293314	3
-0.0693091493230402	1.72595109769969	169
0.0675958652962001	1.95448777264373	169
0.04996791562211	1.53411554644338	169
-0.0693229649941398	1.72515814201093	1
0.0412576979158199	1.00497575293314	310
0.04160013732706	1.00468673041439	28
0.05017605939062	1.53341949176621	169
0.04064196408278	1.00529559672823	91
0.04998186678345	1.5341617567398	289
0.0434406073993501	1.00244973962138	3
0.04160013732706	1.00468673041439	169
0.04187248890107	1.00452497119926	418
0.0498850111556299	1.53437305087792	50
0.0424863391386201	1.00395907264506	214
0.0428280559997101	1.00342135116854	1
0.0412576979158199	1.00497575293314	3
0.0430992507299399	1.00326104207221	310
-0.0693768868524298	1.72527166988414	169
0.04187248890107	1.00452497119926	418
0.0430992507299399	1.00326104207221	91
0.04371122577767	1.00229017267433	91
0.04187248890107	1.00452497119926	214
0.0412576979158199	1.00497575293314	214
0.04997488077554	1.53493871942332	81
0.0424863391386201	1.00395907264506	1
-0.0693091493230402	1.72595109769969	602
-0.0692551580327598	1.72583737770434	91
0.04987117995193	1.53411217415911	91
0.04160013732706	1.00468673041439	214
0.04187248890107	1.00452497119926	3
0.0497883158466701	1.53448054888632	169
0.04160013732706	1.00468673041439	91
0.0430992507299399	1.00326104207221	214
0.04160013732706	1.00468673041439	214
0.04987808511343	1.5350464079897	310
0.04996791562211	1.53411554644338	169
0.04187248890107	1.00452497119926	1
0.0422145666767899	1.00412011001723	602
0.0409847658483999	1.00513822787385	28
0.0434406073993501	1.00244973962138	418
0.0675944990339601	1.95524511881705	81
0.0430992507299399	1.00326104207221	28
0.0422145666767899	1.00412011001723	602
0.05016186835447	1.53379618716286	169
0.0497883158466701	1.53448054888632	50
0.04036845013987	1.00545877925808	214
0.0409847658483999	1.00513822787385	1
0.0430992507299399	1.00326104207221	680
0.0428280559997101	1.00342135116854	214
-0.0695240396647998	1.7251129399016	28
0.0412576979158199	1.00497575293314	418
-0.0180744676062701	2.14637737308454	542
-0.09909302256724	2.33981342651827	169
-0.01791474518099	2.14425562317959	169
0.04160013732706	1.00468673041439	50
0.0412576979158199	1.00497575293314	289
0.0424863391386201	1.00395907264506	680
0.04996791562211	1.53411554644338	348
0.0498850111556299	1.53437305087792	348
0.0424863391386201	1.00395907264506	348
0.0409847658483999	1.00513822787385	91
-0.0693768868524298	1.72527166988414	28
0.0424863391386201	1.00395907264506	348
0.0424863391386201	1.00395907264506	50
0.0430992507299399	1.00326104207221	3
0.0409847658483999	1.00513822787385	680
0.04187248890107	1.00452497119926	41
0.0502662307017301	1.53398396288833	91
0.0424863391386201	1.00395907264506	214
-0.0691873076300098	1.72482286180047	1
-0.0989860438377899	2.34052623750534	289
-0.0692551580327598	1.72583737770434	405
0.04371122577767	1.00229017267433	1
0.04187248890107	1.00452497119926	1
0.0424863391386201	1.00395907264506	348
0.0412576979158199	1.00497575293314	348
0.04160013732706	1.00468673041439	1
-0.0693091493230402	1.72595109769969	169
-0.0693630330824999	1.72595411557521	91
0.05007183686245	1.5347271317717	91
0.0412576979158199	1.00497575293314	50
-0.0694307012425899	1.72527460776237	1
0.0497883158466701	1.53448054888632	542
0.04997488077554	1.53493871942332	169
-0.0692689356204399	1.72493697905846	169
-0.0694168093592702	1.7258360136096	680
-0.0693630330824999	1.72595411557521	50
0.05016186835447	1.53379618716286	1
-0.0692147986855698	1.72460488186238	28
-0.0693091493230402	1.72595109769969	169
0.05035646359533	1.53305351011994	169
0.04187248890107	1.00452497119926	418
0.0428280559997101	1.00342135116854	292
0.0424863391386201	1.00395907264506	1
0.0498850111556299	1.53437305087792	102
0.0422145666767899	1.00412011001723	91
-0.0691873076300098	1.72482286180047	169
0.04160013732706	1.00468673041439	348
0.0500788828294501	1.53384650098352	50
0.0422145666767899	1.00412011001723	292
0.04987808511343	1.5350464079897	28
0.0424863391386201	1.00395907264506	418
0.0422145666767899	1.00412011001723	214
0.04160013732706	1.00468673041439	289
0.05035646359533	1.53305351011994	542
0.04160013732706	1.00468673041439	28
0.0430992507299399	1.00326104207221	91
-0.06924136840657	1.72493661682302	1
0.04187248890107	1.00452497119926	28
0.06769661057179	1.95384019698832	169
0.0428280559997101	1.00342135116854	169
0.0501689534724801	1.53441147942154	50
0.0400252853031899	1.00534830783408	50
0.0434406073993501	1.00244973962138	1
-0.0693768868524298	1.72527166988414	28
0.0675489970438601	1.95430638104481	28
0.04160013732706	1.00468673041439	292
0.05007183686245	1.5347271317717	1
0.0501689534724801	1.53441147942154	81
0.0412576979158199	1.00497575293314	28
0.0428280559997101	1.00342135116854	28
0.04997488077554	1.53493871942332	169
0.04187248890107	1.00452497119926	348
0.0424863391386201	1.00395907264506	91
0.04160013732706	1.00468673041439	292
0.04187248890107	1.00452497119926	1
0.0676511037013099	1.95505772738263	342
0.04997488077554	1.53493871942332	169
0.0422145666767899	1.00412011001723	418
-0.0693630330824999	1.72595411557521	50
0.04187248890107	1.00452497119926	292
-0.0692689356204399	1.72493697905846	1
0.0497883158466701	1.53448054888632	28
-0.0693630330824999	1.72595411557521	169
0.04160013732706	1.00468673041439	418
-0.0691605541453799	1.72415102275511	699
0.04160013732706	1.00468673041439	214
0.04160013732706	1.00468673041439	406
0.0430992507299399	1.00326104207221	3
0.04187248890107	1.00452497119926	28
0.04036845013987	1.00545877925808	1
0.04160013732706	1.00468673041439	28
0.04997488077554	1.53493871942332	646
0.0422145666767899	1.00412011001723	418
0.0430992507299399	1.00326104207221	699
0.04187248890107	1.00452497119926	292
0.0422145666767899	1.00412011001723	1
0.0428280559997101	1.00342135116854	1
0.0409847658483999	1.00513822787385	28
0.04998186678345	1.5341617567398	28
0.0424863391386201	1.00395907264506	28
0.0428280559997101	1.00342135116854	292
0.0428280559997101	1.00342135116854	3
0.04187248890107	1.00452497119926	28
0.04371122577767	1.00229017267433	28
0.0500648117231	1.53400774588574	418
0.04187248890107	1.00452497119926	1
0.0424863391386201	1.00395907264506	289
0.04187248890107	1.00452497119926	28
0.04160013732706	1.00468673041439	28
0.04160013732706	1.00468673041439	3
0.04160013732706	1.00468673041439	456
0.0500648117231	1.53400774588574	91
0.0424863391386201	1.00395907264506	1
0.04371122577767	1.00229017267433	28
0.04036845013987	1.00545877925808	28
0.0422145666767899	1.00412011001723	28
0.0430992507299399	1.00326104207221	1
0.0409847658483999	1.00513822787385	102
0.0409847658483999	1.00513822787385	28
-0.0693630330824999	1.72595411557521	91
0.04187248890107	1.00452497119926	1
0.04036845013987	1.00545877925808	1
0.0430992507299399	1.00326104207221	28
0.04997488077554	1.53493871942332	28
0.0424863391386201	1.00395907264506	28
0.0497883158466701	1.53448054888632	1
0.0412576979158199	1.00497575293314	3
0.0497883158466701	1.53448054888632	91
-0.0990391028530402	2.33970513341095	326
0.0500648117231	1.53400774588574	478
0.04968497465935	1.53490875287205	1
0.04187248890107	1.00452497119926	28
0.0501689534724801	1.53441147942154	28
0.04036845013987	1.00545877925808	292
0.0409847658483999	1.00513822787385	1
0.03975118810209	1.00551217757229	28
0.0412576979158199	1.00497575293314	646
0.0422145666767899	1.00412011001723	418
0.0430992507299399	1.00326104207221	91
0.04371122577767	1.00229017267433	292
0.0428280559997101	1.00342135116854	292
0.0412576979158199	1.00497575293314	1
0.04036845013987	1.00545877925808	1
-0.01810051178989	2.14544061231199	142
0.04160013732706	1.00468673041439	418
0.0424863391386201	1.00395907264506	1
0.04160013732706	1.00468673041439	3
0.04997488077554	1.53493871942332	478
0.04160013732706	1.00468673041439	28
0.04187248890107	1.00452497119926	348
0.0409847658483999	1.00513822787385	1
0.0422145666767899	1.00412011001723	418
0.04187248890107	1.00452497119926	406
0.0711965770218901	2.42275019210901	81
0.05007183686245	1.5347271317717	169
0.04187248890107	1.00452497119926	292
0.0412576979158199	1.00497575293314	1
-0.0691873076300098	1.72482286180047	81
-0.0180744676062701	2.14637737308454	142
0.0434406073993501	1.00244973962138	28
0.04160013732706	1.00468673041439	18
0.0430992507299399	1.00326104207221	18
0.04160013732706	1.00468673041439	86
0.06762787425703	1.95501491976175	142
0.0497883158466701	1.53448054888632	348
0.04160013732706	1.00468673041439	3
0.0422145666767899	1.00412011001723	28
-0.0179937171276001	2.14590228900535	28
-0.0690788631152199	1.72426925020167	10
0.0430992507299399	1.00326104207221	28
0.0409847658483999	1.00513822787385	28
0.0434406073993501	1.00244973962138	348
0.0422145666767899	1.00412011001723	1
0.0424863391386201	1.00395907264506	18
0.0422145666767899	1.00412011001723	18
-0.0693768868524298	1.72527166988414	50
0.04187248890107	1.00452497119926	10
0.0430992507299399	1.00326104207221	738
-0.0180753056409801	2.14620777843677	66
0.0501689534724801	1.53441147942154	10
0.0422145666767899	1.00412011001723	86
0.04160013732706	1.00468673041439	1
0.0500648117231	1.53400774588574	142
0.0430992507299399	1.00326104207221	18
0.04160013732706	1.00468673041439	348
0.0497814497756	1.53504277273395	10
0.04160013732706	1.00468673041439	86
0.04187248890107	1.00452497119926	481
-0.0693630330824999	1.72595411557521	28
-0.0693229649941398	1.72515814201093	28
0.0498850111556299	1.53437305087792	553
0.0428280559997101	1.00342135116854	18
0.04064196408278	1.00529559672823	18
0.04987808511343	1.5350464079897	348
0.04160013732706	1.00468673041439	10
0.05016186835447	1.53379618716286	405
0.04968497465935	1.53490875287205	28
0.04997488077554	1.53493871942332	169
0.04187248890107	1.00452497119926	10
0.04187248890107	1.00452497119926	10
-0.0693768868524298	1.72527166988414	737
0.04987117995193	1.53411217415911	64
0.06766336688358	1.95406979477964	142
-0.0180744676062701	2.14637737308454	142
0.0434406073993501	1.00244973962138	18
0.0434406073993501	1.00244973962138	18
0.04187248890107	1.00452497119926	18
0.0424863391386201	1.00395907264506	18
0.0498850111556299	1.53437305087792	405
0.05035646359533	1.53305351011994	169
0.04987808511343	1.5350464079897	172
-0.0179946097813799	2.14603800823915	81
0.04987808511343	1.5350464079897	64
0.0424863391386201	1.00395907264506	169
-0.0694844082134298	1.72515654847652	169
0.06764000054526	1.95513283817126	169
0.0424863391386201	1.00395907264506	10
0.0424863391386201	1.00395907264506	86
-0.0694168093592702	1.7258360136096	142
0.0498850111556299	1.53437305087792	10
0.0424863391386201	1.00395907264506	86
0.0430992507299399	1.00326104207221	18
0.0430992507299399	1.00326104207221	18
0.0676055963706901	1.9552644005591	405
0.04187248890107	1.00452497119926	1
-0.0692551580327598	1.72583737770434	18
0.04036845013987	1.00545877925808	86
0.0424863391386201	1.00395907264506	207
-0.0180206429788399	2.14616531979373	142
-0.0693229649941398	1.72515814201093	86
0.0675268971191401	1.953793718222	142
0.05007183686245	1.5347271317717	18
0.0412576979158199	1.00497575293314	18
0.0428280559997101	1.00342135116854	18
0.0430992507299399	1.00326104207221	1
-0.0691331392143102	1.72460150561685	207
0.04987808511343	1.5350464079897	207
-0.0693630330824999	1.72595411557521	169
0.04997488077554	1.53493871942332	169
-0.09898690529905	2.34059988735446	172
-0.01810051178989	2.14544061231199	66
0.0498850111556299	1.53437305087792	81
0.0409847658483999	1.00513822787385	18
0.0676413431671199	1.95375076438534	66
0.0430992507299399	1.00326104207221	10
0.0422145666767899	1.00412011001723	86
0.0497814497756	1.53504277273395	142
0.04187248890107	1.00452497119926	18
0.04187248890107	1.00452497119926	86
-0.0691873076300098	1.72482286180047	405
-0.0180215174297902	2.1461943054577	172
0.0502590856134999	1.53348070488333	142
0.0424863391386201	1.00395907264506	86
0.04987117995193	1.53411217415911	516
0.0501689534724801	1.53441147942154	66
0.0424863391386201	1.00395907264506	388
-0.0693630330824999	1.72595411557521	169
0.04187248890107	1.00452497119926	86
0.04187248890107	1.00452497119926	18
-0.0180484160491701	2.14624998266137	81
-0.09901300769604	2.34073905987293	142
-0.09912077688826	2.34054546004508	142
0.0422145666767899	1.00412011001723	388
0.04160013732706	1.00468673041439	10
0.0422145666767899	1.00412011001723	568
0.0412576979158199	1.00497575293314	18
0.0675489970438601	1.95430638104481	81
0.0422145666767899	1.00412011001723	1
0.0498850111556299	1.53437305087792	729
0.04160013732706	1.00468673041439	169
0.0497883158466701	1.53448054888632	81
0.04160013732706	1.00468673041439	172
-0.0693630330824999	1.72595411557521	81
0.04160013732706	1.00468673041439	288
0.04160013732706	1.00468673041439	288
0.0497814497756	1.53504277273395	405
-0.0181559202674602	2.14547867357317	737
0.0675712078223301	1.95443774252574	142
0.04987808511343	1.5350464079897	405
-0.0694168093592702	1.7258360136096	81
0.04998186678345	1.5341617567398	405
-0.0692551580327598	1.72583737770434	361
-0.0180475598046401	2.14632166201908	405
-0.0694168093592702	1.7258360136096	81
0.07106058810348	2.42272070300462	261
-0.09901385158927	2.34070556378321	142
-0.0181013663851002	2.1463351918709	405
-0.0693630330824999	1.72595411557521	81
-0.0692689356204399	1.72493697905846	81
0.0422145666767899	1.00412011001723	142
0.0422145666767899	1.00412011001723	169
0.04160013732706	1.00468673041439	388
0.0412576979158199	1.00497575293314	169
-0.0694844082134298	1.72515654847652	172
-0.0179954676819598	2.14505426819744	21
-0.0694704782029501	1.72557375604786	388
0.0497883158466701	1.53448054888632	172
0.0709489001488399	2.42230356230062	66
-0.0693768868524298	1.72527166988414	81
-0.0180753056409801	2.14620777843677	361
-0.0693091493230402	1.72595109769969	165
-0.0693768868524298	1.72527166988414	21
-0.0693630330824999	1.72595411557521	388
-0.0691468526749102	1.72528340275446	405
-0.09901466171114	2.33945265376684	202
0.0424863391386201	1.00395907264506	202
-0.0693491672274198	1.72482205735331	169
-0.0695380078153298	1.72489447956081	142
0.0409847658483999	1.00513822787385	66
0.0409847658483999	1.00513822787385	165
0.0412576979158199	1.00497575293314	165
0.04160013732706	1.00468673041439	81
0.0422145666767899	1.00412011001723	202
-0.0180466688154	2.14522868025351	169
0.04187248890107	1.00452497119926	202
-0.0691468526749102	1.72528340275446	169
-0.0692551580327598	1.72583737770434	64
0.04064196408278	1.00529559672823	288
0.05007183686245	1.5347271317717	66
0.0711965770218901	2.42275019210901	202
0.0501689534724801	1.53441147942154	66
0.04187248890107	1.00452497119926	143
0.0422145666767899	1.00412011001723	143
0.0430992507299399	1.00326104207221	143
0.0409847658483999	1.00513822787385	202
0.0430992507299399	1.00326104207221	143
0.0502662307017301	1.53398396288833	3
0.0424863391386201	1.00395907264506	139
0.0422145666767899	1.00412011001723	143
0.04160013732706	1.00468673041439	143
0.0424863391386201	1.00395907264506	3
0.0422145666767899	1.00412011001723	638
0.04187248890107	1.00452497119926	3
0.0424863391386201	1.00395907264506	3
0.04160013732706	1.00468673041439	143
0.0424863391386201	1.00395907264506	638
0.0424863391386201	1.00395907264506	202
0.0422145666767899	1.00412011001723	3
0.04187248890107	1.00452497119926	3
0.04160013732706	1.00468673041439	143
0.04997488077554	1.53493871942332	143
0.04160013732706	1.00468673041439	3
0.04987808511343	1.5350464079897	64
0.04036845013987	1.00545877925808	143
0.0412576979158199	1.00497575293314	143
0.0497746046108001	1.5339785940798	143
0.04187248890107	1.00452497119926	3
0.0422145666767899	1.00412011001723	3
0.0412576979158199	1.00497575293314	3
0.0711884459890699	2.42311252182571	637
0.0675958652962001	1.95448777264373	202
0.0501689534724801	1.53441147942154	165
0.04160013732706	1.00468673041439	64
0.04160013732706	1.00468673041439	202
0.04371122577767	1.00229017267433	3
0.04187248890107	1.00452497119926	165
0.04987808511343	1.5350464079897	3
0.04160013732706	1.00468673041439	143
0.0422145666767899	1.00412011001723	143
0.04187248890107	1.00452497119926	143
0.04160013732706	1.00468673041439	202
-0.0179946097813799	2.14603800823915	145
-0.0693630330824999	1.72595411557521	19
0.0430992507299399	1.00326104207221	19
0.04160013732706	1.00468673041439	165
0.0424863391386201	1.00395907264506	145
0.04064196408278	1.00529559672823	3
0.0400252853031899	1.00534830783408	165
0.0424863391386201	1.00395907264506	165
0.04160013732706	1.00468673041439	190
-0.0692551580327598	1.72583737770434	190
0.04187248890107	1.00452497119926	3
0.0422145666767899	1.00412011001723	190
-0.0694029053681402	1.72456033367931	278
0.0676289251336899	1.95511350290471	19
0.0412576979158199	1.00497575293314	165
-0.0693091493230402	1.72595109769969	165
0.04997488077554	1.53493871942332	165
-0.0693091493230402	1.72595109769969	190
0.0502590856134999	1.53348070488333	139
0.0434406073993501	1.00244973962138	3
0.04160013732706	1.00468673041439	143
0.0409847658483999	1.00513822787385	19
0.0428280559997101	1.00342135116854	3
0.0412576979158199	1.00497575293314	145
0.04187248890107	1.00452497119926	3
0.0434406073993501	1.00244973962138	3
0.04187248890107	1.00452497119926	165
0.04996791562211	1.53411554644338	165
-0.0692010591650498	1.72561591353871	165
0.0424863391386201	1.00395907264506	3
0.0424863391386201	1.00395907264506	143
0.0424863391386201	1.00395907264506	3
0.0409847658483999	1.00513822787385	3
0.0412576979158199	1.00497575293314	3
0.04160013732706	1.00468673041439	143
0.04160013732706	1.00468673041439	3
0.0422145666767899	1.00412011001723	3
0.04160013732706	1.00468673041439	3
0.0675712078223301	1.95443774252574	633
0.04997488077554	1.53493871942332	100
0.0424863391386201	1.00395907264506	3
0.0424863391386201	1.00395907264506	3
0.0676055963706901	1.9552644005591	366
0.04187248890107	1.00452497119926	551
0.04187248890107	1.00452497119926	597
0.04160013732706	1.00468673041439	100
0.0496917807550601	1.53447683339699	744
0.04987117995193	1.53411217415911	145
0.0500788828294501	1.53384650098352	168
0.0424863391386201	1.00395907264506	168
0.04064196408278	1.00529559672823	100
-0.01820887130466	2.14514016725979	168
0.04187248890107	1.00452497119926	100
0.0430992507299399	1.00326104207221	100
0.0502662307017301	1.53398396288833	146
0.0424863391386201	1.00395907264506	597
0.04036845013987	1.00545877925808	168
0.04160013732706	1.00468673041439	168
0.05016186835447	1.53379618716286	168
0.0424863391386201	1.00395907264506	100
0.04160013732706	1.00468673041439	100
0.0428280559997101	1.00342135116854	597
0.0675944990339601	1.95524511881705	158
0.04036845013987	1.00545877925808	419
0.0430992507299399	1.00326104207221	475
0.0676178774598599	1.95500113100214	145
0.0676622346081499	1.95488349887811	145
-0.0694168093592702	1.7258360136096	46
0.0422145666767899	1.00412011001723	693
0.0428280559997101	1.00342135116854	115
0.04160013732706	1.00468673041439	85
0.0500648117231	1.53400774588574	46
0.05016186835447	1.53379618716286	46
0.04998186678345	1.5341617567398	46
0.04187248890107	1.00452497119926	693
0.04187248890107	1.00452497119926	693
0.0412576979158199	1.00497575293314	693
-0.0180475598046401	2.14632166201908	363
0.0409847658483999	1.00513822787385	363
0.04187248890107	1.00452497119926	363
0.0424863391386201	1.00395907264506	419
0.0409847658483999	1.00513822787385	115
0.0428280559997101	1.00342135116854	46
0.0409847658483999	1.00513822787385	693
0.04160013732706	1.00468673041439	693
0.03975118810209	1.00551217757229	363
0.04187248890107	1.00452497119926	419
0.04187248890107	1.00452497119926	419
0.0424863391386201	1.00395907264506	85
0.0675712078223301	1.95443774252574	46
0.0675712078223301	1.95443774252574	648
0.0422145666767899	1.00412011001723	115
0.0412576979158199	1.00497575293314	85
0.05035646359533	1.53305351011994	293
0.0409847658483999	1.00513822787385	419
0.05007183686245	1.5347271317717	85
0.04160013732706	1.00468673041439	85
-0.0691331392143102	1.72460150561685	419
-0.0693229649941398	1.72515814201093	419
0.05007183686245	1.5347271317717	419
0.04997488077554	1.53493871942332	419
0.0424863391386201	1.00395907264506	85
0.04160013732706	1.00468673041439	85
-0.0179946097813799	2.14603800823915	46
-0.0693229649941398	1.72515814201093	648
-0.0692010591650498	1.72561591353871	419
0.05007183686245	1.5347271317717	419
0.04187248890107	1.00452497119926	85
0.04187248890107	1.00452497119926	112
0.0412576979158199	1.00497575293314	112
0.0498850111556299	1.53437305087792	224
0.06758342942631	1.95513278928403	46
0.04187248890107	1.00452497119926	419
0.04187248890107	1.00452497119926	419
0.04160013732706	1.00468673041439	293
0.0412576979158199	1.00497575293314	293
-0.01796769310265	2.14577503426035	100
0.0412576979158199	1.00497575293314	224
0.0714359284113499	2.42205272324906	56
0.04187248890107	1.00452497119926	419
0.0422145666767899	1.00412011001723	419
0.04187248890107	1.00452497119926	419
-0.0691331392143102	1.72460150561685	328
0.0422145666767899	1.00412011001723	85
0.04187248890107	1.00452497119926	293
0.04064196408278	1.00529559672823	112
-0.0693229649941398	1.72515814201093	46
-0.0180197337980101	2.14496587509245	363
0.0412576979158199	1.00497575293314	419
0.0675600885729399	1.95441853743153	328
0.0500648117231	1.53400774588574	85
0.0422145666767899	1.00412011001723	100
-0.0181812086206099	2.1450179277068	46
0.04997488077554	1.53493871942332	46
0.04371122577767	1.00229017267433	419
0.04187248890107	1.00452497119926	85
0.0424863391386201	1.00395907264506	85
0.0496917807550601	1.53447683339699	100
0.05007183686245	1.5347271317717	224
0.0422145666767899	1.00412011001723	224
0.0676289251336899	1.95511350290471	46
-0.0693768868524298	1.72527166988414	648
0.05007183686245	1.5347271317717	419
0.04160013732706	1.00468673041439	419
0.04187248890107	1.00452497119926	419
0.04187248890107	1.00452497119926	419
0.0400252853031899	1.00534830783408	419
0.04997488077554	1.53493871942332	648
0.0498850111556299	1.53437305087792	328
0.04997488077554	1.53493871942332	368
0.0497814497756	1.53504277273395	293
-0.0694307012425899	1.72527460776237	648
-0.0181282561426501	2.14619505513603	648
-0.0692689356204399	1.72493697905846	648
0.06766336688358	1.95406979477964	328
-0.0693091493230402	1.72595109769969	648
-0.0179946097813799	2.14603800823915	26
0.04187248890107	1.00452497119926	26
0.04371122577767	1.00229017267433	26
0.04997488077554	1.53493871942332	631
0.0424863391386201	1.00395907264506	290
0.04160013732706	1.00468673041439	26
0.04996791562211	1.53411554644338	217
-0.0694307012425899	1.72527460776237	559
0.06766336688358	1.95406979477964	88
0.04160013732706	1.00468673041439	291
0.0430992507299399	1.00326104207221	290
0.0424863391386201	1.00395907264506	736
0.04371122577767	1.00229017267433	736
0.05016186835447	1.53379618716286	26
0.04997488077554	1.53493871942332	217
-0.0180484160491701	2.14624998266137	631
0.04187248890107	1.00452497119926	620
-0.0691873076300098	1.72482286180047	88
0.0424863391386201	1.00395907264506	291
0.0711884459890699	2.42311252182571	454
-0.0692551580327598	1.72583737770434	26
-0.0693091493230402	1.72595109769969	217
0.0500648117231	1.53400774588574	736
-0.0692689356204399	1.72493697905846	171
0.0409847658483999	1.00513822787385	26
0.04160013732706	1.00468673041439	26
0.04987808511343	1.5350464079897	26
0.04160013732706	1.00468673041439	468
-0.0180753056409801	2.14620777843677	82
-0.0180744676062701	2.14637737308454	56
0.04998186678345	1.5341617567398	573
-0.0691331392143102	1.72460150561685	496
0.04160013732706	1.00468673041439	26
0.0676289251336899	1.95511350290471	216
-0.09901300769604	2.34073905987293	216
-0.0693229649941398	1.72515814201093	216
0.0400252853031899	1.00534830783408	217
0.0422145666767899	1.00412011001723	217
0.0422145666767899	1.00412011001723	736
0.07120469929712	2.42150992755382	82
0.0711367010205299	2.42269272803346	56
0.04371122577767	1.00229017267433	26
-0.0692551580327598	1.72583737770434	216
-0.09904078925145	2.34070811614716	82
0.04187248890107	1.00452497119926	82
0.04187248890107	1.00452497119926	496
-0.09904078925145	2.34070811614716	216
0.0675712078223301	1.95443774252574	216
0.0424863391386201	1.00395907264506	217
-0.0989860438377899	2.34052623750534	188
-0.0693630330824999	1.72595411557521	82
0.0498850111556299	1.53437305087792	496
0.06765234115591	1.95395751830995	82
-0.0180753056409801	2.14620777843677	454
-0.0693091493230402	1.72595109769969	217
0.0712999632998399	2.42276886668026	56
-0.0693768868524298	1.72527166988414	454
-0.0991215504979501	2.34009646310083	526
0.0422145666767899	1.00412011001723	26
0.07131628333032	2.42258946270511	454
0.0424863391386201	1.00395907264506	26
0.0434406073993501	1.00244973962138	217
0.0501689534724801	1.53441147942154	216
0.04160013732706	1.00468673041439	217
0.0430992507299399	1.00326104207221	736
0.0424863391386201	1.00395907264506	736
-0.09912077688826	2.34054546004508	82
0.0498850111556299	1.53437305087792	82
-0.0180223571128399	2.14510988155479	496
-0.0180223571128399	2.14510988155479	496
0.04987808511343	1.5350464079897	216
0.04160013732706	1.00468673041439	736
-0.06924136840657	1.72493661682302	216
0.04987808511343	1.5350464079897	565
0.0675712078223301	1.95443774252574	178
0.0675944990339601	1.95524511881705	251
0.0676289251336899	1.95511350290471	159
-0.0182349614388002	2.14420496015616	159
0.0676178774598599	1.95500113100214	159
-0.01812905774834	2.14582666470081	159
0.0409847658483999	1.00513822787385	347
0.0498850111556299	1.53437305087792	271
0.04987808511343	1.5350464079897	499
0.06763905481846	1.95473247290848	62
0.0497883158466701	1.53448054888632	271
0.0409847658483999	1.00513822787385	205
0.0675712078223301	1.95443774252574	62
-0.0693630330824999	1.72595411557521	178
0.0500648117231	1.53400774588574	205
0.0424863391386201	1.00395907264506	205
0.05007183686245	1.5347271317717	270
-0.09901466171114	2.33945265376684	270
-0.0692551580327598	1.72583737770434	549
0.0675823547983301	1.95436258823879	200
0.0715390930799	2.42128030505666	267
-0.09898690529905	2.34059988735446	200
0.04997488077554	1.53493871942332	340
0.0422145666767899	1.00412011001723	340
0.04987808511343	1.5350464079897	200
0.0497883158466701	1.53448054888632	340
-0.09904078925145	2.34070811614716	537
0.0496917807550601	1.53447683339699	472
0.0675723875407499	1.95492585543584	472
0.04160013732706	1.00468673041439	254
-0.0181013663851002	2.1463351918709	532
0.0498850111556299	1.53437305087792	254
0.04997488077554	1.53493871942332	410
0.0422145666767899	1.00412011001723	384
0.0500648117231	1.53400774588574	532
0.0500648117231	1.53400774588574	410
0.0424863391386201	1.00395907264506	254
0.0497814497756	1.53504277273395	384
0.0424863391386201	1.00395907264506	254
0.0409847658483999	1.00513822787385	254
0.04160013732706	1.00468673041439	254
0.04160013732706	1.00468673041439	681
0.0424863391386201	1.00395907264506	384
0.06762787425703	1.95501491976175	93
0.04064196408278	1.00529559672823	340
0.0412576979158199	1.00497575293314	170
0.0412576979158199	1.00497575293314	441
-0.0692551580327598	1.72583737770434	170
0.04160013732706	1.00468673041439	170
0.04160013732706	1.00468673041439	584
0.0412576979158199	1.00497575293314	170
-0.09898690529905	2.34059988735446	372
0.0430992507299399	1.00326104207221	512
-0.0988520443401599	2.33821780796924	596
0.0714277481129999	2.42241505903884	74
0.0412576979158199	1.00497575293314	74
0.0424863391386201	1.00395907264506	512
0.0430992507299399	1.00326104207221	195
0.0676167214430099	1.95518922494245	355
0.0713081276969201	2.42295185911324	277
0.0424863391386201	1.00395907264506	195
0.04187248890107	1.00452497119926	662
-0.0693091493230402	1.72595109769969	277
0.0424863391386201	1.00395907264506	662
0.0409847658483999	1.00513822787385	662
0.05016186835447	1.53379618716286	355
0.0409847658483999	1.00513822787385	195
-0.06924136840657	1.72493661682302	304
-0.0692010591650498	1.72561591353871	128
0.06762787425703	1.95501491976175	128
-0.0179937171276001	2.14590228900535	136
