x	y
-0.252346118281647	0.325281165769484
0.187038948873113	0.215369333248256
-0.648076227101249	0.882581656642372
-0.738744780857765	1.09601462587558
0.473503622618694	0.768439651676539
0.00586295633201855	0.00530374467992752
-0.409909837299989	0.463320235691174
-0.15029566242417	0.157951102759411
-0.00888714575501192	0.00789812937166168
-0.324080415756288	0.34979138346767
-0.425062058447775	0.592541823249375
-0.286091150195597	0.330356712544938
0.286167401892877	0.363693277908419
0.561143716133705	0.797891588468856
0.217448962606691	0.237811310162986
-0.389533221560189	0.467927089890983
-0.302434845797418	0.30682048795629
-0.214629542211408	0.264180825501033
-1.10611012942207	2.03095527947575
0.14781819313819	0.145685938819656
-0.166470341403367	0.162951251783388
-0.21737190461893	0.225002863927528
-0.679536212711874	1.14896456697001
-0.0869848653414452	0.0870467111564587
0.000979307399571763	0.000942235479302015
0.193627038388715	0.22957425294613
-0.237690694193024	0.2764790680309
-0.131156012716546	0.138416878257096
0.06635628230079	0.0646634297554247
0.000939124970535317	0.000903860674281713
-0.0276881508089802	0.0281610691085096
-0.0667274409822225	0.071433016429743
0.435234784540252	0.626146822966808
-0.479751010707668	0.633277797332224
-0.345088677977523	0.440057825344355
-0.371660963594557	0.568699641459618
-0.0407135066683672	0.0412524898192899
-0.21658165280908	0.238766981020482
-0.120433904053902	0.13510258959291
-0.646758738013567	0.924329480102912
0.209766840485626	0.269150611043873
-0.570136266720386	0.896181692984298
-0.679593755801294	1.14922284985808
0.0318535964916662	0.0308495240435149
-0.414646399505013	0.55160478080742
-0.136125292199601	0.124808722803785
0.141880164318837	0.157765321051715
0.160918121097415	0.137256598005876
-0.925987449389965	1.90929137398226
-0.127992285893646	0.151622083012619
0.294448006671727	0.403822621985195
-0.609434613462235	1.11509479224003
-0.240518782461655	0.263923197497602
0.00615650244912943	0.00642904396988288
-0.0778959870707578	0.0881825495596934
-0.194535493678545	0.215287210939882
-0.487632801676807	0.675518109694639
-0.753634505531199	1.01419697636635
0.46919917480705	0.507976549299364
0.384012104322809	0.574368080157377
0.138663473321406	0.132101721306238
0.129726355417263	0.155323140090767
-0.342593465105662	0.391786294080938
-0.0245167083410551	0.0216433589241965
0.279321328299681	0.336150015860144
0.00577295792887779	0.00522304863870613
-0.403106973136524	0.510547881776297
-0.581222656646927	1.06609535021253
0.109783613922995	0.136338904701606
-0.324929942621926	0.457191158789374
0.173186027338045	0.188195192877384
0.0317512748664332	0.0307430638101142
0.846705610180757	1.49034916376181
-0.303478527803771	0.369304672145837
0.272060595740064	0.308678474199404
-0.836221849041229	1.28540152604394
0.211294189704302	0.223914036884078
0.00541419925738024	0.00404212194045957
-0.00321306658793223	0.00262399598992333
-0.500759585661099	0.591984896444445
0.0774442753142486	0.0779823749583094
-0.166539199522065	0.163038245065848
-0.319404959110618	0.408590113212559
0.61498541878273	0.924519203013677
-0.190907555854951	0.185640292400415
0.229137059910269	0.266108170219448
0.106814051161282	0.117877364956427
-1.15940798708729	2.82315093366532
-0.434490313047789	0.633256095797406
0.239103575693246	0.29364453463749
-0.0574238806097845	0.054068772020061
-0.697916171662924	0.945129612529171
-0.345222207859654	0.440313691104164
-0.150474840871044	0.158147681320359
0.0692766920836922	0.0610360941904806
0.220329316319395	0.302807282267737
0.0663776890345837	0.0647017522152314
0.535779183204087	0.838480670233097
-0.509312585115636	0.635767128098113
0.253319553503154	0.252540101799667
-0.74961142286403	1.36008185954258
0.476798662188363	0.757461454153186
-0.455199761681597	0.632781350518043
0.163355914905984	0.197392228695313
0.0744776482529789	0.0815141849665482
-0.358708390240914	0.433147572408126
0.000906376100071417	0.000872321823715739
-0.0812459052556303	0.0866999903615615
-0.0245022536381456	0.0216294076141554
0.11479978928276	0.130298954558838
0.525614779944419	0.85963942907754
0.173123646556802	0.188096282580287
0.329825850031361	0.399586441780402
0.223358944751947	0.251829794835665
-0.125574816277606	0.106298324426336
0.638302209225485	0.743929244474975
-0.101538295626909	0.0867895245783401
0.928772166267562	1.04959892888534
0.0237514547453784	0.0185352322640704
-0.0854676432068503	0.0669775159374287
-0.0615680762960057	0.0487896434908037
-0.878901073716053	1.40472509440294
-1.08596487585195	2.2169358693306
0.054252176761754	0.0511121943037663
-0.0448529011965381	0.0512802663620852
-0.0261955599540126	0.024928749057847
-0.237352050416008	0.276187116154017
0.259422811897702	0.368532709879806
-0.150085273474529	0.157641820889084
-0.863761712086638	1.44017279731715
0.32962785779527	0.399343666190214
-0.0264453717370534	0.0251678477446843
-0.463190653487592	0.673306924880604
0.521005565081907	0.870124925735377
-0.551802873075578	0.685318432331304
-0.154749461038313	0.172477993614892
-0.170944536320598	0.178797890757051
-0.44320611586498	0.674150264551514
0.267399160216564	0.294286631550412
-0.0794792497776984	0.068537037186849
-0.173943088620294	0.193252240934589
0.0128427865500137	0.0108431386754205
-0.0967850410609001	0.10293171314494
-0.190977682671951	0.185708186300216
0.289225801646355	0.37741622311222
0.279200527485979	0.335922698220024
0.77920210237176	1.03286633869747
0.337626054645522	0.466914824701124
-0.397234114403985	0.555152914266046
-0.0574165289356959	0.0540600420928292
0.721486109741685	1.03760726162459
0.551028235585014	1.00262548021143
-0.0795937536336048	0.0955150505961232
-0.372909477060895	0.473878187933588
-0.407705440943497	0.595459131105955
0.0066972518358851	0.00699843464601184
-0.196446779109598	0.242485006755745
-0.0413122951999348	0.0445185079804507
0.384941830768669	0.549604910969959
-0.314496759070458	0.48418195011543
0.301303078364267	0.469156931574941
0.01565462517849	0.0167986277208347
-0.0664490801801618	0.0755082579075177
0.329925562286983	0.399283895583317
0.234264420670173	0.279899408640204
0.0277738416765726	0.0243591697166575
-0.114005268519425	0.105268808818554
-0.330353049581612	0.400636605076114
0.0131910195197941	0.0111394421805418
-0.651654059099247	0.753894720164737
-0.389658739115324	0.277021996645502
-0.545877715944672	0.641082702089142
-0.00883817212019487	0.00785389433991361
0.156785613658495	0.184500242220913
0.334978392605479	0.440458353991131
0.381662962419344	0.608102998939684
0.723004138480988	1.64036792294747
-0.142623372029855	0.168383615322254
-0.293762653410036	0.318879518838043
-0.385717846698704	0.514624019988267
0.15666443175612	0.184341639014629
-0.325177404595823	0.457447496550119
-0.837690780306477	1.51177972574701
0.223273025835057	0.251700162329051
0.533015980346705	0.638408386250472
0.0316321370829108	0.0306188723972485
-0.330276862921742	0.400540247258448
-0.389716540109037	0.468330635560791
0.337813037111667	0.467246818478452
0.0133298875923617	0.0132429084211229
0.678354861970601	1.04991907254147
0.331509769445286	0.413120060922114
0.575752469756833	0.968906096911675
0.194700392773694	0.280818325703661
0.116964552662657	0.103519500423377
-0.0749313191042738	0.070149014353578
0.433542822762747	0.638673078101262
0.0277051329081197	0.0242985302300088
0.0938968939084664	0.0889443979971752
-0.295311723541176	0.378584751553994
0.0131989141589373	0.0131122340465805
0.441725782422418	0.588887722625342
0.180390907690789	0.201898939941422
0.149935776157453	0.196935352625832
0.324467303607821	0.35931594010208
-0.0654159200158474	0.0465039097092492
-0.13096076157544	0.13818835016793
-0.373075001768441	0.474277940530308
0.217716027242292	0.238121643340181
-0.0938076596952063	0.087264202887031
-0.096611411848699	0.102737265443381
0.173055425609458	0.188029358217331
0.554389041771453	0.807765469050385
0.385982359886239	0.484241526645186
-0.572461115099385	0.936928570410216
0.23428154529936	0.279934997902877
-0.215849877569755	0.251965762801943
-0.237057571535539	0.275698570549301
0.292177659353754	0.391124481658925
0.217504270678356	0.29254590675854
0.547504706989968	0.817697040478186
1.10053373581735	2.35959154128149
-1.15617319411847	2.66025640897036
0.425649073554875	0.684662942285353
-0.233215242368947	0.301305303589412
-0.144468654570402	0.142319203020073
0.0277045163922927	0.024296141025214
-0.217050749171453	0.224625491842555
0.0276014496131155	0.0242043990117018
-0.787066672498557	0.89407914949473
-1.41332797263767	2.43144041278986
0.714444291469743	0.722344335297758
0.0276229220502708	0.0242182574469708
0.530135927854558	0.847427010647805
0.47008983145556	0.778663296490501
-0.0578504140506	0.0544796361845551
-0.278056744077383	0.264086619891677
-0.346621686223392	0.486332091653186
0.106669229137142	0.117717090162078
0.124444089468686	0.130199150816763
-0.127559988458712	0.151008728813248
-0.142992623411608	0.168929559323766
0.165137238202977	0.173873560291262
-0.648146291990492	0.882857940839683
-0.323519675124723	0.348812389429688
-0.243242472484282	0.250244936910195
-0.187369207061436	0.168980009781555
0.0909523350522314	0.0742452915408101
0.180470023939495	0.202100469842255
-0.500569549346279	0.591274055256847
1.25489839592492	1.97348109248632
0.197427436488523	0.195777296391524
0.47491277151656	0.496453444953031
0.041550311998059	0.0377941170824876
0.386694981318541	0.471534111680413
-0.468144877875292	0.802883266402997
-0.686375075630033	1.06935890337028
-0.05972902091595	0.0519434919810503
-0.345133194183535	0.44015186937469
0.275593930991278	0.322239556861284
0.329593271753158	0.399246030590119
-0.170866378253649	0.178738563267376
0.605633172446173	0.932302974032682
-0.528140946740886	0.763705436081731
-0.286076434940688	0.330343334951273
0.29220694859267	0.391178786746599
-0.989202589381192	2.16542272973542
0.228841842266134	0.265635227436114
0.296664290931902	0.416555608602735
0.624931475107736	0.916631429360669
0.00119481719194755	0.0011480726786592
0.582622662976681	0.959649184797454
0.322590960073868	0.34596130940411
-0.470912540825469	0.59099674870816
0.091121609360621	0.0743875153024696
0.481223780772463	0.485262778263053
-0.337038674528719	0.339264040068667
-0.0405424404862696	0.0324740038572598
-0.240166456384639	0.263491739248685
-0.156969797964738	0.205582774194228
-0.649170999451791	0.840143339375242
-0.29376431673122	0.318966130244002
0.611190744487586	1.25196866788406
-0.0264080359690212	0.025127852787335
0.11482243030023	0.116358274819635
-0.13704601118557	0.153265066823624
0.547289271217292	0.817598928726078
-0.120544481528199	0.13523989700466
-0.0122084675018207	0.0116730638516605
0.384681495227161	0.535853528042159
-0.0129950758261527	0.0151174143276596
-0.215545942271816	0.251645892856647
0.610558092848524	0.757115993234623
0.271784833830131	0.308441347488539
0.0818213587414381	0.0747828792986758
-0.293763305128486	0.318984797638264
0.00108008936924601	0.00103858977838318
0.22429012119708	0.31523243407644
-0.689762136717301	1.02781091776572
0.14950936179859	0.122275658997519
0.171432126017733	0.152255888557741
0.804439176404233	0.715498399758157
0.263185387802556	0.280621693276179
0.0416489421997826	0.037889470816481
-0.0651088964803118	0.046265967376211
0.299853799080516	0.245315781660967
-0.0617299632372315	0.04891620833412
-0.136189988234169	0.124866795350557
-0.452057024700592	0.412899157875427
-0.889439259060983	0.760402194129668
0.325821633103945	0.371966373827134
0.928775667022739	1.04960103669352
0.32969143185664	0.399451458876751
-0.216982405904813	0.224549134186154
-0.337246875230993	0.339609879628346
-0.733697964104541	0.739419738981596
-0.660047664237849	0.627003646868964
0.22929842931961	0.266270457820448
0.454958954863165	0.541973560421438
0.0280498743458084	0.0246001460669925
0.299929183554533	0.245429281334513
0.211110148604083	0.223689297441844
0.0799108513102606	0.0979311484786942
-0.120665543190868	0.135394953516127
-0.516872162036691	0.679746079625473
-0.545862838345364	0.64114650022663
0.148156689722754	0.146114114834383
0.525144344725733	0.648144455380397
-0.303371921235599	0.36903411102523
0.148025322371424	0.145979318172114
0.165066602871357	0.173793180156232
1.03085320605921	2.16227602728552
1.00739956842239	2.15073188686932
0.0418040580127136	0.0380281641898659
-0.170873748798155	0.178740581049303
-0.358803431492729	0.480130500687967
0.156725027776868	0.184424561503415
0.0066972518358851	0.00699843464601184
0.525339524658489	0.859135931416544
0.211223823325003	0.223834525842327
-0.375384432060867	0.374923176030912
-0.522179839904963	0.507081450529909
0.394683771577046	0.382381111093968
-0.753694724585139	1.01448996898963
0.541291642838415	0.827931207741287
0.165529831058673	0.174317421908012
0.0543082300743347	0.0511679322062841
-0.269322403727067	0.363782332383286
-0.479904953940611	0.633798751783926
-0.0869848653414452	0.0870467111564587
0.490735450210177	0.709765470776291
0.0351278985014992	0.037040886576911
0.483584934228393	0.73464851972499
0.00562991643930855	0.00509015940918756
-0.570251329807975	0.896442716808231
0.477085916429251	0.757965378994694
0.133588474149557	0.144159843945782
0.138244416345071	0.131600116745483
0.0973224517469677	0.104215678918528
0.088016399924274	0.0914868620016313
-0.60587792039015	0.949394869040668
0.0558491918000872	0.0473543816137021
0.00558433449032032	0.0041689692150332
0.505449033061858	0.6782023370718
0.673493472682137	1.37161215165235
0.217625210706693	0.238015547712251
-0.373154614547333	0.474337863294943
0.384018619461125	0.574322617173062
-0.0407583592721289	0.0412975991336523
-0.170810334436542	0.178665513132983
0.156824986326339	0.159885240517901
0.331460738148121	0.413054952943458
0.0276369507498453	0.0242366980004284
-0.342859527329267	0.392167126204504
-0.0965540674111624	0.102666403031373
-0.0912384296312719	0.103003046693989
-0.26571814776356	0.290033793309224
-0.295296109550119	0.378676599420574
0.114939693956239	0.116489171267333
0.156958395031254	0.160028591373443
0.197287077381033	0.195660681507735
-0.463307387886062	0.673633912331786
0.578181128332363	0.780445351925781
0.547127127136905	0.817135039614818
-0.284708547563454	0.46057461498743
-0.169520562956694	0.221273814358902
-0.641174952478217	1.12906194692513
-0.0667296877758276	0.0714366835411978
-0.0509974407138588	0.0617942576404304
0.469837665549593	0.777823403500867
-0.2714362465759	0.27739479244311
0.964518441326084	1.82248408535691
0.133383755815313	0.143929786735619
0.0275870933455364	0.0241920967559145
-0.10196636165642	0.121572706828929
-0.385509692459674	0.514259285549306
0.660607803612177	1.61109326631753
0.0773452389319062	0.0778744898675063
0.138454085006244	0.13188487666011
0.149471401201985	0.122217653943613
-0.252361990368998	0.325290975483049
-0.252575993481792	0.375517478017156
-0.492137263903554	0.842603576325855
-0.31241802102301	0.502367304390752
0.18280061527844	0.243123002476509
-0.346869296179358	0.486897818001901
-0.0691162638161387	0.0831866028800622
0.0899721678781085	0.115013160812903
-0.1378436022192	0.201643674846127
-0.123588144707362	0.163431938033603
-0.363102471142119	0.579599734466455
-0.127935825424439	0.151547978232934
0.0971078269747476	0.114913732785006
0.0895576811142768	0.114427319494157
0.0604540252720783	0.069060583456691
0.205087082453952	0.256613662253845
0.42985717210196	0.662916661515574
0.243901874454041	0.307692318545228
-0.477934753234879	0.756137449562883
-0.297818260689865	0.480060172848001
0.547922397549502	1.14231963826429
0.0193088250885599	0.0180841177943552
0.0818217279666368	0.0747899754757027
-0.0409813978457476	0.0387673796946559
0.418568853111237	0.713127673961183
-0.0408293946618865	0.0413718976546642
0.431401777535767	0.650376701010961
-0.0361364935906766	0.041509723941562
-0.776319553819678	1.5102146384521
-0.215414811563471	0.251429334702902
0.483457791698956	0.734041383213571
0.0244811395359895	0.0269667914646538
-0.363541493210677	0.580608949631224
-0.528048164301412	0.763258154271644
0.645724851292637	1.07063639901993
0.275608542759852	0.322255121046634
0.327819146695497	0.385746363768103
0.289368172191938	0.377670973978085
0.162973564843885	0.196908588611864
0.209564822194558	0.268801558323671
0.00679669892582358	0.00710071880876117
-0.199041938146239	0.258513821614509
-0.385581433118947	0.514454296720546
0.160760794433834	0.224400281107267
-0.288884470124634	0.389192646079986
-0.434678095350535	0.459317622110558
0.824331067909735	1.64300196124064
-0.105543036816538	0.118811627886744
0.338575092413872	0.553465182614901
0.340949974716893	0.516346938244482
0.865907434346692	1.80005137354715
-0.268196614952635	0.415817022686416
-0.0262400748266558	0.0249724131946227
0.171530498596283	0.152356052570949
-0.423520348797217	0.506566191105705
-0.278890860773202	0.340463218006
-0.783060284513899	1.84549031513052
-0.358817383779008	0.480158058892298
0.0411866366433103	0.0520396695103192
0.0401535940330754	0.0464476737329593
-0.686223759228037	1.06895501487633
-0.158852755377219	0.187046705612851
0.339615433852514	0.492225823436529
-0.068898824435913	0.0829026368345793
-0.491905131794244	0.842075489597507
-0.337949163364299	0.496579659976045
0.0654692288883279	0.0839129821936309
0.0241186331252622	0.0286859400444261
0.297702101622812	0.503591984714144
0.926730057871384	2.11916476796772
-0.522649355034015	0.926203846494426
-0.517456102990567	0.884021604285141
0.795888941990778	1.64483188545948
0.178915407255414	0.232712910947395
-0.0154285358428625	0.0157533081367286
-0.179500466365371	0.222188637054457
-0.342730346942241	0.392019513142265
0.234353152204221	0.280033592463568
0.150872415337364	0.19834860500829
0.410262557081448	0.735088621013475
-0.255864960294053	0.313150927820099
0.754618226752674	1.77334204471675
0.174851733839767	0.222208954347545
-0.580802576330022	1.06496510808964
-0.435534560068889	0.549290067526774
0.575709050161833	0.968803632961003
-0.112646120087338	0.141545746677068
0.337429728835994	0.560997739589572
-0.271805291883722	0.277797842534595
-0.0411083266230171	0.0442883880034778
0.382708000354957	0.597614087263149
-0.345369358360784	0.440510482608409
-0.217119462430697	0.224694376668652
-0.51190994845456	0.841257027510294
-0.255969375970002	0.313490749194123
-0.0661094499026284	0.0750870401313717
-0.0779569671646383	0.1114318778113
-0.000363025199465639	0.000426464670660398
0.0435996187151521	0.0436061137170052
-0.124649751685974	0.164999745845062
-0.0704941193670073	0.0708546094483889
0.00541419925738024	0.00404212194045957
0.441711322453603	0.588920410119939
0.0065815619650077	0.00687677368078864
-0.00330390984138022	0.00338341158422969
-0.163928474792081	0.203479518348848
0.367868410129486	0.660276536182351
-0.00386393927717486	0.00395912937573942
-0.169619420160364	0.221418197934405
0.211074196958418	0.223667455649915
-1.27079094968696	3.5983048048222
-0.404202911045581	0.64305999757766
-0.359020939085883	0.598725878700792
-0.399797271242825	0.718061415234561
-0.196377558190542	0.242400426294582
-0.772226568128052	1.24564852451926
0.247931606948434	0.320938025155307
-0.240315663097798	0.263694957409406
0.391616762730563	0.75233042921116
0.199842780053699	0.312873930425416
0.340718520113565	0.51598316111646
-0.0808436125169244	0.0862100642420885
0.209631399690396	0.268948441525121
0.118985984144905	0.154225311297282
-0.174149356342691	0.251599787292678
-0.487642818101261	0.675734284997894
-0.605139048460513	0.909026785833509
0.470025631871955	0.77847001847423
-0.809287182467589	1.96040686843262
-0.31429140617385	0.483659925140538
0.199882656144848	0.243624427508662
0.495366001707299	0.699914493193614
-0.963134653943537	1.46283966373259
0.37967149624616	0.616257457173665
0.0650724811194577	0.0692029058305675
-0.196492743610506	0.242550649548382
-0.330501543954742	0.40074489961297
-0.331949356827852	0.509975576284968
-0.289054655208036	0.38957392653754
0.124578088721328	0.130362823269167
0.0442067912307448	0.0479395702199788
0.289295193334845	0.377533767193578
-0.115740225259367	0.153805478723675
0.122469378732869	0.142843786007735
0.750756123837834	1.34192767762969
0.779405867619517	1.18464099189602
-0.60720150559366	1.03137387279855
-0.337811880490477	0.496348704036318
0.162915895317315	0.196821523909934
-0.176536438954856	0.207354854047656
-0.0890976839822731	0.119476815907783
-0.163831652644868	0.203344005604115
0.257269749896125	0.357557648269853
-0.968542395874699	1.07624606225315
0.238990585928945	0.293433427125185
0.364741664741005	0.66416806545203
0.0663328655163739	0.0646567006022434
0.149717394511512	0.171347926239805
0.199813259775022	0.243521728432476
-0.105478564907665	0.118731324267953
-0.144532663878486	0.142381151800976
0.227222664078753	0.194285170452353
0.705984127817565	1.04150673608856
-0.00372865128734439	0.00382069574098476
0.000306166253791126	0.000358534397656791
-0.123329285671585	0.163043395629089
-0.13027565040333	0.19126337414601
0.200384030792094	0.309389227055902
-0.915174390588122	1.33369618432813
-0.0869848653414452	0.0870467111564587
0.339111320510959	0.554488928059625
0.492214054047771	0.917629796043225
0.66018132372449	1.5022266251621
0.265238442346342	0.428943356298195
-0.792145577566905	1.43451918752788
-0.20827600533946	0.298145932842252
-0.74332572349508	1.39770357302635
0.14958749965999	0.17120077699473
-0.0105789243237096	0.0115296877918974
-0.15463262340446	0.172311434200474
-0.27298982873221	0.351056252664909
0.141678097536676	0.157511214233872
0.00677526392283408	0.00708017345571593
0.340798616001913	0.700895916101632
-0.086788873361367	0.0868279035953277
-0.0897257110312467	0.1072536954083
0.115047455311917	0.130603366690529
0.187404457726248	0.216056192767504
0.380486155023085	0.618006197744832
0.681846494676996	1.21185125116704
0.14114837490572	0.177411384073817
0.534506805441498	1.14348892098734
0.0320856331549994	0.0310808916407319
-0.607287510081109	1.03159109712866
-0.541009695727456	0.887349850688235
-0.252274728880998	0.324978924947645
-0.0659731141347757	0.0749247420187977
0.569033144216383	0.788449482464652
0.329578796643927	0.399251660921551
-0.643254216213934	1.04807403834082
0.0792023902134507	0.0969692384474922
0.0129278116391274	0.0128387318510555
-0.492078317924293	0.842519031317382
-0.297503453179963	0.458759194249922
-0.0890679764044458	0.119435312158827
-0.484842560339784	0.896132391157378
0.117202932554637	0.103736219279898
0.431386235232341	0.650344562856207
0.382578107403403	0.597264066339867
-0.120672134995955	0.135386981380739
0.582433914354126	0.959376935342367
-0.268814882452904	0.362984638624869
0.644499471153779	1.23671717478066
-0.086840941509649	0.0868651795335269
-0.561070754768576	0.771647124639966
0.217483468925658	0.237863735022537
-0.0777723450497775	0.0930886704196431
0.0895539933134327	0.11438616936693
-0.223273996113978	0.399061166481215
-0.267012885779354	0.378170392811655
0.149893080760014	0.196862176029468
-0.0414708143734775	0.0392739993600775
0.46262072887371	0.795752113017098
0.761869115414129	1.90086204321614
0.0568750032941737	0.0701687940078923
-0.423379701382343	0.819232677440217
-0.100998549388589	0.12711609071778
-0.0683314744430359	0.0875323834366389
0.0460119786298174	0.0544246070675744
0.264660126022252	0.406693124899823
0.122471703530817	0.142845395161813
0.178804151177931	0.232524813007947
0.239222199835518	0.293844403158126
0.204643152947181	0.255949087454765
-0.156480316960057	0.204830940501507
0.264871670945687	0.399862002313911
-0.371272419579965	0.567849465086876
0.0977408670646884	0.104739809546204
-0.485064938861336	0.798737597432749
0.301060894275928	0.459893255864341
-0.202430926088524	0.276000459614081
-0.278867197509596	0.340373271276744
-0.645774015093664	0.966406826478409
0.0664673544387485	0.0647881435487106
0.714139318866953	1.35378002739295
-0.516432702033104	0.678882269961993
0.57582546602254	0.968985085145837
0.340338495162314	0.504502220131215
0.149488663038816	0.171056216216224
-0.346737521010016	0.486522145261341
-0.506193772803781	0.799083989331507
0.437099906966732	0.613483718764244
1.02724645324358	2.7743145502061
0.259957652198919	0.369478132964137
-0.337737960550747	0.496200253908398
0.0475689252610674	0.0621603887602137
-0.278887476296172	0.340522226677584
-0.606517413866553	0.990611105911917
-0.357071088125914	0.382894821846926
0.385100130091814	0.523398947306943
-0.179562125725995	0.22228142929477
0.173121449787561	0.18800342683146
0.187348835938277	0.216027879059399
-0.679708820294306	1.14953108653156
-0.494599079495559	0.717125241871563
-0.64586372221319	0.966787031126721
0.0756810896651401	0.0591584922661304
0.283201837973522	0.35032168286321
-0.226050379864949	0.338068996504558
-0.14422683216036	0.18926957567328
-0.0969527898575996	0.129570448181084
-0.288875062810031	0.389295295081325
-0.605452447087157	0.909282031344847
0.09381126227059	0.0888831776731696
0.0973025570123909	0.115215419462075
0.203738977774074	0.347378794615092
-0.196442096456409	0.242504639601918
0.374429644701314	0.641158749420794
-0.0595274955774706	0.0718547482984844
0.35413681482465	0.679646279194858
-0.83180536903905	2.13052940736989
-0.0360448009249448	0.0414005109806331
-0.25215872462905	0.374840912519436
0.0199921845984117	0.0233338399658331
0.0345656866559082	0.0364434080837901
0.164063959294222	0.236926355010664
0.130412663459808	0.179287504066134
0.14604162788238	0.18778133553039
-0.269068719451506	0.363473226605863
-0.035826134768893	0.0411351974537645
-0.332227934224796	0.510459174459371
-0.362955171843296	0.579284780085185
0.00562034870830761	0.00508458574568065
0.447673434403986	0.565151926225882
0.339937809383024	0.492791388339758
-0.0405094936128412	0.0410147602012223
0.74510026613494	1.18770684188871
0.289196289097936	0.37737345193584
-0.371216602257131	0.567793236038252
0.840419989776655	1.64354233529455
-0.237276736552882	0.276062125653169
0.745128897752067	1.18769412928626
0.482280735579775	0.927346089149553
-0.164044140403102	0.203633623819758
-0.174291486847464	0.251834592472097
-0.957799914146389	2.03549195467951
-0.64319399989445	1.04791009415835
-0.846426521295556	1.98556516169572
0.495324656372798	0.461722571816057
0.234482750839077	0.280145879182711
-0.869904229208725	1.8583591406701
0.439170896116034	0.600796396676221
0.575693325763958	0.968695171117139
-0.60968692335841	1.11586386383605
-0.776187982055707	1.50984051112378
-0.358845306658526	0.480167991925784
-0.961501633618309	1.65498082550137
0.84231525405026	1.94358797653934
0.378380884384989	0.625879717067239
0.0446335756461958	0.0573908954124919
0.0679842918141779	0.0796199433913871
0.150474837178462	0.197757326069265
-0.479757792833398	0.502861337563247
-0.372985385019227	0.474101757192617
-0.523653445280636	0.92907500659021
0.231164663389804	0.405736715452202
-0.0134728204951931	0.0167664784935779
-0.251844293764659	0.374250757490363
-0.370812610336962	0.566751016400995
-0.363407035228587	0.580433668214585
0.539277345493317	1.01630086286641
0.298690896184166	0.429021765007324
-0.545485563680892	0.930116150725078
-0.371247678088947	0.519872096294319
-0.517037972032909	1.09771009938971
0.339842675744389	0.545858342790592
-0.393425181339465	0.600656675416498
-0.492976870283038	0.944899869461798
-0.541141560256537	0.887527569096174
0.00565951343105246	0.00512040713364616
0.204901778600186	0.256348481562518
0.263997442655724	0.405353086953442
-0.295395231912644	0.378937600407431
-0.303495818742805	0.369318168261568
0.0847537827654185	0.106071873588133
-0.603812515038876	0.866671238244818
0.716477715701106	1.19482484243714
0.336529182588722	0.453927597690021
-0.0967694768489786	0.102914567181892
0.168946400847121	0.209440690213771
-0.506293718861548	0.79936040940624
-0.0553061066349731	0.0558187321161978
0.0119593778651076	0.0136285370551124
0.161097793169287	0.224928176026103
0.376817223885166	0.634572648430338
-0.425669141512967	0.733094097837769
0.247477615160269	0.320072313010908
-0.127559988458712	0.151008728813248
-0.698072950646078	0.945515989334094
0.384074588873672	0.574481685532705
-0.0669193597104464	0.0716577864313896
0.366613133261577	0.657418439479973
0.575566797286352	0.96819790241538
0.0903754638170887	0.104346608566136
0.490963214395995	0.710800970005284
0.26318579364101	0.280572190331527
-0.271510143196066	0.277476592086432
-0.149120367410875	0.18553755596393
-0.268335050815436	0.416204500327703
-0.0787492815955209	0.0944234448038058
-0.11408845573482	0.135529489543121
-0.30377677778138	0.42823762492003
0.187305128402761	0.215970746681545
-0.2506582646262	0.33937036105361
-0.250335649255824	0.355324931311338
-0.207492501715573	0.296686107617274
-0.123610187925786	0.163434383535245
0.146158272607571	0.187961413177449
0.223520994838096	0.313918312841678
-0.0193550887977832	0.0209886005414748
-0.371427868791277	0.568264569671691
0.0385174825283617	0.0444712378300305
-0.417230645068011	0.635477696728251
-0.0667319424300725	0.0714388788964317
0.251736697148848	0.334078743146204
-0.319329748005995	0.408432772624319
0.204389067916475	0.255435559986997
-0.12351001914877	0.122296325089774
-0.319340501548198	0.408194037990371
-0.484816982421326	0.798256620587791
0.0067375577153636	0.00703991795008799
0.217752428165562	0.238097998260776
-0.303420158346828	0.36918585078807
-0.00391841389005297	0.00401543243836803
0.261679501619012	0.379735430598034
-0.443215263059609	0.67418721245973
0.340248911814693	0.525655331160624
0.692439333088018	0.88816228913585
0.547360044922237	0.817242674582067
-0.237571013722968	0.27637370485235
-0.0550031228459671	0.0555120738760492
-0.313046096023844	0.359795247514041
-0.131066997532161	0.138316561282605
-0.605214893563692	0.909199487616347
0.24791662604345	0.320937179372107
-0.044430935893892	0.0507764530452009
0.013120943957715	0.0110795932193064
-0.470649648272278	0.714201395349972
-0.0869948938910662	0.0870522172207006
-0.53846078904159	0.595604281945828
0.0879527657602466	0.0913541087213777
-0.237204846185274	0.27597131605865
-0.682935399223863	1.10944154136308
0.324256598728245	0.358872550033569
-0.00328343677682487	0.00267998404896197
0.149632406994988	0.171241048754616
0.217272770608711	0.23755226477827
-0.312974942086922	0.359677823425152
0.229185416694268	0.266086358416832
0.535980224497518	0.83795232861257
0.104489859198381	0.088894881817317
-0.144241480310679	0.14207686190281
-0.0573412687092848	0.0539697939419371
0.691169243766836	1.04404877661165
0.134846138139094	0.165326818240317
0.525276980408408	0.85788482115071
-0.240230068468604	0.263596328349456
-0.130916232198158	0.138126815618819
0.234339533071308	0.28001964104428
0.0774578969304403	0.0779920906607617
0.292450495313446	0.391449440757614
-0.346873872277435	0.486898976283721
-0.0702586397391825	0.0705963590265394
0.491111252568843	0.711292377703578
0.193526322251505	0.229396846876784
0.0547488298017606	0.0564953032016313
0.194996491086174	0.281327040309164
-0.113369302652372	0.12012513427575
-0.171291466856863	0.179159798054218
-0.686272076916773	1.06905981621777
0.480058500224699	0.746013173691424
-0.0939419945115774	0.0874011000503018
0.653234808465655	1.23089673213508
-0.319227771536273	0.408235870666384
-0.267012885779354	0.378170392811655
0.149269134196663	0.170691330599395
-0.0205360160567134	0.0223095732913052
0.0975115325912121	0.104453568783405
0.204643152947181	0.255949087454765
-0.641085569046045	1.17155786465964
-0.917988458770307	2.14320619939638
-0.445954983416958	0.591194468330726
0.338907979044925	0.480134447434532
-0.604891145873722	0.908104220470516
-0.609679145816433	1.11599215354603
-0.214702982048782	0.264346812335561
0.0739709644980553	0.0809103630141656
-0.0575994101987887	0.0542490173842358
-0.0549595562115974	0.0554650013511704
0.0646204209077883	0.0686696059363293
0.19170647880905	0.271058261300371
0.324186704291327	0.358940306881956
-0.560788265969945	0.770970981014368
-0.0553357001661118	0.0558461317952276
-0.190346748223636	0.184999337274044
0.0241158743353413	0.0188206420247611
0.623410059579546	0.749790016883799
0.197287113062663	0.195648483053427
0.329924016881231	0.39972981024129
-0.120447803052183	0.135114819603281
-0.731749477728792	1.13559809643543
0.271650011942486	0.308320553965083
-0.255897915869354	0.31335067966732
0.156938111501536	0.160029212082772
-0.243173064649406	0.250161594486024
0.706054268143174	1.041604035126
0.454870232688493	0.541891031547206
0.450823786322533	0.552923840570389
0.05589493671303	0.0473837774464049
0.588290770803411	0.772634669076191
-0.136199194016978	0.124887862876751
0.589548691581372	0.949888531062047
0.337681440850376	0.466930743591549
-0.0550728017735026	0.0555781100807814
-0.170971104512338	0.178867085481072
-0.385625795973952	0.514551097497806
-0.359520943155772	0.527312354258357
1.00703754622009	2.15132399901524
0.180336503367367	0.201901911003347
-0.237365734380992	0.276192025754856
0.470085248089934	0.778586397421328
0.090812108587167	0.0741318425950844
-0.342859527329267	0.392167126204504
-0.255939766016182	0.313433185760308
-0.776384121120334	1.51025304775686
0.337537817873401	0.466600274001142
-0.0245662859895456	0.0216877761786023
0.20982184774801	0.269241361317897
0.511096174116896	0.888024159623613
-0.371134938507748	0.519875094530417
-0.169691331333551	0.221551270323203
-0.19548540525288	0.228952556246799
-0.414673798940353	0.551678233898093
-0.445679310785138	0.590319934613283
0.91652602906201	1.6553000129623
-0.532847553046269	0.805043450881937
0.275523230298774	0.322114623219346
0.0938752943659311	0.088944687494659
-0.330100833925727	0.40025084981715
-0.215690968022773	0.251831726062703
0.0878732117480343	0.0913130066695538
0.0192132933558206	0.0179976615676621
-0.271510143196066	0.277476592086432
0.097725240815076	0.104724164159007
0.439374076789183	0.60133211090194
0.597519667278486	0.941399892657843
-0.131107978265602	0.138372668039681
0.655716749410945	1.06336002056623
-0.293694452904523	0.318906999330146
1.05962108731993	1.70922222501655
0.097641750422581	0.10460410126699
0.00569665173018007	0.00515404729950422
-0.509104606261101	0.6355968554962
0.388142609697153	0.446014220529148
0.10473216359715	0.0891148573576077
-0.506293718861548	0.79936040940624
0.211074196958418	0.223667455649915
0.662401604199798	1.22504933924758
0.50550612066856	0.678310844395386
-0.69414460409838	0.98754748718369
0.104906205414937	0.0892622372012635
0.204294598588729	0.209527084223442
0.469276931464535	0.508119579210492
-0.273048302972245	0.351107453825112
0.0974976056297519	0.104425009882297
0.0904699293079448	0.104477179977735
-1.08526025648196	1.70121524072218
-0.176249725301463	0.20692929181986
0.199566699461754	0.243222915991776
0.505420416233229	0.677936566616831
-0.101773052282594	0.0870011020905378
0.714312321056511	1.35506667418813
-0.487763518846977	0.675964803475798
0.0236673393457977	0.0184674850029598
0.211280664525691	0.223899214588769
0.106726241466235	0.117785926288903
-0.487804662899435	0.676014217998045
-0.127864621043828	0.151442279156845
0.0281185098684344	0.0246573597013893
0.0438469774807903	0.0438613636698684
-0.506265878212233	0.799260298864931
0.248050767664659	0.321169624995328
0.547379254443241	0.817775972779872
-1.1668156379224	1.65763435917956
0.169074466292768	0.209629327995538
0.163100220171289	0.197090445158965
0.714443973498432	1.35572896111642
-0.216595351586226	0.238782698195599
0.469789339438498	0.777610444622753
0.141705911630001	0.157550581700737
1.26385000454429	2.1449163207881
-0.787055453557766	0.894027602021568
0.392980574698204	0.395029137902554
0.486822155069035	0.721405151992977
0.666608571403132	1.05671584489444
0.0821698068246346	0.0751093863998996
0.333216775447299	0.426709655034537
-0.545414024362843	0.930324128063382
0.161569571409007	0.137861385130614
-0.260924140670173	0.302472645909282
-0.086788873361367	0.0868279035953277
-0.176736683165661	0.207557420410378
0.435238310316796	0.62606946742725
0.0878257220078892	0.0912682655501622
0.322418488103287	0.345777455228833
0.0937760345105902	0.0888310050339063
-0.243033158755903	0.24999071628002
-0.0413675261766151	0.0391734502549352
0.21432879950314	0.281804798967725
0.757982318567276	1.64574372404171
-0.359026440792621	0.433489657665537
0.138105272903511	0.13146450318137
0.451174645375699	0.553520452210936
0.271536875849824	0.308143383271708
0.433368468175348	0.638527724304787
-0.260803433269118	0.302378389788419
0.441753149433592	0.588995170262212
-0.434371640049712	0.63273143364431
-0.333650437103827	0.447549307713323
0.243846423742964	0.307673360512812
-0.0748109299026131	0.0700219648171241
-0.101193979131873	0.0864481415177323
-0.194411529691162	0.215183153981744
0.247964420064977	0.238498622070754
-0.679506635827585	1.14890413434385
0.76161557274628	1.18589948394053
0.05565780462651	0.0471812655083329
-0.907693817675094	1.13887591356205
0.124667453183444	0.130459232990049
-0.26087190775791	0.302413060733245
0.533075527352911	0.638378807118626
-0.414395608999585	0.550863488476914
-0.603778439336649	0.866584586349315
0.906010494283331	1.96058068608194
-0.176450176182828	0.207237602150865
0.0693468474178826	0.0611004984260255
-0.403155636548371	0.51059473229038
0.110259258665205	0.137002218221429
0.675886706275137	0.891761654857405
0.189513057845058	0.181460619577525
0.459343205045325	0.530780769307881
-0.0246303112865443	0.021745208276868
0.431573159595338	0.650821392165528
-0.436575678799733	0.781525598288432
0.180620857754976	0.20227979835902
-0.0550309761303805	0.055542212966303
-0.258982840270162	0.458773800652061
0.0596332534686175	0.0680147873077117
0.3347702325748	0.440184850953588
0.510986729462974	0.887370339253772
-0.0416304418633938	0.036490700431943
-0.00968114667930501	0.00626832952972404
0.476932873396276	0.75760197167714
0.455107389306176	0.542270636319901
0.828979221116818	1.03518738177711
-0.414097189345744	0.32232938802377
-0.530587795228489	0.55076761078943
-0.0908110398495326	0.122039174155718
-0.816824188235307	1.58553652221422
-0.179754275999909	0.222546419752394
0.435248388281957	0.626159037814079
0.0663776890345837	0.0647017522152314
-0.015352784260853	0.0156730387568103
-0.300498763112126	0.506359511603194
0.425831653196204	0.685060109198911
0.199494296800775	0.243078791276608
0.709701860884091	1.50443277472706
-0.390157519583626	0.468980956461777
0.740392971701774	0.71836998592396
-0.337496004755712	0.339807363855572
0.138384498050093	0.131805200429884
0.312641345928474	0.29062217769385
0.263934644623822	0.405139330331214
0.0844631863716203	0.105650167347834
-0.083091898603902	0.105469604184479
0.0127015792193593	0.0144892681818375
0.385202805381353	0.523535423798781
0.0977547761592012	0.10475634104678
-0.00379270810586253	0.00388651539372596
-0.417158956783246	0.635441421985306
-0.0812152359599183	0.086659873221223
-0.0151084821879219	0.0110319313434814
0.429790158432014	0.662829084845183
0.241426827539751	0.22361431141305
-0.104813752121076	0.104395786878214
-0.132125912431391	0.0911792007208255
0.253558020842037	0.25281677861806
0.459311190937518	0.804967516751676
0.221091964709447	0.304134147496335
0.279262870481243	0.336050381869638
0.49124181839075	0.711671968404364
-0.800546307011976	1.66236445106431
-0.647212749038209	0.925269715153119
-0.231323451219	0.361825977544246
-0.958577769363002	2.23274928273333
-0.370874757273219	0.519249962986242
-0.0896313420394957	0.107127729381386
-0.160307853238198	0.145805600654399
0.900929799263531	1.19715121657235
-0.0618653068735685	0.0490273506039531
0.0937255543351182	0.0887836794049806
-0.0210415504908095	0.0170243867654469
-0.135738477154566	0.169351849800096
0.217156515120186	0.29190007692991
0.780284347763435	1.78611893958422
0.339847197684866	0.524694400529417
0.126520523835013	0.170595621835235
-0.47798754880096	0.756145362543355
-0.239970644000229	0.263185162961275
0.43332682622569	0.638465257655242
0.0975158567075577	0.115482020397795
0.462832097680979	0.79644264571558
-0.830179416759576	1.77601808750701
-0.196451492749962	0.242439493328228
-0.560908629084489	0.77126074717327
0.223435252666052	0.251942154716726
-0.237451301819708	0.276210529912176
-0.330114679418749	0.400138511896457
0.258580356174899	0.266771558739348
0.38465168979892	0.549253321838953
-0.333923913792915	0.44793705924657
-0.608195751468829	1.07272722931604
-0.653507460278597	0.710708894840343
0.263395027425095	0.280834795804682
0.320272328747358	0.332160059379262
0.322176397580993	0.345416924952076
-0.731617907743784	1.13453439846718
0.1609661879616	0.137320755896416
0.286045219546663	0.211913081318423
0.258439535438573	0.266632882956642
0.846762195486214	1.49050545660842
-0.193086062331064	0.200959541788771
-0.640592363173097	1.16960479753589
-0.0662791740426643	0.0753095998658675
-0.174082661963187	0.264400164524301
-0.975153431995218	2.00416902391625
-0.0834855345504532	0.106024480620238
0.569519028973035	0.978423932071492
0.165381009667146	0.17417258595243
0.251554550208948	0.333827777784426
-0.0362565738715093	0.0416484798746414
0.10673852053776	0.117771840959142
0.162667219140351	0.196413084163957
-0.319345488739592	0.408505076520394
0.470399528462237	0.779202728055036
0.197703717463453	0.295305976722363
0.257541312855595	0.358099660675587
0.234343003175398	0.279996201794446
1.02538327615287	2.31801750157462
0.129242513108979	0.154688748286274
-0.174093167185191	0.193421876312626
-0.185339997684308	0.267098638605574
0.29636615480257	0.415946685025061
0.387369775793339	0.458800526391794
-0.0869502437974824	0.0870039607753215
0.433370394882283	0.638527338513887
0.21715904917389	0.291897813103705
0.678404865141141	1.05027170427502
0.470399528462237	0.779202728055036
-0.0152328909524289	0.0155515545278486
0.575809752389183	0.969003477239389
0.383339459758079	0.585836766393349
-0.273117826757942	0.351231846507641
0.133196371063262	0.143671642674719
0.156716313998265	0.184372311185774
0.324046386773205	0.358692360542025
-0.101762960819158	0.0869915771806651
0.545148484806344	1.00993528461121
-0.756580147741379	1.32284847855771
-0.297804574083163	0.459531520016027
0.300120022345433	0.44935463221705
-0.644643682607576	1.00771812643577
0.217948620474672	0.293228532616042
-0.545534793696386	0.930567420960935
-0.463438037176896	0.673885984961651
0.257000524852066	0.357064988985664
0.451244823574644	0.553723594145971
-0.0262264200762628	0.0249590834611074
-0.0602208263918885	0.0727803425859928
-0.303643473959429	0.369562280881879
0.234428284396856	0.280129801741725
-0.25046204959737	0.339016984557147
0.163229179843109	0.197251356982335
-0.0276168482777598	0.0280863992577515
0.00577687809928675	0.00522650201802265
-0.303585145782736	0.369461276611437
-0.0576214828006185	0.054263098340884
0.106626096840027	0.117662140736524
-0.69845701743394	0.94600862680094
0.8449225826666	1.18856626952226
0.820776151159572	1.1857229350682
-1.35417212188546	2.43295997578787
-0.150192333278752	0.157826500601906
0.679274096579126	1.50502525336139
0.427804392871575	0.674007795192086
0.69241104040029	1.20521236332724
-0.648006768750606	0.882560502752407
0.163102484221638	0.197091633752909
-0.817912575376278	1.86492828102213
-0.494606214001559	0.717196909057265
-0.12392115417191	0.163933313543854
-0.288808206144443	0.389163658441368
0.384970238882906	0.523092980110868
0.163157868150957	0.197158909061426
-0.0597990462998023	0.0520067038112225
0.243960768121066	0.307799668401867
-0.732142036181635	1.52685900486714
0.569276080404326	0.977864255352879
-0.00897786247033499	0.00797909884810492
0.562856097429382	0.986118250807315
0.296609282283223	0.416475960375932
0.296606983914011	0.416476556940298
-0.817039000504045	1.58566480493555
0.441971166214129	0.589205296993365
-0.15873683039182	0.186874969009981
0.525327376285045	0.858998147839959
0.780002255147354	1.33648667397186
0.09380404447893	0.0888764478131646
-0.772704165625036	1.24655617879
-0.0811026214835723	0.0865371624487627
-0.237276736552882	0.276062125653169
-0.19620032638745	0.242019980560199
-0.285803626476288	0.329951963055065
0.239178643203927	0.29378204826183
-0.0261955599540126	0.024928749057847
0.153947445896634	0.206497640572482
0.0100936459234123	0.0122918942636757
0.248100501454713	0.321146279959876
0.282918204390423	0.349956312512378
0.820685092012784	1.18553695620231
0.0817526463450996	0.0747152499231785
0.487029606834592	0.92184384796307
0.705773582533966	1.04099234251709
-0.177985206909693	0.134354969056989
-0.325115550980235	0.457395653830823
-0.286897049651035	0.251212824057396
-0.0859582506160404	0.0673410989131407
0.116232030628555	0.06823772309015
-0.356834443440488	0.382493558353314
-0.0331478132180528	0.0461272050177316
0.473191321541123	0.767588988624203
-0.702543373900213	1.6647782353018
-0.32630796010022	0.545876182448079
0.487578818478324	0.723013281848043
-0.0202720988260728	0.0220130513291385
-0.115927416927587	0.171287834255964
-0.244775586629424	0.382519258155603
0.2646940667819	0.42082691048152
0.302082620573918	0.470351962431697
0.691516351931635	1.0455212669305
-0.512285164387882	0.462637936498698
-0.266239854269612	0.195382005603096
0.00540685524213857	0.00403651610986143
-0.271450030674479	0.277396242947828
-0.332362663342434	0.51079224984628
-0.671808451273226	1.36056848868149
0.286336340169807	0.364004530055254
-0.137015059170734	0.153237602025179
-0.0872898104260038	0.148687528143935
-0.51720130817754	0.883334757657512
-0.105356469480086	0.118579794483989
-0.0537957340000001	0.0578063119195229
0.163171454819042	0.19715395002907
0.578181190297805	0.780499393614008
0.0975966854121422	0.10457598147143
-0.435676877840378	0.549396106728072
0.0581705452569059	0.0368367704538157
-0.451567313675477	0.715702967565823
-0.803740777715128	0.856830779389944
0.322571777459486	0.345925954754608
0.495471620372907	0.462083109703082
-0.112512935646371	0.0871356676657386
0.0800862544355491	0.0981675237367352
-0.170380972996827	0.177956097551714
-0.255751476018532	0.313048028698461
0.286207226967299	0.363868745695867
0.260186399376597	0.369794303805733
0.693395492791158	1.36327161601376
0.174386160683465	0.221605001835209
0.129485616572935	0.155032696382967
0.0619546329852442	0.0779956000704817
-0.0549734829566366	0.0554806759550239
0.39441605858586	0.382049815659346
-1.55218002589067	1.82274162741747
-0.0757624868056436	0.0473189678358762
-0.302990759522664	0.30748058973216
0.6382465659225	0.743686611844021
-0.00387118798475801	0.00396543675849171
-0.463450376321689	0.673849209888721
0.254698821667565	0.346133124517501
0.339928731490656	0.492732080473958
-0.314409833850888	0.745856762851512
-0.0274978383480147	0.0279678332513344
0.141016302087531	0.177228289447789
0.141690149905606	0.157515040291511
-0.202852503568138	0.276694113317663
0.0415979005821687	0.0378231483437914
-0.0261819018807181	0.024915417660048
-0.0939990413212305	0.0874553582085711
0.320667062416241	0.332563866122739
0.666728468585759	1.05695771418147
0.459583151457703	0.53106671573721
-0.265980287811352	0.29040108169893
1.09496556106624	1.41261390939269
0.267534794058248	0.294422297106665
-0.252477772969852	0.325523244056595
-0.646788115123661	0.924306118739543
-0.0812459052556303	0.0866999903615615
0.0131218709959347	0.0110798352338455
-0.234821711016981	0.288416549275209
-0.396989219497913	0.554699072768344
0.217426676481677	0.29240922740822
-0.602704771385279	0.825200622164189
-0.0811180165536902	0.0865441287806351
0.0975900377115964	0.115597330890157
0.385819868658974	0.483928189598886
-0.417809045070437	0.413310261163525
0.587881050772273	0.77233854357492
0.229119674208972	0.266094883032143
0.0544203467900924	0.0512765302963484
-0.434416279116672	0.633111870811236
0.165368854784635	0.174144752334848
0.0649988910539485	0.0691232893995263
-0.0306536372094682	0.0331748287096329
0.0740498465189944	0.0887412924352202
0.214071064055682	0.281404748002416
0.0546468517439484	0.0563874806290638
0.292294791588888	0.391238264388846
-0.233188411836286	0.316411850151871
0.301536810060415	0.460895026090693
0.0878732117480343	0.0913130066695538
-0.373254162677969	0.474515512076003
0.525323114828078	0.648249435756543
0.338890744111833	0.479877372874503
-0.0208776497100125	0.0168917469043486
0.024157722087798	0.018854604436062
-0.656143686465891	0.66852524227485
0.218069026968259	0.17847422220073
-0.207748596619419	0.297216366268844
0.217640746153205	0.292737901260898
0.00712515847676219	0.00744542119767682
0.283017347877677	0.350217514694866
0.382764583163281	0.597712413808302
0.506546109520024	0.89696723637822
-0.268938213112791	0.363202622871308
0.0938318762777235	0.0888831842604763
-0.464294424046532	0.859964263011878
0.511463711337129	0.888973867645129
0.279527955052603	0.336392768869381
-0.570223370309151	0.896403216195923
-0.648007982177334	0.882445620716572
0.0128424891101176	0.0108444322368767
0.0693468364880707	0.0610912962058299
0.204964272506635	0.256438435967685
0.299700002293132	0.43981700658048
0.731870102035526	1.5019536860358
-0.313216124885454	0.52587910828434
-0.918462223154805	2.14470131549151
-0.303970831218268	0.428506583711939
-0.284715533849572	0.402260004638037
-0.528316024476423	0.763929444961111
-0.811919162952043	1.36005853523082
0.627786977820382	1.08587664879927
0.00555588586696888	0.00502642997825246
0.0689961871688631	0.0607538951389668
0.0543008926685999	0.0511593306501135
0.17315484044795	0.188149979271823
0.866458567106513	1.49225205450987
0.234958492873689	0.209356073526506
-0.463262194446244	0.673461996032569
0.32993128517095	0.399721766755396
-0.295310027653677	0.378740460979636
-0.303894601169198	0.428399465185722
0.561271711061732	0.798231743207563
-0.142682946630042	0.168479574014089
0.385263558931617	0.496445058716801
-0.811673681840394	1.35929035559986
0.336370605035586	0.453727134262465
0.62724427735694	1.24508531468687
-0.783240425760593	1.84580992788818
-0.0666694557593383	0.0713636521309758
0.282647695601813	0.349570232649941
-0.500653066876233	0.758228857511249
0.0416489421997826	0.037889470816481
0.739137919142922	1.03563268485048
-0.237266525452316	0.276062019191294
-0.397145781284655	0.555014651192697
0.156839408240727	0.159883306412394
0.0600291313183999	0.0685006835009852
0.38150770426293	0.607777950406988
-0.564178260966113	1.11268519778241
-0.310344447366081	0.417245479064413
-0.745531081726947	1.054983170076
0.180682620157402	0.20230974518447
-0.302514235825533	0.306937247974545
0.315445376396535	0.304659398072107
-0.216988674013175	0.193908135421488
0.27142375176739	0.307936144331947
-0.233265193242027	0.301489544583307
0.384811496986907	0.549522433702092
-0.215360444626691	0.278964259647424
-0.00328351033646956	0.00268116413060515
-0.0912408265140862	0.103008774408871
-0.397102381215122	0.554936102897573
-0.28269435119897	0.4181463776634
0.141749464143303	0.157608687434667
0.384463179862531	0.562104357248603
-0.218007611323065	0.296659295564872
0.124413055605126	0.13014689896608
0.0551238082858008	0.046700940914426
0.0277048296100638	0.0242976570684579
-0.217093120536271	0.209453856048048
0.525139357223266	0.648110475973207
0.162980332070038	0.19691214858291
0.0548060166777574	0.0565602805136534
-0.570280885186206	0.896524320772407
-0.144429660357323	0.189509841697301
-0.072876127502648	0.104582348650917
0.22821048170213	0.33356466448213
-0.0901423569518938	0.128008409165937
-0.509243682423063	0.635914544818479
-0.582348592185783	0.519584954927844
-0.38263181342226	0.560025565208581
0.802915971121758	1.03357833551687
-0.217091830167762	0.177954579015446
-0.119241969926277	0.0730802097855497
-0.451992737156256	0.412870410960809
-0.313786044255212	0.527381194014322
-0.382620113291456	0.559983270283915
0.073911095683285	0.0808392700222596
0.301329947908868	0.46050468651812
0.412290231942533	0.726155015393183
0.7450502443697	1.18747853343819
-0.122565823154346	0.18042107424447
0.19438934339778	0.280307755106074
0.0858161721850538	0.107520626183444
-0.0752482124763537	0.0959224100603579
0.10472520965462	0.0891052375292268
-0.216636175233188	0.193556683153809
0.0240107824376561	0.0187415245897046
0.65418242139895	0.737615204581338
-0.0401310843790005	0.0321434858999316
-0.958368021787422	2.23181345727627
-0.0271411121250621	0.0275889632636307
0.384904805249282	0.5229028716152
0.439374076789183	0.60133211090194
0.231505527252566	0.368419150673059
-0.0662018134947273	0.0752124644169874
-0.0574872999149374	0.054134830414097
0.229092387384492	0.266054875602687
-0.454990918389321	0.632270709000969
-0.463394494393523	0.673814824926048
-0.0823784131974289	0.110950933691158
0.299815079470693	0.440017494136625
0.16369813930092	0.236318409901404
-0.0690521769785158	0.0936776437414998
0.0815988345738936	0.112393834127782
0.248052909048985	0.321162722427711
-0.0405697458970999	0.0410992903504795
0.118462993644929	0.153426600134467
0.179110349483765	0.232981082255029
-0.85198036120419	1.93726978902801
-0.136587804655909	0.170574478921092
-0.101742793629538	0.121250548091717
0.0744046614366057	0.0892042842408499
-0.342661028500418	0.391911012055623
-0.516630557693532	0.679281304122956
-0.500750254694164	0.592021705391733
0.136272118620148	0.106576986028711
-1.05538193962518	1.37354094249994
0.661536794213173	0.89782000535915
-0.143108193619988	0.109449084763236
0.163491571137908	0.109057293172897
0.326238471945259	0.372633089263031
0.964589318844736	1.82288222494651
-0.328100192582562	0.526185888625249
0.555012755659356	1.1415105369825
-0.0611361725684042	0.0739567180268591
-0.510118126570215	1.0486969416653
-0.318188646662104	0.468471196909347
-0.120235381067091	0.134811131139503
0.294320902864767	0.403556277988532
0.443275358117378	0.828810171761861
-0.156338547740132	0.20458738489297
-0.370848247154325	0.519263280656283
-0.725927724320441	1.17569890313594
0.220978216573541	0.303952038141897
0.300965947156296	0.477068564900931
-0.268947868312437	0.363285917175227
-0.330190782643349	0.400405641026594
0.619744793221295	1.09433827487471
0.104732747784013	0.10268586127581
-0.216474159878208	0.23860017974101
-0.249819826242869	0.337920151427181
0.223183122874736	0.251541148733303
0.034698853516397	0.0365873109018314
-0.130947091309497	0.138169642092313
0.12936040877451	0.154857885855091
-0.196624039551187	0.242790800502886
0.644006292012664	1.23513207567105
0.0975671804706257	0.104542713281926
-0.690044606285811	1.02865867319709
-0.528006957436821	0.763297666091056
0.945201406747998	2.12667191944655
0.383760071722546	0.573775568488541
-0.389752959977255	0.468481746123479
0.64788079594275	0.902932968331084
0.133268039960474	0.143778439949336
-0.0261955599540126	0.024928749057847
-0.104682796657969	0.104239075969688
0.0391310282163536	0.0452170835056193
-0.629414249107627	1.41310815842433
0.298629882422655	0.497424697080918
-0.0371397220476164	0.045434330895176
0.132217486754959	0.184835951043739
-0.421272538632428	0.81272324733266
0.0902865018291242	0.115461653714879
-0.570178234486679	0.896189582625785
0.00100881607720618	0.000970535371328154
0.372161126353566	0.647767797765822
-0.609928699754544	1.1165299954511
0.160951778070099	0.22798604089695
0.0508728057733481	0.0613984134549913
0.174213689391677	0.221310370050979
0.460184377696271	0.806741480233719
0.396132222041508	0.369041218261608
-0.286139811349036	0.330415995826314
-0.02620922403999	0.024941535487998
0.138314828201284	0.131708201364184
-0.509173369901354	0.635595718446523
0.0937688473111075	0.0888310703840993
-0.216679229652928	0.19355804920185
-0.0868198700826233	0.0868667464013487
0.193607966285241	0.229580243244179
-0.403177756777485	0.51066492435021
-0.221555474606625	0.316264627627035
0.380951101254907	0.606484917056507
0.654712608435836	1.37572406962009
-0.255968738877946	0.398432981339664
0.618976017507779	1.24832121256047
0.0908786705268557	0.10499421385126
-0.0412409897811048	0.0444465381423382
0.0448265766072699	0.0529291216393539
0.150191730936345	0.197299724802096
-0.358637420692724	0.432954635960219
0.339096314636434	0.480422111506397
0.0741643214682794	0.0811564341792143
-0.194304918602206	0.214998457519785
-0.94178997690569	1.6876293289915
-0.00882353868153215	0.00784161642554738
0.294760428609503	0.404310994204181
0.385059246300612	0.523262847730949
0.115002333046982	0.116558741313531
-0.19655495479595	0.242647466696641
0.211116551649921	0.223691409992927
-0.0273139932184504	0.0277763187350156
0.239349159465094	0.29398904166411
0.0548910144649204	0.0566546127869537
0.229092387384492	0.266054875602687
-0.561070754768576	0.771647124639966
-0.144526734036074	0.200232421888407
0.140979549915621	0.177164356929276
-0.407323380470236	0.594817200071357
0.239323251995789	0.293982028296076
0.327826340614643	0.385775070603946
-0.0548288141511006	0.0553181439406117
-0.417540278947199	0.748851140268217
0.0773588812100527	0.0778911935256601
-0.166469161587784	0.1629357417532
-0.0120912668863036	0.0115603540900363
0.0245652016556628	0.0251483171666916
0.386359546435944	0.471051203735703
0.0541400804671791	0.0509979035075879
0.497202797607704	0.911944865464907
0.509250968972244	1.14055988491617
0.319708888783249	0.603635092067155
-0.328576486985187	0.597222786460823
0.0561284776544303	0.0691686337483641
0.0189933248863821	0.0221442164567659
-0.0755267457479656	0.102096797381179
-0.0870158671916231	0.0870735718567259
-0.243521287065482	0.250485062131263
0.182461480387264	0.242540115305703
-0.225594284926998	0.337196705084328
-0.671922397810367	1.3148665936118
-0.0777775358191946	0.0880267921810395
0.416477508081003	0.722453952956136
-0.0911864083691475	0.102934977539978
0.253374196721595	0.252524101999827
0.0905435806634499	0.0738791659507058
-0.435831707183052	0.549656597737559
0.00550705791292844	0.00498292708879411
-0.300285928384803	0.240124723900038
0.305000854523063	0.261071749181756
0.29955726095887	0.245040731437178
-0.250015122753915	0.221219615745068
0.0558254748690385	0.0473347099613842
-0.215531981400707	0.251628165534923
0.515676752100007	0.878643832477786
0.19179720282254	0.271238391387303
0.402170340292921	0.741658425467934
-0.102024961537805	0.12164867377456
0.257812986701466	0.358574518552685
-0.64444117127888	1.00728343060387
-0.577684457824079	1.02102432151573
-0.0362281731605548	0.041617696852735
-0.511845598598755	0.841095105361317
-0.463293426296722	0.673567457327296
0.0745820644444847	0.0894317296158214
-0.0356003324938162	0.0408633043289571
0.14587513611828	0.187543351845029
-0.282466114497123	0.417755344885201
0.467095948846495	0.789350991995713
0.104193334344577	0.12645820470806
0.000878560033994865	0.000845849181354202
-0.0811442954284169	0.0865868373433006
-0.179818309602596	0.222617276353104
0.340445380180586	0.536358827606506
-0.63752995302652	1.52199111152349
0.226043793698859	0.324092813568266
0.425708359593278	0.684782882431384
0.106699955035287	0.117732346778677
-0.166123068650824	0.162514511714028
0.0159017938444475	0.0170683377705059
-0.436266210430738	0.720866811407289
-0.42517737598306	0.592698788128231
0.140198534075034	0.175968641163263
0.114767735435814	0.116272094364387
-0.131121650527834	0.138384351791889
-0.506885060786185	0.935159783764368
-0.549385102793744	0.97285279672163
0.777720011095427	0.878569243275594
0.0693468155613359	0.0611030614374901
-0.752786375887818	1.82923404025551
0.282688545190422	0.349662003778775
-0.732030645198587	1.1360481238602
0.435381562810383	0.626262446632386
-0.149769300895648	0.186474075145773
-0.0450705736868635	0.0515591147450951
-0.727685019992512	1.61684921955649
0.502421970457228	0.905581829099873
0.0778716650292285	0.105438452018471
0.148771467430878	0.241373723971062
-1.21944424188888	2.13544126784611
0.204225030913692	0.209439380266281
-0.0669818177217792	0.0717285532245882
-0.176522533644331	0.207341944877498
0.154396554119676	0.20719428853186
0.0745394340956378	0.0893781185629743
-0.0749839636455582	0.0955377716337425
-0.345222207859654	0.440313691104164
0.488162729103965	0.474000921373802
0.267703134741927	0.294627436163481
-0.51250867868428	0.462747704368035
0.0404988270767269	0.0329767463785829
0.752792436094305	0.879815220280712
-0.389441573574805	0.276848884457398
-1.04549402550399	0.878309378323251
0.293733996570248	0.229179066165411
-0.237146639532508	0.275872109800837
-0.359011749132845	0.433558742809948
-0.102347518376161	0.122045614518658
0.384201772841716	0.574666639223346
0.0356235689536026	0.0441450794147056
0.189928848388859	0.26353768917831
-0.0120196822771164	0.0114900643086678
-0.195500939877378	0.228976406943575
0.384577128222623	0.562315067272135
0.230154397787678	0.354456606242753
-0.498871624719808	0.886690921218885
-0.505658734228392	0.931937791466002
-0.337557087889674	0.49576386182799
-0.459063516963207	0.756460306214824
0.173037920080282	0.188007830551864
0.520455366336487	0.868885534892702
-0.941756737821083	1.68756266198381
0.0348180755013521	0.0367178382050569
0.435234784540252	0.626146822966808
0.243602329897114	0.307254447046826
0.294372278895879	0.403482913698807
0.750831842389671	1.34241550024937
0.0322035459106391	0.036353277595572
0.480200782655841	0.746283789480839
-0.136307422993155	0.170163268284463
-0.393663238065994	0.601133936304247
0.168939231908802	0.209391607277172
-0.572661574509276	0.937462715670984
0.300163196129685	0.440526662353704
-0.455413860207794	0.813042781109269
0.535589852139868	0.838149790188171
0.515925555903753	0.879338042189489
-0.371304711396581	0.519850260583808
0.386184027787318	0.761939872854926
-0.283794297070413	0.439551522915085
-0.935100662285959	1.10656021015845
0.283000094319538	0.350222243947235
-0.143237891740675	0.169235346204334
-0.33033935204635	0.400613448906299
0.279379793219231	0.336233542638165
0.385475509080647	0.497048348108261
0.511283414004178	0.88863891990045
0.506428205517404	0.896631962482642
-0.195442014559535	0.228900893453596
0.0130679376707356	0.0129760693811779
0.124372178003231	0.130115874181021
0.138244804529865	0.131641892682058
0.27180523646514	0.308506090572751
-0.426561037173577	0.676865693526755
-0.29543706730766	0.378963531364398
0.0398080174676174	0.0460432656029537
-0.0407722456277697	0.0413132694901034
-0.0597289270349951	0.05194346949328
0.0857182042807222	0.107394690509435
0.243818662931566	0.307622571614782
-0.216238187563375	0.238208475551692
0.124595476062195	0.130388584079771
-0.435414192733292	0.549028016053191
-0.310313552073839	0.41719374269701
-0.4850086474892	0.798470563198397
-0.32456569321292	0.456576183753997
0.0243487130574387	0.0249277284992937
0.190751544294714	0.269296377808377
-0.1309127638643	0.138097560760977
-0.295337881915676	0.378834452052831
-0.295350251092536	0.378811649405446
0.683222442536988	1.36758668170245
0.575552923494537	0.968055753463775
0.0664771610605348	0.0647910497331721
0.44436764695561	0.576665486351846
0.895015930844565	1.65012596012505
0.217468885546375	0.237817547974584
0.223345298288691	0.251816550289095
0.00687212903875803	0.00718176923614404
0.107309587941711	0.150179908590379
-0.00938639672041598	0.00833779674552403
0.429656112646542	0.662424015482254
0.681844415248067	1.21193393049559
0.480202630853106	0.746309910313616
-0.0270841744944732	0.0275294407190629
-0.962089427839864	2.44051986514436
-0.0782833182149882	0.0886601154432722
-0.0870605155800973	0.087117251841369
-0.346735259246463	0.486457433395795
-0.150137581955151	0.157749390664241
0.114943672938445	0.116494916457461
-0.403297160110726	0.510796602285041
-0.318395085682532	0.468995374121655
0.26494378545185	0.441923659569976
0.230896844874089	0.355988642169934
-0.113864438978417	0.105141944214745
0.0542741267961932	0.0511307119070692
0.385371125528318	0.510327760491741
-0.359390331684468	0.526958761974636
-0.0242472126541723	0.0213933010545559
-0.196619444526723	0.242763079752753
0.230072697049726	0.342821985580634
0.0437126965820468	0.0437236606303395
0.625038464350498	0.916637124786351
0.470082945306292	0.778521106289489
0.000590437124134819	0.000570006473658265
0.247905428822547	0.238473000016218
1.31265042357333	2.01128900223619
-0.937594961802196	1.29921014127944
0.168649985373073	0.20892924626903
0.257444485900028	0.357921745421025
0.0544764100974202	0.0513293354293575
-0.176235814480521	0.206906163672281
0.54727565556116	0.817600416466004
-0.382691630034648	0.560174151120282
-0.101225679802634	0.12057980049035
0.263255663799354	0.280618625586789
-0.0448827897836085	0.0513323427251488
-0.345194851523535	0.440235517604633
0.0738466753583584	0.0807518270937059
0.0818220567741956	0.0747891255236275
-0.285881840494812	0.33001721231625
0.093832867071373	0.0888898571317055
0.282945525047677	0.350081981936071
0.156415613822564	0.183964152480863
-0.545547157604532	0.930228211144639
0.228931116866063	0.265793776909147
-0.511895475023858	0.841021749914196
0.476856309269019	0.757599542362162
-0.0967260791575437	0.102866808797345
0.162973564843885	0.196908588611864
0.153996603758205	0.206586894791504
0.258439600608859	0.26662305575918
0.429852928241003	0.662938670202106
0.0345656866559082	0.0364434080837901
0.589647607775506	0.950240619638935
0.730121433225783	1.19051754207623
0.197146788322634	0.195484706830502
0.0879131155067911	0.0913717044845449
0.0525899283087384	0.058558936517037
-0.494373972271483	0.716769256643257
0.323765632051318	0.358063236774383
0.106843312404756	0.117898495055758
0.964634095652718	1.97852548604735
0.337095337926384	0.560444008449069
-0.572806140412898	0.937695004462312
0.596890034233182	1.11566032151408
0.470103404510994	0.778480157734559
0.22907500114651	0.26603568028886
0.480404173939778	0.746397739156459
-0.123502659539141	0.122296286064678
-0.120261792368494	0.134852186677888
-0.516546216294705	0.679199330854107
0.336582833186345	0.453932178116979
-0.345164019620228	0.440205004025393
-0.487656543688045	0.675750982940539
0.156731479558842	0.184422098274076
-0.835737048409883	1.28437124063988
-0.066854648866555	0.0715837415482349
0.304676770744379	0.260706760409969
0.81508728872429	1.33630560092281
0.223407926248865	0.251896861925707
-0.0666739978835446	0.0713635606307593
-0.0557929814934012	0.0636417738810797
-0.120333963836986	0.134966753989101
0.547244288944023	0.817474415840827
0.00554806724344522	0.00501978857931399
-0.272746205253734	0.350543156976446
-0.176393120120777	0.207160800359872
-0.215119798530804	0.278590456612763
0.337841906968615	0.56199571278289
0.0742909937017514	0.0813050679192295
-0.0871361599744643	0.0871794281292972
0.00586295633201855	0.00530374467992752
-0.0272979686977407	0.0277502861210982
0.636428906895216	1.07787329623416
0.0437859111397203	0.0438036304609827
0.0978121247852282	0.104815176168487
-0.346867019958462	0.486876292726547
0.0436848967044271	0.0436982582707235
0.114924726364131	0.130458374845239
0.385321084450692	0.496717203397184
-0.770177152974521	1.55052378834893
-0.0869502437974824	0.0870039607753215
0.267463399301093	0.294368552431751
-0.0797162012849034	0.0687585775765816
-0.00887253960349238	0.00788550219835216
-0.216726372242496	0.238890336199697
-0.345146888116193	0.440169987060212
0.00543474539039248	0.00491689773308584
0.230505411565963	0.355215699874066
0.0056653281399121	0.00512532439462555
-0.0857092273387148	0.0671636209934867
-0.285837558966939	0.329978623211655
-0.356931993569637	0.382632340289832
-0.374472960173517	0.425855679568319
0.0541327597485927	0.0509893259690058
-0.104571288460559	0.104117286869336
-0.176377807299545	0.207113943856157
-0.333735528094295	0.447652487793669
-0.242894290122869	0.249801715105222
0.21103897123826	0.223617892798272
0.59752368242135	0.941469732401632
0.00562824756037438	0.00509253525563285
0.563054177186307	0.986482748932337
-0.382880440524311	0.560462439807322
-0.19290914236296	0.200724209431368
0.15678778482061	0.184507205937625
0.197567724629196	0.195914624988582
0.532855039969944	0.63812403838896
0.128402802616729	0.117987535923755
0.0405938424314113	0.0330575731863346
-0.245763070851955	0.235308021131093
-0.0836104102647721	0.106201754508592
0.0548199245137465	0.0565778155534599
-0.0414890145542333	0.0447263300626773
0.114982732344717	0.130520981002931
-0.0367570909272883	0.0422509889197161
0.0546483942205291	0.0563801128527205
0.384997487685651	0.523196933507032
-0.265937998602569	0.290371004712034
0.0775232377066908	0.0780722823290623
-0.148851215759457	0.18511356629511
-0.32713207217201	0.547902367963027
0.384868820109789	0.549597907597651
-0.0704975139482928	0.0708602728882318
0.59872629728134	0.764670507044257
-0.0852041041211496	0.0667434869674945
-0.708118240447624	0.861278745576212
-0.389837384039657	0.468596372043285
-0.260786008237262	0.302365845342573
-0.00261645033088092	0.00286461899752317
-0.32456569321292	0.456576183753997
-0.80277717746455	1.12903826728688
0.611873892598036	1.10189921503647
-0.33709364250708	0.339342725149724
-0.271523378973868	0.277507392096608
-0.245828091715378	0.235424862923993
0.433443651398226	0.638549318391567
0.11524095061435	0.171369175330446
-0.0555448810107828	0.0633462802519028
0.423668700796739	0.695378570141754
-0.385803183779361	0.514838080366407
-0.217189084625211	0.224807859915934
0.557173417411649	0.99552425947037
-0.233324699168428	0.316609070834162
-0.415093347057318	0.687489236959801
0.104058151445734	0.126283773766041
-0.284578770819518	0.402054195907022
-0.551874291878705	0.685402417513705
-0.375321383028559	0.374741313841032
1.43495847150387	2.61052417266864
0.223542881197288	0.252042176721737
0.241758198002179	0.224029354387729
0.502137505130782	0.905349831181697
0.110140633800058	0.136842496993683
0.520580888415613	0.869292864646526
-0.167929094609843	0.3255852947288
-0.177105989949874	0.243071256585532
-0.303287957906736	0.427108500290869
0.386088262406711	0.484366574258133
0.47015631642108	0.778816421811432
-0.532934930254919	0.805206530449291
0.254755742296606	0.346220648137651
0.392973091460968	0.395061466094754
0.387229575508882	0.458373628894138
-0.33028070744101	0.400528059783907
-0.354028096021362	0.33008372547308
0.271444181305036	0.307922030628708
0.38465168979892	0.549253321838953
-0.459604457292327	0.758087717618024
-0.0122641913380594	0.0117266644569494
-0.152136557963937	0.12743133589958
0.0909944289136519	0.105140998446589
-0.448500399327046	0.503750603215285
-0.271734703873326	0.277668649454579
0.761406087273234	1.18549340059074
0.0587667148466685	0.0438727778814515
0.386466599560267	0.471269904791031
-0.268703686447073	0.362823261328604
0.569465342927314	0.978253830676508
0.0937544486767778	0.0888243350675721
0.541299334391602	0.827968857202883
-0.120213120327726	0.134753188601755
-0.319287809865495	0.408393887983783
-0.0412778744780722	0.0390841407988091
-0.600592735380128	0.781780460369954
-0.35699686209564	0.382792493625326
-0.323940650906389	0.349608343759882
0.271635547160025	0.308297284920909
-0.0414229638305621	0.0363022540851941
0.483263210978534	0.733409575025838
-0.8936757011432	1.78645129284458
0.0976540094960883	0.104644962339154
-0.207609066684798	0.296957304105557
0.811604856562799	1.48896167299966
0.214146955289015	0.281526468357592
0.467159756502164	0.789457015646973
-0.0149286737074301	0.0152350437727891
0.251303514862347	0.333403397941168
-0.0914850235178596	0.103300681368869
0.43331102591418	0.638443879756477
0.66655224270629	1.05654499450764
0.451034271513831	0.553389916510713
-0.303608951046926	0.369479040114341
-0.171034490137308	0.178936850843303
0.761406094894109	1.18548037358807
-0.76987794950495	1.54943796464323
-0.114610351640962	0.136210112392526
-0.0262810751243991	0.0250090668242369
0.444396294074597	0.576694317080865
0.220765668101951	0.303581256928386
-0.470567967516801	0.590319758212839
-0.250205350924285	0.35507534268636
0.179431685350496	0.233407022247841
0.239291696047594	0.29393504817109
0.0680744000702275	0.079734926136535
0.327954359239003	0.385984983999367
0.263964018575814	0.390996703444139
-0.0812013299600974	0.0866490941527991
-0.237030205339542	0.275633135097422
0.451385147584478	0.553839163345928
0.0318672461729084	0.0308644830530972
-0.128178816847717	0.15185137695347
-0.303658980935347	0.428002804057055
-0.319462604462972	0.408690483650616
-0.0704122589228627	0.0707598657559806
-0.359400091835305	0.527053012960356
-0.48004430047863	0.634031131635394
0.141547501427028	0.157319467658218
-0.319488794512125	0.408626573761935
-0.16997877025721	0.221932278451693
-0.266990856650769	0.377986479981669
0.10398536148597	0.126179375625961
-0.113088647372024	0.119745073925449
-0.604870187628577	0.908048556992261
-0.255753209167625	0.313040442702299
-0.850225692183198	1.24738786474741
-0.434332654552906	0.632858576870328
-0.491599228928545	0.841237705876139
-0.0274372796925044	0.0279052666915871
0.530428941404745	0.849000846135576
-0.434212487581028	0.632046247329671
-0.21558963871557	0.251708763309599
0.153463573929255	0.20573400777
-0.710565232136162	1.29276964001314
-0.295294457948148	0.378755018121855
-0.176408460689055	0.207183501413124
-0.40736639559722	0.594920065786656
0.834669406743452	1.79602850337398
-0.149651788603495	0.186244666071589
1.00709560951774	2.1516224287176
0.282757378922929	0.349594014638679
0.598641189005324	0.764537457992692
-0.747366152760037	0.700841236410274
0.573721453697712	0.601756536167933
-0.59558849032547	0.694396411506051
-0.564759289288322	0.814085188248973
0.385236651216895	0.510159683573741
0.266090779248927	0.416593737286267
0.193710462887542	0.229757810073343
0.587806841796689	0.772182466239689
0.47694423162557	0.757819707575087
-0.0416310363300645	0.0364881689429843
-0.166539682998167	0.163029500184949
-0.46658085866903	0.457353179739832
0.459258082368452	0.530628780119142
-0.318070707331702	0.468362452559909
-0.00416496186194136	0.00426769973597496
0.24810705927536	0.321233376200531
0.382764583163281	0.597712413808302
0.179036084388945	0.232782943323151
-0.671808451273226	1.36056848868149
-0.355859354947389	0.618310445119498
-0.165495340206605	0.227852685685152
0.381703122586135	0.608104504631204
-0.60582300833633	0.949734004419322
-0.214879114673349	0.278116274851504
-0.313626442547433	0.295169656363747
-0.136341653933025	0.125028367469913
-0.337469749388221	0.339806972087793
0.247824310321401	0.238379700195224
0.0128422387036854	0.0108438575633602
0.37597297741904	0.632570430658925
0.495492729862175	0.700212129005064
-0.158810832562014	0.186904367663194
-0.233327095991097	0.301581563820984
-0.137215990660751	0.153483216562149
-0.532671919122909	0.804523028601372
-0.127690255598816	0.151206757114949
-0.176564267105736	0.207364623522908
-0.266826113121263	0.377798651234377
0.331253580599113	0.412668627364686
-0.29355550771416	0.318702938865335
0.511189286803625	0.667448359236909
0.242026475332304	0.224287565650927
0.891013826134625	1.04221443761234
-0.708455847097263	0.861754630159133
0.0125636142818347	0.0106038589334209
-0.216388041132682	0.238479756352283
-0.153567693148073	0.211790409032606
-0.403311937581075	0.510710145875406
0.180845114890384	0.166914023868506
-0.101198889980065	0.0864599183318819
0.758105520695828	1.03360351244315
0.247743878231438	0.238280440599705
0.31236770339346	0.290276969999192
-0.471052957959978	0.591300920591247
0.199497372503776	0.243093531738405
0.385117396843202	0.523386967351926
-0.605183837828997	0.909120372910791
-0.424787601128342	0.591716989507378
0.135191180220259	0.165842549328722
0.435221174907438	0.626119279278815
0.0442608293372443	0.0479981043389739
0.204841467096526	0.256238038495323
-0.926186246444993	1.90951618390815
0.716396764390772	1.19418728335522
0.578110994204661	0.780364634850046
-1.07175199082911	1.53753558310195
0.475312730024293	0.497089791435293
0.312641345928474	0.29062217769385
-1.76486355199929	3.16894294613251
0.611798514184854	1.10154377407483
-0.506307647869665	0.799370078430835
-0.070378093149276	0.0707346262514851
0.47684248348289	0.757595320432512
-0.0262947539120206	0.0250200983239395
-0.0274351051685881	0.0279032356905751
0.301002509976059	0.485685425780241
-0.101801845923998	0.128296609482219
0.234148870737915	0.27970779225295
0.681929713459899	1.21188971904342
0.802555912317874	1.03299943490171
0.928911256454452	1.04969994177792
-0.0244671492603524	0.0215980197932879
-0.830313650625832	1.05103756449672
0.209388417253491	0.268544543126998
-0.73494209802927	1.48272484422753
-0.256258499547671	0.313857781657205
0.0823842190499573	0.0553230491392762
-0.0748529496478154	0.0700598636744217
-1.02567336634214	1.75662255022403
-0.466543064691462	0.457413188450807
0.320577021041473	0.332455510341991
-0.330118417967325	0.400219891985782
-0.373033884823339	0.474202482199426
0.619829602809829	1.09441131929322
0.840267885777007	1.64355166923393
-0.234793870163359	0.288394025593271
0.32770553979414	0.38552183102016
-0.342987990083376	0.39226663501531
-0.505517202410127	0.931711330209147
-0.406312802277517	0.701356883809908
-0.148736887625956	0.184924368186922
-0.196571148081971	0.242682586892104
-0.47056959134469	0.59042181440539
-0.142931130952267	0.109312247867822
0.0582242536838867	0.0434497439893425
0.541526078127324	0.628598246760797
0.097725240815076	0.104724164159007
0.286149626999385	0.363772497246626
0.093463239095751	0.0884960366341221
0.986896837986662	1.98636901015856
0.605756217405677	0.932438727632023
0.325891309949858	0.372098019528435
0.0415778507646303	0.0378231845425725
0.248253532750112	0.238772853762889
0.320267242750986	0.332151380495493
0.578391757477888	0.780654341391631
1.06686831471808	2.02335953945763
0.129299036330713	0.154769855911934
-0.217059397752142	0.295113467891376
0.106798669760861	0.117869822831489
-0.214895603848246	0.264634238773838
0.386352421935276	0.471056990295267
-0.838161532328322	1.51299411427546
0.645773351524086	1.07060962225221
-0.14963324311769	0.18624157159907
-0.0412835225494723	0.0361771580084917
-0.243172903140212	0.250169356042376
0.260013186038971	0.36950123802898
-0.879106378970925	1.40520691979615
0.283013721639694	0.350235854397422
0.0663814717244804	0.0646957051685013
-0.0812583574198576	0.0867079884904611
-0.64315459748098	1.047293591365
-0.255854336398136	0.313268437174521
-0.104530183970487	0.104071035879104
-0.313073435499925	0.359785162579854
-0.0260928465055391	0.0248267946118843
0.267634673591095	0.294558655349633
0.217243727007096	0.23748504940676
0.258509980761738	0.266716578725851
0.433643929883189	0.638622277431824
-0.194473498281658	0.215255140040141
-0.551719855531433	0.685212637335403
-0.756768833280438	1.32321871838829
-0.0404831390228047	0.0410030771589662
0.383174346405469	0.585548817242059
0.0529378798273088	0.0589689842478664
-0.57006475023571	0.895870979727996
-0.288946635877997	0.389303970014732
0.569310851096567	0.78910515434738
0.1047526070108	0.10270445002183
-0.79153988170756	1.16833049332514
-0.152676000271451	0.127959056249093
-0.123952919488202	0.12280403792914
-0.407506248248098	0.595104696711292
-0.303769370066112	0.428146609019358
0.024360003428892	0.0249479157606743
0.434986997828757	0.625576148036878
-0.425032346435547	0.592476207863883
-0.389915962469409	0.468771260906421
-0.195401912235313	0.228809809299964
-0.0798694097839625	0.0688944327317642
0.328003993895999	0.386054556750203
-0.567536626397123	0.854973274828034
0.106482879338821	0.117467008362829
-0.11402943715644	0.135433463603961
0.334684930855597	0.440006545682569
-0.0967260791575437	0.102866808797345
0.217696952097437	0.292866721683753
-0.310156684144816	0.416856062747833
-0.463176676099911	0.67326337196924
-0.0411458486901797	0.0360415885602888
-0.595441517435012	0.694120661783042
0.199711542328503	0.243439910560097
-0.608319576340454	1.07320964899207
0.228841842266134	0.265635227436114
-0.240195776341327	0.26355104862383
-0.602429015375261	0.82462137071572
-0.374472746337313	0.42586284079351
-0.347308623120002	0.487576473726212
0.275567032395827	0.322161705279925
-0.101378461762448	0.0866382225632979
0.312390702747037	0.290322011408601
0.258368727185394	0.266526445731959
-0.45518266283763	0.632735430244741
0.610627930317847	0.757311857841629
0.624988555139282	0.91670795779251
0.326029721576137	0.372334661432801
0.013328383576586	0.0132411770805587
0.0131726319029016	0.0130860530960766
0.289312622957126	0.377559566078527
-0.120544481528199	0.13523989700466
-0.500969213940507	0.758720748138769
-0.303742861656136	0.369661341513797
-0.423797400721891	0.506931124009949
-0.137404374885774	0.153681663138163
0.156939745990203	0.184660658105254
-0.333794175008975	0.447789852008733
0.0742955344248045	0.0813055905211533
0.0249373382298389	0.0274789335298459
-0.105612102262555	0.118884332170872
0.124413055605126	0.13014689896608
-0.373285243711353	0.474541948170875
0.157191864976197	0.160281794426272
-0.015100930432801	0.0110270365595912
-0.193333995423949	0.201206275705044
0.180500914728281	0.202147116058491
0.387090426204924	0.4583275155234
0.0192716141069627	0.0180537716223357
0.00566937712112075	0.00423222908125161
0.149776227128429	0.171391640060335
0.530314088595614	0.848742949891859
0.259728870540155	0.369103241654495
0.292234652090413	0.39120910349226
-0.215516209282538	0.251589263075124
0.38534880007381	0.496796592768528
-0.0088798387996041	0.00789190482605285
-0.0119461406197126	0.0114183899089262
-0.0797305891665067	0.0687596328917676
-0.234806326755824	0.288350108848666
-0.194363295055392	0.215071518063652
0.0743554828482037	0.0813771855012393
-0.826503440245372	1.54698395335499
-0.160620706736824	0.146120918795223
0.133441729871606	0.143996653021195
-0.256026884896403	0.313580074250373
0.835027173106354	1.33759619810692
0.136432158675668	0.106700191855611
0.0907056294683198	0.0740302131347792
0.0975237767144585	0.104488880638907
-0.278668956345736	0.340047291780601
-0.0704088047188008	0.0707677158440091
-0.0274416526168277	0.0279076588252692
0.150957663594177	0.198462991573277
-0.155066464518425	0.172893999746492
-0.426486964242326	0.676762531611071
-0.345314685586921	0.440353956288367
-0.710366398122242	1.29188456787436
-0.39578771281504	0.65709539799232
0.199497372503776	0.243093531738405
0.329831250493474	0.399557826322222
-0.256173170319712	0.313759477746007
-0.532774059419269	0.804880440856324
0.181010095914583	0.167092590559233
-0.459682189648195	0.758253065628687
-0.243656391397353	0.380384975452422
0.32968417130031	0.399438545750026
0.138244528962745	0.131616752328991
0.459668151630607	0.531125113306751
0.304826083970354	0.260909042797376
-0.260786008237262	0.302365845342573
-0.605809295219171	0.949717089193639
0.433412046107196	0.638589808117188
0.615041997133891	0.924584815375992
0.495631706189906	0.700108148707311
-0.278877214620964	0.34039924533992
0.444488466910987	0.576934440779603
-0.136482680577144	0.125163966913839
-0.217120076795254	0.224724849019212
0.141793023777045	0.157663875559897
-0.805245217686513	2.00540289231368
-0.0794163306797803	0.0952915794830959
0.104189347612247	0.126447659759154
-0.265903051820226	0.290282926944369
0.757951539169142	1.03331570137079
0.692247973021602	0.887923187919959
0.0662470334107629	0.0645606351464985
0.623880863152014	0.750506902389756
0.161136575913515	0.137491594958663
0.239133239339272	0.293713668112425
-0.216896253184796	0.239049271931191
0.758119947546174	1.03368482188334
0.378511331855284	0.62615091961495
0.828387574651432	1.48878567878546
0.180870362690708	0.166906069498459
1.37817261580945	2.22330299321335
-0.848663015992848	1.01434915847897
-0.0078496723967293	0.00918535534266277
-0.0365738776751472	0.0420326829892799
-0.234620784823526	0.288138739699613
0.24355908516379	0.307162183758128
0.299681270250149	0.439775963131559
-0.15684196176579	0.205383707725403
-0.455421265304701	0.813006466130115
0.338483476692077	0.553272566516481
-0.0279618253788764	0.0322578292416867
-0.122955466465449	0.153796177631793
0.3905799076882	0.421013963676265
-0.313981076507381	0.295589294483443
0.0555980027391331	0.0471408151086027
-0.329223075496338	0.285131150781759
-0.773653379790774	0.933032142340817
0.487058833463131	0.922427622353055
0.385862931402589	0.483731990658773
0.464136220833665	0.519412019445301
0.058664932869529	0.0437986288783243
-0.266175313793709	0.195333903227793
-0.174141084260758	0.118191728703065
0.648163442365913	0.903574895689496
0.388283650079723	0.446199915334175
-0.194531815891207	0.215332041373595
0.578181331671231	0.780481545814869
-0.0964272241790425	0.102452568624777
0.289267454595081	0.377512791817314
-0.0448649697307136	0.0513083861730161
0.431488300041477	0.650600746349785
-0.516531591439442	0.679169961285466
0.258580552904704	0.266788965688492
0.180644473359046	0.202267376028903
0.0907903008801089	0.0741079932793984
-0.448202230725945	0.503438467968888
0.271621050764374	0.308240575746777
0.0938400524958704	0.0888873802769031
0.385076467254456	0.523167980665364
-1.30999399192297	2.27518484468767
0.17151626132278	0.152344897632921
-0.21548827475192	0.251560697706278
-0.190557384155838	0.185260088148012
-0.313810963101134	0.295386082961066
0.512566193353126	0.437855645725552
0.242111033058446	0.224355051185693
-0.158727744793991	0.186848970645707
0.0663640165121878	0.0646866678764033
-0.0201615503224863	0.0233566504972511
-0.455210086373977	0.632678732393229
0.133325788705709	0.143856960584471
0.187348835938277	0.216027879059399
0.168837222584125	0.209230803402407
-0.605956043232405	0.950079519790181
0.550854383669136	1.00213768828869
0.239073907104809	0.293562600762651
0.253245007435165	0.25243381444054
0.304505903803893	0.260474558124792
0.738797132112555	1.03477774425443
0.322329705269782	0.345615784107863
0.447674391204327	0.565173577816768
-0.255795069837713	0.313149235634451
0.122407448099013	0.142764130664914
-0.374403289283318	0.425726861747956
-0.762721281232135	0.973278621049198
-0.216847986770791	0.177740235478781
0.395797674403572	0.368715919036719
-0.0123794377685852	0.0118353109643519
0.0818911181748334	0.0748622483553181
-0.0797162012849034	0.0687585775765816
0.0407734103490368	0.0331928541159466
-0.522474035999129	0.720799884497154
-0.523448519021185	0.928936095258498
-0.0201364059433113	0.0218668727865263
-0.567687131359305	0.855410451646996
-0.491905131794244	0.842075489597507
-0.0913761881548462	0.103156981432052
0.161236504018789	0.137595655331542
0.262976317543017	0.280311686019615
0.171950795368864	0.152736318139111
-0.237112376500917	0.275734064910039
0.661263025078362	0.897236551035036
-0.0548985566692354	0.0553842459401979
0.122281289963514	0.14259330735837
-0.0938769813571925	0.0873368904928824
0.638137620849991	0.743730187276835
0.106612223889811	0.117643810527719
0.691516351931635	1.0455212669305
0.207734135780892	0.162386837541232
0.65385722163157	0.736798167145286
0.0405838108994387	0.0330494337049191
-0.154376724837458	0.213158700823582
-0.612446285085719	1.16235371677814
-0.284463822858187	0.401836494058125
-0.0672450538460989	0.0719800337176257
-0.946175533995505	2.27084682205131
0.109506068685091	0.135957141091112
-0.576116793125043	1.21689661244558
-0.266915514176697	0.395784217049538
-0.536822248034748	1.02490211801347
-0.0366162526198502	0.0420816298602699
-1.0191360768882	2.29356259995505
-0.143188734449654	0.109513992602323
-0.324150788593268	0.349873853101448
0.0320446812308389	0.0310400317828686
0.38611575901	0.484170173231745
0.415270885358353	0.719451498522164
-0.255821382747198	0.313049792878571
0.333343262660899	0.426871600313926
-0.787131480020479	0.894005916683841
-0.314044187107094	0.295689366831435
-0.551701726785223	0.684908169214259
-0.104647554740401	0.104214667650847
-0.0965663578903481	0.102669625141325
-0.533036248462042	0.805370457215884
0.301446992864943	0.486602251481722
0.427933281709322	0.6740731452622
0.339311334492847	0.491591856035872
0.340704345665993	0.537005829271844
-0.137015059170734	0.153237602025179
-0.0776843842690384	0.0879082100952862
0.0828778180874944	0.0932419321631499
-0.330118417967325	0.400219891985782
0.149924208722994	0.122594945563841
-0.556510355993416	0.728048726707956
-0.786903397109016	0.893780038438969
-0.375187182884986	0.374545741601855
0.173020382073248	0.18796434288968
0.299930146927243	0.440200132554355
-0.285811016268097	0.329953427957824
0.388071978430302	0.445910907401907
-0.346436519175332	0.48579587392756
-0.516879431522221	0.679774603858028
-0.786975719888547	0.89387078286303
0.171628728962264	0.152431844479077
-0.605601158852234	0.948752328900926
0.383240763452268	0.5856020160382
-0.012309768969841	0.0117701819189333
0.515921124149819	0.879369847707597
-0.0150577304663294	0.015369278777637
-0.142935435731328	0.1688460854263
0.247797598431096	0.320764500068756
-0.233648993010324	0.317161149109753
-0.164094093737431	0.237744900917371
0.261303914511375	0.379048316818796
-0.030183657268156	0.0370508915134311
0.0524936225270146	0.0584430352617595
0.0405686642878544	0.0330300115800006
0.331627085853162	0.41324232458794
-0.835876268514567	1.28488254759622
-0.193093347011436	0.200969148360449
0.33136914355391	0.576984479203848
-0.25235514094082	0.32533851995328
0.605778081915402	0.932607253792738
0.104843341511217	0.0891973595244449
0.180978107792005	0.127746002509689
-0.714236510403127	0.818336671498692
-0.0701732593010092	0.0704982569800321
-0.31310993140028	0.359874664238916
-0.373033884823339	0.474202482199426
0.38450631173715	0.562208058541085
0.147825394707688	0.14571390260073
-0.425236765112417	0.592770708182366
-0.485108866725811	0.79857481678186
-0.195287292307565	0.228606055837924
0.517969064104395	0.657893769198335
-0.0702723140417994	0.0706080653980317
-0.00313887988180976	0.00256298001491989
0.141852325222732	0.157725914335187
-0.0414227271809504	0.0363040339160059
0.703563048780822	1.35998429045116
0.738807522844037	1.03495173112137
0.289382044526653	0.377677148168156
0.279473329600403	0.336306123316617
0.385235046064324	0.496496765480649
-0.215516209282538	0.251589263075124
-0.313328663003183	0.504331218537862
-0.21545626698275	0.251439482290591
0.141956897020757	0.157725615503293
0.271763159642594	0.308467600856626
-0.64312237787277	1.04768206415263
0.328025559683868	0.386045656959232
0.14816102408429	0.146104222311812
0.147854118325795	0.145781312258019
0.340293359832847	0.515098162262835
-0.268713858776478	0.416763650490743
-0.406437906361318	0.701560415903156
-0.221548269183899	0.316288823054021
-0.493229797381158	0.945603992234005
0.0197876733251351	0.0230908867831516
-0.232690670836707	0.315465101300808
0.466694443443852	0.788339096061627
0.265852995285646	0.423211666738876
-0.105729536094941	0.119026936483108
-0.345194851523535	0.440235517604633
-0.460044943521119	0.546874341555233
0.156346497468798	0.18385262544733
-0.136271272766523	0.124958096389059
0.0660504067999754	0.0643465940974455
-0.549559140185738	0.973312422813867
-0.641107850734287	1.12874563153732
0.487177998341415	0.722915363902138
0.129492888071234	0.155033276173756
0.390317372768829	0.420463818407758
-0.218576887331128	0.162748581656782
0.0435820738364069	0.0435800358317469
-0.0260447985948065	0.0247747319754368
0.000880193371193879	0.000847521779385902
0.0818909292755253	0.074859714523153
0.263045548319281	0.280369832088147
-0.233081824417469	0.301182348662182
0.243687179688215	0.307406288480672
0.223200749008436	0.25155224860296
0.211081403428313	0.223683674212142
0.0555189886394816	0.047070110613471
0.296487713710624	0.416232295990661
-0.194415173635598	0.215168282634873
-0.144369562118011	0.142216602979315
-0.0273723648640849	0.0278382195190282
0.16302890467449	0.196957850325829
0.386445137418509	0.471208145453773
-0.604815196963745	0.907841767210473
-0.217432523256229	0.209921486331035
0.636083123100328	0.909978198889057
-0.174120464067713	0.193459422306529
-0.416626786971674	0.746443381696186
-0.451436609063136	0.715493083883578
-0.358742692129592	0.433091226720027
0.662460250580877	1.22496979741581
-1.179844797173	2.15342114865117
-0.113267986671189	0.120009063416031
0.116964552662657	0.103519500423377
0.0402640193560508	0.0327763022635597
-0.393604342843888	0.60105162656031
0.333185753381744	0.426692983008045
-0.196619444526723	0.242763079752753
0.515987776670918	0.879457393053621
0.470271019147251	0.77896748733648
-0.863832753613446	1.44087494654307
0.296308756824595	0.415736971530517
-0.506222867580105	0.799147894855517
-0.21530645660238	0.278899057190094
0.257753857281722	0.358446994207492
-0.35875822353879	0.480019090529688
0.379954285808929	0.61702999448556
0.0275443839655975	0.0241522524847421
-0.154949796882349	0.172764823970571
0.339610876023215	0.492104602136948
-0.0414301016247254	0.0446585779364284
-0.232824502364844	0.300663926652366
-0.284752770675961	0.402362651258043
0.271529659419597	0.308135839379333
-0.252107568680357	0.324892492315639
-0.170817710673552	0.178667541157952
0.704224864952728	1.20049706497462
0.133370137995599	0.143917670418023
0.279338846850301	0.336156031024001
-0.598592313819853	0.738741664456572
-0.0537338123187491	0.0577362238389396
-0.0965679867413841	0.102684398620852
0.0663738351977042	0.0646930414388549
-0.120665543190868	0.135394953516127
-0.00307215907809888	0.00250930766221246
0.149565106836186	0.122312206132104
-0.722825355300736	0.778611436276053
0.390661025526703	0.421090703136524
0.0558397426968978	0.0473505495993722
0.258227622793947	0.266327310201909
0.0939104274861304	0.0889795742000195
0.0740929845583214	0.0810545254849456
0.0160379752231342	0.0172167816057288
-0.0201584938998563	0.0218849729169275
-0.358775545218571	0.480030837155049
0.340594614231712	0.504835716509247
0.000921971605589812	0.0008874152501181
-0.319403160320092	0.40859606394845
0.589585741129748	0.949931832161172
0.00667840819816498	0.0069785062726885
0.034698853516397	0.0365873109018314
0.0742864223971128	0.0812981481307921
0.114802001062827	0.130301795312065
0.228972043868683	0.265883209869185
-0.268888658568668	0.363177503902703
-1.06131263360691	2.24111814831249
-0.470982543152256	0.591294527703112
0.104816215524589	0.102775933376533
-0.0551163456025407	0.0556242531192254
-0.113935179653382	0.105220484570759
-0.271366925645812	0.277296721628315
-0.216940022162263	0.209332205671236
-0.714586720728255	0.819251879524944
0.385394500638021	0.510412593678736
-0.0106913173211004	0.011653703919574
-0.00653746267755933	0.00763901331699908
-0.269251175287604	0.363703812533106
-0.0300382778600191	0.0324857471520426
0.416206462579089	0.721878042954761
-0.0356497949649905	0.0409203953486635
-0.5281272340354	0.763659609690842
0.0438572839107182	0.0438722201500991
-0.0263119042370989	0.025040658219346
-0.131066997532161	0.138316561282605
0.47469415352963	0.496065799576154
0.623595640232514	0.750274950190399
0.0164507117425568	0.011103956217962
-0.330335525004578	0.400593786941446
0.315537960136268	0.30477048688204
-0.278056744077383	0.264086619891677
0.258156913664957	0.266195568388966
0.0977391348527975	0.104736243734788
-0.6421091409494	1.08838783113521
0.337929083100319	0.467346985052975
0.33494762458324	0.440440421285662
0.483523169751515	0.734246871905499
0.384009917145094	0.574357711944083
0.0321129048378516	0.0311047779550637
-0.237423910508417	0.276245658217906
0.336093591467278	0.453229655261999
-0.284790046810072	0.402424474762215
0.451174596020648	0.553594351754842
0.129495297605856	0.155027418292782
-0.155022936404839	0.172849052495361
-0.975007088946403	2.00474758276654
0.20450230386287	0.209785163802505
0.561491875957616	0.798408571032886
-0.166538973072847	0.163035154088921
0.331613426103035	0.413224315864357
0.117133229491408	0.103671412341993
-0.152454733932014	0.127731282214666
0.623866109580672	0.750606918667186
-0.538411489042229	0.595559611282891
-0.252348362193396	0.325308267454189
-0.133958561845814	0.176576483964295
0.0324447146787629	0.0366337006971107
0.220952650416182	0.303730809622018
0.209519102890711	0.268762035858257
-0.333650437103827	0.447549307713323
-0.278812419847332	0.340385690504747
-0.0704088047188008	0.0707677158440091
0.104808901793945	0.102762472243905
0.104648576575627	0.0890409839784181
0.541640122243789	0.62878566759421
0.17151626132278	0.152344897632921
-0.27898985338537	0.340678694236115
0.066422518683957	0.0647455811306146
0.289656655174823	0.377895549909332
0.0242350844439078	0.0248164837650799
-0.00871825415161934	0.00774686380681237
0.0818213587414381	0.0747828792986758
0.217603382009216	0.238011098686461
-0.500843189531274	0.592070123868047
-0.538911027232855	0.596490448022661
-0.015055418480199	0.0153675171035885
-0.0476041723661395	0.0616624688355356
-0.0837571629076316	0.106382347947927
0.267702222037534	0.294596650984874
0.127017420419732	0.1713544932838
0.24799226290316	0.321057145814832
0.193680922796223	0.229708873216423
0.317855161899933	0.31826094524385
0.015503172805426	0.0166306562014469
0.28707639393406	0.540020009860288
-0.541134587896167	0.887680962639139
0.339657641394595	0.545477648811401
-0.563822025749509	1.11144758750893
0.186016110917709	0.252634911636573
-0.359392760597765	0.527004588569362
-0.179512613147849	0.222175085213275
-0.176617419460658	0.242253224799228
-0.250016583475671	0.354710311735904
-0.541633874693227	0.888357674118982
-0.645520236967362	0.965770059466737
-0.0273096174871771	0.0277727864734781
-0.150237152807973	0.15788598797776
-0.00404170415348369	0.00414168984841535
-0.278308833882225	0.264363941548507
-0.152413346920042	0.127720301154129
0.197076604126307	0.195343592117314
-0.114143368449788	0.105424666443619
-0.389568026100683	0.468091894866379
0.21829082655592	0.293673409237621
0.480246066778531	0.74635364825098
-0.288872730301381	0.389293723618508
-0.0272425098945566	0.0277012178713187
0.204826080088108	0.256233020082307
-0.0898157044958493	0.107374141195921
0.0156175494242557	0.0167569488472307
-0.111228158901801	0.139457441152528
-0.593138712632005	1.20894137376774
0.220483103479787	0.303094918045186
-0.31345404456532	0.482058330027562
0.0155000706552665	0.0166288933212069
-0.324379916113519	0.456160715381557
-0.38350217324768	0.611458113617348
0.259614467749897	0.368894532438731
0.123167314650054	0.162946470111724
0.0527077436870728	0.058693024700017
-0.686375075630033	1.06935890337028
-0.232882414123028	0.315845028024539
0.296602364877987	0.416451049862584
-0.015053114192151	0.0153654660638129
-0.404280314080909	0.643255806494251
0.381007401161427	0.606611490176937
0.309171986762039	0.27602101720384
-0.277874811670031	0.263851018807597
-0.078049322742069	0.088374623866516
-0.756593963589536	1.32294757780266
-0.0966843305338131	0.10281988014727
0.223411857287721	0.251833677499379
0.703556824625901	1.36016484672891
-0.179303420611814	0.221771489710537
-0.136226734721727	0.170083844026985
-0.554752756540538	1.01969258667366
0.0253170473909006	0.0278985625260519
0.199480454339899	0.243068843122283
-0.451683170735136	0.71606637638709
-0.104869966377856	0.139574809805054
-0.00461026933272022	0.00471809196699274
-0.215531981400707	0.251628165534923
-0.286203180769507	0.330471335763673
-0.00239639767220843	0.00262307732745693
-0.42477344186669	0.730987013808097
-0.105483153138435	0.118738494888819
0.156719076095729	0.159728406161458
0.282941937884611	0.35014396774611
0.223394253605	0.251864575765435
0.255064088424156	0.346666876175575
0.0736390149923101	0.088190482407687
-0.154770372674596	0.213792975706541
-0.101816024545981	0.121379298842826
-0.417580535921705	0.636313343198637
0.327947168876213	0.385977492440437
-0.131012116652107	0.138152341207993
-0.0868025618451148	0.086839941416328
-0.214486506117327	0.263901676513129
0.163088785400638	0.197021965746646
-0.310474327620749	0.417445766498351
0.0134147327489322	0.0133261161729103
0.286483490354818	0.36416980178546
-0.102317482776972	0.129020518958405
0.0739800539364391	0.0809306383610113
-0.621538392315234	1.30768272412326
-0.528154665579124	0.76372229429035
0.79563991831417	1.64372468812119
-0.133834248505436	0.176365513453224
0.254701173048112	0.346133271952376
0.431500450261468	0.650642023153843
0.271657232490814	0.308320012094568
-0.171034490137308	0.178936850843303
-0.435645404256755	0.779361529851904
0.16303802035267	0.197003861947173
-0.232311360971407	0.36382848081982
-0.176434879361027	0.207183547570108
-0.575727683171377	1.21558373331083
-0.0151821242228371	0.0154987644226648
-0.394092932903768	0.653490445553969
-0.179638328718579	0.222337926984733
0.0556674319275947	0.0471985724777884
-0.0549142194190584	0.0554114615615215
-0.585042825707708	1.11222073581562
0.186323538009749	0.253164117702888
-0.363254773793204	0.580065324564978
0.163455141021776	0.235887216627541
-0.202354832706934	0.275857753300986
0.186151568590071	0.252870490614949
0.798712373997785	1.18308256218978
-0.327358816548915	0.548444154856735
-0.31812967288413	0.468446429638085
0.386559284410976	0.471368212164022
-0.25021186613097	0.338671400590412
0.109697613108697	0.136198528117569
0.34017532219509	0.536108446527821
-0.12776413973619	0.15124946367556
-0.531117255450786	0.551722770845119
-0.409452888569469	0.462781499491523
-0.184269321006061	0.240038506266938
-0.382797652760468	0.609877463910589
0.0396596289492687	0.0500404240804112
-0.215442577833577	0.251443642666449
-0.0783185257866969	0.0886833399321168
0.420797448181544	0.703450855321053
0.136196001612068	0.106512081780114
0.645845265768313	1.07083851644505
-0.0781744632430887	0.0936448350274072
-0.00875992461364227	0.00778477868028822
-0.113180572671452	0.119904718703991
-0.445868412823321	0.766189109858297
-0.225678273474464	0.337332616224622
0.655015382573673	1.3764902081994
-0.170888512770294	0.17872838638225
-0.040583658758645	0.0411132631077884
0.145704493079145	0.187279402229068
-0.123031598695379	0.153911275479484
0.077430647717849	0.0779708978838914
-0.0811318875365177	0.0865663548521109
-0.52825767224087	0.763900960486756
0.541901272497724	0.629093561532845
0.133323684068896	0.143821770471934
-0.635784442592157	1.51490465148909
-1.00923627808663	1.59343306581254
-0.317956442661486	0.468107557305409
0.082818537530962	0.0931687246207509
-0.202207467181574	0.275607095520175
0.149732913263464	0.171353102814745
0.10473216359715	0.0891148573576077
0.384735934170136	0.562545784885489
-0.130991617774997	0.138228546028083
-0.196688527740868	0.242884759349644
-0.407508453599474	0.595159035796582
-0.425048086002002	0.592502091672296
-0.567450952926343	0.854889443313092
-1.04548089283357	0.878581867965279
0.0440594524390833	0.0440645198924638
-0.149116879404341	0.185506253898771
0.336206483567731	0.453418334936396
-0.523448519021185	0.928936095258498
-0.145326196782756	0.201552254320596
0.0532456854991918	0.0593251070369565
0.165388351822186	0.174188777973877
0.262153833441534	0.380516759027934
0.034760795678863	0.0366542655678139
-0.0787066662920329	0.0943681284002919
0.525356763551826	0.859003431296901
0.0243086132178349	0.0248898869761658
0.214267376296239	0.281720792945001
0.464136220833665	0.519412019445301
-0.150092741907804	0.157686806640588
-0.176637991007665	0.207473823137666
-0.560965120603789	0.771395556552921
0.384868046718886	0.536205353400944
-0.554486464972515	1.01910907218289
0.569493043015738	0.978436467803169
-0.0549299124433633	0.0554326798329938
0.0332901019186568	0.0376151300521796
0.255004788087605	0.346606330882145
0.596942370564169	1.11569203845552
-0.189201157725247	0.258546876811341
0.0555189886394816	0.047070110613471
0.304830359154734	0.260919112314691
-0.194267478533208	0.214939049815214
-0.355941846056783	0.618683431506655
0.138454185429336	0.131885830825962
0.088016399924274	0.0914868620016313
0.605644076775541	0.93223737206124
-0.0273723648640849	0.0278382195190282
-0.0406702311874484	0.0412067393414012
-0.136343709091188	0.170237984952849
0.486924865768763	0.922044547617702
-0.288934917993967	0.389405139148992
-0.407640524698112	0.595400237087509
0.398412962527768	0.340951301447099
0.209764536289047	0.269158210412344
0.265207256499214	0.435672178338713
-0.0597990257691854	0.0520045502995282
0.187551585320513	0.216235376744837
-0.214687759667789	0.264320240479829
-0.425018364484083	0.592456205572593
-0.0415467554139852	0.0393438406476292
-0.137144895846768	0.153408722300306
-0.506379707330402	0.799541089309338
0.907193493072185	1.34926155821317
0.292148366119455	0.391053301256596
-0.852452502396764	0.788475801081966
-0.0577261922133026	0.0543699925745956
-0.150040437316462	0.157569123056374
0.326168528817488	0.372538748575582
0.500289291619715	0.68906580185647
0.186872082547439	0.254069185433544
0.337626054645522	0.466914824701124
0.582606356815647	1.12734088860511
-0.25603226685565	0.313254404344604
-0.195268381004774	0.228654507348124
0.415658100372402	0.720348880922124
-0.284691295871544	0.186632398557008
0.340251951435753	0.536250132401371
-0.11438048106109	0.135900299254511
0.395793501787538	0.368681351145031
0.129667394065485	0.155260038323872
0.38310338230323	0.585435780010249
0.247801852578873	0.320757640151403
-0.199197234746841	0.258752492705066
0.477357474521898	0.931392572049118
-0.382813617653117	0.560400579878302
0.0576215883389809	0.0711453013441058
0.0542180602988086	0.0510740193709926
0.0165247148979145	0.0111541080537398
-0.826658886341822	1.54790287027683
0.101086533723767	0.136693849949125
-0.446203445722776	0.591616962938239
0.179070075345546	0.232948095107754
0.0244408287519676	0.0269193365664577
-0.850308489286634	1.24772779461982
0.193668777624486	0.229690192308038
-0.23453272889554	0.287914923808443
-0.091613027925197	0.10344951664959
-0.00385914354046515	0.00395458629031728
-0.0962253256061787	0.0674174541479148
-0.570193801878934	0.896337816686474
-0.0636308996163363	0.0866937867411319
-0.13096076157544	0.13818835016793
-0.0966843305338131	0.10281988014727
-0.267021554622576	0.395941925398689
0.0196254171775494	0.0183809130559892
-0.233571681500906	0.317050061113313
-0.202435806511927	0.275962565320795
0.0774578969304403	0.0779920906607617
0.0755100032548392	0.059014251980862
-0.0408310024159372	0.0413680471447952
-0.0532186511719634	0.0685919343314733
-0.0121470544999399	0.0116130179809682
-0.0666254768474757	0.0757276438385071
-0.549099855859321	0.971554601691109
-0.198970605423052	0.258242339438377
-0.296349779739836	0.476493521817633
-0.136913030359183	0.153065085590555
0.217675432384579	0.2927990674931
0.312547643888166	0.29051532600186
0.501581024385452	0.904058737072309
0.52733430186011	1.02592674155136
-0.51646021692382	0.678878133563132
0.122684126615807	0.162198420224437
-0.101515647561912	0.120919863241873
-0.269140042797041	0.363532108040164
0.0389567476887397	0.0276989190676644
-0.31019842022214	0.416937384010702
-0.091041468832412	0.10270203789404
-0.0746778504410482	0.0698561359924189
-0.29542158926692	0.378849184900986
-0.0152503060569453	0.0111372401520958
-0.00373581281495405	0.00382800176119167
-0.0263462975239097	0.025073694802326
0.469968281712097	0.778330335561325
-0.815430140161436	1.08952195294992
0.0132852198385054	0.0131983926997388
0.340253301226688	0.514933998684726
-0.314709554226674	0.484746832300494
-0.0599392941846728	0.0521278582476305
0.0546313704541136	0.0563690956536889
0.743379153693382	1.499498516096
0.103091932153519	0.124903454461117
-0.426688507651278	0.677036841648524
0.441767651642192	0.58902556971947
0.204892984145636	0.256356613684354
0.0437302378664117	0.043745429039484
0.50026052612052	0.689151999805973
0.964440620533735	2.13373176010017
-0.333750914419169	0.447724669863577
-0.409835959070389	0.463316566409938
-0.150357892145645	0.158033653484265
-0.130916232198158	0.138126815618819
0.129419347748701	0.154934098343048
-0.178429340445592	0.134708793590002
-0.359710709071984	0.52762428017273
0.204696733254869	0.255977186439125
0.0275300408796957	0.024139963210013
0.385982359886239	0.484241526645186
0.0193335849122133	0.0181103700858882
-0.849995184852192	1.24701878715692
