x	y
0.142271988196815	0.0892685393739953
0.142315461908762	0.0893059044612401
-0.0123546421621991	0.00578834044022463
-0.707443001284619	0.478314823263817
-0.00602168827910236	0.00336879326112131
-1.29949408835879	1.47932694125341
-0.322096351977725	0.232700933060966
0.195190004879325	0.145223149310158
-0.434181104235725	0.458637476103605
0.227064967391989	0.194109700998038
0.78009676944271	1.78559215513767
0.586683270584917	0.592891198411539
0.249935880135386	0.15504472598293
-0.11900751032464	0.0729305191174992
0.675790306461334	0.89157350429402
0.12078425269684	0.0900809409973345
-0.0962980936820497	0.0674534112028831
-0.96883822957485	1.07720282572005
-0.352840793165623	0.278651366988051
0.120861037214257	0.0901450767496484
0.656742495045896	0.559432637587792
0.65418242139895	0.737615204581338
0.455023507500023	0.542166322731652
0.293662700067356	0.229125522555865
0.265075171393988	0.175390756254714
-0.600593081630401	0.78162641765624
-0.0750864461097566	0.0702984362449533
0.386760264602498	0.471558840274948
-0.45164101956131	0.412069237183901
0.286376864456936	0.21220542884182
-1.67748306005596	2.48280920368699
-0.242894088534435	0.249809407749097
0.561286032806555	0.798221993429218
-0.389580857357101	0.276970170158891
0.0391136393587126	0.0278121239140578
0.394337193225681	0.38193553773831
-0.00924186338686933	0.00598196118823571
-0.266039276987746	0.195215043174717
0.390273709229168	0.420598294186476
-0.285893611715501	0.330065946418181
-0.0758541746355751	0.0473838931485333
-0.575273198865867	0.395479571147706
-0.472144204724895	0.330024458230868
0.488009133954876	0.473779330093836
-0.791401160055287	1.16810484153085
-0.312974942086922	0.359677823425152
0.856938613377652	1.34060398804313
-0.792027504082718	0.632601357419854
-0.934157442985543	0.917689685203894
1.05971979583721	1.70940659194863
-0.0552034121720886	0.0557138260092195
-0.224083966206037	0.149485019603696
0.038803883803179	0.0275815269351931
-0.0152427785548408	0.0111308876601605
0.181039204784872	0.127795481090961
0.672190664265674	0.732250046107515
-0.300509345702295	0.240432939364334
0.103269621139616	0.0732206800130946
1.37316154755421	1.53937007955105
-0.329777912563657	0.285673981039542
0.454702302452461	0.541543238060924
-0.255953728297354	0.313443098251268
0.503465613004158	0.450031420284652
-0.655824540481946	0.668038219936175
-0.582476220732714	0.519792888150231
0.598865883440868	0.764755995238002
-0.494711797954819	0.717463404577437
0.0293280869500287	0.017435010818078
-0.500515148057545	0.417897103188083
0.309232349046838	0.276124910438044
-1.14881757388602	1.1771489091907
0.0389526986081863	0.0276967085662513
-0.585764633623112	0.562815714233629
-0.938083793758999	1.30000482484354
0.845266872752706	0.716170038680188
0.391889538831089	0.408326571897326
-0.150237152807973	0.15788598797776
0.164995962924028	0.17369193828655
0.972078153722806	1.21513114890229
-0.512062212462496	0.462417502729405
0.195564144321519	0.145532456718069
-0.303653594089319	0.369546948352389
0.441767651642192	0.58902556971947
1.17144865585667	1.60583408695016
-0.0759524292625344	0.047450400201703
1.0142974527572	1.2273282356365
0.0589091365808931	0.0439729753123618
0.276810301064458	0.194183037833517
-0.0401034019244222	0.0321158988705441
-0.937454633252461	1.29824989319565
0.0161541848177021	0.0109002645426899
0.18090651018582	0.127710102939514
0.828886859429154	1.03486126755228
-0.217259369117237	0.224860953436715
-0.166817069683829	0.163308513657146
0.522388680837069	0.425108656582015
0.304736350385839	0.260761957420844
-0.575276993342195	0.357560747477759
0.0552721940933381	0.0468398348212281
0.541864947670874	0.629125310728948
0.116258202546852	0.0682604551641289
-2.28305501991344	2.11674789280476
-0.0400708724861187	0.025500426622631
-0.0758386779410644	0.0473773184691693
-0.414165376401363	0.322377050776627
0.0295443709131371	0.0175609140683318
-0.174156693762985	0.118207126158388
0.398338547986257	0.340902464700123
-0.399546272325918	0.368712223264847
0.163407710474539	0.108984353747234
-0.224006110467136	0.149449749327003
0.042279016727012	0.0213478495403599
0.0580868027722383	0.0367868867094116
0.967732811194164	1.51936746174435
-0.00335399376339844	0.00273853947424629
0.262906433849221	0.280229409870512
-0.399561487224986	0.368778409693201
0.512747532721893	0.437916339992446
-0.538742107476325	0.596257923383908
-0.166330868834948	0.162789887476322
-1.3100770814291	2.27542545018158
0.623618010044303	0.750248831384493
-0.487266225448737	0.373610322693689
-0.964522071180031	1.26800989397628
0.648022367209646	0.90329148934802
0.305069218681306	0.261139240198421
0.487842591309302	0.473494029236671
-0.0151718524074677	0.0110798296158182
0.218335045665981	0.178705777615021
-0.287141118409065	0.251444826046543
0.082594500055847	0.0554775625503415
0.522511072857812	0.425388950611855
-0.521858536964618	0.506635477835147
0.740227208731524	0.718529230742228
0.163613102134189	0.109138593624859
0.573725565060972	0.601753308186267
0.163483877144822	0.109053939598613
-0.216615891979844	0.177546323283562
0.393400712137835	0.395565011392225
-0.4141050522082	0.322322569008563
0.399616608350131	0.310668095702081
-0.266100218536513	0.195265201004662
-0.286975869215475	0.251296350550311
-0.852505178649334	0.788696528043239
0.217932611020189	0.178331427884447
-0.324150788593268	0.349873853101448
0.0239267254868037	0.018675074523434
-0.142939128504413	0.109320070400309
-0.687631848434486	0.510355324767619
0.0051291776441972	0.0038277482233839
0.392693563712048	0.3945955515429
-1.09712989155059	1.86698769790959
-0.0760208923010862	0.0474945049766468
-0.451745988138745	0.412629375090505
0.218395371315006	0.178757769492959
-1.34786747166884	1.79208750360675
-0.0399452250491899	0.0254165150172458
0.171621664922485	0.152439064240466
-0.898626561023912	0.947046930680651
0.3905799076882	0.421013963676265
1.09503821461968	1.41289850800475
-0.21836960931321	0.162516726219795
-0.00967958138207255	0.00626647991807431
1.28537254092637	1.49598473339167
-0.005974931279798	0.00334374083564817
-0.118973070311446	0.072909852392994
0.116257684859797	0.0682579104908087
0.163544637841626	0.109096869962899
-0.665473881821366	0.585299810803476
-0.511988404183471	0.462351866513865
0.0824483374673763	0.0553666781677552
0.276940277170379	0.19433049055296
0.299706406001877	0.245229279508049
0.180831438170182	0.127660399419406
-0.314044187107094	0.295689366831435
-0.500579449445309	0.418020263232202
0.293591405006265	0.229052660702895
0.247588204786167	0.238057536423657
-0.32946820375106	0.28541918191126
0.469284380573701	0.508124500799261
1.76074863913519	2.88680179639679
-0.06534748510929	0.0464562395076661
-0.487532467009138	0.373749381329002
-0.460464618131034	0.547671443973986
0.710531084239255	0.884833312618689
0.397088466294773	0.355007956740451
-0.00960618720543541	0.00622007358211049
0.488013409439794	0.473747300728224
1.24362574445819	1.80536242981093
0.503732992326317	0.450244769893095
0.195565485379373	0.145505148216924
0.293726836411217	0.229172299939679
-0.322339160118068	0.232863825354791
0.770020256836929	0.716298817338794
-0.981113561951239	0.894366530520498
-0.223945539061783	0.149397320306612
-0.131919332547282	0.0910171730626426
0.745353007153523	0.543706231076692
0.286090260973263	0.212016651008543
0.533803276853068	0.413054847856146
-0.487473888208923	0.373754039245239
-0.352716576520713	0.278479711039231
-0.0400097544895298	0.0254606644995953
1.06318140977625	1.24235910114237
-0.0149999216962216	0.0109522493341941
-0.300658114676015	0.240576932456233
0.197006538894499	0.195314023377293
-0.655973900222235	0.668378975943338
-0.0652582783312176	0.0463871573812747
-0.076044033813128	0.0475003895443384
0.874732759072281	0.882937771895685
-0.378022268660331	0.323736693263325
0.286119629137499	0.212025298507503
-0.0962240146484532	0.0674082921843669
0.312626120075868	0.290581984207528
0.21817009647294	0.178587668251309
0.11696946089919	0.103523431382623
0.638129957753411	0.74372665228766
0.561845967097205	0.610447636774553
0.163552344867898	0.109100232432363
-0.112332250670894	0.0869837050024185
0.320096980955703	0.331865977104307
-0.579188305816667	0.47692523634252
-0.00945540041656866	0.00612213876557071
0.616992988670361	0.575143142413535
0.623843860251635	0.750553700282104
-0.300806976718868	0.240689917952381
0.39826260161739	0.340862789802167
0.512573949611574	0.437854363630749
0.399616608350131	0.310668095702081
-0.576588825025321	0.435398633028466
1.0303025222273	0.912237935965386
0.299632282122429	0.245130392958869
-0.0759071302932135	0.0474225141389394
0.293462938737103	0.228902406358961
0.0422779358186762	0.0213460423590448
-0.852694698143592	0.788621215698775
-0.322020148361353	0.232602024258088
-0.687579023630957	0.510524309186091
0.249964238369874	0.155088974064584
0.789079325953716	0.543893240613633
-0.453485720976542	0.286825894441277
0.495547397985802	0.462131601113997
-0.255846929845918	0.207287351321458
0.551430869666932	0.619798779027769
-0.399793583058265	0.369063853830401
0.623680873729431	0.750414510212193
-0.255668458964745	0.207137427742248
-0.0400062515179585	0.0254593282865199
0.390499440970095	0.42092331084931
0.22724572227329	0.194266629237465
0.770131634335499	0.716314553373033
0.396941433369941	0.354749715042551
-1.15517756431397	1.33500109641462
-0.35949132644256	0.231219432026524
0.082526796361491	0.0554303130984818
0.142419603815384	0.0893858006289232
-0.870506611679969	0.97874850976824
-0.451737832273141	0.412613265317921
0.972210692551316	1.05840817308205
-0.14325699668312	0.109584045073154
0.227136089417379	0.194202786841527
-0.0654200782035109	0.0465101341519943
1.12035505213926	1.58173466829729
0.312648934247818	0.290626859516769
0.578018102972575	0.37654181246198
-0.119381426552705	0.0731258717735417
0.398487377145485	0.340963747370922
0.845403912063723	0.716533200039396
-0.132051030777523	0.0911172998248304
-0.173786733903469	0.117881168236164
0.512589435475007	0.437788782470985
-0.0096051684801569	0.00621910491051498
0.27675662823845	0.194086759637143
0.0292986876942501	0.0174185778309204
-1.15517756431397	1.33500109641462
-0.359366029703826	0.231147371654073
0.398847428577595	0.277769276267089
-0.575262792708149	0.395475278382787
-1.2491804841411	1.03278535988771
0.656690920116858	0.55927699275256
0.845403912063723	0.716533200039396
0.388668918757911	0.222793542187364
0.56074898823795	0.388095054136209
-0.665754450340677	0.586090754256702
-0.399889176034796	0.369047957691381
0.714654670701769	0.722527328887083
-0.968615727226417	1.07659121871958
0.87467194692827	0.882908403621611
-0.378614207115291	0.324156465689676
-0.37824472242512	0.323904469822974
-1.73232925637243	2.66409406624697
-0.509314032174917	0.635968827170002
-0.0758464216880609	0.0473817829266332
-0.21678351380246	0.177716991940184
-0.132208044327339	0.0911938578185267
0.578014364927905	0.376465316524239
0.136588251153641	0.106801639814692
1.18744371776724	1.28845023945411
0.912332996966086	1.50224936975493
0.247905428822547	0.238473000016218
-0.0397269618739003	0.0252706157351671
-0.451745988138745	0.412629375090505
0.285984685822153	0.211836031586
0.522587369087313	0.425486084521892
1.15410169288289	1.11148491281121
1.73015544971618	1.91931815662508
0.777645336343171	0.878631364296582
0.0837284410832234	0.0457376182476325
-0.487222964010709	0.373532973483552
-0.378169952173592	0.323894740681507
-0.50064381470716	0.418099309486099
-1.04549402550399	0.878309378323251
0.399691842634944	0.294754881185682
0.163491571137908	0.109057293172897
-0.889358873816447	0.760179492800181
-0.714915120010068	0.819865667011497
-0.18223647870083	0.150979218494906
-0.21670741126505	0.177631752698044
-0.73347508265309	0.739024646220288
-1.2997121691037	1.47912235754553
-0.132118724371885	0.0911669411521828
-0.434389313676262	0.367465651859165
0.24997468863786	0.15509621575848
0.396901374837233	0.260194980996735
-0.132193593198485	0.0912258759784421
0.0293598316341293	0.0174556321014227
-0.512211396425773	0.462619130751874
0.601116933006768	0.584102370231148
-0.852573567277828	0.788611898732863
-0.747516461933006	0.701157511519955
-0.0402362665691109	0.0322188700640666
0.391896764499088	0.408303148658248
0.317792562349446	0.318179708277643
-0.530952983937939	0.551577087526841
0.390612267685723	0.421002161975667
-0.216467234899362	0.193366724647831
0.481392065510515	0.485483840443608
-0.598195626725029	0.738221795432055
0.293666259010815	0.229123924412129
0.522808778712343	0.425537647299156
0.286135202165581	0.212070478802817
0.917863873252207	0.888805486325902
-0.653215059568915	0.709934294168069
-0.487205663215821	0.373495373258605
0.396991343747782	0.260302212223515
0.180899538451294	0.127709943615582
-1.2788308459052	0.904291918675756
0.399648360072255	0.294722245354068
-0.687613685418675	0.510543809311169
0.399061639521306	0.326016254667037
1.47111759200664	1.76437920404089
0.398782064715501	0.325663622855106
-0.472037251876793	0.329944781713068
0.399677396923514	0.310712783501665
-2.31886849930803	2.94109787247754
0.180834913749392	0.127663244408338
-0.174254182061177	0.118246312583611
-0.00953176286102637	0.00617176614998597
0.623788349140148	0.750496406574657
0.207660330532893	0.162318848218993
0.230568482664177	0.133702810948979
-0.723070078282687	0.778976663310051
-0.582615032867435	0.519935151924383
0.928704360206551	1.04944840607106
0.0164504848151241	0.0111042083011439
-0.0656714599318098	0.0466918453179808
-0.472117480236258	0.33002701814581
0.399631165644799	0.294713157142637
-1.0114479004186	1.05186625794591
-1.22232787376934	1.48333519811824
-0.434752492787878	0.367801832267594
0.858097055792812	1.03809558603107
0.195413827516967	0.145422633938608
-0.302663347588164	0.307147429680714
0.161121716592829	0.1374485261941
0.276925074009431	0.194318669704258
-0.132125912431391	0.0911792007208255
0.752864769549596	0.879757937114143
0.638332598644236	0.743770871786228
-0.722653543078908	0.778002069524682
1.0634030260018	1.24303113742858
-0.659898957673843	0.626758485655553
-0.487283525322826	0.373621192992724
0.399631165644799	0.294713157142637
-0.359459710819283	0.231234615283526
0.845351136894809	0.716491994850677
0.305005042544179	0.261049717384112
-0.0960758555554284	0.0673009392291321
-1.08515209054121	1.19147072114432
0.160958728928731	0.137301657537466
-0.300434996311631	0.240348966066105
0.691855532094085	0.72661168596628
-0.389528428592558	0.276953055673641
-0.223919542840989	0.149369843074371
-0.359427841778773	0.231146608983805
-1.22180976887978	1.48166445301101
-0.0966729380081024	0.0677156535052328
0.578043836574162	0.376548516431563
0.23052811985298	0.133680230051694
1.20498438869504	0.970879883451579
0.495695241935227	0.462235474148429
0.276672815972741	0.194019634725331
1.36670579169793	1.36654982659865
-0.104359195281209	0.0558242971418694
-1.84153105085019	1.77105453418389
0.136192064217714	0.106510236265683
0.308911777396874	0.275764251519798
-0.417994067420342	0.413662001728708
-0.375539127343276	0.375078268187303
-0.319432879477297	0.408653270106718
-0.451907685759371	0.412820332457129
0.250019935805811	0.15511641349221
-0.73347508265309	0.739024646220288
-0.131784103420062	0.0908949437848387
0.395967123122974	0.368926328843822
0.533729511255781	0.413059845750498
-1.47850303834153	1.65340349015087
-0.174209296809125	0.118240342644384
0.495322896609009	0.461883665257808
0.837695545235293	0.879748491338788
-0.132197188898705	0.0912256905845449
0.103120651794341	0.0731089667472378
-0.674491752517712	0.547268485544942
0.635455845701495	0.566823503076293
1.06325300736576	1.24275161517996
0.522722144866849	0.425614628310284
-0.265974871574847	0.195135255991868
-0.651243875637833	0.75320944780396
-0.217011813532659	0.177896625412956
-0.216623571222767	0.177555124095228
-0.0597288961893679	0.0519413091556436
-0.271662501728725	0.277630801478694
-0.287344875293213	0.251628528529758
-0.824753389641741	0.821111128846034
-0.665694212146608	0.585992530232657
0.710009613551325	0.546423309320201
-0.740262966664053	0.452575713375946
0.00549194997702731	0.00410000669530735
-0.359449115974057	0.231217993302278
0.0422774636633629	0.0213433618669291
0.598295700956373	0.364991769480157
-0.707442298978329	0.478332862516679
-0.0963742807781624	0.0675269254428528
-0.17456992674774	0.0912652369592895
0.0836732250012232	0.0457098608963882
-0.237601684787382	0.139839883336213
0.058578400861692	0.0437326599436173
0.0825232132751776	0.055427881267055
0.738127745134902	1.34657756640263
-0.551318792308367	0.684313385780681
-0.217259369117237	0.224860953436715
0.397162885807656	0.355095882294291
0.551430869666932	0.619798779027769
0.187174048156943	0.215773700705234
0.770131634335499	0.716314553373033
0.399744392055642	0.29473487448364
0.227064967391989	0.194109700998038
1.09503821461968	1.41289850800475
0.18090651018582	0.127710102939514
0.250079109280363	0.155132176204358
-0.320551710599551	0.185068852829541
0.635577545485527	0.567038561366388
0.205377488475893	0.110463738580716
-0.829166329192802	0.606426553894009
0.180964099493099	0.12774565073409
-0.429639634274308	0.243248633192942
-0.500586680218155	0.417958430106584
0.586608564372163	0.592812757784519
0.318297307589178	0.318803090777897
0.10472520965462	0.0891052375292268
0.322432935297021	0.345788427190728
-0.487222964010709	0.373532973483552
0.972127023563352	1.05850411520949
-1.08487121162785	1.19054600487426
0.142419603815384	0.0893858006289232
0.512521195184631	0.437763163529549
0.149438453286569	0.122190449178065
1.02283257092325	1.07148329295772
0.249964238369874	0.155088974064584
-0.500379385430325	0.417624331766229
-0.21857820238978	0.162717224055842
0.858199680726209	1.03807249763313
0.635440577897846	0.566804161096853
0.804439176404233	0.715498399758157
0.399051246914407	0.325982132018603
0.160973631194061	0.137335240915202
0.12819148500377	0.117779463138645
-0.359459710819283	0.231234615283526
1.2114794996562	1.46187461269503
0.397014950938995	0.354916050478896
0.804465712998505	0.715513833770539
0.894894382386493	0.72293105384348
-0.414036868118326	0.322262802250047
0.845266872752706	0.716170038680188
0.170374466606941	0.0843863554800559
-0.487292193844391	0.37363327999721
1.03047226053216	0.912348998455591
-0.582344860315445	0.519605360391586
-1.14890170747609	1.1771205202168
0.588118280806478	0.772649476258662
-0.0209571207654028	0.0169563587762115
1.07543521581322	1.56156403399853
-0.582618702821182	0.519914647190218
0.512694882692757	0.437922797817562
-0.487248926852307	0.373572714226693
-0.733475256796432	0.739062420233602
-0.659972937289413	0.626926771789672
-0.00601232576299889	0.00336418907014556
0.318121993949151	0.31863035196616
0.454934705095171	0.541998944567962
-0.714836720329437	0.819758309536098
-0.399561487224986	0.368778409693201
-0.389606313181422	0.276942097613531
-0.131848058623326	0.0909497520056292
-0.119224759805266	0.073076319421968
-0.131930305182469	0.0910164734835545
-1.06727279167754	1.0329862779591
0.315608324426615	0.3048302819124
-0.714829309371118	0.819763960091577
-0.378096350153874	0.323820668238387
0.315096978539573	0.304136944538964
0.51251346019478	0.437785101586351
-0.889571481213126	0.760661304544307
-1.04541408558189	0.878645391324334
0.286195640783449	0.212119843513304
0.399553293532461	0.29460024285172
0.398978258833985	0.277807850656602
-1.35315272361151	1.19041017579904
0.845351136894809	0.716491994850677
-0.773745758972018	0.933318164043446
-0.00597545784260671	0.00334394234187639
0.327727059957337	0.385575925972605
-0.589476431231634	0.606431741421264
-0.65982460431009	0.626531188143502
0.0165986961541311	0.0112039191282405
0.398190208427121	0.340635297114536
-0.119251014460645	0.0730883740720197
-1.14894642607358	1.17735995929998
-0.674431104374811	0.547317552430663
0.0821271461628621	0.0551024810994363
-0.00608245856446144	0.00340232597096217
0.12078848454642	0.0900812175859169
0.769966665785145	0.716247053036143
0.195339400836571	0.145364553141189
-0.352506538943675	0.278268168144533
-0.174104139717133	0.118163526524318
0.522572242651094	0.425489438665856
0.681137843811647	0.552122863361016
0.512642183571264	0.43787905708167
0.0583206999640605	0.0369421699714331
0.522696083203824	0.425623370072649
0.714643991197015	0.722467169914852
0.136516004507542	0.106757792518206
0.120877850802171	0.0901381244818541
0.120617865709356	0.0899331124436208
-0.870917854357631	0.979535463401014
-0.429913148081275	0.243543922037474
-0.687568374308914	0.51048208880273
0.84434901377286	0.546409530474438
-0.740372218460723	0.452702879152707
0.710119938835837	0.546517251784068
-0.352705553017796	0.27852827600429
-1.09971249298733	1.35153538806512
0.0584052682731908	0.0435971099659905
-0.313874153741239	0.295502020279114
-0.792079793190693	0.632687552037336
0.39588656154595	0.368841448683099
-0.0758464216880609	0.0473817829266332
0.163589914288081	0.109112852557053
-0.414097189345744	0.32232938802377
1.09496355028977	1.41269756289035
-0.287187194345863	0.251430137557752
-0.302425234648643	0.306820137119968
-0.530796147943734	0.551321777028795
0.586534068380771	0.592682177500677
1.26787603985006	1.3210180859306
0.180773661391219	0.127597606726517
-0.852428947050964	0.788631039745039
0.512505716325533	0.437786395093717
0.546147884575247	0.399917127393887
-0.0388556802670781	0.0280065105831378
-0.00960420385695663	0.00621715435442007
-0.907671804468621	1.13878938715207
-0.378096350153874	0.323820668238387
-0.487387350659907	0.373709022535033
-0.320512229568985	0.18504719516924
-0.57930178539424	0.477027308542958
0.247738672825798	0.238276853589787
-0.0621674153312899	0.0492603606138365
-0.418491615120847	0.414324316948933
0.195190004879325	0.145223149310158
0.512376988694574	0.437561820666754
-0.934936271121642	1.10649173211614
0.142332662718343	0.0893225200421159
1.91772318973141	2.04131671667403
-0.104399592297262	0.0558404234022689
0.844142036023125	0.546193480334791
-0.268331253583185	0.137185477385768
0.398899738292864	0.277833137389053
0.309308481673186	0.276164173887304
0.312742520193938	0.290702605287135
0.0585860892015035	0.0437381964790696
-0.143091979144323	0.109451237444929
-0.582491046971458	0.519615434891636
0.63563070262786	0.567101769914475
-0.00983000578984592	0.00636326198726672
-0.0612657544883159	0.0485306657402847
-0.802837432337605	1.12934780675221
-0.337156428305283	0.339526247194586
0.769851803007813	0.715939570277091
0.710359872111327	0.88454207093433
0.142445860826328	0.0893950871229049
-0.595323062494762	0.693789033471566
-0.702853149782301	0.90361147224963
0.805773118686064	0.878515026628016
0.195189448330412	0.145225614007745
1.36666080374256	1.36650477586759
-0.22396282497891	0.149412887641726
0.837695545235293	0.879748491338788
-0.479262957338849	0.501919968638882
-1.11200528184834	1.51341007784433
0.312648934247818	0.290626859516769
0.120780005731755	0.0900772485542894
0.676348612705738	0.892981016400116
0.0390291375254258	0.0277516300505388
0.805698152453715	0.878497532098516
-0.530796147943734	0.551321777028795
0.512642183571264	0.43787905708167
0.103343725253705	0.073270972141622
-0.65976708692136	0.626586694196723
-0.0960755712496168	0.0672973334102832
-0.104357499932016	0.0558222115623603
-1.40140825049499	1.48939202596082
-1.45025566554738	1.35217710840428
-0.0123995127023532	0.00580992648070169
0.601040357163858	0.58403378837098
0.149580266129672	0.122339456413055
0.207734371725022	0.162380850144407
-0.322278433440018	0.232836540761441
0.276925074009431	0.194318669704258
-1.3531420395227	1.19035544272686
0.968851698707973	0.897613471348675
1.35573946290233	1.19614694869932
1.14876546125873	1.43459780205637
0.304762081001451	0.260790482981817
0.0837529738886436	0.0457429050919704
-0.575352883531087	0.395458931705319
0.315360178543893	0.304548879474898
0.616924754675394	0.574992659086499
-0.57525235701754	0.395450864272708
-0.652997174344254	0.710079435609296
-0.451741902620627	0.412632669344052
0.512626655127821	0.437902246353115
0.917742518065216	0.888577920116972
-0.829167338280826	0.606354088126575
-1.43671690492064	1.80015060983654
-0.132321912858133	0.091297863895431
-0.266311428303197	0.195425414059442
0.398187626924666	0.340794321861707
0.0757666032733103	0.0592282784308387
0.180838377537588	0.127660535387965
0.285916439919174	0.211771848290903
0.324326986538346	0.359132576606699
0.197357204131343	0.195735193347701
-0.579196115953673	0.476925694052005
-0.321914419340628	0.232480962655044
0.573882562040055	0.601826284951528
0.394439447057021	0.382061990251063
-0.0398056318298731	0.0253251178552189
0.533685861688125	0.413015889097383
-0.178132422034797	0.134446081471797
-1.14876500111135	1.17713580070053
-0.119042755355306	0.072960774387208
0.68116405237943	0.552107279465537
-0.740271693618544	0.452632126761163
-0.707521172971948	0.478490781085457
-0.00930799561194074	0.00602479995387871
-0.216688152264419	0.177588786863397
-1.08508091500092	1.19142092777819
0.161229132747064	0.137585697796983
0.0293972047593092	0.0174819582255646
-0.132264872250224	0.0912693510664326
0.5034013290696	0.449920948696783
0.136203833807151	0.10650366457134
0.142393336926836	0.0893680462941138
0.522518627210353	0.425397900960594
0.573551902177489	0.60150282678491
0.769783054340609	0.715718401530915
-0.143019580566931	0.109391171390967
-0.787055453557766	0.894027602021568
-0.665610212374738	0.58587538476718
0.393136739250275	0.395322574004559
-0.143108193619988	0.109449084763236
-0.28699110741781	0.251314520169602
-1.14882545960179	1.17725790957037
-0.576641823744605	0.435436216930817
0.393958227486122	0.24215020025454
0.533746636034345	0.413067538467052
0.300005096758412	0.245460657648584
0.180903030217341	0.127712801313429
0.396981124268762	0.260286380908059
-0.723146456706129	0.779097667075292
-0.265967715986941	0.195143794781227
0.399061639521306	0.326016254667037
0.714447805130154	0.722363935926019
0.522526172038205	0.425385574889121
-0.487335464172586	0.373678306390831
-0.0154375106688888	0.0112749272089788
-0.50079048174738	0.418185027082712
-0.132125912431391	0.0911792007208255
-0.889464876286863	0.760639829759838
-0.434460262220038	0.367510749996405
0.276856343203549	0.194257026192505
-0.132193593198485	0.0912258759784421
-0.224127253985207	0.149510379477194
0.0584918459590657	0.0436654762576086
0.398845810001017	0.27782383840063
1.14876198075679	1.4344337747974
-0.674353215160564	0.547253277290427
-0.576721616758723	0.435410576058681
-0.329452271764707	0.285366103944615
-0.941383992622475	0.739585527958278
0.399613969838884	0.294688810700674
0.68116405237943	0.552107279465537
0.837565941001676	0.879542472103993
-0.00592194011114654	0.00331440094543435
0.195413301385998	0.145413118925372
0.635501409982084	0.56692782818225
-0.707522656104184	0.478427995182554
-0.0387954710951868	0.0279545899968676
1.37786773396568	1.88355884561488
-0.352765902971459	0.278545471808138
0.874626389752448	0.882796453200793
-0.579067117624082	0.476707153027103
0.73063972808365	0.881949017786675
0.0758446891229884	0.0592880599842725
0.0388681078813313	0.0276345752724876
-0.237424793880722	0.139764136391825
-1.06727279167754	1.0329862779591
0.788927613401003	0.543735628832399
-0.359379722216434	0.231174306033593
-0.284721778752584	0.186641819223279
-0.707560579726294	0.478472244119477
-0.00938099857522877	0.00607396532763199
0.0587437799292682	0.0438563267067441
-0.266232875398273	0.195347988452511
-0.178355263916831	0.134660207762166
0.12078848454642	0.0900812175859169
0.845324488226291	0.716408101876152
0.0583186679161874	0.0435275663885273
-0.255672575521887	0.207152335695043
-0.0386194740129492	0.0278344372951551
0.616986183394705	0.575108512207578
0.601041461356081	0.584088245272424
0.39588656154595	0.368841448683099
0.276974808962132	0.194360109506673
-0.521782157059761	0.506476818677954
-1.62199052458114	2.62879459879825
0.573721453697712	0.601756536167933
0.309084056355483	0.275979501899683
0.369606368030708	0.158007050490895
1.35554782872336	1.19651223683715
-4.67201223613204	2.32353828107855
0.0423581224798044	0.0213887511464096
-0.0872097202919863	0.0396986290401776
0.265004997317041	0.17529353063104
-0.655808435573839	0.668072255583183
0.161058814586992	0.137422557464043
0.171249415811137	0.152035140690044
0.217916089297548	0.178341793335161
-0.585764924830047	0.562721192902447
-0.300360425470894	0.240248155326998
0.891165561573054	1.04268370755425
-0.0854676432068503	0.0669775159374287
0.103195517413829	0.0731650180027767
0.161066223347218	0.137432544408052
0.398990035315141	0.325955906973906
0.265213741248573	0.17547568582309
0.656621135062699	0.559224807038723
-0.575248897149481	0.395405491266938
0.312836026748883	0.290756179098683
-0.322209986281287	0.232789308212538
0.522661561421659	0.425563140322423
1.26784930643719	1.32122371677402
0.398766731125854	0.27775320365002
-0.321959477990382	0.232529139862105
0.394683771577046	0.382381111093968
0.309152240055966	0.276049414083489
0.837559165354361	0.879535684011446
-0.132182874423843	0.0912008910422201
0.27691422571419	0.194313899662351
0.586460906696951	0.592655054615325
-0.733623493784847	0.739288431069246
-0.870514474302714	0.978791681293598
0.309484198817958	0.276298424385605
-0.0387756209504899	0.0279488162148936
0.65676879066673	0.559426634950054
0.120698948531545	0.090006618861264
0.12078425269684	0.0900809409973345
1.87806717136554	2.98785242103644
0.276983589672344	0.194357664287847
-1.01165869943758	1.05235309967389
0.398846314286367	0.277838106957553
0.207437120814627	0.162097481850029
-0.329464198734583	0.28542709151496
-0.265964155891922	0.195132197154454
0.399631165644799	0.294713157142637
0.533564311762853	0.412770068136613
0.917881063656079	0.888853448975152
-0.377874615360955	0.323517014786005
-0.284611534579334	0.186578592719199
-0.0759901656418542	0.0474514912409901
-0.451907685759371	0.412820332457129
-0.378022750302251	0.323665933091177
1.08242648567332	1.0890169413817
0.397026101851446	0.260307889214928
-1.01621060763029	0.730957299211709
0.399674645826999	0.294745791076352
-0.266107285646058	0.19527791282569
-1.27681119803932	1.79394255375773
-0.5383974359039	0.595593715284552
-0.00938055365989403	0.00607340206456489
0.286263862110025	0.212166872965943
-0.852489510307873	0.788714889740445
0.934431084777877	1.20561089408196
0.398261512665168	0.340817205688399
-0.829085333646607	0.606448881785564
-1.14875710238527	1.17702679089874
0.475046732004282	0.496770577512027
-0.487231629532619	0.373506471955426
-0.119042755355306	0.072960774387208
0.464234749727433	0.519597441973802
0.14950180250088	0.1222724900835
0.0836346373861601	0.0456890182021036
0.474858893945641	0.496364977747366
0.11638917424795	0.0683138461571192
-0.434314176990955	0.458846007554663
-0.512285164387882	0.462637936498698
0.398788852383504	0.32567098954555
0.560554432179692	0.387805375690295
0.394077141483602	0.242247453289519
-0.359446060402219	0.231222563721811
0.0755025162368035	0.0590058134692653
-0.451737832273141	0.412613265317921
-0.500715362469742	0.418186791686408
0.0582154760434513	0.0368742811637209
0.546226339378666	0.400029781886946
1.1874012992225	1.28837175644707
0.227026152277743	0.19406817177262
-2.44943490901245	3.3586198258849
-0.284585824039334	0.186528915115429
-0.286912278333145	0.251208661365937
-0.352709216114499	0.278529128930671
0.0582076912231786	0.0368700656071609
0.546215912621286	0.400033984487797
0.116258755452954	0.0682558216366892
0.546247277497143	0.399925184125997
-0.0963738966784882	0.067528934286681
-0.579180504865215	0.476889378185738
-0.255842725968664	0.20730158142358
0.828983236872531	1.03518184946909
-1.09971249298733	1.35153538806512
0.488098695075953	0.473811604813431
0.845325018027343	0.716436159479218
0.249953816287964	0.155073709123128
0.0835934786613138	0.0456623834734113
-0.0758993995958106	0.0474180581622748
-0.576616176275967	0.435424630602126
-0.22396282497891	0.149412887641726
-0.218652146384521	0.162816073711055
-0.21872847652936	0.162822740079066
0.3997697157366	0.294742367454566
-0.101842877301014	0.0870583086471589
0.740106225526726	0.718275441386687
0.399674645826999	0.294745791076352
0.398853673909772	0.325783687507102
0.39572120266945	0.36862280247624
0.710029975803891	0.546567476157879
0.23458620354975	0.208926526219455
0.512581696985748	0.437832433034257
-0.434601430237469	0.367741933342263
-0.655973900222235	0.668378975943338
0.546167269096049	0.399901540034206
0.391768474488392	0.40813341639032
-1.47850303834153	1.65340349015087
0.249962013195185	0.155059924155677
0.0293020737592775	0.0174234793407837
-0.715023358782721	0.819771462715823
-0.4141262129727	0.322191914844985
-0.173975586283346	0.118068345441366
0.586757597705565	0.59288486742171
0.917811263453036	0.888874826663204
-0.898630413696354	0.946951157710695
1.03528186511166	1.54394056485907
0.714526114151565	0.72232842382142
0.399587681769864	0.294665274894848
0.769913020442033	0.716113391921319
0.533729511255781	0.413059845750498
0.495321439754317	0.461791437184742
-0.0400778343124251	0.0255041745155081
-0.0155159702719423	0.0113318857798502
-1.27073047156977	1.95727072095257
-0.448445191785607	0.503758374067757
-0.255761777072575	0.207230405986842
0.533729511255781	0.413059845750498
0.398863850680348	0.325727599027279
0.218238405781545	0.178653977183532
0.522564665143694	0.425458595924069
-0.0655819820998196	0.0466278785011165
-0.171942958073269	0.103296434915017
-0.354035541882763	0.330101394113516
-0.0399452250491899	0.0254165150172458
-0.246082619354019	0.235704050308563
0.495397488007831	0.461999198810446
-0.256085727348055	0.207476949886784
0.672101014998627	0.732114428974096
0.195338869056042	0.145361042694657
-0.255757609238482	0.207234819662764
-0.354379257042913	0.330462614245813
0.656803174572888	0.55943957449011
-0.0386233915509411	0.027836633933506
-0.00291714798854774	0.00238257522887576
0.197146807648335	0.195494278864466
0.0758372652912924	0.0592777195020113
0.844999953668138	1.18866333558455
-0.284637170880319	0.186569457026479
0.39723748255303	0.355133477803725
0.87455790098165	0.882680803534223
0.512634423794072	0.437900976513992
-0.171888342749426	0.103245439506017
-0.0154932018165434	0.0113126266977787
0.312820982378366	0.290779258423455
0.972202980383706	1.05852412398097
0.180780365252357	0.166833979554246
0.77922462973166	1.03309788252702
0.0825909015274725	0.0554751195535152
-1.03584025844748	1.21233053779404
0.230608848596398	0.133708611959684
-0.255676707239909	0.207157441129039
-0.0398595824647464	0.0253590994109581
-0.70820261888197	0.861433362720907
0.207660330532893	0.162318848218993
-0.996265823972466	1.2377035664822
-0.665791038976747	0.586171603265856
-0.284585308684648	0.186549194271429
0.464087903818428	0.519357471584356
-0.576562024592509	0.435337941266279
-0.322104124116035	0.232697624899156
0.20736328942094	0.162019406650104
-0.389580857357101	0.276970170158891
0.195713413347423	0.145607728340079
0.587792158354204	0.772098824660454
0.969651509308909	1.36706775677605
-0.173891697759584	0.117980771909617
-0.266243361367366	0.195383110630601
0.27666527085155	0.194008029006626
0.0391055774928049	0.0278047716632345
0.116885075510836	0.103442095056083
0.777570519479266	0.878494014861233
0.393378463627773	0.395572927554647
-0.143100057062777	0.109459131893777
-1.14918074773233	1.17685720613142
0.300004418972568	0.245490757220744
0.120856795990952	0.0901380497241981
0.692310576225945	0.888041188802118
-0.870998608814844	0.979587439457537
1.08226127335428	1.08838640756656
0.116417411473758	0.068346745975318
0.293659129723641	0.229117185897939
1.02286388219446	1.07123327481503
0.312461525510972	0.290413626114113
0.681191222086461	0.552178497097358
0.0824590746522484	0.0553811943771136
0.714301688100336	0.721882592520778
1.45428888136261	2.10422959330058
-0.848396772744754	1.01390065603701
0.533642208015981	0.41294769709394
-0.660272908019538	0.627031043091579
0.858020240265638	1.03796850548159
-0.451745988138745	0.412629375090505
0.120954613003344	0.0902105860148823
1.21148597553242	1.46153246566479
0.512521195184631	0.437763163529549
-0.414044743428719	0.32225599943969
0.18097462342358	0.127754415991621
0.136279940809844	0.106576709302869
1.12028925321021	1.26250844731655
-0.538735015592428	0.596259808802119
0.207512458821046	0.162165085214851
-0.0760208923010862	0.0474945049766468
-0.487222964010709	0.373532973483552
-0.545454219339724	0.640407743965944
-0.830405371363473	1.0512565477548
0.714458277830903	0.722228046961009
0.503597573460397	0.450171654171279
0.163483877144822	0.109053939598613
1.58618723124562	1.83099674814076
-0.375454646945654	0.374987302923035
1.12033485874164	1.26278613474069
-2.06925515803276	1.72583737770434
0.656803174572888	0.55943957449011
0.163468461561109	0.109031616232701
-0.674440038468697	0.547333357087734
0.398986587271914	0.325944794418626
0.681085449140647	0.552060302462675
0.969659292395429	1.36712064051329
-0.651399311037252	0.753553259181642
-0.112757164042509	0.0873189927836497
0.0823913349946196	0.055330209600794
0.39966555312206	0.294716052552105
-1.03569278144605	1.21196177685457
-0.582401295481013	0.519560465657578
-0.352912057109431	0.278699304435619
0.398993471573175	0.325952257848132
-0.300583418196327	0.240500562456008
-0.284585824039334	0.186528915115429
0.714586900829211	0.722511611991542
-0.0758309433961797	0.0473705948614821
0.972187529425738	1.0586028468166
0.103344722885202	0.0732677264138698
-0.389528428592558	0.276953055673641
-0.132261291946671	0.0912695492981115
0.691781881832894	0.726477262145503
-0.659973310987236	0.626914090094237
1.0823126058919	1.0885571514316
0.116311088160801	0.0682971565583205
-0.249959269351063	0.221197853815282
-0.659569801978528	0.625993269578122
0.277087477765006	0.194400149318421
-0.487292193844391	0.37363327999721
0.512505716325533	0.437786395093717
0.389271985124558	0.433518251120085
-0.451826823908382	0.412731371476601
0.30490288519454	0.260975391084724
-0.35270190132556	0.278511832927695
-0.142842845331981	0.109211276219692
0.533720104577383	0.413008842838689
-0.322270709570535	0.232825738534295
0.51261887757322	0.437882888474264
0.398112051589412	0.34069566263114
0.928636536434448	1.04923195758784
0.578154398334843	0.376565647581824
0.61691457733795	0.57489882260936
0.617136221825612	0.575280121645458
0.207808172721944	0.1624428890273
0.082594500055847	0.0554775625503415
-0.521850772606988	0.506557702035077
0.481548274507035	0.485668910435289
0.635501409982084	0.56692782818225
0.0583108980347713	0.0435204999371689
0.391705723765303	0.408119256600622
0.369281560627773	0.157849816719288
1.06325300736576	1.24275161517996
0.522449885570964	0.425263484734552
-0.0760816632578143	0.0475301988765892
0.503668868622319	0.450244741495881
0.136023893371253	0.106351999502666
0.399563464873255	0.310601214732448
0.25815745485773	0.266234626915543
-0.595329938296691	0.69390101085491
0.276957543704097	0.194350081764933
0.180903030217341	0.127712801313429
0.397384606778602	0.355209177623086
0.617255313564883	0.575339654806946
-0.53096788266293	0.551575295817239
-0.322012390756453	0.232561205048481
-0.171888954875426	0.103262528114191
-1.01637790533487	0.731279019263317
0.0590184092969712	0.0440537979473474
-0.414097189345744	0.32232938802377
0.769966665785145	0.716247053036143
0.293520111398015	0.228960190732622
0.740424131480076	0.718629375186008
0.312578046962449	0.290512086947523
-0.418357626533655	0.414044769523928
-0.278140760041706	0.264185709589127
0.227230367077095	0.194286555380635
-0.152384232738941	0.127691725171036
-0.266243361367366	0.195383110630601
-0.177911109548787	0.134280186683328
0.39796431700478	0.340458522757294
-0.0617371561933177	0.0489274675724508
-1.03547160757191	1.21157776665272
0.103344070909252	0.0732728149120332
-0.582416092481526	0.519695913434561
-0.389467770758099	0.276896453709954
-0.399877427468427	0.369141973751796
-0.589244374760705	0.606389268778807
1.73017985067648	1.91965261386049
-0.852391994812152	0.788359721232049
0.398925379879744	0.27784571120507
-0.300509640704204	0.240428942066091
-0.178281726259423	0.134591460907915
-0.21887629628638	0.162995812343899
-0.0397985403946398	0.0253212845865275
0.102971589903586	0.0729877513344005
-0.766006365190522	0.664912033093219
-0.414036868118326	0.322262802250047
0.304992433043026	0.261082531038845
0.180770225543454	0.127606045839574
0.0836589996523523	0.0457057522339226
-1.40646334984842	1.94953682686772
0.397961313524647	0.340455196933079
-0.300732197030314	0.240629022588855
-0.0386877819312439	0.027881011044526
-0.429938030218216	0.243568625526263
0.802665245687069	1.03326614630302
-0.733401068127506	0.738889821357755
0.0824626309315046	0.0553813337167732
0.672032803230407	0.732092316948758
0.299779663816156	0.245277010717898
-0.00960726002425565	0.00622005720117855
0.617125970272115	0.575347690615398
0.656742495045896	0.559432637587792
0.181107262757462	0.127826636489312
0.250033880806253	0.155122672155995
-0.300732197030314	0.240629022588855
0.265135943324068	0.175433362127375
-0.659763245263888	0.626568399760508
0.396031238686589	0.368885829918901
0.586535640564373	0.592692035849505
0.617197575684274	0.575409737981344
-0.174080674902106	0.118149647262321
-0.766014997409064	0.664687916325478
0.293598503474093	0.229059371179735
0.39905818711075	0.326019889573463
0.195488761253991	0.145478764392675
-0.353849022156115	0.329812974827474
0.957013386292613	0.734584209866301
-0.687589644821375	0.510540860097034
-0.707483167259965	0.478381265464696
0.512581696985748	0.437832433034257
-0.313704187350674	0.295282829847958
-0.0854824189838882	0.0669903903758017
0.394573799984859	0.382194138895274
0.103120651794341	0.0731089667472378
0.890940210400876	1.04214422830737
0.293523662325524	0.228978915405757
0.103193961531067	0.0731516406499309
-0.414210048790277	0.32241284136923
0.399613969838884	0.294688810700674
1.06319158290995	1.24271990939687
0.635524336818242	0.56691530293903
-0.171863365176674	0.103245804873814
0.692310576225945	0.888041188802118
0.600891469274945	0.583940848262353
-0.321943945850695	0.232426721057127
-0.674370456569924	0.547283897739614
-0.452077871307319	0.41288302636947
-0.733475444051728	0.739046834032937
0.171873791266481	0.15266773303044
-0.352776811662786	0.278595457675735
0.928775667022739	1.04960103669352
0.299555308938278	0.244976566879691
-0.46682492936509	0.457801987537552
-0.487292193844391	0.37363327999721
-0.0658336015667595	0.0468015282620702
0.758057329680266	1.03337987461608
-0.589320442313941	0.606426069730412
-0.5383974359039	0.595593715284552
0.104323802134219	0.0887322232647469
0.616911161368041	0.574807376675208
0.396031238686589	0.368885829918901
0.11690468643458	0.103438810677289
-0.136037596960864	0.124709066584682
0.082526796361491	0.0554303130984818
-0.655973900222235	0.668378975943338
0.672194913743015	0.732245129205766
-0.723154379177359	0.778971395366407
0.0164499929857542	0.0111034156604092
-0.216558816252611	0.193483272950013
0.293598503474093	0.229059371179735
-0.722901714795924	0.778755946394864
-1.08532550224112	1.70198077297355
0.393192364505622	0.395350029998297
-0.659755595079257	0.626394287949533
-0.00592246809638425	0.00331457761061461
-0.00603882147963894	0.0033785439809195
0.398983127444017	0.325918186866682
-0.31429201262887	0.295888990271819
0.0292760515507757	0.0174099739995133
0.752554758214569	0.879492902734394
-0.418172065209699	0.41391907912641
-0.171969135860426	0.103312109320044
-0.302583967669779	0.307045885267977
-0.329295539869432	0.285213372902602
-0.249524730008608	0.22073685260685
0.934503371839061	1.20554928499543
0.39723642011837	0.355129925996976
0.304889986116806	0.260847305272524
-0.00923432274210286	0.00597783291427317
-0.653342329853167	0.710641277446811
0.0165245055522652	0.011154375021723
0.218166033293205	0.178593576438673
0.692006101569225	0.726851140946533
0.234694411900312	0.209071844888685
0.0836139988449978	0.0456801177731202
0.533668738015448	0.412985803670079
-0.434385502561007	0.367487430236204
1.09503769751887	1.4127713940435
-0.35256670288934	0.278348950764764
0.617262271526707	0.575429857364395
-0.224153265320875	0.149532636220532
-0.321959477990382	0.232529139862105
0.103344403453608	0.0732717805921123
0.691707740771375	0.726239146821214
0.016228000123225	0.0109515267011137
0.163430780991281	0.109009995928942
-0.216863519524265	0.17779028861735
0.0582154760434513	0.0368742811637209
-0.223876264072863	0.149319839105813
-1.06721225155793	1.03292823104505
-0.511913502244638	0.462124277332107
0.475257002761608	0.496953963519842
0.397088466294773	0.355007956740451
-0.178281208989642	0.134607349890525
-0.575280127168348	0.357541128183675
-0.766032303572918	0.664858333801437
-0.119137848815211	0.0730267568590352
0.0583206999640605	0.0369421699714331
0.522403725601959	0.425105243841206
-0.575342460998206	0.395474177594278
-0.218876797934901	0.162993540298646
0.317869549207848	0.318302987318533
0.844907913992209	1.18855446375496
-0.896220206398135	1.36956517567751
-0.0654368624071544	0.0465168515374086
0.901103202555134	1.19771165202949
0.161328956279939	0.13767673859597
0.394447209486658	0.382036531156988
-0.143108193619988	0.109449084763236
-0.17409630923237	0.118165062166976
-0.00960618720543541	0.00622007358211049
-0.178281461304668	0.134602448921741
-0.512137042306134	0.462545595862862
-1.16131241615053	1.49529931051876
0.0825232132751776	0.055427881267055
0.710352326983291	0.884553973066042
-0.0399416940925435	0.025416341786063
-0.414044743428719	0.32225599943969
-0.21857820238978	0.162717224055842
-0.112253415974131	0.0869143805897814
0.195113846115642	0.145144507898111
0.0163023780645891	0.0110028972842635
-0.377948504898179	0.323629797638643
0.804543608584364	0.715627237565021
0.163529196181068	0.109074522496971
-1.08521567803185	1.19164727919905
0.481483941436617	0.485384309349719
-0.255587625078295	0.207053744617482
-0.466535556878295	0.457350131571989
0.399685084470578	0.310705905757105
-0.131919332547282	0.0910171730626426
-0.43418799276954	0.367097283958135
-0.131919332547282	0.0910171730626426
-0.171863890155145	0.103233387901618
0.394502735953718	0.382168321596568
-0.216727823820307	0.193663278112612
-0.249688177681197	0.220931282865998
-0.5891606730426	0.606277579144902
-0.17813276780618	0.134481368261725
-0.11921660580599	0.0730597546255188
-0.0397412097843144	0.0252782464012899
0.005484608895458	0.00409427698737607
0.495472889296364	0.462057588916787
0.149283754112204	0.122002549633325
0.00547725192765073	0.00408841068681316
-0.0656629728224022	0.0466847948303459
0.654110313903319	0.73745570753952
-0.1720220241691	0.103328540291444
0.481612510998178	0.485615210465434
-0.451661114075528	0.412517267253653
-0.065432643644828	0.046517903859876
0.0827225827355128	0.0555587927730913
-0.049605941996654	0.027120013911584
0.671622685306605	0.731075043213871
0.0581472546171007	0.0368291339804957
0.52270488115485	0.425573576419995
-0.852421113607313	0.788529121838228
0.503533382819964	0.450124236975337
0.18075984729333	0.127597395083118
0.180838377537588	0.127660535387965
0.600967566032686	0.583982074024095
0.029327871023565	0.0174408901805193
0.740182187660841	0.718478320163722
0.522572242651094	0.425489438665856
-0.0153590473281696	0.0112173204788979
-0.337233037881048	0.339619381210444
0.276862428815622	0.194222633663274
-0.765945810927848	0.664745601106462
-0.300509640704204	0.240428942066091
-0.174164511827008	0.118205578669005
0.805697597942491	0.878532025657693
-1.01165504741787	1.05232337197196
0.286361191835099	0.212160162915388
0.286127420092513	0.212053346049182
0.265055288355798	0.175347226680754
0.116258202546852	0.0682604551641289
-0.592574095671252	0.65040823613057
0.393958723380873	0.242166010414656
-0.981052926445422	0.894328504826762
0.714512066381052	0.722444656995413
0.241941902245835	0.224212227313093
0.308907728364146	0.275738484981208
-0.852602891836759	0.788686322847511
0.293805294503919	0.229212644086104
-0.143015554338992	0.109389452543882
0.395882438101681	0.368835369454039
0.309228376281999	0.276099188595378
1.04818847903995	1.39522305572008
-0.142846787168996	0.109227165773975
0.0277744564910957	0.0243603151416245
0.308991954133858	0.275868942007196
-0.585543166225861	0.562411500638314
-0.434675804416911	0.367778171149588
0.393322631779814	0.395461273850796
0.586460574804023	0.592652671459171
-0.451657064792712	0.412497895949098
-0.660122017413252	0.627027170422122
-0.178206953610041	0.134549398707864
0.0555045251592834	0.0470502035281516
0.488013409439794	0.473747300728224
-0.00594870335486252	0.00332924516804532
-0.803814493167686	0.856828284812356
0.635509061455864	0.566951367496272
-0.585764393098563	0.562767181799808
-0.266250410883773	0.195351059337959
0.0755955562884456	0.0590871430959956
0.399065080139328	0.325997839907644
-0.132051030777523	0.0911172998248304
0.488154155665488	0.473930304211683
0.286066978594424	0.211994931791177
0.972210692551316	1.05840817308205
0.39966555312206	0.294716052552105
0.533729511255781	0.413059845750498
-0.585986576934391	0.56299227802208
-1.14274695959011	1.02417125200849
-1.0997164275459	1.35145209909808
-0.255846929845918	0.207287351321458
0.469369570292195	0.508254055329471
-0.104359195281209	0.0558242971418694
-0.733475256796432	0.739062420233602
-0.722985856734274	0.778904149338307
0.116205866171007	0.0682095844903827
-0.255757609238482	0.207234819662764
0.136019875262909	0.106338614545904
1.24369381102449	1.80554599516754
-0.0156096952376979	0.0113999279180938
1.01429619064607	1.22731397793887
0.207511279419711	0.16217646763254
0.398925284356903	0.325873514145585
0.265014399050589	0.175330401907475
0.399133244924644	0.326046367574684
-0.218727482304641	0.16287026471211
0.397162294207319	0.35506507785068
-0.451673353020112	0.412437450638439
0.304685298657455	0.260650029126694
0.398189216407994	0.340751738102419
-0.353942241956634	0.329970078843349
0.394597160889554	0.382290990794246
0.293534246801722	0.228974037639473
-0.152739011470136	0.128033283837436
0.0292672913633562	0.0174051502905043
0.617197575684274	0.575409737981344
0.304919872292598	0.260994919724674
0.752393442407805	0.879072280284891
0.573551902177489	0.60150282678491
0.195638554246044	0.145572493430986
-0.218801889362082	0.162939654945433
0.752537967198124	0.87937630936137
0.399525065364521	0.310476771593185
-0.218577312134283	0.162746246604175
-0.22411493250888	0.149496249636884
0.598731385668423	0.764635961726368
-0.223928254422334	0.14937310962485
0.398846314286367	0.277838106957553
-0.545718033642998	0.640882334948587
-0.792000132916884	0.632605847321654
-0.359421754793771	0.231175603419354
0.0835832629414918	0.0456497829037047
-0.434381702490576	0.367486918767701
-0.320552993853204	0.185056332829789
0.293666259010815	0.229123924412129
1.35549628761646	1.1958599358324
-1.45021027041808	1.3523329461065
-0.0757779728133876	0.0473347835396149
-0.0759833183039224	0.0474630270953738
-0.747512824116364	0.701224658323083
-0.328982175160775	0.284741699791404
-0.322012390756453	0.232561205048481
-0.119268220841723	0.0730967072731347
-0.173967739792105	0.118063616279414
-0.131990605104145	0.0910769702408111
-0.82908313258926	0.606361585227221
0.487983164185387	0.473561894480496
-0.933997346285483	0.91665456912924
-0.582472542661319	0.519742334158753
0.600891469274945	0.583940848262353
0.253319553503154	0.252540101799667
-0.143180557897292	0.109524014965309
1.28525783152676	1.49628894551262
0.710009613551325	0.546423309320201
0.533176985124342	0.638598570520002
0.730537517960852	0.88185848592879
0.299780530349784	0.245308578943303
-0.216721998766756	0.209145249757141
-0.142935122380938	0.109318367930423
0.120873670107701	0.0901456212928004
0.481227810669517	0.485260963870301
0.0389526986081863	0.0276967085662513
-0.1190681724087	0.0729696779174989
-0.602498774821498	0.824760319000051
-0.378021901216007	0.32364461822853
-0.352637960178196	0.27845206958993
0.394612650352957	0.382284870148421
-0.733550125547597	0.73899413571749
0.0582524914158971	0.0368962756945433
-0.119103423183026	0.0730060951167675
-0.190416837225906	0.185094266346737
0.39597121193004	0.368918041910322
0.391761138618687	0.408072098176744
-0.0654284400212417	0.0465170881398583
0.0828011359711762	0.0556070699089006
0.180777085453662	0.127582890948154
0.740318666933788	0.718565134681583
0.481464219867173	0.485598962448396
0.398714361947112	0.277654811019343
0.522640976531566	0.425575671036713
-0.665943138750426	0.586138958944153
0.503608223025424	0.450183364649975
-0.266171790532664	0.195332783384768
0.805549291204226	0.878107136766376
0.218157862950839	0.178584927880457
0.837773997079691	0.879720392125983
0.573547707089865	0.601434972055001
-0.0059780527050773	0.00334487908149506
-0.216911321157685	0.193839428317422
0.46424189397739	0.519611488271236
-0.472038428594962	0.32992879543917
0.600815833693013	0.583808520882491
-0.06550942085866	0.0465766372043205
-0.413892624605016	0.321985596069047
0.12078848454642	0.0900812175859169
-0.00609022997363264	0.00340671392082021
-0.224075412035243	0.149490608903112
0.495547006421147	0.462159972240821
-2.01807530564098	2.14620777843677
0.0582076912231786	0.0368700656071609
-0.266035721327979	0.195213893496089
0.163415409841905	0.108998225380229
-0.0386916760599891	0.0278862342546485
0.116363971797762	0.0683270914761228
0.161136575913515	0.137491594958663
0.082526796361491	0.0554303130984818
0.61698959191738	0.575139227583063
0.299781344580892	0.2452997001986
0.671943070502506	0.731941540395998
0.398921864226317	0.325877176793967
0.195489254633529	0.145482245446461
-0.0154451286808722	0.011280236571208
-0.352904834959638	0.278682097307599
-0.0387756209504899	0.0279488162148936
0.777274012772064	0.877852904084136
0.61707473716542	0.575002795411521
-1.08528308684467	1.19169524631615
1.18742653858224	1.28855619176312
0.52267882295091	0.42560419311399
0.0390412245426598	0.0277581456840942
0.0583285185226905	0.0369480253245761
-0.352577785219723	0.278350959111803
0.395640548990036	0.368495140766523
0.546279557483176	0.400028065309832
-0.0496334179813041	0.0271330956337154
-1.01626552658048	0.731105199010459
-0.00594870335486252	0.00332924516804532
-0.512434250220844	0.462739966486879
0.230568482664177	0.133702810948979
0.578014364927905	0.376465316524239
-0.487370053892021	0.373726787195225
-0.399397918085392	0.368546187258367
0.399553293532461	0.29460024285172
-0.0760208923010862	0.0474945049766468
0.0581998975225489	0.0368642292795172
-0.352502829289619	0.278267265453349
-0.249881197923608	0.221107553531524
0.503540440338074	0.450111872879476
-0.792027504082718	0.632601357419854
1.2678220592613	1.32133034931394
1.0142974527572	1.2273282356365
0.265160751090431	0.175456670823364
0.710064754965551	0.546573518162947
0.29345942593072	0.228904040376851
-0.284744292500587	0.186643086689261
-0.466629389254053	0.457543802721112
-0.329142750494767	0.285013277340782
0.170068843650991	0.0842286987652546
-0.217516318635296	0.209991807461693
0.195486652293513	0.145399108641695
-0.723146456706129	0.779097667075292
0.871494818381245	1.19236076524729
-0.302658519489149	0.307129505898484
0.0586495486649367	0.0437831224219736
0.136108016307043	0.106434613864033
0.656577640528121	0.559103833714911
-0.375039521810443	0.374407990958292
0.600967028586896	0.584018992172419
0.312547643888166	0.29051532600186
-0.015030012633834	0.0109724594824444
-2.05926182700987	2.80942601759338
0.395890670351136	0.368833186861627
-0.852497339895798	0.788742770089492
-0.119103423183026	0.0730060951167675
0.740500130668528	0.718439372064007
-0.582543788460417	0.519865770861774
-0.255753456547691	0.207229692711149
-0.284565963186484	0.186474664677891
0.0164502452286749	0.0111040212907454
1.08246071833356	1.08895355918389
0.488081646218079	0.473902618869849
0.142349862152941	0.0893345297990725
-0.377948374707271	0.323635772125328
-0.359456548557912	0.231206621682295
-0.266175313793709	0.195333903227793
1.06339277881728	1.24302535257283
-0.451745988138745	0.412629375090505
1.12038035935224	1.26270917344071
0.218331037356711	0.178719190197921
-0.466967303165488	0.457867431534408
-0.216627432210046	0.177548210160013
-0.152398757950846	0.127715355196367
-0.653169705428963	0.710403607813024
-0.284638301267164	0.186600808077093
-0.981104709366781	0.89384904497477
-0.27849120738631	0.264490281380131
0.304740676552231	0.260792732986305
-0.747373434410999	0.700995238915263
0.00559162487723467	0.00417439651372375
0.0693468155613359	0.0611030614374901
-0.0399346675579546	0.0254125510266739
-0.579309560273829	0.477063146173297
0.586608564372163	0.592812757784519
-0.336912802193162	0.339176999668657
1.03602573662546	0.753804775358798
-0.50064381470716	0.418099309486099
-0.142846787168996	0.109227165773975
0.21799670461266	0.178428746460151
-0.0962246439272671	0.067418721846905
0.57790048136584	0.779831844580189
0.195190004879325	0.145223149310158
-0.852421113607313	0.788529121838228
-1.50089194992869	1.96586982487758
-0.830575005255872	1.0516232888813
-0.255672575521887	0.207152335695043
0.29380171608591	0.229224164524876
-0.665851345302675	0.586224483287008
-0.26589615388978	0.195054223970827
-0.266107285646058	0.19527791282569
-0.322217723159535	0.232800122100815
-0.0387874885339618	0.0279554597899352
-1.47843474494161	1.65293552527207
-0.512136258064457	0.46243896439735
-0.522099477269484	0.506993813511993
-0.968393890222071	1.07617711051687
0.573556082660457	0.60154654954975
0.805696448371161	0.878486092842531
-0.17440615302227	0.118329479751381
0.874877383379824	0.882666615013909
-0.178058813390685	0.134416313572443
0.481307960544446	0.485392450735255
0.503465613004158	0.450031420284652
-0.418079398540278	0.413806114135587
0.195188294718077	0.145212528035756
0.29993132738266	0.245330030097532
0.226962871938493	0.194019415500724
0.656785983310215	0.559447658001801
0.0824697093179286	0.0553743320395207
0.891240116215814	1.04275769320591
0.598573351737047	0.365281015830231
0.533824534362896	0.41303268165465
0.388001659424062	0.445751419996506
0.512528921294568	0.43771950966121
-0.766023676062519	0.664947509998775
0.394447209486658	0.382036531156988
0.090812108587167	0.0741318425950844
0.0584129997784697	0.0436026803373948
-0.271505572363771	0.277445205346117
-0.0415779026841475	0.039369820515411
0.551072999304384	0.619075211295473
-0.733475444051728	0.739046834032937
-0.0758993995958106	0.0474180581622748
0.532844523740918	0.638097371338751
0.805848060229661	0.87846647268596
0.396791731315178	0.354542841427549
0.234623822142271	0.208951492675624
-0.101543331279022	0.0867873401269472
-0.114074242590741	0.105379285799865
-0.0599393049023846	0.0521306993645007
-0.399550054674781	0.368758317958375
0.0583285185226905	0.0369480253245761
-0.5120617658032	0.462238002775086
0.305000854523063	0.261071749181756
0.241813699555894	0.224007562554254
0.207733887167984	0.162386363368793
-0.0758993995958106	0.0474180581622748
-0.329705542364298	0.285644742200668
0.512687101600358	0.437924054486508
0.304830359154734	0.260919112314691
-0.665806806792134	0.586214883858626
0.276780030743332	0.194154924275435
-0.378170305715317	0.323900085164648
0.0291612238467836	0.0173379441849525
0.0826621856692719	0.0555228698462527
-0.0399311719815804	0.0254090120101026
0.180752869543264	0.127560392022508
-0.466644499482992	0.457592754074949
-0.329375873972032	0.285311807294049
0.293669806554192	0.229112381103208
-0.653121072009097	0.710002946838628
-0.487396029867369	0.373745946315643
-0.50071179719277	0.418174771953316
0.142367060213387	0.0893421159888673
-0.266171790532664	0.195332783384768
-0.160526653732475	0.146008974478191
0.512566193353126	0.437855645725552
0.121018823253183	0.0902652298673594
-0.576643137403657	0.435244853009994
0.0589091365808931	0.0439729753123618
-0.00945494978717442	0.00612132540462965
0.309068097399606	0.275938248966954
0.397089067602494	0.355010066154024
0.0390250791632646	0.0277474487060311
0.120464268581529	0.0897807664212668
0.142419603815384	0.0893858006289232
-0.174035940056513	0.118118850550941
-0.0855679105486066	0.0670616754773703
-0.964699756645885	1.26813073726525
-0.174180174576762	0.11817852494873
-0.714743520351442	0.819638233970034
-0.216884543246007	0.209360942626908
0.0558254748690385	0.0473347099613842
0.207955776632652	0.162527275726101
-0.0615466519789653	0.0487492898634403
-0.104359195281209	0.0558242971418694
-0.0389437361325096	0.0280689322893469
0.393129263658769	0.395324956723731
0.0583285185226905	0.0369480253245761
-1.22027234493456	1.64288655171502
0.103269257081504	0.0732188242751963
-0.653256006027846	0.710533055908705
-0.21645611928985	0.177362485392193
0.258580356174899	0.266771558739348
0.395814218684412	0.368710716794303
0.0407285897694199	0.0331621218274828
-0.300658791354709	0.240556737026022
0.89109003648429	1.04262561412601
-0.00960567108055117	0.00621970650637483
0.299705974049361	0.245228597192097
0.399657447637657	0.294721441330255
0.0240948253816979	0.0188075248337235
0.299557716363643	0.245031255429971
0.0585552342889372	0.0437070726783781
-0.12568727751259	0.106352418827198
-0.479765024285155	0.502885852201324
0.299780944004135	0.245309243966905
0.671793783720583	0.731558446663876
-0.0654284400212417	0.0465170881398583
0.623788349140148	0.750496406574657
0.390278925567838	0.42058058069807
-0.15283149655627	0.128109579843662
-0.898421550878991	0.946695349432555
-0.00605468831058989	0.00338734248617692
0.623688327529528	0.750432389406414
0.0238426546391847	0.018608190548158
-1.01145900218063	1.05195555609153
-0.0385394640113002	0.0277745674407058
0.398037008615632	0.340597937248287
0.777423541165906	0.878255011893868
-0.575228160299009	0.395416533246711
-1.14888593460408	1.17733244428736
0.399119346977553	0.326030597759359
-0.216855724742876	0.177781370344769
-0.579074953901481	0.476707645547534
0.397036327893221	0.260307683516976
-0.47209131567218	0.329997648951972
-1.40911140509099	1.06865061179304
-0.434527405641959	0.367590143994768
2.11216769929855	2.9787429034445
0.163544637841626	0.109096869962899
-0.871232787212179	0.979495117697872
-0.337003192008159	0.339272063018232
0.691707239129016	0.726267001929014
0.676434303196941	0.893052976084831
0.227136089417379	0.194202786841527
-0.649022594167226	0.839950552023645
-0.255765960046718	0.207216161109384
-0.356992198355578	0.382770933803847
-0.377948647787097	0.323606631337154
-0.216703531003756	0.17763865363675
-1.43671690492064	1.80015060983654
-0.136341653933025	0.125028367469913
0.204641084888937	0.209928592963644
-0.512062711532873	0.462456619738567
-0.472037251876793	0.329944781713068
-0.934760698914282	1.10568174328349
0.820744375475485	1.18535196691433
-0.353957108410539	0.329990156060243
-1.03554532710525	1.21173325414512
0.503608223025424	0.450183364649975
-0.723383540509195	0.779185045578681
-0.14285074372328	0.109237899377671
-0.579256721874806	0.477004081347243
-0.112095736535713	0.0867582208064692
0.586608564372163	0.592812757784519
0.21817817882933	0.178552451584325
0.82889499959904	1.03504806527787
0.299856210263185	0.245349764670696
-0.0757857296260691	0.0473392563197507
-0.218877313093737	0.162983336095919
-1.14280110474817	1.02380090925996
-0.389615298566888	0.27701051282046
0.0835934786613138	0.0456623834734113
-0.0749878660319297	0.0702063098074817
0.149337302038381	0.122116285329399
-0.803888580222324	0.857053950351773
-0.0383072674146872	0.0275934731258306
-0.753550422151973	1.01417701794807
-0.0936012504347213	0.0870473747514999
0.241688091933923	0.223944139021296
-0.284611534579334	0.186578592719199
0.488312059978575	0.473998247979397
0.312562878209693	0.290535007496003
-1.23394351664587	1.17450767840005
-0.487179705955721	0.373436537881172
0.249905154322182	0.155025625410401
0.286224783002287	0.212014372296005
-0.37817050148167	0.323876952313607
0.661606387810509	0.898079584816824
-0.359459710819283	0.231234615283526
-0.0400027603334257	0.0254568951329072
1.49183045337546	1.43013942626621
-0.266046423684386	0.195183112015641
-0.237587939229765	0.139889618844876
0.388623453802359	0.222807132021994
0.388439026483589	0.222625331869707
-0.278224790013316	0.264278137619072
0.971780635197208	1.21514446476715
-0.0405216229556862	0.0324560729277454
0.299781732078146	0.245279267222521
-0.434412042201503	0.459046586224243
-0.216551332150609	0.177444340010888
0.293726836411217	0.229172299939679
0.149494226786151	0.122265107836733
0.0582681125412956	0.0369097059862481
0.393330019981414	0.395411601283702
-0.119181302456655	0.0730529519471356
-0.152235979943312	0.127540860644625
0.142289186636914	0.0892851483999131
0.398336501042041	0.340869949997642
-1.04534487457245	0.878387374207826
-0.740271693618544	0.452632126761163
0.149415762562419	0.12219454626757
0.805396109347975	0.877892431270379
-0.249680852449085	0.220913797785195
0.0827152666497654	0.0555409457305147
0.195264436882945	0.145297713754276
0.917915440325148	0.888810335254225
-1.01151571647898	1.05201433377922
0.623610569235733	0.750284420507276
0.0823806440023813	0.0553157351463488
-0.284748247254932	0.18664289397623
-0.41420222850763	0.322378722462569
-0.665646812661964	0.585462706876455
-2.18010206836537	1.91941103141641
-0.171942958073269	0.103296434915017
-0.0398665942238355	0.025367368726296
0.907325530777382	1.34951905875369
-0.399553851277064	0.368783733173973
0.0408483151843081	0.0332586716900251
-0.762909829435256	0.973313352729025
-0.375053657250672	0.37441126258781
-0.015100930432801	0.0110270365595912
0.180780365252357	0.166833979554246
0.312656506154203	0.29062097448893
-0.655973900222235	0.668378975943338
0.69267871287381	0.888648011039233
0.511259174537927	0.667565710027962
-0.0851479848916104	0.0666905276948461
0.394431667759797	0.382072189061349
1.10706148824685	0.935941427611023
0.635646029977667	0.567065747284331
0.258368836053559	0.266540030061453
0.805622587974529	0.878459031637752
-0.830497304187637	1.05137721718906
0.881112352074396	1.34500957589694
0.0389445564596515	0.027689302970282
0.656699003100753	0.55938185801997
0.623695765516556	0.750423925907716
-0.766040988204353	0.664922146741575
-0.466997870498271	0.457968830609162
-0.322316055029831	0.232787291843604
-0.702952560581251	0.9035727320546
-0.418413566207154	0.414260373556552
-0.650095842289312	0.796729256149507
-0.160153863761497	0.145623978266254
0.0391136393587126	0.0278121239140578
0.104578907089389	0.0889761002403433
-0.101613190107325	0.086861587313384
0.912263284404961	1.50242458907767
-0.329613022729204	0.285519608631654
0.399007098744134	0.325776328743502
-0.0758993995958106	0.0474180581622748
-1.74465515290125	1.59024566701728
-0.580139552543401	0.322178443064124
-0.4534876275693	0.286851758282326
-0.976516074000812	0.584317029347254
0.075695937011662	0.0591695361176839
0.398112051589412	0.34069566263114
0.0587412742586255	0.023322231337089
0.0585338018629582	0.0232353698760014
-0.575331997851687	0.357565550468974
1.24266958632114	1.14724141082673
-0.981009551900245	0.894246027856386
1.15418237740186	1.11171436938527
-0.575196062635016	0.357437611700666
0.149172783115561	0.121941591852299
0.398187626924666	0.340794321861707
-0.964167232648671	1.2670503791057
-0.16031272132234	0.145803362830947
-0.287227574359902	0.251521641966835
-0.329379829492255	0.285331662507431
0.0166720951062058	0.0112529414553449
-1.15545219488904	1.33520188846102
0.681163611699807	0.551973666203679
-0.434090185545963	0.45851719810026
0.136344309536134	0.106625369995602
0.617057790699511	0.575258563980291
0.300003688742209	0.245479519236654
-0.0398665942238355	0.025367368726296
0.0582759097770294	0.0369139293809071
-0.0399311719815804	0.0254090120101026
0.561514795529904	0.609649738688472
0.234858068093076	0.209264048155335
0.142567198893521	0.0894620985148062
0.399624282868213	0.310661207363019
1.06346437581896	1.24301367435054
0.299556792511659	0.245040014720692
-0.28714875544557	0.2514712373995
0.0585860892015035	0.0437381964790696
0.00540685524213857	0.00403651610986143
-0.265960607597512	0.195109702962715
-0.359432192549867	0.231147601428986
0.399661994211238	0.310681439605538
0.0910514567639816	0.0743402593067163
-0.76591988358989	0.6647425946362
0.205152501413158	0.110394674120877
0.399587681769864	0.294665274894848
-0.522031017119726	0.506786080592708
-1.54127557055946	1.52073221975665
-0.740564231799896	0.452784120644182
-0.174337938997437	0.118307517434566
0.309335858164547	0.276119761134877
0.802461893916947	1.03265197377252
0.393043680283635	0.395209673242737
0.0821688771877415	0.0751362605634078
-0.216771306503819	0.238935508875059
0.189438830589985	0.181394268337014
0.11491630336638	0.11645190983254
0.777571194647716	0.878575106108433
0.312671600703582	0.290574458409767
-0.40984051509251	0.463384068522145
-0.216703531003756	0.17763865363675
-0.434751063701845	0.367854632427248
0.804482833660612	0.715576677362051
-1.13565630646569	0.741805655621152
-0.224092691415775	0.149506174294528
-0.589404228252966	0.606500198714435
-0.11259177424944	0.0871979647040767
-0.112441797988875	0.0870681144510141
-0.114003722097986	0.1052673146135
0.0390974568777748	0.0277933460913191
-0.389658739115324	0.277021996645502
-0.256081476087525	0.207481287850141
-0.287077582378305	0.251405543899716
-0.375370181898662	0.37488649546255
-0.511988404183471	0.462351866513865
-0.27849120738631	0.264490281380131
0.304753564513173	0.260822999661864
0.227033949061991	0.194090460087252
-0.33705917808058	0.339404208267548
-1.47633581367056	2.92268614966062
-0.249524730008608	0.22073685260685
0.53293551528011	0.638277665323135
0.389500663318067	0.433676887236818
0.315204672151894	0.304308777630651
0.395979345562099	0.368854917353638
1.08237338600491	1.08874424915241
0.92132134334832	0.552408279546252
-0.98102681389	0.894240454183366
0.668410467979929	0.343916625774154
-1.01624223588995	0.730767166592707
-0.0096051684801569	0.00621910491051498
1.18743567187922	1.28863215713948
0.598675391106249	0.365365106671917
-0.740280398947646	0.452574775308571
-0.0876302197595823	0.0399015975036765
-1.13724350386681	0.878534666622549
-0.171889531829943	0.103267851984991
-0.237487456853328	0.139823741683448
-0.0872097202919863	0.0396986290401776
0.312469171440553	0.290428621462091
-0.585911874775	0.562697668703028
-0.399470209739951	0.368642442453248
0.891238314943816	1.04273678625187
-0.216551697292971	0.193464242908715
0.0588072650674472	0.0438894651533672
0.666439595759239	1.0560988204215
-1.17201168109235	1.82271129695337
-0.24606266923177	0.235698336789528
0.120775743654691	0.090070208208388
0.648092368970206	0.903469605675262
-0.46663693587998	0.457580391148733
0.0906909786276782	0.0740023827004879
0.778775411423548	1.03148124135201
-0.314051494858054	0.295698567733599
1.30600523665501	1.84071191320556
0.586535049597392	0.592762323016602
-0.652925863156439	0.709917903842585
-0.659632948171472	0.626239413701766
-0.00938055365989403	0.00607340206456489
0.503536917274688	0.450127990067861
-0.0961505539076528	0.0673616782981515
0.891313371312158	1.04281450120902
0.24177271043529	0.224040214275568
-0.329375873972032	0.285311807294049
-0.178132959700321	0.134488410736073
-0.934503130554066	0.917589376192824
-0.733549469066231	0.73920743376172
0.917828446365388	0.888830059566311
0.654098162866937	0.737425000114166
1.26782258215555	1.32126561624082
1.88357604575587	1.64352972569819
-0.585543166225861	0.562411500638314
0.103344403453608	0.0732717805921123
0.691856966995634	0.726620470561544
0.103121039481323	0.0731079772893705
-1.68874327415844	2.16980210892796
0.163491571137908	0.109057293172897
-0.0399346675579546	0.0254125510266739
-0.650102646326651	0.796723596169255
0.309388564235974	0.276217568426124
0.293462938737103	0.228902406358961
0.54620015589901	0.399948254223703
1.83595462026276	2.17328107851707
-0.224109972065434	0.149513098109598
-0.740363553407265	0.452677488340356
0.845371254868562	0.71651170385825
-0.84851299616172	1.01342291574717
-0.466456763560352	0.457268201772412
0.0757814109340394	0.059239289262095
0.0820294676766186	0.074994939021877
0.160803216350639	0.137148950879706
-0.4910790262137	0.547691224253107
0.116726096030989	0.103279869756626
-0.43550535063103	0.549022002719904
0.635569890216232	0.567042714789555
-1.01152307347247	1.05217726420814
0.676117642901934	0.892593620249579
0.459343205045325	0.530780769307881
-0.28706993312674	0.25140200576189
0.116390147511187	0.0683382847723855
0.745274263767946	0.543557664143171
0.805697029914553	0.878528017360246
-0.43445265858889	0.367579955998779
-0.418420925226394	0.414261626424731
0.600739473304655	0.583555802176949
-0.589164482372868	0.606305709784389
-0.00597545784260671	0.00334394234187639
-0.714743520351442	0.819638233970034
-1.06731600385427	1.03301041277854
-0.142939128504413	0.109320070400309
0.398038185349589	0.340614325957937
0.0586572492389441	0.0437916203626469
0.637973014496209	0.7433736411485
-0.576588213564014	0.435335420001276
-0.648786063562627	0.839405186410387
0.610606379522612	0.757219155584124
-0.313781927010665	0.295374620728332
0.247905428822547	0.238473000016218
-0.65598203681035	0.668362137250449
-1.14899709054142	2.33491546428526
-0.374332748388165	0.425518340378201
0.710601672809226	0.884910111134336
0.495472479396742	0.462085935179579
0.207436776969836	0.162084168319548
-0.88946547353368	0.760587091874175
1.48072827777197	1.59406298863138
1.35568414644111	1.19633355032364
-0.00154684176698365	0.000527981901671777
0.771092418292579	0.351048136725648
-0.414097189345744	0.32232938802377
0.907530411165919	1.35049246214265
-0.268525347797909	0.137326910041535
1.05946338007628	0.577310701954974
-0.320473330609048	0.185007486119419
-0.237542907484709	0.139878710803409
-0.981174197793759	0.894252126069508
-0.0122154413396054	0.00572317029003499
-2.1887208303269	1.2693702277358
0.714565531753621	0.722051331648611
-0.378391844383497	0.324070827439359
0.752482459882659	0.87914899804314
0.149688837445938	0.12241918988194
0.512460678218108	0.437671861512115
-0.852565732376803	0.788748880433665
-0.733623704861064	0.739326281928898
0.0835896232229875	0.0456627648321035
-0.224032117734982	0.149465241808125
-0.889544685235352	0.760690843745992
-0.802610227778719	1.1289547786114
-0.352848068922911	0.278636760035849
-0.0207981871078701	0.0168267898829949
0.0759669627296597	0.0593764947013761
-0.313796413174319	0.295405636480137
-0.51213732990065	0.4625227664261
-0.142770381196361	0.109160019199031
-0.0654284400212417	0.0465170881398583
0.312970379400664	0.290837843255464
0.195338869056042	0.145361042694657
0.322200671794916	0.34543479238458
0.00546987908075044	0.00408240630465841
-0.329387784618444	0.285329507442704
0.00549927516529576	0.00410559741065387
0.293598503474093	0.229059371179735
0.398993471573175	0.325952257848132
-1.67086248478407	2.80545415510643
0.082594500055847	0.0554775625503415
-0.218651702323561	0.162818393365648
0.205322120318226	0.110472881952952
-0.21681953924316	0.193757443123898
-0.825083187051371	0.821713610542151
0.227214944154112	0.194276792262877
0.0911575958561553	0.0744270001435727
0.503462082539384	0.450007418350403
-0.10439877968516	0.0558435022103617
-0.0962249782175186	0.0674194866323185
-0.182908870631634	0.151659129392724
-0.787214990715474	0.894257647527763
-0.747788093800402	0.701313641402327
0.804587260220889	0.715597886499733
-0.178428317598362	0.134665187539699
0.481211606337556	0.485157560841738
-0.0398630824436254	0.025363822232325
0.207584785957806	0.162216273954345
-0.00975613073267664	0.00631641013620022
0.399487324315707	0.310525268774328
-0.00945494978717442	0.00612132540462965
-0.0761194696692142	0.0475365434872327
-0.825015674990384	0.821645448444004
-0.487326787931181	0.37368176141879
0.286090260973263	0.212016651008543
-0.981087447025423	0.894203209285648
0.654262593038727	0.737733669149468
-0.217130929343987	0.209630036833956
0.802634395556193	1.03310265224924
0.161136575913515	0.137491594958663
-0.500740974151848	0.591951752322446
0.325891423984745	0.372079596467012
-0.653578666100221	0.710402396289148
0.322329705269782	0.345615784107863
0.820755021335155	1.185632966161
-0.143261082975313	0.109585813161113
-0.878832204975582	1.40442074023917
0.77742386944074	0.87816508307435
-0.217047185513801	0.209549392732378
-0.182651017313919	0.151428626298699
-1.40139980377983	1.48912000484502
0.522388680837069	0.425108656582015
0.327939970433959	0.385959491024435
0.318191864250162	0.318677470459561
0.495321439754317	0.461791437184742
0.488166993147391	0.474007908922511
0.397384856238353	0.355231708591034
0.181035680572794	0.127792598423334
-0.0497027694005059	0.0271653760505456
0.398820137099835	0.277814185387544
0.522640976531566	0.425575671036713
-0.0759524292625344	0.047450400201703
0.315523140233099	0.304739519049607
0.858272206038139	1.03832914412522
0.286203426389468	0.212127015627612
0.218081408355021	0.178517462971364
-0.409627986621662	0.463063746823835
-0.359435544098484	0.231227533097986
0.286066978594424	0.211994931791177
-0.243033863650654	0.249976265476772
-0.538995510067772	0.596582497233617
-0.50082913404107	0.592165995453723
-0.479694538898529	0.502737459062565
0.331487996823203	0.413038042255523
0.149344886266285	0.122115077804289
0.320177010618895	0.331989364365
-0.277881775604394	0.263864622231327
-0.603834692877902	0.866777952671002
-1.66327025943635	3.46018030005836
1.03556961587001	1.54504664055623
-0.286810642672353	0.251107195814439
0.00557702818141265	0.00416339390173101
1.56259410311301	1.99666840632369
-0.687533718902542	0.510410406258138
0.894974427264456	0.723012047209108
-0.674370456569924	0.547283897739614
-0.245668444921734	0.235202719119541
0.488154155665488	0.473930304211683
0.398853673909772	0.325783687507102
-0.57525235701754	0.395450864272708
-0.522027043117798	0.506851162433887
0.0824590746522484	0.0553811943771136
0.522722144866849	0.425614628310284
-2.82029846531091	2.21214580053738
-1.04549157856181	0.878496340529135
0.0406587139248355	0.0331103666331847
0.858280706830655	1.03813939713407
-0.765971747252319	0.664645383483093
-0.0852041041211496	0.0667434869674945
1.29709810083749	1.66923195762977
-0.143091979144323	0.109451237444929
0.395555653953178	0.368332174511818
-0.352574079691055	0.27836629958309
0.136203833807151	0.10650366457134
-0.434752492787878	0.367801832267594
-0.500922906535081	0.418305662934659
0.804334736738835	0.715120181597602
-0.733623295801459	0.739191026662093
-0.132122312703927	0.0911751734034916
-0.674344298087838	0.547190221611745
0.207659810858133	0.162324328356677
-0.132125912431391	0.0911792007208255
0.285946049893652	0.211850428785568
0.39476263253704	0.382437869437487
-0.592574095671252	0.65040823613057
0.161399385320123	0.137732786832095
-1.34786747166884	1.79208750360675
0.0387916604078421	0.0275781208717942
0.617190673664239	0.575374980945102
0.503601134714946	0.450195698605282
-0.352574079691055	0.27836629958309
-0.0759755822535758	0.0474636470660511
0.398186499645551	0.340748706219064
0.39926252609113	0.326110154561497
0.285946049893652	0.211850428785568
0.393136739250275	0.395322574004559
0.309160181309217	0.276070000728968
0.104253782374622	0.0886582319110108
-1.23412940519903	1.17419006233775
-0.0758762627022359	0.0473904651874457
0.681111642733935	0.552107188973364
0.315437939839225	0.304638756438408
-1.23389050567657	1.17407087584202
-0.0758464216880609	0.0473817829266332
0.560631884952499	0.388100936597873
1.91776215275323	2.04139077985502
-0.17409630923237	0.118165062166976
0.398986587271914	0.325944794418626
-0.249702876069606	0.220938902844867
0.561940453975433	0.610598353289391
0.598865883440868	0.764755995238002
-0.237553290358037	0.139887377403942
0.533712384989079	0.413029755323642
0.533750283190429	0.413042745634562
-1.1550476721342	1.33435465461169
0.522661561421659	0.425563140322423
-0.119137848815211	0.0730267568590352
-0.352784141108928	0.27854599300783
-0.352563031616813	0.278316219075735
0.293651954834867	0.229068056629193
0.51255065418599	0.437795305807584
-0.0962243227370516	0.0674150815209027
0.0826476611998976	0.0554977946295477
-1.14277307964891	1.02423253456261
0.394754888666476	0.382405762732996
0.917750581432528	0.888781343667634
-0.665995557279361	0.586256556133966
-0.216798019480599	0.193699502263661
0.459753099839053	0.531142691379461
0.136188112631862	0.106504598880516
-0.0793768180728104	0.0684167247360282
-0.125896913734812	0.106595407378843
-0.0384594770099639	0.0277139408037112
-0.588921192414176	0.605915735187671
-0.389502229031768	0.276897438560363
0.180640659258947	0.127459336160526
-0.284664528881426	0.186618002727203
0.317785374019764	0.318174163138499
0.315474964295204	0.304636433252071
-0.786983146202957	0.893965826027963
0.397311045759794	0.355209434151376
-0.64793734395116	0.882474642100549
0.672101014998627	0.732114428974096
0.104387654285164	0.102278257011454
0.757888996382312	1.03292262574254
0.0555980027391331	0.0471408151086027
-0.500429164775011	0.417553395567524
0.3922062956203	0.408543129485692
-0.182853116050169	0.151604894908922
0.56910299846923	0.788622149230206
0.0390250791632646	0.0277474487060311
0.874603469018211	0.882764388106693
0.207733351945955	0.162366275887093
0.0294059418214695	0.017484702587175
-0.898157511437612	0.945655137173922
0.586460906696951	0.592655054615325
-0.049665047876336	0.0271547943089435
0.082316492245042	0.0552701574875124
-1.55218808312674	1.82280557902681
0.249918996642399	0.155043388295526
0.745193123191696	1.18787783202957
-0.329544622248493	0.285508173426447
0.277052656870177	0.19437788836498
0.874550273700475	0.882670421189082
0.740272129568841	0.718387860759226
-1.78523078215458	2.8476860145906
0.441711322453603	0.588920410119939
0.398187070046679	0.340778916917413
0.399544194221795	0.294602121112722
-0.511765441350213	0.461927768080142
-0.852368400333396	0.788514860511937
-0.588602212249314	0.605142845463014
-0.178355263916831	0.134660207762166
-0.237528955596091	0.139874316638003
0.142358931930559	0.0893394124720293
-0.487387350659907	0.373709022535033
0.149400553421018	0.122175601421026
0.308843697567185	0.275665328024408
0.3917130160571	0.408124543401394
0.804412629089121	0.71539232069371
0.312453863223067	0.290388359929579
-0.0856534219081661	0.067131302896678
0.300004060412112	0.245490144414065
-0.278238931740428	0.264252956148643
-0.125644761615611	0.106369005870471
-0.418072119342927	0.413804965564367
0.488085931096089	0.473909630758274
-0.511914352608119	0.46220772086408
-0.352570385580839	0.278365413609118
0.120946248070199	0.0902137584655148
-0.579241136877173	0.476967790776985
-0.585690881968044	0.562681154488297
1.15803916301347	1.91726344735798
0.654266605355835	0.73774396705375
0.871323412135453	1.19197816779474
-0.217121402068755	0.209633945911766
0.161343581626142	0.137673485956055
-1.47899373919719	1.65383565732469
-0.491412821769646	0.548065451752222
-0.101453365923367	0.0867142543057574
0.00555501379196479	0.00414582765823311
-0.114003625047594	0.105248551798423
-0.589324290085614	0.606454261428597
-0.216587446840616	0.193484640589572
-0.399633738786831	0.368888135478087
0.0906983117096431	0.074017559664787
0.0402538203155839	0.0327642780086685
0.136264239597307	0.106561944144689
0.84494447068179	1.18826408759967
0.447604810982204	0.565107653612895
0.103120651794341	0.0731089667472378
-0.323870483628715	0.349522878600397
-0.660196774774458	0.627059731186549
-0.278561047767215	0.264580564683332
-0.142935122380938	0.109318367930423
0.48130394967176	0.485394290956038
-0.898417675863401	0.94662877009231
-0.786740307272783	0.893299228706787
-0.0032834747886607	0.00268083924999514
-1.08508091500092	1.19142092777819
-0.224006110467136	0.149449749327003
-0.143180557897292	0.109524014965309
0.207660330532893	0.162318848218993
0.286022027547154	0.211951688312663
-0.286825827830722	0.251102993496597
-0.286968275552134	0.251270002336695
-0.585764507024434	0.562809682063422
-0.651420917397384	0.753474891073021
0.293798126252317	0.229225736683663
0.971929342754694	1.21537553354715
0.312390702747037	0.290322011408601
0.0824483374673763	0.0553666781677552
-0.255842725968664	0.20730158142358
0.318030707148254	0.318515265039761
-0.0656714599318098	0.0466918453179808
-0.674483455684915	0.547338545301058
0.858105730277384	1.03816437795315
-0.173952073477579	0.118035925509926
0.533659327619197	0.412955385769674
0.276957543704097	0.194350081764933
0.546121760342076	0.399865604810286
-1.15524060883325	1.33521670792889
1.02507724702499	1.69358360515275
-0.15259824412911	0.127871320061488
0.149744750705214	0.122464999060374
1.14116665872019	1.74974960196759
-0.466652080058139	0.457581548173261
0.51259716507875	0.437720919636174
-0.171889531829943	0.103267851984991
0.770731512231836	0.350809203466032
0.844234892233116	0.546210584782712
-0.829124767395153	0.606503723818148
-0.00599518849190925	0.00335462823906744
0.135959739944937	0.106290633841121
-0.434526650721644	0.367666824780873
0.901253090406195	1.19808340573073
-0.218950703064964	0.163038578305657
0.551025300962067	0.61911755320061
0.181103722286751	0.127823741622739
0.656785983310215	0.559447658001801
-0.418079398540278	0.413806114135587
-0.414330823349126	0.322461033848244
0.396991343747782	0.260302212223515
0.512460678218108	0.437671861512115
0.0165980829169264	0.0112034565854535
0.97178100193461	1.21515226433767
0.0165985044239524	0.0112042010556072
1.6159185694725	1.67186179681578
-0.131930305182469	0.0910164734835545
-0.352570385580839	0.278365413609118
0.804499952837585	0.715599841120465
-0.889491680689948	0.760678091636314
0.573322471723524	0.601079076438884
-0.266114399901843	0.195245938095702
0.573322471723524	0.601079076438884
-0.703182085373209	0.903921217802237
0.17169865934869	0.152521613299339
0.0756661786505242	0.0591397163611491
-0.246137553833402	0.235759186662847
-0.142931130952267	0.109312247867822
0.398187626924666	0.340794321861707
-0.870675747512867	0.97918757449748
0.226852761047641	0.193872353144671
0.761406069341539	1.1854714766091
-0.216855724742876	0.177781370344769
-0.113079187505498	0.119769125614032
0.00549194997702731	0.00410000669530735
-0.693935852209827	0.987325069165452
-0.101688078508201	0.086928946212777
-1.40140825049499	1.48939202596082
1.04755339174648	1.85863924020232
-0.791749435469089	1.16853629502561
-0.249610114349236	0.220841371531924
1.21165048434036	1.46207319283759
-0.0386194740129492	0.0278344372951551
0.399061639521306	0.326016254667037
1.12028163784138	1.26265258001622
0.16996730234134	0.0841624907926557
1.06313335638284	1.2422562565136
0.917794079167711	0.888873202984741
-0.218432998398624	0.162593384168742
0.891090516744941	1.04260930031086
-0.352712890615534	0.278513741583001
-0.284663964396472	0.186599893629163
0.635364450912884	0.566508315278611
-0.329464198734583	0.28542709151496
-0.414029001688659	0.322249142891371
-0.255595831314127	0.207073709508308
-0.393591321732162	0.418899684138426
-0.747709424056962	0.701342833490243
-0.329291619242427	0.285178137243154
0.503601134714946	0.450195698605282
0.503330019879965	0.449780558428084
0.600741379089037	0.583676594215135
-0.359459710819283	0.231234615283526
-0.0760285969485862	0.0474989435903123
-0.466817305387752	0.457813142084464
0.740303190006812	0.718647222463892
-0.354300820768347	0.330388735686128
-0.119111616177512	0.0730016435163451
-0.171996347694811	0.103306638314209
-0.934306513830057	0.917475214275676
1.73020434334603	1.91955698762359
0.318220305638413	0.318719713282747
-0.359386945138899	0.231126405674509
-0.5825511478631	0.519860296838655
0.18097462342358	0.127754415991621
-0.0206295632952109	0.0166870302835658
0.30900395934316	0.275884503446272
0.610437935603181	0.756931804097739
0.399578572231696	0.294605018168037
-0.656050603544304	0.668413706406827
0.160795735996765	0.137134447427721
0.907607398646582	1.35063245420023
0.104654611130556	0.10260639527928
-0.409780369688832	0.463342669497875
0.207734594997925	0.162367970658086
1.20379868417341	1.94440291137968
0.136119885935685	0.106440062612339
0.10319514807498	0.0731660225180905
0.84493719002034	1.18841033172651
-0.112403445342955	0.0870337324181371
0.18088545342681	0.127631772747342
0.305073431206115	0.261149252776286
-0.132193593198485	0.0912258759784421
0.874725083647285	0.882883637606057
-0.223893555673758	0.149326775940113
0.227230367077095	0.194286555380635
-0.693867237093883	0.987179497058903
-0.472118546288206	0.329920302906774
0.656638321964957	0.559275724725029
1.148897564674	1.43501032529915
-0.487283525322826	0.373621192992724
-0.93517309860542	1.10671496555422
0.654495019919867	0.737763100188293
0.120950438111098	0.0902139969545605
-0.937936794290026	1.30024358949819
-0.166609274219834	0.163092150932301
-0.11259177424944	0.0871979647040767
0.234679387823075	0.209054367819408
0.39723642011837	0.355129925996976
-0.585764633623112	0.562815714233629
-0.665911666945133	0.58625494989847
0.180766777910871	0.12760876502222
-0.174080674902106	0.118149647262321
0.120942042883871	0.0902100985739986
-0.651343193104222	0.753201904697436
1.5626628121192	1.99676488553833
-0.674405569279305	0.547115759983691
0.0163761851704626	0.0110535143507751
-0.522348702780209	0.50717023526936
0.180766777910871	0.12760876502222
1.48078106340472	1.59398605327326
-0.575248897149481	0.395405491266938
0.928704360206551	1.04944840607106
-0.674404943513355	0.547188435849253
0.0423592611971083	0.0213859834041211
0.218318924259331	0.178716565823976
0.398873579707818	0.277809233631792
-0.803962093036078	0.856968285378801
0.241912959523412	0.224161306017258
0.389535144167348	0.433795077985674
0.21824247824766	0.178661613876489
-0.0399346675579546	0.0254125510266739
0.195338323750561	0.145351515884447
-0.132133146072928	0.0911743528253731
0.399640248066152	0.294680736089589
0.928839954549081	1.04968362922291
0.398794540433267	0.277722547814095
0.00515147297708892	0.00384547931325234
-0.69814232638738	0.945601806995014
0.488162729103965	0.474000921373802
-0.16640023479775	0.162875140925356
-0.414036868118326	0.322262802250047
-0.595329938296691	0.69390101085491
-0.216981449451109	0.193896601228111
-0.0758619367819822	0.047383299361194
-0.453449761195745	0.286766668269298
-2.1887208303269	1.2693702277358
-0.174459521127491	0.0911992843731911
-1.15509884189788	1.33471822284628
0.681165039636409	0.55216283923334
1.58613433138301	1.83091198622133
-0.490835595406439	0.547297791011907
0.858412956381505	1.03797562395674
0.161377289117313	0.137675350172251
-1.33175808983846	1.94974910462784
0.399000308731722	0.325899862701286
-0.096077123978208	0.0672865980706068
-0.766058301616926	0.664822320382248
0.27694904839809	0.194285963417045
-0.0757857296260691	0.0473392563197507
-0.656054670106558	0.668471218593727
-0.665798918451399	0.586215709382854
0.286135202165581	0.212070478802817
0.399555803367186	0.310608112167447
-0.792053652357926	0.632677865462564
0.573560248534215	0.601566820403037
0.972058788503836	1.05829844638373
-0.359424999637583	0.231221859869823
0.0824590746522484	0.0553811943771136
-0.466715737139816	0.457660645953039
-0.378317665602485	0.323992860333406
0.039186051353628	0.0278612102390752
-0.511987730615515	0.462245431839821
0.1362681862105	0.106571363269497
-0.160238155217321	0.145708256259132
0.00532174408878947	0.00397292853995098
0.217490749002639	0.237877375987127
1.14904366868368	1.4354622316959
-0.509521866804135	0.636201596932094
0.0825836702507299	0.0554629656439189
0.262975912897214	0.280298823880243
0.391790389957852	0.408231660616364
0.0406486317908279	0.033096457630997
0.0404137918859486	0.0329023459550781
-0.094063277661592	0.0875129130513335
0.090775685622032	0.0740801731791404
-0.551632357204174	0.68500231693034
-0.353785382042497	0.329732372652207
-0.136130333599503	0.124802021264485
-0.195096234819317	0.228381417983749
0.692005672837996	0.726879132340871
-0.112418735598705	0.0870574257570471
0.0825872915924241	0.0554703277817118
-0.830320678596861	1.05102686295905
-0.803888704894343	0.856971785491171
1.58613388468092	1.8302713886231
-0.47209074660014	0.330014700185048
1.46213007520066	1.9333252232955
0.805772583332292	0.878549542922655
-0.660047284835155	0.626972208873402
0.837565941001676	0.879542472103993
-0.500650989447044	0.418095790710633
-0.656054670106558	0.668471218593727
0.299855841120166	0.245370221527389
0.399563464873255	0.310601214732448
0.617061203547723	0.575262497661858
-0.119181302456655	0.0730529519471356
0.0584649445627407	0.0370271065622185
-0.249773582389226	0.22102344035329
-0.509243682423063	0.635914544818479
0.399608924629133	0.310660090400432
0.586461225966243	0.592632848125857
0.39477806948004	0.382460053923085
-0.178355263916831	0.134660207762166
-0.314484375828296	0.296022126696974
0.577966659815156	0.376336191842625
-0.852626302584876	0.78876974901485
0.20515621128702	0.110408160639295
1.58618771484074	1.8311565080565
0.681138336607406	0.552153881932358
-0.300808528927494	0.240595496335745
-1.62227837079775	1.99606294063453
0.207808172721944	0.1624428890273
-0.00602792446630063	0.00337277124820236
-0.674457275115626	0.54736397419333
0.789124946179673	0.543928830463125
0.512573949611574	0.437854363630749
-0.0400132692474068	0.0254608239228507
-0.322270709570535	0.232825738534295
0.195189448330412	0.145225614007745
0.0583186679161874	0.0435275663885273
0.22695508743435	0.194010979227245
0.623440128745562	0.749913934254841
-0.44857492624173	0.503734039359948
0.299781732078146	0.245279267222521
-0.354043004211791	0.330103858548205
-0.300434996311631	0.240348966066105
0.121043792193905	0.0902525560179858
-0.271209950710832	0.277058304152355
-0.399557662128573	0.368790259571753
0.104565103323717	0.0889649600645744
0.331388476677742	0.412954427381322
0.0826657882513673	0.0555230366181404
0.692671441481908	0.888673552255207
0.0757517318590607	0.0592095261049404
-0.31402235917916	0.295580817794177
0.522817253477441	0.42558899886928
0.161306898942801	0.137646911401222
-1.07201168631978	1.53803922512709
0.399051246914407	0.325982132018603
0.180773661391219	0.127597606726517
-0.223936832235249	0.149376777057049
-0.723134682921968	0.778886393015213
0.0243958208272119	0.0190328180855074
-0.665882866715839	0.586108553050775
0.39954813266193	0.310600119394099
0.399475421725265	0.294391377965943
0.0389526986081863	0.0276967085662513
-0.177985037590766	0.134354025228634
0.573640863170546	0.601675339235697
-0.173983441662603	0.118066835070789
0.14950180250088	0.1222724900835
-0.490758978724633	0.547135327956497
0.0239337914329721	0.0186801173069063
-0.600382754322482	0.781271422332969
0.533685861688125	0.413015889097383
0.160995866013722	0.137351667000608
-0.75354092538873	1.01426074595038
0.399535076321272	0.294525450042611
-0.174104139717133	0.118163526524318
0.0164504848151241	0.0111042083011439
-0.511914352608119	0.46220772086408
-0.389441573574805	0.276848884457398
0.399631165644799	0.294713157142637
0.276848757227263	0.194245371711501
-0.223997558445964	0.149407145580078
-0.665806806792134	0.586214883858626
-0.13177678334313	0.0908739056990777
-0.218507747463986	0.162672684368295
-0.687509652607351	0.510321545292853
-0.674448346143695	0.547240062621038
0.0165245055522652	0.011154375021723
-0.512211702396776	0.462596321597473
-0.174209296809125	0.118240342644384
-0.152391487371846	0.127705938790371
-0.246307269545966	0.235949757775989
0.276896961355122	0.19429431225879
0.656664625939597	0.559309909537951
-0.434526650721644	0.367666824780873
-0.933780557876002	0.916423023205017
-0.284665059208404	0.18661519669181
-0.418692163767507	0.41442358957251
-0.119181302456655	0.0730529519471356
-0.0400778343124251	0.0255041745155081
0.714451307410169	0.722351303044875
0.120869474276004	0.0901490104585877
0.601041461356081	0.584088245272424
-0.284638301267164	0.186600808077093
0.804482833660612	0.715576677362051
-0.733624166286433	0.739241762686778
0.23511466106386	0.209511421271481
0.455107389306176	0.542270636319901
-0.143180557897292	0.109524014965309
0.512718172604649	0.4377894359942
0.0757666032733103	0.0592282784308387
0.11711858782733	0.103659766860226
0.533763759325351	0.413052800994542
0.820679788047034	1.18549490870245
0.234772497697308	0.209168547841216
1.26790115346446	1.32150952933271
-0.660196774774458	0.627059731186549
0.388681054646199	0.222839316744788
0.396852474027369	0.260108083775464
0.709960466353092	0.546453636093704
0.533695257233642	0.412975657935759
1.50452650525141	1.26725704656624
0.921238684730593	0.552324794055389
-0.575306066526481	0.357587683954408
-0.320473887394135	0.184996236748731
0.398918432317458	0.325866082539958
0.740326392072138	0.718469809772326
-0.762581153626786	0.972312452578461
0.730190626357459	0.881215014027062
-0.665791038976747	0.586171603265856
0.487932337694041	0.473609090362927
-0.302812434933346	0.307280098527897
0.623532816337551	0.750078873302798
0.623368560595867	0.352394665675771
-0.0965970219082766	0.0676767345784887
1.37657638717998	1.71159325405413
0.769959101613292	0.716218408300016
0.322270050879158	0.345581246405099
-0.0399381749285353	0.0254149938716455
-0.22396282497891	0.149412887641726
0.475249437316552	0.496997981259791
-1.03576648422817	1.21226239153016
0.39926252609113	0.326110154561497
-0.112528370676115	0.0871395787518753
-0.049605941996654	0.027120013911584
0.635440577897846	0.566804161096853
1.28514298849228	1.49592847078006
0.503187406118028	0.449357480154528
-0.131976151026778	0.0910338393008321
0.171670262494664	0.152480251265644
0.148086740499744	0.146023455445932
-0.595826303920195	0.694471366970127
0.678632271423463	1.05094593373566
0.390765534448782	0.421191916677971
-0.255923700709882	0.207366526189719
-0.418150167530366	0.413915577439865
0.0129118134930327	0.010902554453914
-0.132261291946671	0.0912695492981115
0.312719817341192	0.290688919410375
-0.870905767288902	0.979350486961812
-0.0761424505539858	0.0475640698540563
0.625024262911319	0.916868500902854
-0.216812350570824	0.193745951713395
-0.690093756864813	1.02869353022359
-0.144525442031865	0.142372677275079
-0.375560634129518	0.375108612777628
-0.487670275507865	0.675741988974145
0.161243859408075	0.137601120378348
-0.434405061016478	0.459014561774353
0.267506150082829	0.29442493542468
-0.171041843757988	0.178938839159669
-0.00593442123940317	0.00332083829221281
0.207733887167984	0.162386363368793
-0.1873640405396	0.168980505872251
0.0820302781920778	0.0750013116826015
0.315111984293962	0.30416806498494
0.0825909015274725	0.0554751195535152
-0.592418029717476	0.650258064675533
-0.300807345181823	0.240685989651024
-0.0399416940925435	0.025416341786063
0.00541419925738024	0.00404212194045957
0.315089452069433	0.304105869567557
-0.284637753148167	0.186595779542609
0.180834913749392	0.127663244408338
0.475148169158783	0.4969305130102
0.0239337914329721	0.0186801173069063
0.163476173952088	0.109045502213828
0.635577545485527	0.567038561366388
0.495173136225554	0.461577095495654
0.396124109984088	0.369043539412967
-0.708111208641935	0.861260993594336
-0.266096702663618	0.195242717498853
-0.143176491584672	0.109522263304488
0.0582759097770294	0.0369139293809071
-0.266114399901843	0.195245938095702
0.2767876126053	0.194176809122483
-0.0654284400212417	0.0465170881398583
-0.512212021444535	0.462544379176208
-0.434600621837965	0.367663533907511
-0.88946547353368	0.760587091874175
0.928636536434448	1.04923195758784
0.0579813153914902	0.0367047628372069
-0.152391487371846	0.127705938790371
0.600891469274945	0.583940848262353
-0.178058987667494	0.13442333695492
0.546215912621286	0.400033984487797
0.672109601014712	0.732192640831776
-0.472064591324512	0.329985339812347
-0.249859007129028	0.221109701962749
-0.968764785736207	1.07702050014538
0.304988199590716	0.261072498670508
-0.223902254728416	0.149354276836368
0.546177796784352	0.39983026278967
0.163233019283503	0.108829055971529
-0.933960992479632	0.917276164128232
-0.322096351977725	0.232700933060966
0.390327951692269	0.420611972526965
1.01750631836613	1.84436704633105
0.312641345928474	0.29062217769385
-0.708371422316452	0.861671318147323
-0.245673352721578	0.235208375042009
0.102972823581631	0.0729755155966893
0.399571117178865	0.310578974456349
0.777572393418183	0.87828753929677
-1.11208362401929	1.51367268497393
-0.0399381749285353	0.0254149938716455
0.752635380276122	0.879637871887798
-0.182931571415217	0.151682109882805
0.276896961355122	0.19429431225879
0.103194765647005	0.0731641539798022
-0.490856019936738	0.547255426732074
0.180904707980515	0.166913524948733
-0.112339899538876	0.0869904934105667
0.171712767861006	0.152512487364988
0.610606379522612	0.757219155584124
0.391867769375693	0.408311152566049
-0.152051735764772	0.127331518259752
-0.125812849177626	0.106522462882457
-1.22633568747765	1.32626169063387
1.06338933954133	1.24290679317868
-0.659703876521245	0.626401363705638
0.391853179440615	0.408231890616596
-0.52177827303838	0.506482150120105
0.090720218983341	0.0740484499141116
-0.302663347588164	0.307147429680714
0.00523661662946642	0.00390924865331788
-0.885196547222202	1.17382690330156
-0.125329737885151	0.106039773072124
0.661770328223256	0.898150475896534
0.293455901748275	0.228895752868812
-0.509244147631251	0.635888559979233
-0.934608071315718	1.10566906951605
-0.123382702328821	0.122140155927656
0.617180232210991	0.575093100077656
0.227309215872205	0.194361075548804
0.21817009647294	0.178587668251309
-0.592389015700749	0.649961365343263
-0.00960618720543541	0.00622007358211049
-0.389476754562305	0.276862657049257
-0.501312092227195	0.592687854298064
0.207660571382917	0.162305989135213
0.481392065510515	0.485483840443608
0.197357160424266	0.195728159337726
-0.0851968161434503	0.0667310108449775
-0.434381702490576	0.367486918767701
1.59565744506516	2.56354558941282
-0.112339899538876	0.0869904934105667
-0.219026688858017	0.163084659529874
0.805769703680753	0.878137174690339
-0.418413566207154	0.414260373556552
0.398112627603923	0.340711082862097
0.103269257081504	0.0732188242751963
-1.62114927483921	2.30869968665532
-0.0401355568396437	0.0255396248614189
0.090734747108217	0.0740573714987902
0.399065080139328	0.325997839907644
-0.119077183004402	0.0729893994545596
-0.132001565472331	0.0910622636612675
0.681164528369224	0.552169548046072
-0.352769527804783	0.278578190052791
0.617057790699511	0.575258563980291
0.242026475332304	0.224287565650927
-0.479587931378843	0.502600915031731
-0.377948374707271	0.323635772125328
-0.579112084583071	0.476717378564671
-0.132051030777523	0.0911172998248304
-0.575241891791028	0.395404439137203
-0.0962249782175186	0.0674194866323185
0.654266605355835	0.73774396705375
-0.575363276560376	0.395423496155422
-0.0153666611274268	0.0112222478037383
-0.576668615728061	0.435456996649804
1.03035772769532	0.912497242726863
-0.0875247626795585	0.0398554643821223
-0.223902254728416	0.149354276836368
-0.049665047876336	0.0271547943089435
-0.740363553407265	0.452677488340356
1.06005677723729	0.577964964153784
-1.13540557686061	0.741442945452827
-0.284585308684648	0.186549194271429
0.388681054646199	0.222839316744788
0.560631139693429	0.388101630778108
-0.829086369388326	0.606441524864473
-0.104397923721841	0.0558438585660396
-0.266032177461801	0.195202305625568
0.103269972097491	0.0732196605400386
0.276863919655315	0.194259116644964
-1.14280050233677	1.02411629193032
0.293466440167877	0.22889084047067
-0.0655904275271668	0.0466348970921764
0.616979331041656	0.574957704356074
-0.0383795131032903	0.0276525023836198
0.37913748565756	0.200722617226672
-0.284690749169628	0.186622122631434
-0.589244374760705	0.606389268778807
0.304749283619659	0.260823058661833
-0.687589644821375	0.510540860097034
0.399140123101845	0.325961140643862
0.0584649445627407	0.0370271065622185
-0.423519542008911	0.506472781458211
0.322339425070366	0.345675388824527
0.0162285716801323	0.0109515453384535
-0.359414427010868	0.231205255371581
-0.378392303181188	0.324076291948197
-0.753461660936259	1.01408598015644
-0.511913901182394	0.462225612850652
-0.579309560273829	0.477063146173297
0.393315227628625	0.395493743921566
-0.592574095671252	0.65040823613057
0.32049195510194	0.332343202071358
0.312600677041314	0.290377661349607
-0.249881197923608	0.221107553531524
-0.173786733903469	0.117881168236164
-0.182587561268047	0.151366418505791
-0.722901714795924	0.778755946394864
-1.08508091500092	1.19142092777819
-1.04544866744189	0.878580226525379
0.598573351737047	0.365281015830231
0.957068845018781	0.734512731865144
-0.575207305272533	0.395345755769592
0.777645022535263	0.878608890245318
-0.89862597471765	0.946607525471476
-0.935012614813659	1.10661378459147
-0.0061603602586166	0.0034449053143194
-0.996508705919668	1.23806250468781
-0.300657490337482	0.240547220271282
-0.314206957111328	0.295823253577105
-0.182658505693495	0.151442199828274
-0.0758386779410644	0.0473773184691693
-0.889492260175374	0.760591457259811
-0.131720209096294	0.0908311207686697
0.230528840720756	0.133684195378615
-0.37817050148167	0.323876952313607
-0.448351327195119	0.503665520704233
0.329860408892432	0.399674608015249
-0.136341653933025	0.125028367469913
-0.538742107476325	0.596257923383908
0.503394310224913	0.449893252878102
-0.521786055814549	0.50644268976132
-0.522019139172354	0.506890510131735
-0.466809698344327	0.457800714995494
0.082526796361491	0.0554303130984818
0.0581705452569059	0.0368367704538157
0.464263237053489	0.51954700293824
0.116259343543614	0.0682427302566693
0.488154155665488	0.473930304211683
-1.01179078347662	1.05234023937095
0.777571513290372	0.878561529653083
-0.322209986281287	0.232789308212538
0.14251468439121	0.0894342832782798
-0.223980112174655	0.149419818904
0.205152501413158	0.110394674120877
-0.174430007089212	0.091173747936002
0.142523739009639	0.0894454294671014
0.195263885949506	0.145294189129975
0.0128424891101176	0.0108444322368767
0.217589143252703	0.17791365307517
1.24274820443617	1.14738294395687
0.656647435294619	0.55922623434607
-1.085140715221	1.19136807203536
0.61699637365336	0.57512078725762
-0.255676707239909	0.207157441129039
0.600964138540385	0.583814416011903
-0.300434996311631	0.240348966066105
-0.0759755822535758	0.0474636470660511
0.671635824138573	0.73096890957072
0.249999051633764	0.155110314569276
0.299708369734217	0.245050457686631
-0.0385355799260275	0.0277714182993072
0.917811263453036	0.888874826663204
-0.237459530713773	0.13981283712089
0.398921864226317	0.325877176793967
0.103045713308894	0.0730476605725621
0.710367401410556	0.884497437991454
-0.352840793165623	0.278651366988051
-0.852671298862063	0.788776673838297
0.29386941749183	0.229257944437114
0.463799305281125	0.51880702008589
0.390177471336055	0.420423082121141
0.891165112583378	1.04274510130931
0.845496551874429	0.71627294188813
-0.25583436359317	0.207300828808375
-0.500515148057545	0.417897103188083
0.598490018563699	0.365208208471015
-0.453525181306195	0.286848918425536
-0.284663964396472	0.186599893629163
0.533668738015448	0.412985803670079
0.0390372102190509	0.0277570218943176
-0.487266225448737	0.373610322693689
0.285961530871322	0.211874638478177
-0.0096051684801569	0.00621910491051498
0.73054531950246	0.881894092985921
0.241426827539751	0.22361431141305
-0.216972962725461	0.209452819569475
0.10319514807498	0.0731660225180905
0.894934741024717	0.72300838649018
-0.512285462566252	0.462672100978397
-0.152376994058826	0.12767232876539
0.171950795368864	0.152736318139111
0.0910658720634457	0.0743537576782004
-0.648146504040702	0.882878635488907
0.241750918710371	0.224012948799097
-0.491489405379184	0.548056997870706
0.234895232714559	0.209210194598104
0.0582524914158971	0.0368962756945433
-0.266110836881102	0.195268169545704
-0.521927140565927	0.506602875075621
0.170179807255207	0.0842887264509299
0.195565051917256	0.145521039539657
-0.598270168650518	0.738353029424888
-0.585543166225861	0.562411500638314
-0.300509948811267	0.240412684775865
-0.24581825735066	0.2353867590915
-0.266311428303197	0.195425414059442
-0.314051494858054	0.295698567733599
-0.414149684409735	0.322370247587784
0.0583975198784325	0.0435900575854979
0.317847945954371	0.318224191925645
-0.674466222773151	0.547259390040885
0.195263885949506	0.145294189129975
-0.582412376127557	0.51971634705321
0.0906573911401113	0.0739785130687166
0.227136089417379	0.194202786841527
-0.300881068749311	0.240726028917027
-0.522175869735686	0.507057851139362
0.103045281176292	0.0730428962566184
0.120792701277054	0.0900778506702182
-0.171943462895184	0.103281952634237
0.398928692708786	0.325855079392772
-0.414141851723161	0.322336117669304
0.397089618340435	0.354951970335319
-0.224006110467136	0.149449749327003
-0.255591720608664	0.207068625843307
-1.84155285009062	1.77101745025318
0.709995212937178	0.546527977701222
0.265257485930659	0.175462037009897
0.0583285185226905	0.0369480253245761
0.394037095127064	0.242198458278005
-0.320512862899764	0.185045864651848
0.365634724659639	0.175835138801182
-0.00602792446630063	0.00337277124820236
-0.0121457735954574	0.0056898242385988
-1.2785493632128	0.903585086704532
-0.0495954996091126	0.0271153340901365
-0.687579023630957	0.510524309186091
0.378643955473557	0.200452340941438
-0.829164181524425	0.606473226288315
-0.174485277419969	0.0912106313420276
-0.284610968668376	0.186565346958041
0.39700159284157	0.260302023027962
0.37913748565756	0.200722617226672
0.894853391340158	0.722561562250348
-0.237528955596091	0.139874316638003
-0.223884967896639	0.149330071060047
0.0835999802839683	0.0456661028318998
0.388750876020199	0.222881622076993
-0.88951788053511	0.760686453768118
-1.54130241760562	1.52089364342851
-0.359435544098484	0.231227533097986
0.399616608350131	0.310668095702081
0.57799237739116	0.376473680654714
1.02284014046179	1.07149423588855
-0.733623493784847	0.739288431069246
0.205241089187748	0.110449762702166
0.394077992026695	0.242262483225049
-0.740262966664053	0.452575713375946
-1.74469912925562	1.58951483703853
0.533790284077669	0.413086260711036
-0.19168054449394	0.0841002189352164
0.635493749314852	0.56687520806473
0.845312134102629	0.716282121231874
0.230569994594728	0.133686869744806
1.10718050971714	0.935716844042148
0.230608144391735	0.133712334356386
0.0423977057639784	0.0214070367044068
-0.174547594798126	0.0912442955274002
0.394038920805071	0.242228624143532
-0.174573431544604	0.0912716571979923
-0.400279254651867	0.199611151597535
