x	y
0.397014314691849	0.354913903997486
-0.224252365100058	0.149568032346988
0.230568482664177	0.133702810948979
-1.82058715504602	1.34264782504552
0.163536921612174	0.109088421630178
0.265196714837447	0.175457812098852
0.598675391106249	0.365365106671917
-0.58178160921078	0.277642461693518
-0.104320343754685	0.0557980556015589
0.681216934350824	0.552104746754535
-0.740372218460723	0.452702879152707
-0.389571861719597	0.276987446397204
0.116443568583399	0.068357926074226
-0.0496092677838992	0.0271228251111568
-0.119164091334129	0.0730446137848314
0.299780530349784	0.245308578943303
-0.389467770758099	0.276896453709954
-0.580244728564168	0.322288315069047
-1.52967635950489	1.23842633022367
0.365548699035189	0.175813952012173
0.503404821429503	0.449904811553516
-0.389511202539066	0.276942389754905
-0.487413323185831	0.373756809665301
0.388553749445873	0.222747063630089
0.388681054646199	0.222839316744788
-0.119164091334129	0.0730446137848314
-0.674327052908448	0.547208197514885
-0.472117480236258	0.33002701814581
-0.575306066526481	0.357587683954408
0.656629190053082	0.559167656794109
0.0836384663419645	0.0456924625707961
0.116283881027503	0.0682728259310458
0.170068843650991	0.0842286987652546
-0.359459710819283	0.231234615283526
0.399640248066152	0.294680736089589
0.635546869222201	0.566881510214348
1.06005677723729	0.577964964153784
0.103045713308894	0.0730476605725621
-1.2221798270059	1.4831248789135
0.399571117178865	0.310578974456349
1.6010510490733	0.907306853764938
0.577933404864359	0.376418315640524
-0.582686275871461	0.519950257488621
-0.674327052908448	0.547208197514885
0.894894382386493	0.72293105384348
-0.23751862527221	0.1398723323227
0.0423576214530844	0.0213884261189087
-0.174547594798126	0.0912442955274002
-1.13724535635996	0.878255956969481
0.163453768731767	0.108987394359506
-0.323768775804252	0.132906269597143
0.230608144391735	0.133712334356386
-1.52964681723975	1.23802087088611
1.20484480287447	0.970839273891237
-1.24925639099865	1.03230252839001
-0.322111905445921	0.232678537742203
0.601267198790095	0.583977249877029
-1.47866803567317	1.65377418025436
0.968824987433207	0.897761050436654
-0.191851314271925	0.0841724378088938
-0.829203576049962	0.60627901496867
0.230529605001091	0.133680510590328
0.410110611034653	0.149654308557587
0.560671511271766	0.388152242066617
-0.284611534579334	0.186578592719199
0.293937100722506	0.229277927771853
1.10710203362175	0.935781275680246
0.205075221343872	0.110332408266124
0.388750876020199	0.222881622076993
-0.70752193721132	0.478472790723747
-0.174573431544604	0.0912716571979923
-0.45344808773457	0.286801474904568
-0.4297991763118	0.243493611717284
-1.01632312024401	0.731272630481301
0.623074112881443	0.352004927777901
0.968850682963924	0.897732856226947
1.05946338007628	0.577310701954974
-0.268608623749507	0.137354005666895
-0.389589086762666	0.27697775175688
-0.453565656713505	0.28686170496249
-0.191763069164488	0.0841344545583103
0.894894382386493	0.72293105384348
-0.0871992063586919	0.0396936425795753
-0.284665059208404	0.18661519669181
-0.352848068922911	0.278636760035849
-0.792107135246588	0.632632294534332
-0.829126855391428	0.606456974810141
0.180971127250423	0.127757103206751
0.398873021706968	0.277844831721069
0.170457853478971	0.084419753138902
0.20515621128702	0.110408160639295
0.0586730762067555	0.0233010280801353
0.394077992026695	0.242262483225049
-0.0122154413396054	0.00572317029003499
0.265196714837447	0.175457812098852
-0.0060294645189049	0.00337358051439809
0.399604873824898	0.2946743611885
0.142497480573903	0.0894313215603857
-0.576589945561203	0.435352430352937
-0.171916249530567	0.103284333532777
-1.3469181289708	0.492217275549371
0.398765798141998	0.277658518012826
0.0423185594731741	0.0213690212508505
-0.0122276726897269	0.00572835891609193
-0.0497555673530117	0.0271954165522753
-0.00592246809638425	0.00331457761061461
-0.17189007357759	0.103262278865495
0.578124823998584	0.376482385169237
0.0292299556602331	0.0173790810740596
-0.453448946127104	0.286791526836624
0.394037916789735	0.242247660525564
-0.284558542294168	0.186518782012506
-0.0122850641813574	0.0057559911383436
0.710029975803891	0.546567476157879
1.14132666656629	0.780469271001445
0.0424388991665061	0.0214170725772861
1.65608185825178	1.51870041013883
-0.575276993342195	0.357560747477759
0.0837734281586187	0.0457516989283333
-0.58240867117599	0.519701301410268
0.533737223795196	0.412969997385545
-0.487309490250497	0.373670893306532
0.116443568583399	0.068357926074226
-1.01632312024401	0.731272630481301
-0.0124936637074144	0.00585083343599075
0.365462810263777	0.175771126538925
0.205241089187748	0.110449762702166
0.560670124227051	0.38812563402852
0.577959184122381	0.37641487267881
-0.0874192319868208	0.0398048854826958
-0.237483943959794	0.139846828265212
0.0836589996523523	0.0457057522339226
-0.0123423441710936	0.00578321495826335
1.03630425054237	0.754129475284206
1.10702185510946	0.935885221644565
-0.32047439866804	0.184974644576425
-0.429843797332302	0.243460857863157
0.578099101184153	0.37657170949161
-0.10435836928934	0.0558246704842912
0.789124946179673	0.543928830463125
-0.0871992063586919	0.0396936425795753
-1.06729867692336	1.03301933937769
0.276983589672344	0.194357664287847
-0.00608036177636632	0.00340077245275055
0.119792912398409	0.0537171957567857
-0.0122031973667483	0.00571711009301839
-1.13555209336582	0.742010647654425
0.394077141483602	0.242247453289519
0.522627034530167	0.425404626536775
0.956843336205729	0.734548363620484
0.23052811985298	0.133680230051694
-1.13712456026234	0.87876657298231
-0.45344808773457	0.286801474904568
-0.0121701696544959	0.0057003464533006
-0.841574104040948	0.366537844891767
-0.976748321602159	0.584724813841583
1.20484480287447	0.970839273891237
-1.52936986646661	1.2366834525231
-0.0496197888314195	0.0271299727345174
-0.0871062752832628	0.039644736391682
0.844245436694145	0.546340791689674
0.250009479618193	0.15511754145689
0.681270808315995	0.552041465362569
0.388762997440806	0.222873844908431
1.33439007914414	1.01918869315137
-0.47211689442755	0.330016837915447
0.399677396923514	0.310712783501665
-1.14876500111135	1.17713580070053
0.710074957426673	0.54658200687287
0.668414615793708	0.34385587193997
0.388553749445873	0.222747063630089
-0.049699798202934	0.0271720496482323
0.116258202546852	0.0682604551641289
0.393920347644893	0.242075031362479
0.399571117178865	0.310578974456349
0.844359650054471	0.546333326077149
1.83611187050588	1.20130334321723
1.10706148824685	0.935941427611023
1.14122070426758	0.780386099658665
0.265075171393988	0.175390756254714
0.533737223795196	0.412969997385545
0.78893980475248	0.543791021826737
1.65619620535308	1.51961173035875
-0.740162214758242	0.452442797394852
0.714597431512085	0.722273840134325
0.180684778989367	0.127501165844795
-0.941269766308302	0.739849845050515
-0.284717525203166	0.18663652521604
1.03035772769532	0.912497242726863
0.0423191371419603	0.0213682662442981
-1.52973066725944	1.23796188703595
-0.359435544098484	0.231227533097986
-0.453486695923122	0.286846798923099
0.577962852066937	0.376462056263808
0.388565964607091	0.222757123212129
0.578154398334843	0.376565647581824
0.396946359398261	0.260264642197304
-0.0875026457018197	0.0398390244357153
0.20515621128702	0.110408160639295
-1.23394281740585	1.17438820171359
-0.511311621967125	0.185655469546493
0.0423571659955781	0.0213870028203468
-0.841930055188795	0.366935621913115
-0.320551710599551	0.185068852829541
0.65417024255161	0.737413838235083
0.546261148110136	0.400041824025761
0.230489218546085	0.133657096820458
-0.173975586283346	0.118068345441366
-0.580006056009966	0.322045537779173
-0.884757637448667	0.588875300711064
-0.0122850641813574	0.0057559911383436
-0.23746978542982	0.139808115240825
0.503540440338074	0.450111872879476
0.0423586690649514	0.0213879798283963
0.119875060412801	0.0537756254140837
1.30501426911843	0.824612267549947
1.14158656932169	0.780653256939168
0.393920347644893	0.242075031362479
-1.64083076049383	1.41163026595548
0.170078037123426	0.0842362332696313
-0.174488957080222	0.0912196505661504
1.32343256698575	0.631253155849864
-0.453409356613519	0.286710311945906
-0.0400062515179585	0.0254593282865199
0.398925284356903	0.325873514145585
0.740363668377399	0.718664951409302
0.205071546672453	0.110351538960765
-0.224046215893559	0.149436605217341
-0.174657693246584	0.0913100721629379
0.623286300486041	0.352340568865308
-0.575309095809477	0.357521379838328
0.745314931034749	0.543544321920657
-0.284612066321568	0.186571399929409
-0.323267030849328	0.132664766624666
-0.0122031973667483	0.00571711009301839
-0.766049611001646	0.664954572686581
0.844359650054471	0.546333326077149
1.10706244243292	0.935787622712917
1.21127657607124	1.46041592150073
-0.884600971987052	0.588746834027671
-0.191765997402019	0.0841406045300469
-0.429856217784491	0.243527269122507
-0.0400062515179585	0.0254593282865199
0.917776893508538	0.888825238326872
-0.171916249530567	0.103284333532777
-0.104318795135885	0.0558015566425405
-0.687589644821375	0.510540860097034
-0.174488957080222	0.0912196505661504
-0.320552374954212	0.185067543761871
-1.95012882004807	1.53411217415911
1.50451738240719	1.26750919799834
0.533773156700181	0.413078565518056
-0.119050952730279	0.0729657719248745
0.598480737929632	0.365218365480648
-1.27824207419041	0.903241574034016
0.709995212937178	0.546527977701222
0.142358931930559	0.0893394124720293
-0.976575296838952	0.584360386105283
1.18740021135562	1.28827513344809
-0.171916249530567	0.103284333532777
-0.0025583228276369	0.000870770923181551
0.710019779881786	0.54651756556299
-0.0400708724861187	0.025500426622631
-0.487352758396561	0.373715921399116
-0.576588213564014	0.435335420001276
1.08245301944809	1.08892230828012
-0.575304240178868	0.395371119072592
-0.174540515247827	0.0912397503894302
-0.10435836928934	0.0558246704842912
0.230487096056227	0.13362125268022
-0.268719004618864	0.137442961534784
-0.32342872014596	0.132754800981013
0.388508587019126	0.222685278769995
-0.268617700571665	0.137383094548257
-0.575166887313808	0.357410598881356
0.894856193528215	0.722820244820785
-0.0496511828299678	0.027144046289517
-0.976493244523567	0.584555562455094
-0.575444834750897	0.357512120477374
1.86198175774181	2.58008269287717
0.804543608584364	0.715627237565021
0.16998558631475	0.0841768411984164
0.0423586690649514	0.0213879798283963
0.250065182514547	0.155118010427377
0.681164528369224	0.552169548046072
1.21140757475609	1.4616430044696
-0.174602660202585	0.0912810692303503
0.0583889091190093	0.0369849319833999
0.656795076427762	0.559349696011474
0.26510168194708	0.17541465777122
-0.237542907484709	0.139878710803409
-0.237463240563307	0.13982242209813
1.15413065688962	1.11166788834906
-0.400408163058232	0.199679139220261
-0.976109104158636	0.583920939238259
-0.320552993853204	0.185056332829789
-0.320552993853204	0.185056332829789
0.623132503431904	0.352217814060037
-0.580476543617623	0.322432153035535
1.10706148824685	0.935941427611023
0.512505716325533	0.437786395093717
0.546181097504613	0.399998591734954
-0.740262966664053	0.452575713375946
-0.0123546421621991	0.00578834044022463
0.205016392440772	0.110303116653591
0.170365107743381	0.084383949304422
0.560669495824864	0.388068262474947
1.0359237496115	0.753843255594232
-0.320592516713302	0.185058889412806
0.37903365004806	0.200695229132283
0.0423191371419603	0.0213682662442981
0.844245436694145	0.546340791689674
-0.26842377376637	0.13725791720775
-0.174433756826449	0.091173995456772
-0.0124118503434449	0.00581552997654431
-0.0875026457018197	0.0398390244357153
-0.174481458144268	0.0911696304552348
-0.0875247626795585	0.0398554643821223
-0.320592516713302	0.185058889412806
-0.687592314281429	0.510430782492829
0.120086942258199	0.0538668745057729
0.668549195290391	0.343823452293786
0.92132134334832	0.552408279546252
0.410110611034653	0.149654308557587
0.365631508218467	0.175855733280783
-1.33197678245378	0.762263841197909
0.250019935805811	0.15511641349221
-0.174400414949544	0.0911424363464061
1.33441099968333	1.01935277897555
0.230489218546085	0.133657096820458
0.398845341000969	0.277778065636219
0.304898600615409	0.260944632643895
0.522696083203824	0.425623370072649
0.250067550761215	0.155124149629797
0.120158519787718	0.0538946236082236
0.771745171623263	0.351293543815406
0.205181952499019	0.110420289382553
-1.40899936706001	1.06804684912513
-1.04544866744189	0.878580226525379
0.968798285312757	0.897808886265986
-1.35311823742973	1.19020606722363
0.394156859268203	0.242236474373332
1.03611851081783	0.753977377386706
-0.687656090279379	0.510461902209215
-0.0873970675291552	0.0397928350708459
2.03684670549632	1.9289927018875
0.957043221691676	0.734455781040451
-0.884657543519209	0.588843512301589
0.745313846676038	0.5436625102872
1.03032716108494	0.912073141315469
-1.24921849849432	1.03274850818744
0.789091475818272	0.543750715492541
-0.576589945561203	0.435352430352937
-0.0123095682902471	0.00576462947117763
-1.13720321345906	0.878905550941361
-0.237435025556225	0.139759404884096
0.170087252377099	0.0842292700614622
-0.0121457735954574	0.0056898242385988
-0.359459710819283	0.231234615283526
-0.320594193769812	0.184954472446161
0.80442974163118	0.715376886130993
0.116363971797762	0.0683270914761228
0.0423571659955781	0.0213870028203468
1.03581273641939	0.753757024221273
0.681190268442902	0.552058092711094
-0.0122973225407363	0.0057607405665406
-1.27892979719854	0.904273659674969
-0.581711492709736	0.277565100121143
1.20483259624617	0.970734582695714
-0.0870026538846502	0.039587327052941
-0.268414594212216	0.137235508430333
0.120240788194207	0.0539451931203284
0.397060876249313	0.260295620428616
-0.0400027603334257	0.0254568951329072
0.120134631761478	0.0538964433430745
-0.049665047876336	0.0271547943089435
-0.320512862899764	0.185045864651848
0.0836732250012232	0.0457098608963882
-0.269013093489388	0.137570479348443
-1.45019023495521	1.35178684110903
-0.0060016948213122	0.00335844422206687
-0.841930055188795	0.366935621913115
0.369371399684674	0.157841839700907
-0.581854188280408	0.277697073220254
-0.510665083637769	0.185396417332941
-0.58178160921078	0.277642461693518
-0.740472578230699	0.452738938330306
-0.119181302456655	0.0730529519471356
0.966611652025928	0.36540950209132
0.378940602994957	0.200651612788855
0.966611652025928	0.36540950209132
0.394037483159254	0.242231885268213
0.752788305318411	0.879803288155064
-0.0124118503434449	0.00581552997654431
0.369874827624987	0.158094504412344
-0.43203426040785	0.0980548642108346
-0.795473084150557	0.429189025577302
0.378940602994957	0.200651612788855
-0.17456992674774	0.0912652369592895
-0.00607309232632234	0.00339749545493146
-0.687565515876591	0.510461176450006
0.577959184122381	0.37641487267881
-0.322157029323347	0.232754914383354
0.546170676644428	0.399976726180858
-0.104240323570983	0.0557422972711465
-0.171836647611099	0.103224835215403
-0.268811190324651	0.137482691167831
-0.191683506242611	0.08409339741583
-0.104317955751367	0.0557991159685809
-0.171784820413772	0.10312242488879
-1.27844165385962	0.903806240418973
-0.268709990012556	0.137422886733516
0.598675391106249	0.365365106671917
-1.01637790533487	0.731279019263317
0.119898789663274	0.0537835419180417
0.12011077257807	0.0538869679431261
-0.0121579779232437	0.00569550785644836
-0.268719004618864	0.137442961534784
-0.265964155891922	0.195132197154454
-0.453486695923122	0.286846798923099
-0.472169787007076	0.329997991015278
-0.400150141167734	0.199526819273677
0.844256005489486	0.54634206000507
-0.400408163058232	0.199679139220261
-0.795391084685964	0.429117695674088
-0.174566282324028	0.0912287278252804
1.12031189103956	1.26266212782207
1.15419221777161	1.11155259651657
-1.2785493632128	0.903585086704532
-0.45348851591146	0.286841831680638
-0.429925595459858	0.243580051469603
0.277035391987079	0.194387737059286
-0.7400701483229	0.452397258194513
1.10706148824685	0.935941427611023
0.230569216915851	0.133699107004068
-0.015280580263772	0.0111590645653471
0.0423185594731741	0.0213690212508505
-0.00968225777789312	0.00626832869785867
0.92132134334832	0.552408279546252
-0.976598104893979	0.584662631574268
-0.944056937240152	0.27675044454811
0.578073386398327	0.376592353319862
0.369533728475468	0.157989232089938
-0.943153373833844	0.276343967898066
2.45916267875384	1.40009990624383
-0.00190672948753378	0.000649411384947845
0.965708155966886	0.36469686787148
-0.795388566123818	0.429111941624914
-0.322088589032678	0.232690098035574
0.365383221309839	0.175644838187833
-1.68009156842078	0.744218155905003
-1.51832895997772	0.959438617553198
0.120240788194207	0.0539451931203284
0.39926252609113	0.326110154561497
0.170189084859863	0.084275573275024
-0.0942522165733174	0.0270533171061642
-0.432356925502191	0.0981422305445414
1.06012940531189	0.577842537391584
0.668414615793708	0.34385587193997
-0.0496381435370718	0.0271321434932101
-0.104400361555696	0.0558345003696772
0.971542933301501	1.2140635382156
-0.723062225286174	0.778998588708456
0.248058693852953	0.238625692797741
-0.237553290358037	0.139887377403942
-0.389502229031768	0.276897438560363
-0.67439662495425	0.547304924511479
0.204990594832588	0.110251358472351
-0.119207551057469	0.073067983664619
0.894935446571742	0.722968334191717
0.399563464873255	0.310601214732448
0.399479657415046	0.310501990271247
0.0423972358643515	0.0214067271227048
-0.500579449445309	0.418020263232202
0.845430036590367	0.71650474668351
-0.707443001284619	0.478314823263817
-0.687576058610729	0.510428737659488
-1.40934725150451	1.06912104559651
0.0293539036123117	0.0174570183041585
-0.268516230467572	0.137314152183712
0.23053041269172	0.13366829299905
-0.171862804969046	0.103246873333961
-0.389589086762666	0.27697775175688
-0.00610768382550435	0.00341591566284737
-0.269021921398253	0.137541377069241
0.11963988329625	0.0536532323596811
-1.82048438090692	1.34311704053731
0.672105315561482	0.732168202846751
-1.40918022913308	1.06877036607226
0.119898789663274	0.0537835419180417
-0.580603062995071	0.3224974752442
0.170263129213505	0.0843313417776692
-0.191848441999651	0.0841748012731843
0.0422802796907504	0.0213451498379722
0.116311088160801	0.0682971565583205
1.03591449475179	0.753942920815292
1.03031273414609	0.912372885505207
0.393998820278763	0.24221496570692
-0.575363276560376	0.395423496155422
0.617061203547723	0.575262497661858
0.844359650054471	0.546333326077149
0.546226339378666	0.400029781886946
-0.453566648168422	0.286866712107399
-0.42988102086544	0.243519815871298
-0.00226675917502309	0.000770578967515132
-1.13569824977844	0.742021850109875
1.79293251769273	1.77751284299719
-0.2687279974696	0.13743703950627
0.369371399684674	0.157841839700907
2.68361222128	1.75216996525566
-1.34644190675536	0.492013982411103
-0.00190672948753378	0.000649411384947845
-1.51816553129795	0.95879786564237
-0.389476754562305	0.276862657049257
-0.268303528311993	0.137066340051356
0.623132503431904	0.352217814060037
0.0586730762067555	0.0233010280801353
0.39700159284157	0.260302023027962
0.586460230290349	0.592626072602763
0.409379481895826	0.149355853828265
0.966408720917092	0.365302103460683
-0.943675469426376	0.276612084705558
0.410110611034653	0.149654308557587
-1.95751366086138	1.00395907264506
0.560670796042941	0.388152961154497
0.205245114046219	0.110417539621706
-0.174712693958413	0.0913301620983544
-0.131915697837842	0.0910089174111435
-0.249766237212589	0.221005927596713
-0.132197188898705	0.0912256905845449
-0.237598315516228	0.139891634816411
0.0825232132751776	0.055427881267055
0.163392284161525	0.10893516406255
-0.941328343613218	0.739838356347261
0.394077992026695	0.242262483225049
-0.434601430237469	0.367741933342263
1.49194943409974	1.42991299250213
-0.17189007357759	0.103262278865495
-0.17456992674774	0.0912652369592895
0.681190727615145	0.552153951286809
-0.472064003814338	0.329987530330869
-0.4297991763118	0.243493611717284
-0.174540515247827	0.0912397503894302
0.709964644744774	0.546232918801859
-1.01648973946624	0.731035786569664
0.956677659228112	0.734069622881151
0.205211481751657	0.110438490596475
-1.13720509457281	0.878733138277397
-0.580371561309725	0.322378988803852
-0.687690825023829	0.510421670709467
-2.54824540952155	1.7647906775341
-0.58171654830888	0.277474256547608
0.205045767855467	0.110321221907016
-0.453527147708742	0.286874832407521
-0.740254218108245	0.452348895145515
-0.359400794834614	0.231196545368216
0.0837182057065204	0.0457320808593595
-0.0871062752832628	0.039644736391682
-0.0123669275177168	0.00579257832326066
0.789009542854592	0.543863079094428
0.116364528101487	0.0683239471829726
2.82153347594063	3.08731423348569
-0.268340452000391	0.13715172364575
1.03610915310578	0.754122517881413
0.0423592611971083	0.0213859834041211
-0.323178299118294	0.132626269521487
1.60169797164515	0.907481324222691
-0.795473084150557	0.429189025577302
-0.0873970675291552	0.0397928350708459
-1.82048438090692	1.34311704053731
0.598573351737047	0.365281015830231
0.116258202546852	0.0682604551641289
-0.0875247626795585	0.0398554643821223
-0.0877795706067474	0.0399712524693087
0.789067188669125	0.543924706508862
0.560711157363661	0.388178233889262
0.116232030628555	0.06823772309015
1.14158656932169	0.780653256939168
0.410319402185388	0.149749375016411
4.34629070750669	1.83849509413068
0.448522591387813	0.125734578837285
0.577962852066937	0.376462056263808
-0.889570886795711	0.760604490104953
0.956784418106501	0.734084317850284
-1.70858517080392	1.86997057563917
0.396887167078154	0.26018713186142
-0.352649030185364	0.278403573113515
0.745313372817002	0.543643055784517
0.388681054646199	0.222839316744788
-0.674405569279305	0.547115759983691
0.710044438860023	0.546429402003324
-0.0875026457018197	0.0398390244357153
0.789055063944555	0.543856648322334
-0.852307870199791	0.788364412610409
-0.429925595459858	0.243580051469603
0.894973795185583	0.722984743706935
0.710040201323559	0.546575985920525
-0.320512862899764	0.185045864651848
-0.268829073303447	0.137474874094529
0.119875060412801	0.0537756254140837
0.0836732250012232	0.0457098608963882
0.23049085052051	0.133641236131019
-0.58022292583536	0.322227384173889
0.20515621128702	0.110408160639295
0.378727390829471	0.200531723202199
-1.45017766319489	1.3522539086962
-0.320512862899764	0.185045864651848
-0.17459926023523	0.0912855489687525
0.533607964360092	0.412863545615533
-1.40929168694041	1.06907240900377
1.14124441291442	0.780397358047567
0.560670124227051	0.38812563402852
-0.0123546421621991	0.00578834044022463
1.33441099968333	1.01935277897555
-0.665859212364149	0.586268574699401
0.230568482664177	0.133702810948979
-0.576641823744605	0.435436216930817
0.120134631761478	0.0538964433430745
-0.58022292583536	0.322227384173889
0.789009542854592	0.543863079094428
-0.174712693958413	0.0913301620983544
-0.79563934189504	0.429120616122865
-2.06925515803276	1.72583737770434
0.668412566104476	0.343909313552279
-0.320511550772078	0.185038220306322
-0.323606841794993	0.132787041663478
0.560673071961797	0.388052502845993
0.65676879066673	0.559426634950054
0.0837079999509027	0.0457243799470305
-0.580371561309725	0.322378988803852
0.560669495824864	0.388068262474947
-0.400255793183877	0.199576929984158
2.03656190466438	1.92847590105237
0.533790284077669	0.413086260711036
-0.0875026457018197	0.0398390244357153
-0.400044413240096	0.19944341681556
1.0603969286352	0.577759118104127
-0.268442067773453	0.137211724852862
0.170179807255207	0.0842887264509299
0.205126733349182	0.110389989862704
0.24998516710157	0.15509510358789
-0.472144204724895	0.330024458230868
0.598480737929632	0.365218365480648
0.0293626484192579	0.017460518623266
0.0422388999443572	0.0213245448072465
1.0304272807277	0.912483966401826
-1.01629703450164	0.731142799198732
0.163491571137908	0.109057293172897
0.68108495801316	0.552022706161808
-2.18004816412668	1.91877508234664
0.36935409343749	0.157893264397153
-0.707481746061678	0.478444102656824
0.598480737929632	0.365218365480648
0.57798860447689	0.376498020652567
0.399570488339335	0.294640933948354
-1.52962043558558	1.23854340721279
-0.10439877968516	0.0558435022103617
0.388750876020199	0.222881622076993
-0.429856217784491	0.243527269122507
0.844338401804658	0.546357972005448
-0.884600971987052	0.588746834027671
-0.11919851495529	0.073056845674997
-0.795388566123818	0.429111941624914
-0.400279254651867	0.199611151597535
0.142315461908762	0.0893059044612401
-0.429742023619485	0.243444703250539
0.745393530540733	0.543722108365821
-0.0873970675291552	0.0397928350708459
0.0587457894570351	0.0233313383669741
-0.171889531829943	0.103267851984991
1.14109118869704	0.779945452114801
-0.580098557351089	0.32208988826458
1.10702185510946	0.935885221644565
-0.359470277506759	0.231240306415592
-0.580006056009966	0.322045537779173
-0.795470598735211	0.429005412207795
-0.0876302197595823	0.0399015975036765
-3.87156218611866	1.24092684697853
-1.33212138337084	0.762307389390523
-0.323178299118294	0.132626269521487
0.966408720917092	0.365302103460683
-1.68044005713324	0.744499058156728
0.23052744239938	0.133668602137409
-0.223954263100011	0.149376089987957
-0.0496755348028971	0.0271594987077226
-0.320473330609048	0.185007486119419
0.617064604618736	0.57524015279494
0.394039491168087	0.242187800604762
0.578018102972575	0.37654181246198
0.120004743026815	0.0538382787021705
0.205237204149976	0.110442438968594
0.772036795135306	0.351439684567354
-0.707522656104184	0.478427995182554
-0.191512303756222	0.0840051241110584
-0.765997750101535	0.664851949777713
-0.434381702490576	0.367486918767701
0.265179583782921	0.17546271038214
-0.576535828315392	0.435303100740969
0.399561383912549	0.294611205471543
0.230488467651288	0.133653113546507
1.20506638730301	0.970397072190068
0.39966555312206	0.294716052552105
-0.665746540696013	0.586139641955526
-0.17468679281023	0.0913119091996085
0.681059263026178	0.551979961849616
2.03683798118428	1.92897047259975
-1.67815176085879	1.15338270046085
-2.01807610887929	2.14492775807413
-1.70829088214586	1.86978351257585
-0.174485277419969	0.0912106313420276
0.265187505743766	0.175463990706954
-1.82060683537853	1.34328728713377
-0.284585824039334	0.186528915115429
0.398767250514172	0.277751417262796
1.03599785029839	0.753908516007888
0.398712914571043	0.277552197594389
-1.27864868235003	0.90364061395224
0.0836796513806659	0.045709786317908
0.533790284077669	0.413086260711036
0.388439026483589	0.222625331869707
0.369443988447083	0.157954068466191
0.116284918076701	0.0682785512631978
-0.0960758555554284	0.0673009392291321
0.533729511255781	0.413059845750498
0.39977879662834	0.294768317205988
0.205100973330945	0.11036967785944
-0.23749787590423	0.139847890981541
-0.487352758396561	0.373715921399116
1.3732129023972	1.53970825295587
0.398873021706968	0.277844831721069
-1.51849205749084	0.959097589656331
-0.0122276726897269	0.00572835891609193
-1.67852612172773	1.153971021526
0.37882650870246	0.200579110731171
2.032223340557	2.31187061085882
0.0836207831679116	0.0456641434749901
0.180964099493099	0.12774565073409
0.560710472183291	0.388178977785677
1.03034750926467	0.912449882956028
0.560711885972035	0.388147474403836
-0.79205302877093	0.632666361819491
0.163529196181068	0.109074522496971
-0.88946547353368	0.760587091874175
1.50442489963283	1.26732282797632
0.578014364927905	0.376465316524239
0.62334464125878	0.352275197505216
0.844359650054471	0.546333326077149
-0.266239854269612	0.195382005603096
1.03610915310578	0.754122517881413
-0.580139552543401	0.322178443064124
-0.0873025425552024	0.039747500646423
0.230529605001091	0.133680510590328
1.35574340512024	1.19649686599624
0.230568482664177	0.133702810948979
0.12011077257807	0.0538869679431261
-0.0122520975997214	0.00573627803064002
-0.487326787931181	0.37368176141879
0.0292500203795323	0.0173948579542365
0.804621504478623	0.715527253685001
-0.0122727931927386	0.00575042631266952
-0.268912224783566	0.137532775591647
0.230411785311357	0.133557418386643
0.205126733349182	0.110389989862704
1.2049267654137	0.970703651984816
0.37892999110995	0.200646545836412
-1.51824496864762	0.95886148357615
0.120004743026815	0.0538382787021705
0.378744180687792	0.200540698956173
0.0836693107122105	0.0457090630379767
-0.2687279974696	0.13743703950627
-0.40036136937727	0.199570942819307
0.956762326002398	0.734344329952799
-2.18004829042826	1.92019859027147
0.230491731594332	0.133617848163119
-1.35324301909929	1.18984514315199
0.891237335955757	1.04245619152448
-1.62221846538617	1.99579106706233
-0.674205761063196	0.546865615756665
-0.575163474539905	0.357391334497126
-0.453529772656167	0.286799252702398
0.230487760154232	0.133641469554507
-0.00945451270387407	0.0061202514325318
0.163460739973382	0.10901134552569
0.0583285185226905	0.0369480253245761
-0.0497660424686162	0.0271976727579945
-0.740472578230699	0.452738938330306
-0.191683506242611	0.08409339741583
1.03034750926467	0.912449882956028
0.195264436882945	0.145297713754276
-0.581709036729463	0.277452981684395
0.95686907746069	0.734452920465337
0.396921876373531	0.260242745186634
1.65611422728174	1.51886573025681
1.3557177135514	1.19638433786276
0.120395028448338	0.0539920157650708
2.18522815081712	1.03171966467941
-0.191765997402019	0.0841406045300469
-1.95963154986013	1.00545877925808
-0.2687279974696	0.13743703950627
0.745391700781145	0.543282352081305
0.578018102972575	0.37654181246198
0.681112152324062	0.552106999105438
0.0837326381437858	0.0457252704039957
-0.575328794521389	0.357362913168909
-0.0123546421621991	0.00578834044022463
0.560629779366137	0.388016901080395
0.398846853823364	0.277820918046262
0.265170198754687	0.175412471617024
-0.0121701696544959	0.0057003464533006
-0.941338900067484	0.739857927489091
0.668412566104476	0.343909313552279
0.62360515494983	0.352483156517297
0.170365107743381	0.084383949304422
-2.38285146634582	1.52477404740462
0.577907633653488	0.37634505805961
0.560590771228458	0.387994709355018
0.23053041269172	0.13366829299905
0.788743144983653	0.543372735592732
-0.00953075545206982	0.00617129371406927
0.00540685524213857	0.00403651610986143
-0.852384120815731	0.788496588777172
-0.687544346030997	0.510452591945806
0.39905818711075	0.326019889573463
-0.132204414463059	0.0912110263642647
-0.0121579779232437	0.00569550785644836
0.205019997075774	0.110262516383593
0.533651612856611	0.412931714320201
0.230528840720756	0.133684195378615
-0.10439877968516	0.0558435022103617
-3.49394311921891	0.936574346211166
0.770506837199971	0.350533635374027
0.0293626484192579	0.017460518623266
-0.687613685418675	0.510543809311169
0.578184050921728	0.37660955704405
0.598471479069243	0.365154751464456
-2.3828476805324	1.52465326525564
-0.322928275464891	0.132467121045914
0.449161679976785	0.125968053773896
0.411621288426525	0.150241968309121
-0.432226462476801	0.0981064105603881
-0.795386025330126	0.428889746027744
0.0422784535101385	0.0213474939483703
-0.0060016948213122	0.00335844422206687
0.598490018563699	0.365208208471015
-1.01648973946624	0.731035786569664
1.03602573662546	0.753804775358798
-0.0025583228276369	0.000870770923181551
0.116258755452954	0.0682558216366892
0.170068843650991	0.0842286987652546
-0.17194241801976	0.103300002008729
-0.322104124116035	0.232697624899156
0.560630437830936	0.388074284865715
-0.0123423441710936	0.00578321495826335
-0.268322033479146	0.137179227635239
-0.268635789011379	0.137364741335883
0.119851360032837	0.0537563736980319
0.448916154342392	0.125894423720526
-0.104437458448881	0.0558582391050228
-2.69131014713563	1.99405719177499
-0.0496407463451933	0.0271405434836126
-0.174628515728416	0.0913006915587617
0.654015764520177	0.737236356577257
0.398996896045526	0.325933831825398
0.293659129723641	0.229117185897939
0.0836103669312504	0.045666856274849
-0.322141538707854	0.232719103126444
0.180831438170182	0.127660399419406
1.61599862638025	1.67218275321416
0.745274263767946	0.543557664143171
-1.52956420490388	1.23835359210986
0.745393073383296	0.543751429172607
-0.104279967239532	0.0557741192149482
-1.6782552428022	1.15299263204527
-0.575254179763192	0.357423185783393
-0.171969657460476	0.10330401820569
0.681137386304532	0.552022823467714
0.12034702103488	0.0539879293877707
-0.884644904679083	0.588878517612653
-4.86677994140762	2.66953028542081
0.378599511099908	0.200427507791295
-1.34624963687459	0.491942491282243
-0.0945452117596051	0.0271462991052748
-0.510019488188717	0.185108792567341
0.771384657824967	0.351194621180954
-1.51832895997772	0.959438617553198
-0.268719004618864	0.137442961534784
-0.0874192319868208	0.0398048854826958
-2.28305873417672	2.11631541974353
-0.576588825025321	0.435398633028466
0.0423581224798044	0.0213887511464096
0.0582914775905864	0.0369173779231127
-0.0122850641813574	0.0057559911383436
-0.00605595616184998	0.00338810510091568
0.745393530540733	0.543722108365821
-0.739978018739677	0.452268965773811
0.623416485882467	0.352373168461279
0.369264043213546	0.157791315274953
0.399561383912549	0.294611205471543
-0.0119849178936445	0.00561010534234279
0.710040201323559	0.546575985920525
-0.0121701696544959	0.0057003464533006
0.546200658028452	0.400007575079535
0.163483877144822	0.109053939598613
-0.934225579385051	0.917597286846861
0.398337551603597	0.340915496914605
-0.00620400034586212	0.00346835095518027
0.249915677302009	0.155024547523558
-0.575311016345418	0.395398929328031
-0.0964476250564139	0.0675761218648745
0.042279016727012	0.0213478495403599
0.745352610013427	0.543638173626064
0.396966874057929	0.260280317934537
0.120004743026815	0.0538382787021705
0.170467253006703	0.0844304182125656
-0.575183121909418	0.395289044837044
-0.429545439496433	0.243157221987519
-0.829126855391428	0.606456974810141
0.789009542854592	0.543863079094428
-0.00219804389106728	0.000749243310235947
-0.429893403532344	0.243419284772728
0.365883535518409	0.175876648200433
-0.84164330581693	0.366637138097607
0.380320694909218	0.0704134220050887
0.0422383511678333	0.0213230796516601
0.388705364199698	0.2228237408163
-0.884544289848043	0.588611212599592
0.623156321552976	0.352260784925711
-1.13720220521042	0.878917030944994
-0.284665059208404	0.18661519669181
0.745274814271535	0.543528445163776
-0.0496197888314195	0.0271299727345174
2.03675457666139	1.92882971304904
1.47106499379394	1.76491086431637
0.230448835221244	0.133616924089533
-0.795473084150557	0.429189025577302
0.533790284077669	0.413086260711036
-0.0877795706067474	0.0399712524693087
-0.889572041536575	0.760588122076118
0.956847205934777	0.734460761323295
0.398741650319637	0.277632706192028
-0.104321718826675	0.0557828798203067
-0.0654284400212417	0.0465170881398583
0.0423592611971083	0.0213859834041211
1.24266814382988	1.14714697689314
0.623132503431904	0.352217814060037
1.30500783274078	0.824827623389173
-0.0495954996091126	0.0271153340901365
-0.171836068945693	0.10322097731699
0.227128347915428	0.19419438891892
-0.747437675960094	0.701080213985132
-0.0496859935586384	0.0271630129061038
-2.93854860289732	2.42954190249426
-1.51824651968381	0.959357860364367
-1.01643737890383	0.731018868055903
0.598490018563699	0.365208208471015
0.396981124268762	0.260286380908059
-3.24701698201598	3.07534490009279
0.119851360032837	0.0537563736980319
0.681111642733935	0.552107188973364
1.20497223605644	0.970922766106413
-0.739960215078864	0.452061667223267
-0.943675469426376	0.276612084705558
0.393919157098396	0.242093915138356
1.3050782004696	0.824547873287227
-0.320513993115958	0.185013055249382
-0.320471387299354	0.184979124807724
0.789124946179673	0.543928830463125
-1.64087607842801	1.40989084100573
-0.049665047876336	0.0271547943089435
0.0836037239607611	0.0456723801774988
-0.320590430654897	0.185062347151589
-0.171889531829943	0.103267851984991
0.54615676959997	0.39993474012203
0.276863919655315	0.194259116644964
-0.218875333524686	0.162976020669075
0.276957543704097	0.194350081764933
-1.40929168694041	1.06907240900377
-0.10431959113781	0.0558011663734158
-0.0398020802093601	0.0253237465309906
-0.575108303064776	0.357292958223929
0.844452767399357	0.546400878858197
-0.453486695923122	0.286846798923099
0.205068011844753	0.110329366305932
-1.40934725150451	1.06912104559651
0.623392508810783	0.352425458002545
-2.54801369606555	1.76433535194584
-0.841930055188795	0.366935621913115
0.968824008637558	0.897702477371939
-0.132186435961252	0.091213636499472
-0.400255793183877	0.199576929984158
-0.0122154413396054	0.00572317029003499
-0.323768775804252	0.132906269597143
0.0836487181970986	0.045700188709168
-0.500583058937593	0.418004732383747
-0.576668023463331	0.435387950389144
1.71210589724778	1.36312948218763
-0.0945452117596051	0.0271462991052748
0.956872912425269	0.734592065785687
-0.0873358139390723	0.0397465883202326
-0.687600237888207	0.510532942612147
-0.575247842369215	0.357512901650038
1.15419221777161	1.11155259651657
-0.320473330609048	0.185007486119419
-0.266372576608188	0.195447852120314
-0.237494251281423	0.13984879736702
0.205042198106717	0.110325991467597
1.24270851402553	1.14735824964831
-0.576616701679889	0.435354227735248
-0.191763069164488	0.0841344545583103
-0.575207305272533	0.395345755769592
-0.320551710599551	0.185068852829541
-0.0123423441710936	0.00578321495826335
0.921324434956384	0.5524265305633
-0.352637960178196	0.27845206958993
1.35574340512024	1.19649686599624
0.399500703020334	0.294522548780948
-1.22634364837536	1.3262288140503
-1.40918022913308	1.06877036607226
-0.792079793190693	0.632687552037336
-0.575238543494442	0.395420803834069
-0.674404943513355	0.547188435849253
-0.00607309232632234	0.00339749545493146
0.388705364199698	0.2228237408163
-0.453565656713505	0.28686170496249
-2.38298677712539	1.52480996919281
-0.429786795407442	0.243444148307166
0.844152537341915	0.546273411772544
-1.82025877655425	1.3420229479848
-0.320513450752505	0.185034633111104
-0.284612066321568	0.186571399929409
0.249964238369874	0.155088974064584
0.745313846676038	0.5436625102872
0.503747292433599	0.450220202544994
0.365717614542968	0.17587696046062
1.24274888728981	1.14736338565194
0.681112152324062	0.552106999105438
-0.0123423441710936	0.00578321495826335
-1.27883884865679	0.904144068840404
0.39693217152986	0.260242591337945
-0.400536866605911	0.1997271130363
-0.0123546421621991	0.00578834044022463
-0.4297991763118	0.243493611717284
1.71184888175428	1.36228420029561
-0.5801177025606	0.32217404700399
0.39700159284157	0.260302023027962
-0.1744261177054	0.0911404636841805
-1.04535795258666	0.878349528762086
-0.352630637231352	0.278402885548392
-0.941224687403879	0.739667076733329
0.394079024967753	0.242203282221255
-0.1190681724087	0.0729696779174989
-0.104397923721841	0.0558438585660396
0.205100973330945	0.11036967785944
0.170448475686628	0.0843861038729538
-0.0060294645189049	0.00337358051439809
-0.792054240815081	0.632593437784891
-2.18909800438184	1.26985288518349
0.956953950129638	0.734577320632393
0.0423185594731741	0.0213690212508505
0.788870111606042	0.543674142964954
-1.94964353640467	1.53305351011994
-1.23415624012951	1.17410372338619
0.656759683932093	0.559424550372942
-1.67842293364952	1.15326249437505
0.0837284410832234	0.0457376182476325
0.745313846676038	0.5436625102872
-0.580729389571412	0.32253060389535
-0.359424999637583	0.231221859869823
0.894894382386493	0.72293105384348
-0.884657543519209	0.588843512301589
0.681111642733935	0.552107188973364
-0.487361387120037	0.373609744910313
0.396911610810945	0.260226883174291
-0.0060294645189049	0.00337358051439809
0.394116494514894	0.242212002155318
-0.00154684176698365	0.000527981901671777
-0.237608662256333	0.139886971598541
-0.174488957080222	0.0912196505661504
0.388693203120202	0.222849389931697
-0.237473607055047	0.139838194143414
-0.575283575494184	0.39546427526981
0.37892999110995	0.200646545836412
0.622685554173302	0.351578376749101
-0.842573501506563	0.367295334988531
-0.575137634129499	0.357362692467294
-0.174573431544604	0.0912716571979923
-0.575361020021202	0.357592442111619
0.116311088160801	0.0682971565583205
-0.104356587212664	0.0558165072825962
-0.45344624098908	0.286775668100434
-0.0495502533430002	0.0270872836979097
0.894934078877069	0.722981050286936
-0.47209131567218	0.329997648951972
-1.13571918360442	0.741539486882562
-0.0960014965723652	0.067238539217415
0.709995212937178	0.546527977701222
-0.580498200950308	0.322444400471375
0.120216878406035	0.0539296496159934
0.265118813379176	0.175428622585859
0.710040201323559	0.546575985920525
2.88257447264217	2.11685055387026
0.57807733445384	0.376533066519482
0.0586752350175879	0.0233026661375095
-0.0874192319868208	0.0398048854826958
-3.49389380223668	0.936490312260041
0.533642208015981	0.41294769709394
-1.67829822317506	1.15315867650137
-0.575247842369215	0.357512901650038
0.844256005489486	0.54634206000507
1.36657696401083	1.36647347050172
-0.94130434126359	0.73990733004916
-0.174628515728416	0.0913006915587617
0.394037916789735	0.242247660525564
-1.67947453471549	0.743697622879227
-0.884519156846644	0.588683549507875
-1.51833043539071	0.958870682315724
0.170374466606941	0.0843863554800559
-0.0121004029027061	0.00566746725900745
-1.23407703259078	1.17476211721943
-0.829202407687378	0.606253329332526
-0.378243719066835	0.323934105209359
-0.224075412035243	0.149490608903112
0.249929441003308	0.155058665247787
-0.674517925605942	0.54735116222291
-0.284637170880319	0.186569457026479
-1.32006018866403	1.32992829174441
0.560670796042941	0.388152961154497
-0.665670472465549	0.585998052950712
0.398792228571338	0.325652545052655
0.265160751090431	0.175456670823364
-1.29976858575257	1.48018167917938
-0.171888954875426	0.103262528114191
0.598480737929632	0.365218365480648
0.276974808962132	0.194360109506673
0.0423592611971083	0.0213859834041211
0.546250743648289	0.400046045111249
0.789009542854592	0.543863079094428
-0.17440426958797	0.0911536059094103
-0.581922163948477	0.277706756599217
-0.268608623749507	0.137354005666895
-0.352787822927297	0.278486955054155
0.533695257233642	0.412975657935759
0.770145430120155	0.350454199977507
-1.34624963687459	0.491942491282243
-0.10431959113781	0.0558011663734158
0.205211481751657	0.110438490596475
-1.95812751109893	1.00452497119926
-0.674457275115626	0.54736397419333
0.623392508810783	0.352425458002545
2.17434773536541	2.21168400488329
-0.581784038930277	0.277651257807727
0.0423581224798044	0.0213887511464096
-0.320512229568985	0.18504719516924
-0.0122276726897269	0.00572835891609193
-1.13521782225333	0.741292508213611
-0.400197135988387	0.199458927531394
0.058881762340777	0.0233691314814912
0.59876817292181	0.365396418954223
-0.707522656104184	0.478427995182554
-0.740179770854738	0.452503944476729
-0.237524995793133	0.139811853764634
0.598582673007789	0.36530237473833
1.5200656326488	1.08642879439558
-0.389615298566888	0.27701051282046
-0.359446060402219	0.231222563721811
-0.0122727931927386	0.00575042631266952
-0.575307838029623	0.395499269125434
0.635683808135675	0.567102630346096
-0.580244728564168	0.322288315069047
-0.104238808220959	0.0557403187199082
-0.472064003814338	0.329987530330869
-0.687576058610729	0.510428737659488
-0.104317955751367	0.0557991159685809
-1.27874783789846	0.903622715027202
0.968772097713885	0.897771056651447
0.598388187690383	0.365124289578113
0.299781344580892	0.2452997001986
1.50432345988639	1.26711745363877
0.393998820278763	0.24221496570692
0.533803276853068	0.413054847856146
-1.54132998331636	1.52074913931374
-0.0388716084068174	0.0280133656693561
-0.359446060402219	0.231222563721811
1.10702185510946	0.935885221644565
-0.049571121746021	0.0270978021723179
1.24274888728981	1.14736338565194
0.39395926482031	0.242165352884471
0.369785495549136	0.158102799873415
-0.707520363398452	0.478482018542316
0.378837053043127	0.200602993253842
0.39700159284157	0.260302023027962
-0.0873970675291552	0.0397928350708459
-0.472037857822702	0.32995818075441
-0.829123658632418	0.606478073255778
0.968799368199568	0.897486461259812
-1.74466293981477	1.58967053873931
0.249883106492364	0.154975747349136
-0.576668615728061	0.435456996649804
0.0836796513806659	0.045709786317908
0.393998820278763	0.24221496570692
-2.06930914932304	1.72595109769969
0.845346905873374	0.716393381874769
-0.323178299118294	0.132626269521487
-0.581849525599261	0.277576220823309
0.399735321493426	0.294771174350107
-0.0878847859419584	0.0400172638558478
-1.24914351063808	1.0324599382244
-1.64082819883347	1.41097340175189
-0.359456548557912	0.231206621682295
-0.674240256901015	0.546975319065093
0.681112697148001	0.552035634176793
-1.06731600385427	1.03301041277854
-0.284585308684648	0.186549194271429
0.230647825918803	0.133710246186896
-0.0121579779232437	0.00569550785644836
-0.00597545784260671	0.00334394234187639
0.0293105991403497	0.0174314041483834
0.397026101851446	0.260307889214928
0.598573351737047	0.365281015830231
-0.4297991763118	0.243493611717284
0.560711885972035	0.388147474403836
1.24282764471839	1.14720858688855
-1.14277307964891	1.02423253456261
-1.23394281740585	1.17438820171359
0.560670796042941	0.388152961154497
0.249960943195649	0.155054146101795
1.15423515446059	1.11170469218798
0.0837040002746334	0.0457264227156212
0.681112152324062	0.552106999105438
-1.13721923707215	0.878646561526414
0.393997845165748	0.242199850872686
-0.284663964396472	0.186599893629163
-0.119103423183026	0.0730060951167675
0.119875060412801	0.0537756254140837
1.06005677723729	0.577964964153784
-1.33197952685661	0.762634981562714
-0.323178299118294	0.132626269521487
2.03694768331427	1.92811269482414
-1.40904253679864	1.06806058867588
-0.687648331405605	0.510503447501297
0.577933404864359	0.376418315640524
-0.88951788053511	0.760686453768118
0.378727390829471	0.200531723202199
-0.580244728564168	0.322288315069047
1.83670007535348	1.20229488782196
-1.67827674680171	1.1536712482776
0.205071546672453	0.110351538960765
-1.32012956730741	1.33007082740601
0.894895810166702	0.722918400089256
0.0836487181970986	0.045700188709168
-0.575331997851687	0.357565550468974
-0.174628515728416	0.0913006915587617
-0.400173652945427	0.199527805530166
1.10706107947149	0.935851350786674
0.656785983310215	0.559447658001801
0.57798860447689	0.376498020652567
-0.359424999637583	0.231221859869823
-0.191509229873972	0.0839961430022088
0.617190673664239	0.575374980945102
-0.42967245780055	0.243361499868568
0.163407710474539	0.108984353747234
0.250099960707171	0.15512027724179
-0.0122973225407363	0.0057607405665406
1.21159773838509	1.46216024875371
-0.884575760396575	0.588743079775032
-1.14864413384212	1.1767399836894
0.249964238369874	0.155088974064584
-1.47874430132783	1.65426731586298
0.205185767371981	0.110419404112476
-0.32051005683072	0.184980830983559
-0.19159191508531	0.0840304489728049
0.533625086929812	0.412917619904508
-1.06718637734555	1.03280832484855
-0.389476754562305	0.276862657049257
-1.35323234806002	1.18991184376616
-0.174455736603005	0.0911793397790474
-0.674283653012676	0.547106529014952
-0.581784038930277	0.277651257807727
-5.03525449851107	2.98103099314005
-0.320434303761083	0.184938872669422
1.6010510490733	0.907306853764938
0.577937107683428	0.376356644475187
0.0423576214530844	0.0213884261189087
-0.320552993853204	0.185056332829789
1.0305216296293	0.911916006826561
-0.400020822389192	0.199426194116488
0.59876817292181	0.365396418954223
0.921238684730593	0.552324794055389
-0.321922230707596	0.232477701715822
-0.747645039833955	0.701363896058342
-0.0496545327696726	0.0271489027461026
-0.323178299118294	0.132626269521487
0.709995212937178	0.546527977701222
0.788997378530188	0.543852581801781
0.710005461501729	0.546536508014955
-0.687509652607351	0.510321545292853
-0.11914688158692	0.0730322934000676
-0.687554945019591	0.510469115091673
0.207807941695932	0.162442430211352
-1.17194848496908	1.82267376732751
0.617269182299636	0.57541155323709
-0.320592516713302	0.185058889412806
0.623498793602424	0.352474627314365
2.23669610069715	2.8648209463496
-0.82904260338687	0.606117849583234
0.710019779881786	0.54651756556299
0.116337265710945	0.0683120625139432
-0.0760285969485862	0.0474989435903123
0.710005461501729	0.546536508014955
-0.174485277419969	0.0912106313420276
0.399631165644799	0.294713157142637
-0.58178160921078	0.277642461693518
-0.884588372446995	0.588819046433955
1.10706148824685	0.935941427611023
-0.733549469066231	0.73920743376172
-0.674283653012676	0.547106529014952
-0.104317955751367	0.0557991159685809
-0.0873025425552024	0.039747500646423
0.546226339378666	0.400029781886946
0.921407174037824	0.552510092381016
-0.687648331405605	0.510503447501297
0.560711157363661	0.388178233889262
-0.674353215160564	0.547253277290427
-0.740162214758242	0.452442797394852
-0.284638301267164	0.186600808077093
-0.792000132916884	0.632605847321654
0.378621720444965	0.200461497743518
-1.67827674680171	1.1536712482776
-0.00599518849190925	0.00335462823906744
-1.6786292362247	1.15358014863109
-0.400513563075863	0.199729099262418
-0.795136887870371	0.428761710415251
1.06012940531189	0.577842537391584
0.396901374837233	0.260194980996735
0.365377058174033	0.17570635540703
-0.119077183004402	0.0729893994545596
0.745472381391947	0.543686241026447
0.623368560595867	0.352394665675771
-0.580519832750385	0.322368003722153
-0.268617700571665	0.137383094548257
0.874648932080368	0.882600299694282
-0.660197192544536	0.627091220935531
-0.795391084685964	0.429117695674088
1.50450828107786	1.26738916091211
0.84434901377286	0.546409530474438
1.20498438869504	0.970879883451579
-0.237556633058134	0.139840942845518
0.844152537341915	0.546273411772544
0.399502630533635	0.310526343450124
1.79309800408959	1.77762892936041
-0.104359195281209	0.0558242971418694
0.180766777910871	0.12760876502222
0.249953816287964	0.155073709123128
-0.707521172971948	0.478490781085457
-0.0122276726897269	0.00572835891609193
-0.23749787590423	0.139847890981541
0.972195259341674	1.05858838395181
0.398793429534845	0.277791401936865
-0.352840793165623	0.278651366988051
-0.472037251876793	0.329944781713068
0.142463068792217	0.0894117153705967
0.894895810166702	0.722918400089256
-0.581784038930277	0.277651257807727
-0.795391084685964	0.429117695674088
1.33421488170253	1.01926622253753
-0.792026897207467	0.632656687526342
1.02283257092325	1.07148329295772
0.710026047413324	0.546408476904265
-0.0397950123866168	0.0253177308157406
-0.413968683443771	0.322169866535159
-0.575306066526481	0.357587683954408
-0.268719004618864	0.137442961534784
0.169884086577812	0.0841182875246922
0.845221610924625	0.715925621706469
0.598286523308632	0.364998220512253
-0.57943088063197	0.477125963903158
1.03045193248023	0.912342182172087
1.10714081553382	0.935863560197638
0.844628434055108	0.546207327121409
-0.889598268471823	0.760596529805884
0.828826946888009	1.03487204229321
0.681060384504057	0.551743178095014
-0.0873848714595538	0.0397782837000225
-0.192101018657265	0.0842329996748785
0.388808660668062	0.222896051552016
0.598666029175516	0.365312255321971
-0.0872202098935879	0.0396925932505551
0.578021980853289	0.376453245041543
-0.976575296838952	0.584360386105283
0.0836346373861601	0.0456890182021036
-0.0496545327696726	0.0271489027461026
0.205185767371981	0.110419404112476
0.0423571659955781	0.0213870028203468
-0.218802894890499	0.162910693645494
0.249918996642399	0.155043388295526
-0.174654363192555	0.0913057007302436
-0.487292193844391	0.37363327999721
-0.687533718902542	0.510410406258138
-0.487352758396561	0.373715921399116
0.710099550434464	0.546544610800671
0.577904035765963	0.376335233992761
0.378837053043127	0.200602993253842
0.623050316446066	0.352135083519687
-0.510381448501776	0.185343391604108
0.546271580777341	0.400008553957061
-0.70752193721132	0.478472790723747
-0.0876302197595823	0.0399015975036765
0.681165586147454	0.552082858182599
-0.0122727931927386	0.00575042631266952
0.598870483563842	0.365443873911522
-0.171994732629491	0.103308943259964
-0.84228614531331	0.36699626824262
0.39693217152986	0.260242591337945
-0.0122727931927386	0.00575042631266952
0.378847621753956	0.200589252322247
-0.0122727931927386	0.00575042631266952
0.116336763122957	0.0683051812231938
-0.707480143436695	0.478397987358348
-0.00589516810795806	0.0032993841077008
0.560631884952499	0.388100936597873
0.388623453802359	0.222807132021994
0.623180168539243	0.352214767231186
-0.237508265376135	0.13986368143934
-1.95690074927006	1.00326104207221
-1.04554756486421	0.877866469062976
-0.70744426971246	0.478196361482492
-0.434460262220038	0.367510749996405
-0.171941842769072	0.103292339313764
-0.389580857357101	0.276970170158891
-1.50081791040258	1.9654211717699
-0.174544124873814	0.0912564848517119
-0.981070186051864	0.894322924972738
-2.47056109853283	2.51996342928178
-0.0871992063586919	0.0396936425795753
-1.01623661359486	0.730952335251491
-0.0096051684801569	0.00621910491051498
0.11628438193158	0.0682790642668379
-0.792025578143499	0.632466121076982
1.61596063640551	1.67118746865856
1.81411609166176	0.680234581521496
0.379022994958611	0.200668768396603
0.968718233849082	0.897493180057201
1.65632327192661	1.51956912472479
0.917828446365388	0.888830059566311
0.533702983875235	0.41302357964498
-1.40936032543671	1.06869854223513
-0.511389888500117	0.185631904766345
-0.840932032556559	0.366036455182887
1.32278297094327	0.630538650677177
1.32436602519462	0.631710688508099
1.26526949992653	0.35405939751203
0.92132134334832	0.552408279546252
-0.580349831282464	0.322341566730602
0.95692825447083	0.734633189363389
-2.18909800438184	1.26985288518349
0.393958723380873	0.242166010414656
0.623180168539243	0.352214767231186
-0.32342872014596	0.132754800981013
-0.0947477274635641	0.0271987917649854
0.398766246990826	0.27772283373175
1.20490239363088	0.970865504289273
0.0588162361047195	0.0233573777261437
-0.580349831282464	0.322341566730602
1.7931274023303	1.7777837141532
-0.119059968489727	0.0729770777774155
0.0836834538134724	0.0457175748200456
0.309156217774484	0.276064799476216
-0.740572773029849	0.452729539581532
-1.6785047704879	1.1534766271046
0.788952008697734	0.543735380200091
-0.268617700571665	0.137383094548257
1.12028925321021	1.26250844731655
0.845312134102629	0.716282121231874
0.578213781774443	0.376621340517449
0.769897928866505	0.716092331345813
-0.104357499932016	0.0558222115623603
-1.6786292362247	1.15358014863109
0.533724618404583	0.412861278896027
-0.00592246809638425	0.00331457761061461
-0.359470277506759	0.231240306415592
0.845430036590367	0.71650474668351
-1.27872364579987	0.903836429245258
-1.33198231888363	0.762319293050376
-0.322043476367483	0.232634572230303
-0.487378737817229	0.373708332643852
-0.579317344332745	0.477063570993259
0.396956601925935	0.260280489844571
1.12044413868178	1.58190848271553
-0.322020148361353	0.232602024258088
-0.575262792708149	0.395475278382787
0.0293453683262473	0.0174484109871114
0.0423180273406882	0.0213686808954471
1.91764415234455	2.04103226543729
-0.359355529732364	0.231141735117536
-0.472064003814338	0.329987530330869
0.709970737948806	0.546462186417456
-0.0123546421621991	0.00578834044022463
-1.24921849849432	1.03274850818744
-0.0874192319868208	0.0398048854826958
-0.842861219755843	0.367305958459751
-1.27853301138186	0.903936296677004
0.0588841927425728	0.0233766371160128
-0.119094398900084	0.0729977419848567
-1.13569824977844	0.742021850109875
-1.6786292362247	1.15358014863109
-0.174544124873814	0.0912564848517119
0.745393530540733	0.543722108365821
-0.389589086762666	0.27697775175688
-0.884701326330879	0.588899170884722
1.35562886254034	1.19642011603424
-0.0496755348028971	0.0271594987077226
-1.13708520351565	0.878330401491788
0.789194873519341	0.543959116050008
-0.740372218460723	0.452702879152707
0.681164528369224	0.552169548046072
0.68108495801316	0.552022706161808
0.205152501413158	0.110394674120877
-0.453486695923122	0.286846798923099
-0.389389209171987	0.276642631670817
1.4917523946474	1.42970643407314
0.745394033281706	0.543633103188281
-0.687589644821375	0.510540860097034
-0.23749787590423	0.139847890981541
0.0836834538134724	0.0457175748200456
0.249908580450366	0.155019728615873
0.894895810166702	0.722918400089256
-0.329146674839443	0.28500530063292
-0.976702890166401	0.584516803880515
-0.432195795413815	0.0981239072789159
-0.0873848714595538	0.0397782837000225
-0.0933542386755156	0.0267801552868843
-1.33197952685661	0.762634981562714
0.578043836574162	0.376548516431563
-0.430051715681581	0.243618728457605
0.120477370357148	0.0540410805798598
0.365545538878326	0.175812862473331
-0.320590430654897	0.185062347151589
-0.674335975125147	0.54717411483154
-1.04540091106297	0.878624339051669
0.512376988694574	0.437561820666754
0.0835689978452454	0.0456494284522933
0.20515621128702	0.110408160639295
-1.01623949404177	0.731062986346385
-0.829085333646607	0.606448881785564
-0.389450543691259	0.27686677265557
-0.829161861228045	0.606385804968966
0.845351136894809	0.716491994850677
-1.3320517981059	0.762350672909563
-0.322407610224705	0.232877847149382
0.37882650870246	0.200579110731171
-0.104359195281209	0.0558242971418694
-0.472196530063108	0.329995456262828
0.249950414270769	0.155064825728373
0.0423185594731741	0.0213690212508505
0.788800463373908	0.543500128836329
0.968692018301136	0.897455336977735
-0.104399592297262	0.0558404234022689
1.03031273414609	0.912372885505207
0.398899197057204	0.277853325909737
0.745432002071474	0.543652400502029
-0.453527147708742	0.286874832407521
0.388565964607091	0.222757123212129
1.50471174243904	1.26752924438909
0.378621720444965	0.200461497743518
-0.580603062995071	0.3224974752442
-1.01629436212397	0.731210863643357
-0.359358536869882	0.231103002500519
-0.11894684858849	0.0728829628409208
0.0294057219700907	0.0174828073879628
-0.8291630429523	0.606447548597179
-0.352637960178196	0.27845206958993
0.265187505743766	0.175463990706954
0.845416497078957	0.716483579132327
1.20464806149762	0.970319578051898
-0.579180504865215	0.476889378185738
0.788882342572252	0.543663401868141
0.393958723380873	0.242166010414656
-0.889548508745967	0.760500494402649
-0.389693992708341	0.276915874424259
-0.70752193721132	0.478472790723747
0.397026101851446	0.260307889214928
0.0423571659955781	0.0213870028203468
0.0836450010510917	0.0456897563034637
0.265081519963287	0.175388771904212
-0.13205824971141	0.0911295786547439
0.635638370904621	0.567097629872837
-0.237452844481152	0.1397982931458
-0.237573967425114	0.139884696422554
0.560671511271766	0.388152242066617
-0.0496642755953508	0.0271477830020713
-0.119094398900084	0.0729977419848567
-0.0878628625028632	0.0399987686704148
0.388750876020199	0.222881622076993
-0.4297991763118	0.243493611717284
0.205181952499019	0.110420289382553
0.681085975513536	0.552026657242208
-1.11104174051405	0.563092496834586
-1.64082941507658	1.41161338940413
0.23052811985298	0.133680230051694
0.578213781774443	0.376621340517449
-0.0873136276015911	0.0397499196226352
-0.0125259325635706	0.00586779755749912
0.388553749445873	0.222747063630089
0.378940602994957	0.200651612788855
-0.70752193721132	0.478472790723747
0.170068843650991	0.0842286987652546
-1.36974682531673	1.63817807317546
1.03580356553189	0.753459187563453
-0.976388308966963	0.584207226036347
-0.884588372446995	0.588819046433955
-0.4297991763118	0.243493611717284
0.560751521801676	0.388148097019165
0.119980963262918	0.0538242500271638
-0.829165276939393	0.606465936301729
0.844245436694145	0.546340791689674
-0.740472578230699	0.452738938330306
-0.42967245780055	0.243361499868568
0.546181097504613	0.399998591734954
-0.320552374954212	0.185067543761871
-0.237601684787382	0.139839883336213
-0.266168279052677	0.195321218046374
0.195490200753254	0.145470862964522
-0.0760739807981638	0.0475235027851919
0.398792926930983	0.277777135794923
-0.237463240563307	0.13982242209813
-0.320433778064975	0.184950136690717
0.042317099728294	0.0213645753710401
-0.237553290358037	0.139887377403942
-1.70846398227195	1.87011505764997
-0.104400361555696	0.0558345003696772
-0.359449115974057	0.231217993302278
-0.472169787007076	0.329997991015278
0.230608848596398	0.133708611959684
-0.352574079691055	0.27836629958309
-1.29997550920819	1.4800844534993
-0.359446060402219	0.231222563721811
0.116337803549992	0.0683121911720951
-0.575318237617244	0.395483995236497
0.495469745484411	0.461832563472516
-0.0875247626795585	0.0398554643821223
-0.320473330609048	0.185007486119419
0.142410537358923	0.0893756334158816
0.0423598988642098	0.0213823736170543
1.08238282667856	1.0889579102222
0.103269972097491	0.0732196605400386
0.0836796513806659	0.045709786317908
0.388508587019126	0.222685278769995
-0.400536866605911	0.1997271130363
0.394078485702876	0.242244126778131
-0.104318795135885	0.0558015566425405
-0.472143034812452	0.329985654738787
0.623132503431904	0.352217814060037
-0.400150141167734	0.199526819273677
2.32864427321749	3.15301093266656
-0.575218613589162	0.357443211501799
0.0837004215571479	0.0456962831846605
-0.00602792446630063	0.00337277124820236
0.396977175798824	0.260262280706806
0.598675391106249	0.365365106671917
-0.087441370809686	0.0398097097825643
-0.430064216872108	0.243565519688309
0.656689874439113	0.559250583495891
0.745353007153523	0.543706231076692
0.533773156700181	0.413078565518056
-0.104279967239532	0.0557741192149482
0.577959184122381	0.37641487267881
-1.51832746292766	0.95902509039346
0.623286300486041	0.352340568865308
-0.0759678553955436	0.0474615581554746
0.0586752350175879	0.0233026661375095
0.39395926482031	0.242165352884471
-1.04545690815965	0.878561347924845
0.276932654578938	0.19431118824994
-0.104279967239532	0.0557741192149482
0.163362306498268	0.108955004020726
-0.934037094282969	0.917436873773898
0.577959184122381	0.37641487267881
0.0823877827139496	0.0553278003059823
-0.320551000801398	0.185059855634261
-0.389450543691259	0.27686677265557
-0.829164181524425	0.606473226288315
0.895015467596935	0.722804616864775
0.286059200046045	0.211966902979173
0.396911610810945	0.260226883174291
-0.434377913464524	0.367465009526241
-0.359483789117477	0.231208438761709
-0.471958228475575	0.329798908829624
0.170170551402025	0.0842873863496133
0.16998558631475	0.0841768411984164
-0.359400794834614	0.231196545368216
-0.00953075545206982	0.00617129371406927
-0.575307838029623	0.395499269125434
1.7931015813258	1.77762844569721
-0.268516230467572	0.137314152183712
0.0588162361047195	0.0233573777261437
0.205152501413158	0.110394674120877
0.0583206999640605	0.0369421699714331
-0.976620884568423	0.58466531707052
0.578103014416737	0.376604056005177
0.163650615836195	0.1091460889975
-0.941238145850106	0.739668689417814
-1.35322164771661	1.18991841115085
-0.824813247994589	0.821258746528391
0.0423185594731741	0.0213690212508505
-1.27893773865628	0.904027585107103
-0.104397024410346	0.0558413819324387
-0.580244728564168	0.322288315069047
-0.10435836928934	0.0558246704842912
-1.13530112512833	0.741647485097293
0.560632673606397	0.38807023461074
0.0422796254578924	0.0213471109845159
0.119616312676658	0.0536293120410217
0.230489218546085	0.133657096820458
-1.04537948796259	0.878580667548643
0.668341817602373	0.343821264073672
-1.01634919800968	0.731217314444919
0.0836937122363792	0.0457231254747843
0.957013386292613	0.734584209866301
0.709974804564598	0.546383781699304
0.598286523308632	0.364998220512253
-1.40929168694041	1.06907240900377
-0.131990605104145	0.0910769702408111
0.837565941001676	0.879542472103993
-0.104359977904879	0.0558212020500924
0.398820693400698	0.277780946825633
1.03035772769532	0.912497242726863
-0.171863890155145	0.103233387901618
0.142480275374493	0.0894237326972331
-1.24917788399699	1.03270342574167
-0.17189007357759	0.103262278865495
-0.00594815898577684	0.0033288897110876
0.365469085806459	0.175665956638447
1.65632327192661	1.51956912472479
1.52015348620595	1.08671721277481
0.622920670421795	0.35200755441296
-1.51808288186702	0.958634145921888
-1.52959235860103	1.23848521961995
-2.18002138539429	1.9201720707914
-0.739885825946014	0.452007369652906
-0.580016262315733	0.322066841910722
-0.792000758207755	0.632580193184753
-0.0122973225407363	0.0057607405665406
0.789264846004561	0.54394451038598
0.265118813379176	0.175428622585859
0.623156321552976	0.352260784925711
0.230448835221244	0.133616924089533
-0.7400701483229	0.452397258194513
0.84529784914502	0.716263798147259
-0.47209131567218	0.329997648951972
0.369606368030708	0.158007050490895
-0.400408163058232	0.199679139220261
0.710005461501729	0.546536508014955
0.956847205934777	0.734460761323295
-0.0122973225407363	0.0057607405665406
-1.94972660343812	1.53286114131614
-0.00190672948753378	0.000649411384947845
-0.4534876275693	0.286851758282326
-0.104321718826675	0.0557828798203067
-0.268719004618864	0.137442961534784
-0.268626755667087	0.137386831811978
-0.320513993115958	0.185013055249382
-0.472038428594962	0.32992879543917
-0.237618979454194	0.139875124814223
1.03034750926467	0.912449882956028
-0.70752193721132	0.478472790723747
-0.575361020021202	0.357592442111619
-0.11917313767827	0.0730393602931805
-0.104397024410346	0.0558413819324387
-0.579810540767496	0.321790309332033
-0.687589644821375	0.510540860097034
-0.191768903144085	0.0841252697608303
-1.51824496864762	0.95886148357615
-0.32062984034983	0.185025523061388
0.230529605001091	0.133680510590328
-0.674440038468697	0.547333357087734
0.709946354836921	0.546312175029216
0.598471479069243	0.365154751464456
-0.174544124873814	0.0912564848517119
-0.284637753148167	0.186595779542609
1.14132666656629	0.780469271001445
1.33420451960828	1.01921230707526
-0.981035668205415	0.894234519686994
-0.842573501506563	0.367295334988531
0.804517070530045	0.71558439840519
-1.01643265829308	0.731047018038292
-1.14274695959011	1.02417125200849
-0.795475547334051	0.429156033723791
0.0583206999640605	0.0369421699714331
-1.95012191488657	1.5350464079897
-0.0496197888314195	0.0271299727345174
0.378516123801615	0.200369826875235
-0.268617700571665	0.137383094548257
1.05987776781758	0.577885042568082
0.396991343747782	0.260302212223515
-0.707484406937371	0.478200091652477
0.230607483632705	0.133708407209246
0.205181952499019	0.110420289382553
0.0423576214530844	0.0213884261189087
0.714519113042834	0.722451663400135
-0.13205824971141	0.0911295786547439
0.546191546545707	0.399994409087937
0.142376135117648	0.0893560334310867
0.399570488339335	0.294640933948354
0.230569994594728	0.133686869744806
0.0423576214530844	0.0213884261189087
-0.171836647611099	0.103224835215403
0.394077543950188	0.242263206421765
0.293798126252317	0.229225736683663
1.02271022847188	1.07129807857697
0.788800463373908	0.543500128836329
-0.429868625622534	0.243546443419877
0.205123128476221	0.11035959863149
-0.32946820375106	0.28541918191126
0.533642208015981	0.41294769709394
-0.575262792708149	0.395475278382787
-0.581854188280408	0.277697073220254
-1.01629155118255	0.730958922030256
0.163582166597187	0.109092552429916
-0.0122973225407363	0.0057607405665406
0.546215912621286	0.400033984487797
-1.13712456026234	0.87876657298231
0.0835342879830215	0.0456228196682606
0.39959677265368	0.294648110270251
-0.104359977904879	0.0558212020500924
0.845336444937576	0.716445527359605
0.116311642762167	0.0682935907870279
0.770145430120155	0.350454199977507
-0.884588372446995	0.588819046433955
-0.191765997402019	0.0841406045300469
1.50451738240719	1.26750919799834
-2.06929532158989	1.72493981665132
0.54617401642555	0.399944354941404
-0.740372218460723	0.452702879152707
-0.57928016822333	0.476688221113313
-0.884770354939938	0.588923492607131
0.369785495549136	0.158102799873415
0.249999051633764	0.155110314569276
-0.4297991763118	0.243493611717284
0.230568482664177	0.133702810948979
0.745272885470008	0.543342747813494
0.265075171393988	0.175390756254714
0.398872498945576	0.277846608081507
-0.320552374954212	0.185067543761871
-0.968467872160717	1.07653314890982
0.57798860447689	0.376498020652567
0.533763759325351	0.413052800994542
0.394039491168087	0.242187800604762
1.50460992872118	1.26759481849811
0.395572436575011	0.36832726957849
-0.1718099208786	0.103198949749752
-0.582479910199614	0.519807916154847
-0.747648633522834	0.701355898437824
-0.0960761529826697	0.0673016754134812
-1.62721137227169	1.69320053134872
-0.132190008886074	0.0912218596977014
-0.218576887331128	0.162748581656782
-0.0759148701878795	0.0474246136474354
0.393998820278763	0.24221496570692
-0.575321527408188	0.395445387250263
0.163354629328689	0.108946590257297
0.24997468863786	0.15509621575848
0.681217412014632	0.552162893124724
-1.82060683537853	1.34328728713377
-0.400384780578106	0.19966118834964
-1.0163752678127	0.730879948991791
-0.400384780578106	0.19966118834964
1.35557734308983	1.19649920345641
1.05978803084369	0.577720231178301
-0.687613685418675	0.510543809311169
0.120240788194207	0.0539451931203284
-0.19168054449394	0.0841002189352164
0.804526486818056	0.715604070763454
1.14098542907508	0.779786174713427
0.968772638322824	0.897633980404602
0.170253854508655	0.084308299304193
-0.00597437053769192	0.00334320528919528
0.681112152324062	0.552106999105438
-0.218727482304641	0.16287026471211
0.560709830432059	0.388151674306149
-0.237528955596091	0.139874316638003
0.205296443575086	0.110471969951527
0.874838922013255	0.882609735728973
-0.174683567543954	0.0913208124398447
0.740279907999678	0.718510898337586
-0.825015674990384	0.821645448444004
-0.0495954996091126	0.0271153340901365
0.399613969838884	0.294688810700674
1.03040272101607	0.912478079286337
0.399604873824898	0.2946743611885
0.710095451193974	0.546453888752434
0.745313372817002	0.543643055784517
0.656603946786893	0.559141154114591
-0.94131775771945	0.73977938532399
0.0423185594731741	0.0213690212508505
-0.472144204724895	0.330024458230868
0.0423180273406882	0.0213686808954471
0.00559162487723467	0.00417439651372375
-0.413960813438836	0.322135721934712
0.250009479618193	0.15511754145689
0.398112627603923	0.340711082862097
-0.143337525971606	0.109642663700466
-0.10435836928934	0.0558246704842912
0.0423576214530844	0.0213884261189087
-1.14859167215463	1.17642968398745
0.180770225543454	0.127606045839574
0.0292327481238893	0.0173837261691827
-0.472038964158267	0.329851361535068
-0.171862209567395	0.103236624255682
0.23052811985298	0.133680230051694
-1.51832746292766	0.95902509039346
1.10702185510946	0.935885221644565
0.623050316446066	0.352135083519687
-0.268507091440049	0.137275421862829
-0.268525347797909	0.137326910041535
-0.223902254728416	0.149354276836368
0.874641624274512	0.882597276266183
0.249884192894728	0.155003068803888
-0.852436789664913	0.788658937107064
0.0835896232229875	0.0456627648321035
0.293462938737103	0.228902406358961
0.388693203120202	0.222849389931697
-0.0875468540215103	0.039864629429921
-0.884701326330879	0.588899170884722
-0.389502229031768	0.276897438560363
1.03572027476523	0.753584739290095
0.116204318177821	0.0682051506217034
-1.13716291945289	0.878934444802947
-0.766066919696178	0.664990047838034
0.170059671984345	0.0842063275246382
1.10702234056283	0.935869287440499
0.710064754965551	0.546573518162947
0.745392661819511	0.543732026195375
-0.00594815898577684	0.0033288897110876
0.142376135117648	0.0893560334310867
-0.0759447299904431	0.0474413261977624
0.396966874057929	0.260280317934537
0.533724054660687	0.412979576740409
0.393997845165748	0.242199850872686
-0.795306487339825	0.429040562996724
0.0291721700380339	0.0173447534408283
0.399718122297001	0.294762082365456
0.399604873824898	0.2946743611885
0.276795184947475	0.194188448572669
-0.400150141167734	0.199526819273677
-0.17194241801976	0.103300002008729
-0.237463240563307	0.13982242209813
-1.27844165385962	0.903806240418973
-0.400431516798051	0.199643913265594
0.681190727615145	0.552153951286809
-0.104279967239532	0.0557741192149482
-0.795641716677105	0.429218074573229
-0.174488957080222	0.0912196505661504
-0.792106548476854	0.632679651941505
-0.575361020021202	0.357592442111619
0.789009542854592	0.543863079094428
0.230489218546085	0.133657096820458
-0.707562829262929	0.4783359551326
0.398845341000969	0.277778065636219
-0.829123658632418	0.606478073255778
-0.323267030849328	0.132664766624666
0.378493961987734	0.200357375434109
0.120028551647769	0.0538416400422945
0.844431432743736	0.546313821309689
0.533712384989079	0.413029755323642
-0.70752193721132	0.478472790723747
-0.0874634839714519	0.0398028364678843
-0.884770354939938	0.588923492607131
0.968824987433207	0.897761050436654
-0.320511550772078	0.185038220306322
-0.707403503012258	0.478082459522625
0.745353449875489	0.543725661610116
0.598573351737047	0.365281015830231
0.0836243033187161	0.0456856938071087
-0.57930178539424	0.477027308542958
0.205185767371981	0.110419404112476
0.804534186738623	0.715529175169567
0.522587369087313	0.425486084521892
0.142332662718343	0.0893225200421159
-0.17456992674774	0.0912652369592895
-0.0122154413396054	0.00572317029003499
0.745393073383296	0.543751429172607
-0.740179770854738	0.452503944476729
-0.791947866023476	0.632376985438541
-0.0122276726897269	0.00572835891609193
0.119980963262918	0.0538242500271638
-0.976365401250023	0.584398859616745
-1.67842293364952	1.15326249437505
-0.268912224783566	0.137532775591647
-0.471983720538918	0.329803774497151
-0.191677560250301	0.0840866628137423
0.170078037123426	0.0842362332696313
-1.22592300891766	1.32509892604753
-0.57525108074046	0.357535915462596
-0.0875247626795585	0.0398554643821223
-1.2786405784213	0.904106788970841
0.0423576214530844	0.0213884261189087
-0.58178160921078	0.277642461693518
-1.01637790533487	0.731279019263317
-0.580139552543401	0.322178443064124
1.03581273641939	0.753757024221273
0.681137843811647	0.552122863361016
0.230569216915851	0.133699107004068
0.745472032207582	0.543666904302959
-0.429856217784491	0.243527269122507
-0.0122154413396054	0.00572317029003499
-0.359421754793771	0.231175603419354
0.388820742451007	0.222906122652098
-0.255927925449374	0.207352312258396
0.623368560595867	0.352394665675771
-0.575221956505582	0.357508938560049
1.61603692907932	1.67172966823839
0.205296443575086	0.110471969951527
-0.10427753906291	0.0557664408524749
-0.320551000801398	0.185059855634261
-0.268719004618864	0.137442961534784
0.116204798944121	0.0682148521997068
-0.581641483154413	0.277422867491872
0.745352258464339	0.543510782411118
1.79285149819519	1.77693914701903
0.37892999110995	0.200646545836412
-0.575221956505582	0.357508938560049
-0.26842377376637	0.13725791720775
0.844256005489486	0.54634206000507
0.668410467979929	0.343916625774154
-0.0124813117514577	0.00584729622039226
-0.323267030849328	0.132664766624666
-0.4297991763118	0.243493611717284
-0.268617700571665	0.137383094548257
0.844256005489486	0.54634206000507
-0.0876302197595823	0.0399015975036765
0.560751521801676	0.388148097019165
-0.707442298978329	0.478332862516679
-0.575218613589162	0.357443211501799
-0.795557467610568	0.429227305973378
-0.174547594798126	0.0912442955274002
-0.429811544627333	0.24349758007301
0.844070186217798	0.546045193585038
1.14113847634247	0.780144258178932
-0.320551000801398	0.185059855634261
0.396956601925935	0.260280489844571
-0.118990289624776	0.0729221728314425
0.388808660668062	0.222896051552016
0.205130478099973	0.110380892749031
0.365462810263777	0.175771126538925
-1.52959404603554	1.23841088927481
-0.174492497004984	0.0911987002855928
-0.359411288891954	0.231191559725985
-0.359347901903754	0.231040645047421
1.10702287153373	0.935731496709681
-0.0496439894741144	0.0271417412631816
0.205237204149976	0.110442438968594
0.170272425689712	0.0843399388739337
0.681166167868127	0.551914319190928
-0.581854188280408	0.277697073220254
1.33450396417429	1.01938811384787
1.26500673553769	0.353978706387524
-0.359355529732364	0.231141735117536
0.169976433422897	0.0841776092708832
1.20498438869504	0.970879883451579
-0.320472728323707	0.18500883783832
0.265160751090431	0.175456670823364
-0.0122850641813574	0.0057559911383436
-1.32006018866403	1.32992829174441
1.10718050971714	0.935716844042148
1.4918700932737	1.43016010723581
0.0423977057639784	0.0214070367044068
-0.707440758239958	0.478286831278548
2.04419091510948	1.50859841746199
0.598861018517101	0.36538933531321
0.170374466606941	0.0843863554800559
-0.453486695923122	0.286846798923099
0.598397427711216	0.36507558725869
-1.4502448302769	1.35228240029353
0.205071546672453	0.110351538960765
2.29996261446963	2.49860991240153
0.54617401642555	0.399944354941404
0.23052811985298	0.133680230051694
0.54617401642555	0.399944354941404
-0.57539281954892	0.357519856300828
-0.70752193721132	0.478472790723747
-0.453566648168422	0.286866712107399
0.956957960221602	0.734596218098462
0.119616312676658	0.0536293120410217
1.0359237496115	0.753843255594232
-1.13567729072396	0.742109314725345
-0.976620884568423	0.58466531707052
-0.400408163058232	0.199679139220261
-0.430064216872108	0.243565519688309
-1.34644190675536	0.492013982411103
0.623132503431904	0.352217814060037
2.68395816897637	1.75280717112361
1.03629481154617	0.754146980180703
-0.23751862527221	0.1398723323227
-0.941248715467279	0.73977141478231
0.560750168129779	0.388179645747097
-0.70752193721132	0.478472790723747
0.844163062994518	0.546224354744882
0.789021719765927	0.543765482461679
0.956843336205729	0.734548363620484
-0.0875247626795585	0.0398554643821223
0.205181952499019	0.110420289382553
-0.575335061941683	0.357592851898839
-0.268617700571665	0.137383094548257
-0.174654363192555	0.0913057007302436
0.169884086577812	0.0841182875246922
-0.0871062752832628	0.039644736391682
0.598388187690383	0.365124289578113
-0.0121457735954574	0.0056898242385988
-0.26623635894636	0.195370452973076
-0.46688850244522	0.457854110690278
0.788997378530188	0.543852581801781
-0.174573431544604	0.0912716571979923
0.205071546672453	0.110351538960765
0.894895810166702	0.722918400089256
1.36653194261478	1.36625152105073
-0.0877795706067474	0.0399712524693087
-0.453606128963872	0.286794524593902
0.398899738292864	0.277833137389053
0.681139427932065	0.552002549987008
-0.359411288891954	0.231191559725985
0.770731512231836	0.350809203466032
1.14166892231236	0.78056102804375
-2.1894304441681	1.27005874633258
-0.0876302197595823	0.0399015975036765
-0.429856217784491	0.243527269122507
-0.237528955596091	0.139874316638003
-0.582622384155628	0.519854547326491
-0.0496892608524587	0.027166145527787
0.0423972358643515	0.0214067271227048
-0.174488957080222	0.0912196505661504
0.399601231706607	0.310636777287677
0.250030420206014	0.155105697551881
-0.218507747463986	0.162672684368295
-0.4534876275693	0.286851758282326
-0.941248715467279	0.73977141478231
0.180766777910871	0.12760876502222
0.788927613401003	0.543735628832399
-0.707481746061678	0.478444102656824
-0.0124813117514577	0.00584729622039226
0.249884192894728	0.155003068803888
0.77003540292901	0.716319945838022
1.2116131792873	1.4619754989804
-0.322096351977725	0.232700933060966
0.635493749314852	0.56687520806473
0.777571194647716	0.878575106108433
-0.487240266086288	0.37354384582892
0.300079191027156	0.245519313953776
0.286180042910363	0.212074634105173
-0.23749787590423	0.139847890981541
0.399631165644799	0.294713157142637
2.32872394963705	3.15333350476588
-0.400408163058232	0.199679139220261
0.0587457894570351	0.0233313383669741
0.116337265710945	0.0683120625139432
-0.104359977904879	0.0558212020500924
0.522533707339454	0.425351326050844
0.029293325983083	0.0174211094865384
0.917924550369868	0.88871165757905
0.397310791384985	0.355201253958093
-0.739876894528188	0.452101136070571
-0.829126855391428	0.606456974810141
0.399502630533635	0.310526343450124
0.24997468863786	0.15509621575848
-0.320472728323707	0.18500883783832
0.84434901377286	0.546409530474438
0.116311088160801	0.0682971565583205
-0.0872920717273817	0.0397381772141896
0.598582673007789	0.36530237473833
0.844256005489486	0.54634206000507
-1.33197678245378	0.762263841197909
-0.389598077276326	0.276999851571436
0.116337265710945	0.0683120625139432
-1.3531420395227	1.19035544272686
0.598592016021916	0.365255436252484
-0.453485720976542	0.286825894441277
-2.54793662767654	1.76400174846487
0.205181952499019	0.110420289382553
-0.795557467610568	0.429227305973378
0.546181097504613	0.399998591734954
0.394077543950188	0.242263206421765
-0.976470386658705	0.584506017782514
0.74519642948595	0.542997128212159
-0.400513563075863	0.199729099262418
0.804534186738623	0.715529175169567
-0.575314528244503	0.395286964509483
-0.400020822389192	0.199426194116488
1.12000769604415	1.2613519862227
-0.174683567543954	0.0913208124398447
0.668553738709177	0.343855559500313
0.656699003100753	0.55938185801997
-0.359424999637583	0.231221859869823
0.598573351737047	0.365281015830231
0.170281743912202	0.0843350879613783
0.388693203120202	0.222849389931697
0.378516123801615	0.200369826875235
-0.687499047684789	0.510279405598265
-0.320591171432568	0.185071363929284
-0.747441306445603	0.70112759709782
0.617122529519423	0.575316923973255
0.170263129213505	0.0843313417776692
0.84529835978895	0.716352267183875
0.598388187690383	0.365124289578113
-0.237608662256333	0.139886971598541
0.0835896232229875	0.0456627648321035
-0.707482479345284	0.478426084681255
-0.575328607690282	0.395448525801882
0.398845810001017	0.27782383840063
0.968771592343898	0.89777848560479
0.956872912425269	0.734592065785687
0.286400306634655	0.21219763029243
0.956957960221602	0.734596218098462
1.20477507746586	0.970708427297487
0.365459706351774	0.175748040889583
-0.237459530713773	0.13981283712089
0.205211481751657	0.110438490596475
0.120004743026815	0.0538382787021705
1.52031552276731	1.08722702084927
-0.104279201245991	0.0557745263714602
0.378951239229763	0.200616521437487
-1.24922107206878	1.03271728618912
-0.57525108074046	0.357535915462596
-2.18010206836537	1.91941103141641
0.745353007153523	0.543706231076692
0.205126733349182	0.110389989862704
0.0835999802839683	0.0456661028318998
0.205207701750601	0.110416794371153
0.59876817292181	0.365396418954223
0.0837079999509027	0.0457243799470305
0.623498793602424	0.352474627314365
1.14145651481394	0.780640318755813
0.116338376605539	0.0683053528732125
-0.268921114931938	0.137530879122937
0.265065773360698	0.175344205786213
0.205189722034872	0.110378982699387
0.365462810263777	0.175771126538925
-0.795136887870371	0.428761710415251
-0.795306487339825	0.429040562996724
1.20483259624617	0.970734582695714
0.668410467979929	0.343916625774154
-0.4297991763118	0.243493611717284
-0.191848441999651	0.0841748012731843
1.03609050264872	0.753887619893022
0.170068843650991	0.0842286987652546
-0.472011115164623	0.329915445003355
1.0360071240707	0.754049538610323
0.205241089187748	0.110449762702166
0.89481580104424	0.722706676029288
0.771384657824967	0.351194621180954
-0.0875468540215103	0.039864629429921
0.388451320995469	0.222566481892269
-0.0122973225407363	0.0057607405665406
-0.00226675917502309	0.000770578967515132
-0.976980042183984	0.584826986165083
-0.0875247626795585	0.0398554643821223
0.0586752350175879	0.0233026661375095
-0.0122276726897269	0.00572835891609193
-0.00415769966103373	0.00141486239971352
-0.579903215884385	0.321891230334106
0.598694180155987	0.365261024783485
0.560673071961797	0.388052502845993
-2.85611637735564	3.59011709372405
0.635509061455864	0.566951367496272
-0.268617700571665	0.137383094548257
0.0423180273406882	0.0213686808954471
-0.707521172971948	0.478490781085457
-0.237508265376135	0.13986368143934
0.170272425689712	0.0843399388739337
0.169976433422897	0.0841776092708832
-1.95874230208418	1.00497575293314
-0.35950499507081	0.231230783576538
0.378516123801615	0.200369826875235
-0.575302897931052	0.357517752740987
-0.268516230467572	0.137314152183712
-0.0123546421621991	0.00578834044022463
2.17475115658008	2.21223317243303
0.956983629109388	0.734621121449141
-0.17459926023523	0.0912855489687525
-0.707519508503827	0.478444598517908
1.03561878675023	0.753180814257061
-0.94130434126359	0.73990733004916
-0.268322033479146	0.137179227635239
0.789067188669125	0.543924706508862
0.0423576214530844	0.0213884261189087
0.921407174037824	0.552510092381016
1.52031552276731	1.08722702084927
0.92132134334832	0.552408279546252
-0.766144783495066	0.664880122397291
0.0423175407555787	0.0213672432919553
-1.13578138472696	0.741904171244804
0.24998516710157	0.15509510358789
0.120004743026815	0.0538382787021705
0.230609596245056	0.133696357399747
0.710040201323559	0.546575985920525
0.142531886827214	0.089431917333878
-0.575273198865867	0.395479571147706
0.0423982212440437	0.0214062491591895
0.394037916789735	0.242247660525564
-0.472038428594962	0.32992879543917
-0.707521172971948	0.478490781085457
-0.472144204724895	0.330024458230868
-0.472064003814338	0.329987530330869
-1.14889381646894	1.17730479293117
-0.359467008575137	0.231178631757932
-0.284638301267164	0.186600808077093
0.956872912425269	0.734592065785687
-0.171916249530567	0.103284333532777
0.398337033094695	0.340900128016223
-0.321951707318301	0.232488327025004
-0.707518608301749	0.478373617995054
-1.5184112689232	0.959430498339099
-0.132054634542926	0.0911255405130199
1.71221141031756	1.36358639614156
-1.51800010062331	0.958381636297396
0.844338401804658	0.546357972005448
0.59876817292181	0.365396418954223
-0.322149279419821	0.232744089564935
0.299856566313682	0.245317036902706
1.24267037254785	1.14706863119756
0.560789883897686	0.388151965213491
-0.842217165704752	0.366945966505995
0.968745395432687	0.897740647520748
0.230528840720756	0.133684195378615
0.0424364774527387	0.0214218641512491
0.0836243033187161	0.0456856938071087
0.598684774774916	0.365349678431694
0.710074957426673	0.54658200687287
-1.01638040429431	0.731261580326361
1.49187055735481	1.43022320646088
0.0423581224798044	0.0213887511464096
-0.0122276726897269	0.00572835891609193
-0.0875247626795585	0.0398554643821223
-0.580603062995071	0.3224974752442
-0.104397923721841	0.0558438585660396
0.578184050921728	0.37660955704405
-0.889598268471823	0.760596529805884
0.23053041269172	0.13366829299905
0.170170551402025	0.0842873863496133
0.672361113399272	0.732186763380377
0.042279016727012	0.0213478495403599
0.265160751090431	0.175456670823364
0.163483877144822	0.109053939598613
0.170170551402025	0.0842873863496133
-0.320510826521617	0.185017428733123
-0.941307142384214	0.739676611809156
-0.674517925605942	0.54735116222291
0.103269972097491	0.0732196605400386
-0.67439662495425	0.547304924511479
-0.829086369388326	0.606441524864473
-0.674431104374811	0.547317552430663
0.522808778712343	0.425537647299156
-0.266178848835042	0.195324141801361
-0.174602660202585	0.0912810692303503
-0.70748096742124	0.478435371653978
0.578128702372086	0.376615585739378
0.788927613401003	0.543735628832399
-0.580266505812649	0.3222691862051
0.369606368030708	0.158007050490895
-0.453526186148828	0.286869848352417
0.28597697637459	0.211859531876082
1.24274820443617	1.14738294395687
-0.884701326330879	0.588899170884722
0.265239984093465	0.175477747830737
0.230448835221244	0.133616924089533
0.120134631761478	0.0538964433430745
-0.389407113262614	0.276808538795822
-0.795306487339825	0.429040562996724
-1.40927863953749	1.06900153922817
0.388553749445873	0.222747063630089
0.396876878494454	0.260171257683474
-0.224198865876117	0.149547702668538
-0.429786795407442	0.243444148307166
0.378727390829471	0.200531723202199
0.917854759899421	0.888901372402461
0.533729511255781	0.413059845750498
-0.104239587604197	0.0557427212234369
-0.707519508503827	0.478444598517908
0.250054720394824	0.155128740837758
-0.0122276726897269	0.00572835891609193
0.0836103669312504	0.045666856274849
-0.94130434126359	0.73990733004916
-0.104318795135885	0.0558015566425405
-0.889517250631223	0.760561829974456
-1.27873173123899	0.90423664025219
0.533729511255781	0.413059845750498
-0.320552993853204	0.185056332829789
1.14137421358343	0.780410094648711
0.378837053043127	0.200602993253842
0.230529605001091	0.133680510590328
-0.429982454183801	0.243596650316567
0.170179807255207	0.0842887264509299
0.116232600283898	0.0682276836774492
0.874512228165114	0.882363359522584
0.95689862688858	0.734589435516779
0.709970737948806	0.546462186417456
0.394078485702876	0.242244126778131
0.894895810166702	0.722918400089256
-0.104359977904879	0.0558212020500924
0.681243609426571	0.552113682501691
0.789194873519341	0.543959116050008
0.560711157363661	0.388178233889262
0.681165039636409	0.55216283923334
0.560592278390452	0.388021399444073
-0.174576796600837	0.0912462021193837
-0.191848441999651	0.0841748012731843
-0.941349427084676	0.739839943684221
0.89501413331941	0.7229673356002
-2.37981071139897	2.31866646651443
0.163506931519429	0.10904834457923
0.0826657882513673	0.0555230366181404
0.0422394942241809	0.0213249154647207
1.33441099968333	1.01935277897555
-0.26842377376637	0.13725791720775
1.61595898376722	1.67211268918592
-0.104279201245991	0.0557745263714602
1.48077782406407	1.59318876291396
0.0835792957447459	0.0456571767018195
-0.104397923721841	0.0558438585660396
-0.268516230467572	0.137314152183712
0.249929441003308	0.155058665247787
0.393958723380873	0.242166010414656
0.250044286495274	0.155129883729938
-0.23749787590423	0.139847890981541
0.398793967380322	0.277774205276527
1.30493947629717	0.824751306985012
-0.174544124873814	0.0912564848517119
-0.429602847129174	0.243221425057221
-1.74465173954644	1.589847407106
0.398899197057204	0.277853325909737
1.08239994117524	1.08895546508668
-0.320551710599551	0.185068852829541
0.388623453802359	0.222807132021994
1.3341221573524	1.01904968015896
0.0423586690649514	0.0213879798283963
-0.268617700571665	0.137383094548257
1.15415676985689	1.11177479222723
1.7121648932046	1.36318552916065
-0.237455400129077	0.13972715465234
-0.674344298087838	0.547190221611745
-0.237553290358037	0.139887377403942
0.0293451416337129	0.0174495301477605
-0.829161861228045	0.606385804968966
0.745432717216464	0.543739764183929
-0.0756566123221038	0.047243217111323
-0.740472578230699	0.452738938330306
1.50432345988639	1.26711745363877
-0.472037857822702	0.32995818075441
-0.174459521127491	0.0911992843731911
0.512460678218108	0.437671861512115
1.02290887270663	1.0714136609542
0.0423982212440437	0.0214062491591895
-0.171863890155145	0.103233387901618
0.230529605001091	0.133680510590328
0.205245114046219	0.110417539621706
-0.11917313767827	0.0730393602931805
0.398820137099835	0.277814185387544
-0.0496786953210636	0.0271589708374202
-0.104478761870185	0.0558589477539558
-1.82038153549035	1.34229056866581
-0.320472080549721	0.184999887675071
0.845371254868562	0.71651170385825
0.396907832998828	0.26016900833182
1.46220601786307	1.93399314940759
0.668341817602373	0.343821264073672
0.546261148110136	0.400041824025761
0.388611278287772	0.222779199110245
0.388693203120202	0.222849389931697
-1.40923601283174	1.06895555446208
-0.0875247626795585	0.0398554643821223
-0.224023395472545	0.149456678003061
0.0423576214530844	0.0213884261189087
-0.0496755348028971	0.0271594987077226
0.845416497078957	0.716483579132327
0.0423185594731741	0.0213690212508505
-0.400044413240096	0.19944341681556
1.30493735728909	0.824723522711219
0.249960943195649	0.155054146101795
-0.171863365176674	0.103245804873814
0.681164528369224	0.552169548046072
-0.674370456569924	0.547283897739614
0.250009479618193	0.15511754145689
0.789264846004561	0.54394451038598
0.512429734476083	0.437634844153156
-1.24926286595624	1.03208632095206
-0.320474864420393	0.184941144707064
-2.3829153563534	1.52474168466502
0.170078037123426	0.0842362332696313
-0.0059475804465479	0.0033281740413529
-0.0878847859419584	0.0400172638558478
0.398845810001017	0.27782383840063
0.399000308731722	0.325899862701286
-0.0059999635378435	0.00335614723408734
-0.79197461176603	0.632427772715078
0.54620015589901	0.399948254223703
-0.17456992674774	0.0912652369592895
0.276992072945487	0.194360558828875
0.116284918076701	0.0682785512631978
0.681059263026178	0.551979961849616
0.788997378530188	0.543852581801781
-0.884588372446995	0.588819046433955
0.249999051633764	0.155110314569276
-0.17440426958797	0.0911536059094103
0.396946359398261	0.260264642197304
-0.224032117734982	0.149465241808125
1.14145651481394	0.780640318755813
-0.829084254712108	0.60642326809271
-0.174488957080222	0.0912196505661504
-1.27863245309779	0.904117251927921
1.03562787655092	0.75332859099718
0.845403397482506	0.716477278446178
-0.434526650721644	0.367666824780873
0.119851360032837	0.0537563736980319
-1.40922300434395	1.06895280811372
0.205152501413158	0.110394674120877
-0.320471387299354	0.184979124807724
0.120134631761478	0.0538964433430745
0.578043836574162	0.376548516431563
-0.707482479345284	0.478426084681255
0.560631139693429	0.388101630778108
-0.687589644821375	0.510540860097034
-0.104400361555696	0.0558345003696772
0.0836139988449978	0.0456801177731202
0.388599115365811	0.222711594260506
1.71252840521781	1.36406648304809
0.681111642733935	0.552107188973364
-0.0121579779232437	0.00569550785644836
0.0583285185226905	0.0369480253245761
-0.0877795706067474	0.0399712524693087
0.745312944518501	0.543574984138107
-0.359390272612402	0.231190890343253
0.714522619291131	0.722406786894192
-0.829128770657765	0.606275614665095
-0.171942958073269	0.103296434915017
0.394038396008532	0.242246959131393
0.398979346419284	0.27771214419573
0.218089589409183	0.178512591840033
0.205126733349182	0.110389989862704
0.80460438309432	0.715582455978929
-0.389484999204693	0.276907121635781
0.205266784752764	0.110460669177488
1.24262996549485	1.14706621381231
1.93412257461037	2.43606375899403
-0.579354697680202	0.476994454903404
0.398793429534845	0.277791401936865
1.46231922839591	1.93389448678401
-0.687600237888207	0.510532942612147
-1.40923601283174	1.06895555446208
-0.171968579050833	0.103308832832877
0.170170551402025	0.0842873863496133
-1.24921849849432	1.03274850818744
-0.0122154413396054	0.00572317029003499
-1.110169684093	0.562673512171069
-0.429754352431401	0.243433445629051
-0.0760208923010862	0.0474945049766468
-0.119120635310023	0.0730184164425326
0.149651166276791	0.12238279316849
0.968877875165218	0.897601248053599
0.029327871023565	0.0174408901805193
1.24274888728981	1.14736338565194
0.398900314755499	0.277772891463931
-0.829165276939393	0.606465936301729
0.681165039636409	0.55216283923334
0.0836103669312504	0.045666856274849
0.24998516710157	0.15509510358789
0.399622064505262	0.294668170054027
-0.0965233284109296	0.0676282248277779
-0.576695398977988	0.435458819694957
-0.174514740171446	0.091236144615508
-0.429786795407442	0.243444148307166
-0.223919542840989	0.149369843074371
1.73020434334603	1.91955698762359
-0.580161377046775	0.322068153605651
0.0292154745954172	0.0173716324022721
-0.00589571390846285	0.0032997410858167
-0.934157442985543	0.917689685203894
0.293598503474093	0.229059371179735
0.119851360032837	0.0537563736980319
-0.237618979454194	0.139875124814223
-0.976620884568423	0.58466531707052
-0.795723511995947	0.429111363467529
0.95689862688858	0.734589435516779
-0.322149279419821	0.232744089564935
-1.24914114196	1.03260189679654
-0.131994247149854	0.0910768244454459
-0.104321052984697	0.055792102665587
0.195639450388328	0.145573376502133
-0.224075412035243	0.149490608903112
-0.47209131567218	0.329997648951972
0.116337803549992	0.0683121911720951
-0.359424999637583	0.231221859869823
0.78916127689614	0.543678668791441
-1.67842293364952	1.15326249437505
0.396966874057929	0.260280317934537
1.35571373675241	1.19650970559799
0.0586752350175879	0.0233026661375095
0.921241742723202	0.552274221996466
0.170476674244241	0.0844252521338301
0.522579810632961	0.425498404100104
0.845350624285831	0.71642183787504
-1.93233776539185	1.95488349887811
-1.04541408558189	0.878645391324334
1.24270922691438	1.14733872737884
0.560709830432059	0.388151674306149
0.396946359398261	0.260264642197304
-0.941280247537448	0.739831798298128
-0.580006056009966	0.322045537779173
0.533581431751006	0.412824120023096
0.265179583782921	0.17546271038214
-0.500779799136313	0.418235016009857
-0.300807345181823	0.240685989651024
0.84529835978895	0.716352267183875
0.142445860826328	0.0893950871229049
0.598286523308632	0.364998220512253
-1.13565630646569	0.741805655621152
1.73023913199847	1.91945420407556
0.388681054646199	0.222839316744788
0.752537967198124	0.87937630936137
0.265161277573761	0.175443075944721
-0.359390272612402	0.231190890343253
0.972058788503836	1.05829844638373
0.235122066338563	0.209516502241516
1.73016957099421	1.91954839108287
-0.322149279419821	0.232744089564935
0.398037603734218	0.340613371009304
-0.453565656713505	0.28686170496249
-0.174164511827008	0.118205578669005
0.286203426389468	0.212127015627612
0.0824447356228353	0.0553562932374862
0.0837182057065204	0.0457320808593595
-0.237528955596091	0.139874316638003
-0.284748247254932	0.18664289397623
1.48075549560036	1.59386262780574
0.195264436882945	0.145297713754276
0.388611278287772	0.222779199110245
-1.35325366083689	1.18971696814219
-0.005974931279798	0.00334374083564817
1.93417497177929	2.43642278589644
0.769993206444107	0.716107761435932
-0.740078977484018	0.45240201762335
-0.284664528881426	0.186618002727203
-0.5801177025606	0.32217404700399
-0.284664528881426	0.186618002727203
0.709950224334504	0.546403699666405
0.845451316536306	0.716465476262939
0.170161317325234	0.0842725965010529
0.837501044369214	0.879298320472259
0.396897485244899	0.260186996927845
0.894854705698613	0.722832834186091
-0.0122398914365767	0.00573275860786979
0.396942496284277	0.260224576292416
0.0292067114825184	0.0173679690405924
1.10714120753484	0.935847528410497
0.635813041294566	0.567038842861616
-2.17602017439532	2.53666895259704
0.394077992026695	0.242262483225049
-0.521942750172757	0.50676598155001
-0.178133611388171	0.134473450276396
-1.68044005713324	0.744499058156728
-0.0875247626795585	0.0398554643821223
-0.88943867815904	0.760548842598612
0.276940277170379	0.19433049055296
0.968823572195579	0.897478663187906
-0.575218613589162	0.357443211501799
-0.389589086762666	0.27697775175688
0.116283881027503	0.0682728259310458
-0.589324290085614	0.606454261428597
-0.45356462199367	0.286840755973713
0.396977175798824	0.260262280706806
-0.0875026457018197	0.0398390244357153
-0.171837191060019	0.103216922573153
0.616992988670361	0.575143142413535
0.475226642522783	0.49701395356765
-0.487300826475475	0.373603444660506
-0.0496859935586384	0.0271630129061038
0.399806638308164	0.31074187884799
0.714322552088645	0.72190819081921
0.396936146469818	0.2602327506778
-0.500640245013307	0.41805965029518
0.369947629246914	0.158137464148818
-0.268617700571665	0.137383094548257
0.116337265710945	0.0683120625139432
-0.174573431544604	0.0912716571979923
-0.104318795135885	0.0558015566425405
0.378705133919478	0.200478927561889
0.789067188669125	0.543924706508862
0.560669495824864	0.388068262474947
0.578018102972575	0.37654181246198
1.88384334180744	1.64353690756116
0.396876878494454	0.260171257683474
-0.0495502533430002	0.0270872836979097
-0.747641457903164	0.701316571570936
-0.174540515247827	0.0912397503894302
-0.00594870335486252	0.00332924516804532
0.522633394904736	0.42556669118332
0.769974220431325	0.716239503703253
-0.0759148701878795	0.0474246136474354
-0.57525235701754	0.395450864272708
0.142445860826328	0.0893950871229049
-0.0122398914365767	0.00573275860786979
-0.941238145850106	0.739668689417814
0.286248257138665	0.212142532739259
-1.22633568747765	1.32626169063387
-0.104317955751367	0.0557991159685809
0.230526808360949	0.133648399255831
-0.889570258313474	0.760319142318693
-0.575273198865867	0.395479571147706
-0.576641823744605	0.435436216930817
-0.0124813117514577	0.00584729622039226
-0.322096351977725	0.232700933060966
0.119792912398409	0.0537171957567857
-0.580006056009966	0.322045537779173
0.399685084470578	0.310705905757105
-1.94983813164553	1.53379618716286
0.598684774774916	0.365349678431694
-0.575363979608531	0.35757305379245
0.845430036590367	0.71650474668351
0.365380128458397	0.175707559308492
-1.93241657057369	1.95513278928403
0.921404048782597	0.552431775441768
-0.322762874577657	0.132345577234525
1.30501426911843	0.824612267549947
0.0423576214530844	0.0213884261189087
-0.889413037266511	0.76002628957637
-0.119181302456655	0.0730529519471356
-0.322164788416887	0.232751592153736
0.249960943195649	0.155054146101795
-0.0123995127023532	0.00580992648070169
0.656725304781844	0.559411616515847
0.63563070262786	0.567101769914475
0.286150739662981	0.212075099189037
0.0423581224798044	0.0213887511464096
0.805624268360479	0.878230695390794
0.265179583782921	0.17546271038214
-0.359355529732364	0.231141735117536
0.95686907746069	0.734452920465337
-1.14279986483749	1.02422891428749
-0.472063381153096	0.329946905563585
-0.429938030218216	0.243568625526263
0.170068843650991	0.0842286987652546
-0.0758464216880609	0.0473817829266332
-2.1887208303269	1.2693702277358
-0.829087361933432	0.606402072678441
1.15407681743352	1.11118522486524
-0.687645531220509	0.510520092573715
-0.191765997402019	0.0841406045300469
-1.52956420490388	1.23835359210986
-0.400150141167734	0.199526819273677
0.623392508810783	0.352425458002545
-0.580476543617623	0.322432153035535
-1.13569824977844	0.742021850109875
0.968719206004407	0.897651365403019
0.560592278390452	0.388021399444073
-1.27853301138186	0.903936296677004
-0.284643871126821	0.186589672476718
-0.104318795135885	0.0558015566425405
0.57804767962632	0.376553475673062
0.230528840720756	0.133684195378615
-0.580098557351089	0.32208988826458
-0.359424999637583	0.231221859869823
-2.28301430500433	2.11558873626435
0.512316478545366	0.437422927850131
-0.0122154413396054	0.00572317029003499
-0.359400794834614	0.231196545368216
-1.13720321345906	0.878905550941361
-0.191765997402019	0.0841406045300469
0.378727390829471	0.200531723202199
1.03582192902147	0.753770484106199
0.388693203120202	0.222849389931697
1.71229367635148	1.36394954299998
-1.13542670488496	0.7418567226406
0.0423185594731741	0.0213690212508505
0.393998309938964	0.24221564521359
0.578128702372086	0.376615585739378
2.40215864374544	2.14279979702913
0.789137043859013	0.543954929220758
-0.191512303756222	0.0840051241110584
-0.453527147708742	0.286874832407521
1.88365843560157	1.64379053211065
-0.0124118503434449	0.00581552997654431
0.95683960617173	0.734125275670322
0.293591405006265	0.229052660702895
-0.268414594212216	0.137235508430333
-0.472063381153096	0.329946905563585
-1.14269405630806	1.02391269279524
-0.00609959066529759	0.00341188683804713
0.00539211960485481	0.00402489578604332
0.617067993912207	0.575190954053803
-0.0758464216880609	0.0473817829266332
0.0582232519826571	0.0368768731450213
0.0580945628167748	0.0367910863235469
0.396981124268762	0.260286380908059
0.12011077257807	0.0538869679431261
-0.0496334179813041	0.0271330956337154
-0.0872920717273817	0.0397381772141896
0.0422774636633629	0.0213433618669291
-0.472064591324512	0.329985339812347
-1.3320517981059	0.762350672909563
-1.04545943728127	0.878623755982339
-0.580371561309725	0.322378988803852
-0.575309095809477	0.357521379838328
0.623156321552976	0.352260784925711
-1.13565630646569	0.741805655621152
0.709936030652373	0.546347876220399
0.788997378530188	0.543852581801781
0.598286523308632	0.364998220512253
-0.400255793183877	0.199576929984158
-0.104359195281209	0.0558242971418694
-0.884770354939938	0.588923492607131
0.083714317932502	0.0457271316416471
0.710029975803891	0.546567476157879
0.560670796042941	0.388152961154497
0.845351136894809	0.716491994850677
-1.40918022913308	1.06877036607226
-0.320512229568985	0.18504719516924
-1.64079290092214	1.4114622891159
1.03621134876939	0.754084179341617
1.68422302405656	2.07510986373743
0.891090983965694	1.0425479447672
0.578095327896557	0.376314574867504
0.745353007153523	0.543706231076692
0.770088305986674	0.716359462774082
-0.224032117734982	0.149465241808125
-0.453445252643358	0.286736128516789
-0.941338900067484	0.739857927489091
-1.52964681723975	1.23802087088611
1.3240029948815	0.631669573381819
-1.74458154227989	1.58919662795347
0.578018102972575	0.37654181246198
-0.429856217784491	0.243527269122507
-0.674327052908448	0.547208197514885
0.394077992026695	0.242262483225049
1.2049267654137	0.970703651984816
1.33428688563969	1.0186482622751
0.894856193528215	0.722820244820785
-0.0873136276015911	0.0397499196226352
-0.429950452375248	0.24348328317285
0.745392295858783	0.543663995346619
0.894935446571742	0.722968334191717
-0.359400794834614	0.231196545368216
-0.119112466215253	0.0729952295462966
1.03034750926467	0.912449882956028
1.61587893642245	1.67157166373218
1.33411183825359	1.01908962040694
0.623474794709938	0.352403117388814
0.378727390829471	0.200531723202199
0.120264726831324	0.0539494870265262
0.844442087914834	0.546426797242726
-0.580328075774064	0.322185368349542
0.956957960221602	0.734596218098462
-1.01618164373989	0.730804432222955
0.668478812223091	0.34390323454053
-0.884714004488368	0.588902910387814
0.968772638322824	0.897633980404602
-0.453489360946646	0.286816989972648
0.770145430120155	0.350454199977507
-0.580498200950308	0.322444400471375
-0.795470598735211	0.429005412207795
1.0596257295169	0.577674605165275
-0.581849525599261	0.277576220823309
-0.740087785053024	0.452242348234362
0.623156321552976	0.352260784925711
0.378837053043127	0.200602993253842
0.365380128458397	0.175707559308492
-0.575166887313808	0.357410598881356
2.03682927812189	1.9278037273186
0.0836487181970986	0.045700188709168
-0.687624328798652	0.510560384911085
0.745353007153523	0.543706231076692
1.37331732941199	1.539414654177
-0.575293922597054	0.395428784130361
-0.389545656023789	0.276943365752031
-0.0760055105826347	0.0474787327405523
-2.69177077645692	1.99515513331164
1.02277140843908	1.07143116957772
-0.284584759141434	0.186548168598305
-0.665972003855873	0.586262336287088
0.617132816425653	0.575329311757487
1.06333818124187	1.24288670124869
-0.434751526559495	0.367858767237109
-0.223876264072863	0.149319839105813
-0.192015997174712	0.0842188064490224
-0.429925595459858	0.243580051469603
0.0292911035112194	0.017416776562909
0.0836243033187161	0.0456856938071087
0.399502630533635	0.310526343450124
0.264944220875821	0.175222444176219
-0.23751862527221	0.1398723323227
-2.09914845367679	2.33967183935223
0.0293193516558267	0.017435582952973
1.2678215716011	1.32118521280468
0.668555938121203	0.343802243018554
0.788882342572252	0.543663401868141
-0.472170371121376	0.330026615397478
-0.104360717158204	0.0558152634709309
0.393998309938964	0.24221564521359
0.230569994594728	0.133686869744806
-0.119120635310023	0.0730184164425326
0.265082061415599	0.175363684931853
0.745313372817002	0.543643055784517
-0.472117480236258	0.33002701814581
0.560709830432059	0.388151674306149
-0.174540515247827	0.0912397503894302
-0.575335061941683	0.357592851898839
0.399180375362835	0.325953252184198
-0.320513993115958	0.185013055249382
0.042279016727012	0.0213478495403599
0.365631508218467	0.175855733280783
0.668341817602373	0.343821264073672
0.74028767755008	0.718592422822024
0.396897485244899	0.260186996927845
0.843839037316713	0.54580815424058
-0.980862183021425	0.893642335994544
-0.352637960178196	0.27845206958993
-0.171915691025506	0.103283513926992
0.623180168539243	0.352214767231186
-1.01640653529459	0.731296908478309
-0.237563643670217	0.139889377318265
0.709925736039286	0.546339306529608
0.388623453802359	0.222807132021994
0.78893980475248	0.543791021826737
0.399700921716306	0.294737731667081
0.968665810247904	0.897366085703467
-0.707481746061678	0.478444102656824
-0.359470277506759	0.231240306415592
-0.268516230467572	0.137314152183712
0.388439026483589	0.222625331869707
0.249915677302009	0.155024547523558
1.02267158865972	1.0709553173545
-1.24921575303435	1.03254406709422
0.0423191371419603	0.0213682662442981
0.142515560565323	0.0894115280331442
-0.884783059865906	0.58874017749367
-1.95628877422233	1.00229017267433
0.53380740996506	0.413071526569369
0.635455845701495	0.566823503076293
-0.320551710599551	0.185068852829541
-0.0875026457018197	0.0398390244357153
0.378837053043127	0.200602993253842
-0.74035486672422	0.452481653594206
0.170476674244241	0.0844252521338301
0.119769233618733	0.0537209607675883
-0.0759524292625344	0.047450400201703
0.16996730234134	0.0841624907926557
0.921489960026533	0.552533647137428
0.378744180687792	0.200540698956173
-1.13567729072396	0.742109314725345
-0.191683506242611	0.08409339741583
-0.26842377376637	0.13725791720775
0.378847621753956	0.200589252322247
1.36661169451326	1.36661397734987
0.843922430318822	0.545806582412932
-0.191765997402019	0.0841406045300469
-1.01629436212397	0.731210863643357
0.598972961189324	0.365449669670106
0.0835792957447459	0.0456571767018195
0.788997378530188	0.543852581801781
-1.40920998348391	1.06841149743604
-0.0123546421621991	0.00578834044022463
0.388508587019126	0.222685278769995
0.230488467651288	0.133653113546507
-0.320551000801398	0.185059855634261
0.917707080063243	0.888624078105096
-1.35308373514502	1.18960880490987
-0.320473330609048	0.185007486119419
-1.01110911527797	1.05038741450392
1.21140757475609	1.4616430044696
-0.300509345702295	0.240432939364334
-0.472064003814338	0.329987530330869
0.503675987778119	0.450232439937044
0.265179583782921	0.17546271038214
0.844256005489486	0.54634206000507
-0.829087361933432	0.606402072678441
-0.268719004618864	0.137442961534784
-0.884632253303745	0.58876380922075
0.533625086929812	0.412917619904508
-2.18002136030253	1.91899791446346
-1.40916725954337	1.06883587092141
0.393998820278763	0.24221496570692
0.16996730234134	0.0841624907926557
-1.13580229711503	0.742146362661845
0.369533728475468	0.157989232089938
0.894895810166702	0.722918400089256
-0.359470277506759	0.231240306415592
0.598666029175516	0.365312255321971
0.844245436694145	0.546340791689674
0.623392508810783	0.352425458002545
-0.224183648914107	0.149539990407034
0.745393073383296	0.543751429172607
0.276862428815622	0.194222633663274
1.29730271879299	1.66941710558257
1.46231146759364	1.933658103156
-1.32011228641735	1.3298016089331
0.265170198754687	0.175412471617024
0.635440577897846	0.566804161096853
-0.472118030867994	0.3299950821969
-0.104436529201929	0.0558557454081821
0.57799237739116	0.376473680654714
0.843944591812304	0.545998305661356
0.57798860447689	0.376498020652567
-1.2491804841411	1.03278535988771
-0.580266505812649	0.3222691862051
0.230528840720756	0.133684195378615
0.546215912621286	0.400033984487797
0.745314366085531	0.543633251735459
0.388681054646199	0.222839316744788
-2.54793662767654	1.76400174846487
0.57804767962632	0.376553475673062
-0.1915979731707	0.0840529792646734
0.656699003100753	0.55938185801997
-0.237508265376135	0.13986368143934
-0.10431959113781	0.0558011663734158
-0.687637637733511	0.510461189365532
0.205071546672453	0.110351538960765
-0.237539256351892	0.139869620270601
0.78893980475248	0.543791021826737
0.92149314149832	0.552505338452732
1.5044158387548	1.26730366912119
0.57804767962632	0.376553475673062
1.33420451960828	1.01921230707526
0.265075171393988	0.175390756254714
0.844163062994518	0.546224354744882
-0.00607309232632234	0.00339749545493146
0.560590082719013	0.387937324675646
0.396981124268762	0.260286380908059
-0.00605414678288969	0.00338690160653253
-1.27864868235003	0.90364061395224
-0.17440426958797	0.0911536059094103
0.710040201323559	0.546575985920525
-0.42967245780055	0.243361499868568
-2.54816865921517	1.76475683995541
-0.174544124873814	0.0912564848517119
-0.829125832982878	0.606496399181627
0.0423586690649514	0.0213879798283963
-0.429925595459858	0.243580051469603
0.249939913542968	0.1550659212329
1.33449344872523	1.01936561703256
-0.087441370809686	0.0398097097825643
-0.581784038930277	0.277651257807727
-0.268442067773453	0.137211724852862
0.394156519192633	0.242220776122244
-0.174547594798126	0.0912442955274002
0.57807733445384	0.376533066519482
0.894972661273094	0.72271358029237
0.170179807255207	0.0842887264509299
-1.40923601283174	1.06895555446208
-0.740271693618544	0.452632126761163
0.0423586690649514	0.0213879798283963
-0.237542907484709	0.139878710803409
1.5203980031558	1.0871767114521
0.083714317932502	0.0457271316416471
0.265081519963287	0.175388771904212
-0.471984971010848	0.329858934046868
1.37835780828783	2.05405135139804
-0.359400794834614	0.231196545368216
-0.00967958138207255	0.00626647991807431
-0.00945586459123158	0.00612271482809468
1.10714081553382	0.935863560197638
0.0587457894570351	0.0233313383669741
-0.70748096742124	0.478435371653978
0.265040912232366	0.175353229101276
-1.6782552428022	1.15299263204527
-0.580498200950308	0.322444400471375
0.378643955473557	0.200452340941438
1.05987776781758	0.577885042568082
0.62326240290656	0.352345581752505
0.844256005489486	0.54634206000507
0.398899738292864	0.277833137389053
-0.10439877968516	0.0558435022103617
-0.687589644821375	0.510540860097034
-0.237549527544157	0.139857738734445
-0.0123423441710936	0.00578321495826335
0.119875060412801	0.0537756254140837
-0.19168054449394	0.0841002189352164
0.956788078053275	0.73445417517158
-0.174430007089212	0.091173747936002
0.0423191371419603	0.0213682662442981
-0.237459530713773	0.13981283712089
0.83776370633149	0.879770553404609
0.399578572231696	0.294605018168037
-0.0873358139390723	0.0397465883202326
0.561853788854818	0.610462423988896
0.0294837969994757	0.0175294220118381
-0.575297408923719	0.395494954102611
0.116205314953024	0.0682165657958919
-0.006001151876493	0.00335806255735303
-0.266096702663618	0.195242717498853
-0.46688850244522	0.457854110690278
-0.223876264072863	0.149319839105813
-0.389545656023789	0.276943365752031
0.578132720644533	0.376583680720049
0.12011077257807	0.0538869679431261
-0.237528955596091	0.139874316638003
-0.707402114995464	0.478091851993818
-0.414217877941537	0.322426466160872
1.24270922691438	1.14733872737884
1.60011277032147	0.906043996244228
-0.487309490250497	0.373670893306532
0.533668738015448	0.412985803670079
0.681138864658812	0.552115965679492
-0.575297408923719	0.395494954102611
-0.00594870335486252	0.00332924516804532
0.0836487181970986	0.045700188709168
0.709970737948806	0.546462186417456
-0.472011115164623	0.329915445003355
-1.24921980676995	1.03276052609911
0.0835689978452454	0.0456494284522933
-0.487326787931181	0.37368176141879
0.398872498945576	0.277846608081507
-0.659834181992894	0.62672110240036
-0.171968579050833	0.103308832832877
-0.0877356033066293	0.0399392080186297
0.0836346373861601	0.0456890182021036
-1.35315004525261	1.19000410932847
-0.884588372446995	0.588819046433955
1.0359237496115	0.753843255594232
0.276817844835418	0.194165256923852
1.65620855919006	1.51955240277114
0.681217412014632	0.552162893124724
-1.74461922952824	1.5901549212547
0.170365107743381	0.084383949304422
1.10718019451942	0.935626943159978
-0.0872815765892442	0.0397209866540439
-0.0875468540215103	0.039864629429921
-1.52959404603554	1.23841088927481
0.0422796254578924	0.0213471109845159
0.0587457894570351	0.0233313383669741
-0.17189007357759	0.103262278865495
-0.320471387299354	0.184979124807724
0.170068843650991	0.0842286987652546
-0.400067975369921	0.199390822500936
0.894854026835275	0.722738214233222
1.24259036442026	1.14679974127072
0.249988651842657	0.155095063483007
-0.191845547241302	0.0841467637805134
0.230410887697015	0.133569562620841
-0.19168054449394	0.0841002189352164
-0.0875026457018197	0.0398390244357153
-0.580349831282464	0.322341566730602
0.393998309938964	0.24221564521359
0.891314235387539	1.04282550725555
-0.104317955751367	0.0557991159685809
0.740400774981489	0.718493007903426
0.142480275374493	0.0894237326972331
-0.8250906127863	0.821760425038594
-1.1489621729779	1.17714799788709
1.24362138050226	1.80540808287289
0.0836693107122105	0.0457090630379767
-0.268837982093598	0.137413304370106
0.24998516710157	0.15509510358789
0.617255313564883	0.575339654806946
0.656708113139096	0.559360678464583
0.170179807255207	0.0842887264509299
-0.00350347060307062	0.00119280760914839
0.205126733349182	0.110389989862704
-0.389684966786443	0.277010438037031
-0.0496642755953508	0.0271477830020713
0.956983629109388	0.734621121449141
0.163354629328689	0.108946590257297
-0.0496439894741144	0.0271417412631816
0.230447403559343	0.133585039421953
-0.359390272612402	0.231190890343253
0.0836450010510917	0.0456897563034637
0.169884086577812	0.0841182875246922
0.843944591812304	0.545998305661356
0.230448835221244	0.133616924089533
-1.24917651944588	1.03256900421716
-0.26843293162844	0.137254509896172
0.745512065926705	0.543577677961855
0.286324282468902	0.212196139825801
-0.359379722216434	0.231174306033593
0.286127420092513	0.212053346049182
0.399709038062299	0.294748688877609
0.560712658006646	0.388078440974833
-0.353934833466324	0.329936488638184
-0.981139686707074	0.894377429819657
1.20483259624617	0.970734582695714
-0.269021921398253	0.137541377069241
1.20485702201356	0.970720282769377
-0.4534471860208	0.286796541603711
1.10702185510946	0.935885221644565
-0.687610802839961	0.510500518357591
0.709995212937178	0.546527977701222
0.394038396008532	0.242246959131393
1.26784825900606	1.3214104512008
-1.40916725954337	1.06883587092141
0.668412566104476	0.343909313552279
0.170078037123426	0.0842362332696313
-0.674466222773151	0.547259390040885
-0.400150141167734	0.199526819273677
-0.429615122034217	0.24329729755557
-0.500786909106403	0.418231417970335
0.102972014187027	0.0729867923012747
1.30615502085011	1.84081514200622
0.512490201951263	0.43772609003449
-0.320512862899764	0.185045864651848
0.399669700169903	0.310704766188227
0.23052811985298	0.133680230051694
0.399536097348418	0.294540390195945
-1.14893856633207	1.17725100828007
-0.665573782333092	0.585720486314785
-0.451657064792712	0.412497895949098
0.0836139988449978	0.0456801177731202
0.770020256836929	0.716298817338794
-1.35317400380218	1.19033665870084
-0.0876522636543796	0.0399151556854039
-1.06731600385427	1.03301041277854
-0.223971414872502	0.149358744164149
0.388623453802359	0.222807132021994
0.0837387060859554	0.0457409019500633
0.745393073383296	0.543751429172607
-0.0124813117514577	0.00584729622039226
-1.01626830299246	0.731124793594598
1.48072827777197	1.59406298863138
-0.575137634129499	0.357362692467294
0.710050456446237	0.546540188914372
0.388668918757911	0.222793542187364
0.788997378530188	0.543852581801781
-0.575297408923719	0.395494954102611
-0.976620884568423	0.58466531707052
1.14113847634247	0.780144258178932
0.120086942258199	0.0538668745057729
0.845350624285831	0.71642183787504
-0.284583557606366	0.186479350661933
0.0837387060859554	0.0457409019500633
-0.576642399663144	0.435459503434215
0.276940277170379	0.19433049055296
-0.10435836928934	0.0558246704842912
-0.575221956505582	0.357508938560049
0.54615676959997	0.39993474012203
0.396970934399228	0.260254504755304
-0.740280398947646	0.452574775308571
0.398845810001017	0.27782383840063
-0.255587625078295	0.207053744617482
0.00564746718541392	0.00421512300157895
0.586386742301295	0.59252041288817
-0.747441306445603	0.70112759709782
0.745393073383296	0.543751429172607
0.917803195816199	0.888755170074482
0.11628438193158	0.0682790642668379
-0.576615616714452	0.435438733220694
-1.23396967786909	1.17457672930634
-1.01632312024401	0.731272630481301
-1.11079392999874	0.562961892534568
-1.67982267380833	0.744085031591401
-0.453489360946646	0.286816989972648
-0.268811190324651	0.137482691167831
0.23052811985298	0.133680230051694
0.393999376174225	0.242196655610477
0.249929441003308	0.155058665247787
1.242668843415	1.14726089408217
-0.0873970675291552	0.0397928350708459
0.546202023777459	0.399961179471182
0.16987499605727	0.0841114700759531
0.393999376174225	0.242196655610477
0.0423592611971083	0.0213859834041211
0.388750876020199	0.222881622076993
0.956788078053275	0.73445417517158
-0.0872920717273817	0.0397381772141896
0.578188139453014	0.376606994001504
0.578043836574162	0.376548516431563
-1.08487505405561	1.19069959203699
0.546215912621286	0.400033984487797
-0.453527147708742	0.286874832407521
-1.01151205561963	1.05175499405751
-0.898421550878991	0.946695349432555
-0.00960567108055117	0.00621970650637483
0.399669700169903	0.310704766188227
-0.674300900594906	0.547088566373363
-0.104321718826675	0.0557828798203067
-0.320474864420393	0.184941144707064
-0.707483809794263	0.478307623762849
-0.884519156846644	0.588683549507875
-0.57538996445978	0.357597568636075
0.205130478099973	0.110380892749031
-0.0496407463451933	0.0271405434836126
0.78893980475248	0.543791021826737
-0.575228160299009	0.395416533246711
0.0423586690649514	0.0213879798283963
0.230650783231515	0.133621982778061
-0.852142204866975	0.787640561420675
1.171524580541	1.60605417665871
1.06319158290995	1.24271990939687
0.894934741024717	0.72300838649018
-0.576616176275967	0.435424630602126
-0.224122540345607	0.149513077594898
-0.174544124873814	0.0912564848517119
-0.284716962137109	0.186609569627521
-1.40135664696676	1.48887888422971
0.0580945628167748	0.0367910863235469
-0.237400249391132	0.139683451216194
0.956876887036627	0.734332192405369
-0.255591720608664	0.207068625843307
-0.430108391884236	0.24361299420202
-0.21857647607866	0.162743007805776
0.388762997440806	0.222873844908431
0.546306383118467	0.39999621142448
0.656655507494534	0.559296736777513
-1.06729867692336	1.03301933937769
-0.171862804969046	0.103246873333961
0.894934078877069	0.722981050286936
0.103194765647005	0.0731641539798022
-1.93242879217767	1.95443774252574
-0.237563643670217	0.139889377318265
0.249859893917095	0.154964930272601
1.03620195042652	0.754167711587714
0.394038396008532	0.242246959131393
-0.268709990012556	0.137422886733516
0.598378969448173	0.365092189435562
0.0423180273406882	0.0213686808954471
-0.740380861860938	0.45261093027897
0.119745583702531	0.0537078184456366
-1.22640380131484	1.32617707320522
-0.359449115974057	0.231217993302278
-0.472038428594962	0.32992879543917
-0.104279201245991	0.0557745263714602
-0.237553290358037	0.139887377403942
-0.0760816632578143	0.0475301988765892
0.546191546545707	0.399994409087937
0.142349862152941	0.0893345297990725
-1.40915427760603	1.06836268604137
0.1954897344669	0.145479711263832
-0.512062455446983	0.462451583721377
-0.500640245013307	0.41805965029518
-0.0616040922441073	0.048820674798728
-0.655812439033508	0.668129639329042
1.2113853314746	1.46119502675878
-0.829161861228045	0.606385804968966
0.103418811404108	0.0733211433584156
-0.58178160921078	0.277642461693518
-0.740363553407265	0.452677488340356
1.24270784447341	1.14724435206929
-1.33197952685661	0.762634981562714
-0.0873970675291552	0.0397928350708459
-0.284612066321568	0.186571399929409
-0.575297408923719	0.395494954102611
0.230410033441319	0.133573185724858
0.0293020737592775	0.0174234793407837
0.119875060412801	0.0537756254140837
0.623180168539243	0.352214767231186
-1.13716189686811	0.878895305292996
0.522564665143694	0.425458595924069
-0.453608041867852	0.286759939149586
-0.0124118503434449	0.00581552997654431
-1.35319516669554	1.19001407274587
0.276957543704097	0.194350081764933
1.33420451960828	1.01921230707526
0.38889065397981	0.222908863249094
-0.320512862899764	0.185045864651848
0.623392508810783	0.352425458002545
-0.359473143908641	0.231179849951258
0.623156321552976	0.352260784925711
0.394038396008532	0.242246959131393
-0.237463240563307	0.13982242209813
0.600892039381369	0.583930176537717
-0.171969135860426	0.103312109320044
0.0165986961541311	0.0112039191282405
-0.00602677169468054	0.0033711891223423
0.142358931930559	0.0893394124720293
0.503458540690701	0.449961800327079
1.03040272101607	0.912478079286337
-0.389493977862551	0.276912706180395
-0.429982454183801	0.243596650316567
-0.434676678278251	0.36780870596413
0.120240788194207	0.0539451931203284
0.250044286495274	0.155129883729938
0.397026101851446	0.260307889214928
0.116390687051258	0.0683388411885374
1.91768366091686	2.04124045009265
0.265213741248573	0.17547568582309
0.388681054646199	0.222839316744788
0.142480275374493	0.0894237326972331
-1.13716389690442	0.878922923019374
-0.0657525179770579	0.0467474235410179
0.0836037239607611	0.0456723801774988
-0.0758232180549879	0.0473615120956068
0.0823200405379407	0.0552748945003825
-1.14266657706149	1.02388721349117
0.522633394904736	0.42556669118332
-0.829204701273401	0.606271763660929
-0.171889531829943	0.103267851984991
0.804534186738623	0.715529175169567
0.180834913749392	0.127663244408338
0.029327871023565	0.0174408901805193
-0.224040681754411	0.149453967253873
1.58613433138301	1.83091198622133
-0.934149500547773	0.917745947868515
-1.40153776407484	1.48952963496635
0.0292500203795323	0.0173948579542365
0.68129648924883	0.551991859694777
-1.24910056108742	1.03207110687841
0.163567731305025	0.109091295296511
-0.413968683443771	0.322169866535159
-0.223980112174655	0.149419818904
-0.829087361933432	0.606402072678441
0.656672691652286	0.559288651581621
0.365628314361187	0.175832958137699
-0.268709990012556	0.137422886733516
0.598573351737047	0.365281015830231
-0.829206822284616	0.606160083463439
-0.580371561309725	0.322378988803852
0.623653340757105	0.352402637070901
0.396842162436403	0.260092200322743
1.20498438869504	0.970879883451579
-0.320551710599551	0.185068852829541
0.0836834538134724	0.0457175748200456
0.577933404864359	0.376418315640524
-0.0399452250491899	0.0254165150172458
-0.977079088781605	0.584676291046289
0.394079024967753	0.242203282221255
0.956762326002398	0.734344329952799
0.789067188669125	0.543924706508862
-1.0114479004186	1.05186625794591
-0.687579023630957	0.510524309186091
-0.487447913631627	0.373684765704035
0.205097333541243	0.110364406966335
1.01437250513181	1.22751048883258
0.103268879924862	0.073214090500423
-0.45348851591146	0.286841831680638
0.142410537358923	0.0893756334158816
-0.795393581006976	0.428915099435138
0.0422779358186762	0.0213460423590448
-1.54135534005682	1.52090531730521
-0.582142423070787	0.519137426653937
0.54625202648667	0.399700774188736
1.2046931364354	0.970200693989049
-1.52959404603554	1.23841088927481
-0.674327052908448	0.547208197514885
0.0423191371419603	0.0213682662442981
0.293452366189348	0.228877051131116
0.394037916789735	0.242247660525564
0.378744180687792	0.200540698956173
-0.0875247626795585	0.0398554643821223
-0.284585824039334	0.186528915115429
0.170179807255207	0.0842887264509299
-0.791999472522922	0.632533037448192
-0.58022292583536	0.322227384173889
0.378727390829471	0.200531723202199
0.20515621128702	0.110408160639295
-0.429811544627333	0.24349758007301
0.668270960666929	0.343634396260565
0.399613969838884	0.294688810700674
-0.511840540761013	0.461931233603111
-0.976957468435797	0.584685575036545
-1.64083076049383	1.41163026595548
-0.941352254673996	0.739524925329828
-0.521938825706594	0.506771264539965
0.481700525372217	0.485727199346643
1.12032721203138	1.2628063123332
0.844059703677712	0.546155801156035
-0.00608036177636632	0.00340077245275055
-0.400279254651867	0.199611151597535
0.0422388999443572	0.0213245448072465
0.788927613401003	0.543735628832399
-0.40012660067552	0.199476376007637
0.533729511255781	0.413059845750498
0.578069578210618	0.376488471114152
0.23052744239938	0.133668602137409
0.0423982212440437	0.0214062491591895
-0.413924172299063	0.322083672597465
0.399730459237257	0.310732698309696
0.770053790981858	0.716238920855098
-1.84149671536099	1.77093284240617
-0.981052926445422	0.894328504826762
-1.08501739504545	1.19115563182585
0.249988153877649	0.155066139969002
0.710089400663079	0.546494755378494
0.968798809142533	0.897723233445736
0.745511747963496	0.543558381545099
0.230449616124751	0.133620924510745
0.617050929673032	0.575168482213705
0.23053041269172	0.13366829299905
1.61595898376722	1.67211268918592
-0.765997750101535	0.664851949777713
0.804526486818056	0.715604070763454
-0.320512229568985	0.18504719516924
0.745313372817002	0.543643055784517
1.91760466399768	2.04067967567385
-0.174540515247827	0.0912397503894302
-0.237494251281423	0.13984879736702
0.0836796513806659	0.045709786317908
0.956932299278056	0.734426495580709
-0.968764404038779	1.07725726172245
-0.174518314964367	0.0912348516528442
-0.687645531220509	0.510520092573715
0.365800551476186	0.175897140276846
0.12011077257807	0.0538869679431261
-0.976260340524774	0.584050537039019
-0.795557467610568	0.429227305973378
-0.976725620080584	0.584772285236741
-0.0873848714595538	0.0397782837000225
0.205100973330945	0.11036967785944
0.968719206004407	0.897651365403019
0.388520854510408	0.222608572214066
-1.6782552428022	1.15299263204527
0.388693203120202	0.222849389931697
-1.01609754922761	0.730220735282008
-0.88486992827557	0.588571492464389
-0.320553567284933	0.185034774686656
0.805697029914553	0.878528017360246
0.169884086577812	0.0841182875246922
-0.575221956505582	0.357508938560049
0.533598550258268	0.412854185596486
-0.359470277506759	0.231240306415592
1.20459083730408	0.969854515125973
1.18734867672051	1.28839252502365
-0.589408109345662	0.606492976842096
0.399613969838884	0.294688810700674
-0.284743747208589	0.186623978376868
0.142480275374493	0.0894237326972331
-0.174544124873814	0.0912564848517119
0.379044329487515	0.200678939785108
-0.575166887313808	0.357410598881356
-0.320552374954212	0.185067543761871
0.844080693070321	0.545725326789415
2.04426090983629	1.50801376422545
1.30493947629717	0.824751306985012
-0.284744292500587	0.186643086689261
-0.4297991763118	0.243493611717284
-0.575342460998206	0.395474177594278
0.397026101851446	0.260307889214928
-0.268709990012556	0.137422886733516
-0.687613685418675	0.510543809311169
0.119875060412801	0.0537756254140837
1.52023590673376	1.08702803190715
-0.0873025425552024	0.039747500646423
-0.174602660202585	0.0912810692303503
-0.191594955374977	0.0840523906515105
-0.237539256351892	0.139869620270601
-0.4534471860208	0.286796541603711
0.394077543950188	0.242263206421765
0.0586045725612464	0.0232714078261316
0.598490018563699	0.365208208471015
1.14156268031893	0.7806472914026
-0.579309560273829	0.477063146173297
-0.0875026457018197	0.0398390244357153
-0.320551000801398	0.185059855634261
0.286111829301329	0.211984252298202
-0.884588372446995	0.588819046433955
1.12032721203138	1.2628063123332
-0.174088487627084	0.118160352141472
-0.00609022997363264	0.00340671392082021
-0.268617700571665	0.137383094548257
-0.0124936637074144	0.00585083343599075
0.170383847185987	0.0843739347281054
-0.104279967239532	0.0557741192149482
-0.739978018739677	0.452268965773811
0.396897485244899	0.260186996927845
0.804560728863526	0.715611798193099
0.804587260220889	0.715597886499733
-0.941335765321532	0.739738436276344
0.116283415398023	0.0682596029090124
1.24282826744819	1.14718896584321
-0.224014837455302	0.149441026962097
0.39954813266193	0.310600119394099
-0.575192754444671	0.357461056491999
-0.10431959113781	0.0558011663734158
-1.45019942928392	1.35237281094304
-1.13712262184062	0.87873904757024
-0.171836647611099	0.103224835215403
-0.400302687392056	0.199595859940072
0.388681054646199	0.222839316744788
0.37903365004806	0.200695229132283
-0.224135986836479	0.149525714663298
-0.575262792708149	0.395475278382787
-0.119016517526199	0.0729451060333527
0.0423968115556395	0.021405318458516
0.116257684859797	0.0682579104908087
-0.359414427010868	0.231205255371581
-0.79555987545679	0.429146870875061
-0.829087361933432	0.606402072678441
0.745313846676038	0.5436625102872
-0.791999472522922	0.632533037448192
0.399761595035526	0.294759223374825
1.15415623962501	1.11173707314671
-0.266246880238984	0.195373332195862
-0.740472578230699	0.452738938330306
-0.268340452000391	0.13715172364575
0.399187427569568	0.32606184211734
0.120371010324869	0.0539982926783083
-0.581709036729463	0.277452981684395
0.956953950129638	0.734577320632393
0.62326240290656	0.352345581752505
0.230568482664177	0.133702810948979
-0.575302897931052	0.357517752740987
-2.06929532158989	1.72493981665132
0.578243590906974	0.37660105419106
-0.400020822389192	0.199426194116488
0.398899197057204	0.277853325909737
-0.429938030218216	0.243568625526263
-0.174544124873814	0.0912564848517119
0.789055063944555	0.543856648322334
-0.0122850641813574	0.0057559911383436
-1.68132831532103	0.744942644728757
0.396921876373531	0.260242745186634
0.398793967380322	0.277774205276527
-1.04537948796259	0.878580667548643
-2.01810218620681	2.14606762955528
1.73025962877302	1.91934366152496
0.844049245470728	0.54612619942835
-0.104397024410346	0.0558413819324387
-1.32011228641735	1.3298016089331
-1.01634919800968	0.731217314444919
-0.174683567543954	0.0913208124398447
-0.389484999204693	0.276907121635781
-0.323178299118294	0.132626269521487
-1.67982267380833	0.744085031591401
0.378643955473557	0.200452340941438
-0.795309039080444	0.428876705357968
0.95692825447083	0.734633189363389
0.205237204149976	0.110442438968594
0.120134631761478	0.0538964433430745
0.546146298287035	0.399938901295841
-0.472117480236258	0.33002701814581
0.16978275306891	0.0840522260004463
0.752542186829176	0.879457256617199
0.598675391106249	0.365365106671917
-0.70748096742124	0.478435371653978
-0.0122398914365767	0.00573275860786979
-0.104356587212664	0.0558165072825962
-1.9499351882769	1.53400774588574
0.77079981160721	0.350840110911968
0.205181952499019	0.110420289382553
-0.487292193844391	0.37363327999721
-0.359518446452606	0.231151071038552
-0.0496407463451933	0.0271405434836126
-0.941325320078651	0.739833669250325
-0.0060016948213122	0.00335844422206687
0.710095451193974	0.546453888752434
-0.575318237617244	0.395483995236497
-0.174628515728416	0.0913006915587617
-0.707441551292643	0.478324166306425
-0.268635789011379	0.137364741335883
-2.69154473716998	1.99492562879902
0.623050316446066	0.352135083519687
-1.35309688551227	1.1900312871931
1.35563266451659	1.19658288270597
-0.268525347797909	0.137326910041535
-0.171916249530567	0.103284333532777
0.378837053043127	0.200602993253842
1.14145651481394	0.780640318755813
-0.429754352431401	0.243433445629051
0.495324236014323	0.4617971974145
-0.359459710819283	0.231234615283526
-1.13716291945289	0.878934444802947
0.28631647197741	0.212188947175001
-0.707441551292643	0.478324166306425
0.378599511099908	0.200427507791295
0.170272425689712	0.0843399388739337
0.560711885972035	0.388147474403836
1.88365843560157	1.64379053211065
-0.23739392123619	0.139737872154465
0.0423180273406882	0.0213686808954471
-1.14279919228592	1.0241389419404
-0.284665059208404	0.18661519669181
0.163423100014615	0.109006651238271
0.249953816287964	0.155073709123128
-0.0124813117514577	0.00584729622039226
0.230608144391735	0.133712334356386
1.50460078691791	1.26737379434533
1.33421488170253	1.01926622253753
0.396887167078154	0.26018713186142
-0.322149279419821	0.232744089564935
0.84532399478612	0.716277544290757
0.14242773641472	0.0893785962341768
-0.0873970675291552	0.0397928350708459
-0.829125832982878	0.606496399181627
0.205181952499019	0.110420289382553
0.844028011001346	0.54588499654929
-0.10439877968516	0.0558435022103617
-0.0876522636543796	0.0399151556854039
0.533659327619197	0.412955385769674
-0.941283244654749	0.739828831087645
0.598388187690383	0.365124289578113
0.205126733349182	0.110389989862704
-0.487387350659907	0.373709022535033
-0.429925595459858	0.243580051469603
0.293662700067356	0.229125522555865
0.393998309938964	0.24221564521359
0.396936146469818	0.2602327506778
-0.5801177025606	0.32217404700399
0.895054474539354	0.722826828785369
0.120240788194207	0.0539451931203284
-0.429754352431401	0.243433445629051
0.0587457894570351	0.0233313383669741
0.39700159284157	0.260302023027962
0.0423586690649514	0.0213879798283963
0.623286300486041	0.352340568865308
0.0423180273406882	0.0213686808954471
0.968744908523688	0.897674980669006
0.397130473977032	0.260170306583891
-0.284637170880319	0.186569457026479
1.03039249606123	0.912518503708076
-0.104437458448881	0.0558582391050228
0.0837182057065204	0.0457320808593595
0.503740165209974	0.450272647491563
0.230570815698224	0.133663436828024
-0.104397923721841	0.0558438585660396
-2.06921479868557	1.72460488186238
-0.740481159695056	0.452601650070292
0.293666259010815	0.229123924412129
0.788894586158484	0.54347151380226
-0.237549527544157	0.139857738734445
0.230369629614644	0.133495825842977
-0.575192754444671	0.357461056491999
1.24266958632114	1.14724141082673
-0.0122973225407363	0.0057607405665406
-0.0124241753236879	0.00582014340182899
-0.576695939352921	0.435443740866692
-0.889464244954327	0.760574825104186
-0.171941842769072	0.103292339313764
0.394038396008532	0.242246959131393
-0.57525235701754	0.395450864272708
-0.268811190324651	0.137482691167831
0.745353938169583	0.543696369311969
0.388611278287772	0.222779199110245
0.84434901377286	0.546409530474438
-0.0877356033066293	0.0399392080186297
-0.740271693618544	0.452632126761163
0.397060876249313	0.260295620428616
0.789124946179673	0.543928830463125
-0.17456992674774	0.0912652369592895
-0.0758309433961797	0.0473705948614821
-0.400044413240096	0.19944341681556
1.03029853386345	0.912243232163703
0.394037483159254	0.242231885268213
0.116284918076701	0.0682785512631978
0.205241089187748	0.110449762702166
0.396981124268762	0.260286380908059
0.0836589996523523	0.0457057522339226
-0.898492461257182	0.946839071319528
0.116311088160801	0.0682971565583205
0.560631139693429	0.388101630778108
-0.740463975085828	0.452748151314771
0.170068843650991	0.0842286987652546
1.6562658600108	1.51972600313093
0.598684774774916	0.365349678431694
-0.889357571319296	0.760093380371448
1.14145651481394	0.780640318755813
0.0422774636633629	0.0213433618669291
1.50471174243904	1.26752924438909
-1.27864868235003	0.90364061395224
1.21153723122412	1.46210898618358
2.04412309013874	1.50763889686787
-0.79205302877093	0.632666361819491
-0.400384780578106	0.19966118834964
0.365380128458397	0.175707559308492
-1.13555209336582	0.742010647654425
-0.740555668885885	0.452653851953584
0.23049085052051	0.133641236131019
-1.01629436212397	0.731210863643357
1.24282764471839	1.14720858688855
0.399500703020334	0.294522548780948
-0.284704631378556	0.186631614055454
0.844452767399357	0.546400878858197
-0.359379722216434	0.231174306033593
1.10706194257041	0.935925458227292
-1.01629155118255	0.730958922030256
0.789124946179673	0.543928830463125
-0.487326787931181	0.37368176141879
-0.174573431544604	0.0912716571979923
-0.0121579779232437	0.00569550785644836
1.03590526157618	0.753863518623507
0.844359650054471	0.546333326077149
-0.389441573574805	0.276848884457398
-0.0873025425552024	0.039747500646423
0.656664625939597	0.559309909537951
-0.378170305715317	0.323900085164648
-0.852505178649334	0.788696528043239
-0.359414427010868	0.231205255371581
-0.359369143638256	0.231145767097351
0.116257684859797	0.0682579104908087
0.0582154760434513	0.0368742811637209
0.264909977194717	0.175184964933951
0.0583363281919605	0.0369522564412998
0.522739407299269	0.425633806476119
-1.35320851950387	1.19029670047554
0.956788078053275	0.73445417517158
1.05996734987123	0.577966932312984
-0.268525347797909	0.137326910041535
-0.58178160921078	0.277642461693518
0.560711885972035	0.388147474403836
-0.400642140897208	0.199776993016034
-0.104317955751367	0.0557991159685809
-0.0122973225407363	0.0057607405665406
0.378621720444965	0.200461497743518
0.788882342572252	0.543663401868141
-0.0496163561986371	0.0271235053217809
0.0836937122363792	0.0457231254747843
0.142410537358923	0.0893756334158816
-0.171783184977075	0.103167215866713
0.230448097698912	0.133605266312707
-0.580006056009966	0.322045537779173
-1.24913989310017	1.03258996950677
-0.104321718826675	0.0557828798203067
0.533697833460838	0.412888284979255
-0.268736968540693	0.137402640890095
-0.0875247626795585	0.0398554643821223
0.0587479747293442	0.0233295790834769
-0.707478359489269	0.478210480352184
1.60011277032147	0.906043996244228
0.578188139453014	0.376606994001504
-0.174488957080222	0.0912196505661504
0.39693217152986	0.260242591337945
-0.453489360946646	0.286816989972648
-0.268525347797909	0.137326910041535
-0.0496964241532648	0.0271652473265563
0.396981124268762	0.260286380908059
0.276940277170379	0.19433049055296
0.10319514807498	0.0731660225180905
-1.24909799376751	1.03186722008003
-0.284610968668376	0.186565346958041
-0.224127253985207	0.149510379477194
-1.23405083533503	1.17469300783708
0.771745171623263	0.351293543815406
1.14124441291442	0.780397358047567
0.410684422475736	0.149950448704565
-0.510381448501776	0.185343391604108
-0.472037251876793	0.329944781713068
-0.23753249504683	0.139862904500148
-0.453485720976542	0.286825894441277
-0.58178160921078	0.277642461693518
0.388681054646199	0.222839316744788
-0.237494251281423	0.13984879736702
0.388142827921022	0.445899791378858
0.396956601925935	0.260280489844571
0.560712658006646	0.388078440974833
-0.429868625622534	0.243546443419877
0.937065571271637	1.35810574815935
1.73024936565439	1.91955834813948
-0.171968579050833	0.103308832832877
-0.104279201245991	0.0557745263714602
0.714383483999283	0.722211622631212
-0.174172338765215	0.118196857669975
-0.359414427010868	0.231205255371581
0.512521195184631	0.437763163529549
0.522808778712343	0.425537647299156
-0.429602847129174	0.243221425057221
0.804439176404233	0.715498399758157
0.740174460619924	0.718468225721658
0.029222375591522	0.017376308028414
0.0167458908266685	0.0113010334584225
-0.320473330609048	0.185007486119419
-0.0153287560607954	0.0111939958527231
0.512445224094724	0.437695107521484
-1.01627094076852	0.730738360154811
-0.747577109219199	0.701311271628595
0.0836834538134724	0.0457175748200456
-0.575241891791028	0.395404439137203
-2.28313920970304	2.11569341899929
-1.24918291230694	1.03264343593363
0.389122882426012	0.433322084383343
-0.255668458964745	0.207137427742248
0.116337265710945	0.0683120625139432
-0.104356587212664	0.0558165072825962
0.522594918012156	0.425451833323787
0.710050456446237	0.546540188914372
0.399700921716306	0.294737731667081
-0.174514740171446	0.091236144615508
1.46221081773899	1.93403756943079
0.0836384663419645	0.0456924625707961
-0.265974871574847	0.195135255991868
-0.418164749989938	0.413937657149029
-1.04533414306175	0.878297848800093
0.845324488226291	0.716408101876152
0.399631165644799	0.294713157142637
0.917811263453036	0.888874826663204
-0.655731747911487	0.667971340847842
0.378621720444965	0.200461497743518
0.369101416923485	0.157753649363207
-0.739978018739677	0.452268965773811
-1.67852612172773	1.153971021526
0.771092418292579	0.351048136725648
-0.581711492709736	0.277565100121143
-0.323679539396547	0.132867515469766
-3.87136997299018	1.24060932575549
1.52031552276731	1.08722702084927
0.230528840720756	0.133684195378615
0.170078037123426	0.0842362332696313
-0.687554945019591	0.510469115091673
0.60089028853018	0.583886306059956
-0.665843487103889	0.586132267555127
-0.934141566964374	0.917713889418553
0.309236307615763	0.276140278672945
-1.54135608443981	1.52099595733712
0.24997468863786	0.15509621575848
-0.0398020802093601	0.0253237465309906
0.388495026092747	0.446357022020121
0.788870111606042	0.543674142964954
0.789194873519341	0.543959116050008
0.398820693400698	0.277780946825633
0.205100973330945	0.11036967785944
0.399122839161765	0.326057242657888
0.512626655127821	0.437902246353115
-0.0964487930769669	0.0675786220548105
0.388553749445873	0.222747063630089
-0.17194241801976	0.103300002008729
0.635501409982084	0.56692782818225
0.495246240978022	0.461582587259226
-0.852497339895798	0.788742770089492
0.399570488339335	0.294640933948354
-1.40149458957426	1.48954538527956
-0.300732534103134	0.240637331097922
-0.0961496456172227	0.0673505353622463
-1.54138217815504	1.52092091369118
-0.803445879093915	0.856017162986848
0.745313372817002	0.543643055784517
0.837562559061058	0.879559243574078
-0.049571121746021	0.0270978021723179
-0.359480816044885	0.231235355347662
1.03629481154617	0.754146980180703
-0.358869904320685	0.433376085059971
-0.666003426124276	0.586146298754571
0.0423571659955781	0.0213870028203468
-0.191848441999651	0.0841748012731843
0.623392508810783	0.352425458002545
-0.0874192319868208	0.0398048854826958
1.20511205619371	0.97080729738955
0.789009542854592	0.543863079094428
2.51745335481821	0.48935777819513
-0.00190672948753378	0.000649411384947845
-0.791999472522922	0.632533037448192
-0.268617700571665	0.137383094548257
0.560590771228458	0.387994709355018
1.24270851402553	1.14735824964831
-0.740463975085828	0.452748151314771
-0.889491680689948	0.760678091636314
1.24274961349588	1.14719051054955
0.598675391106249	0.365365106671917
0.740189905829325	0.718454558691572
0.276734009188411	0.194109958887972
-0.104355631135339	0.0558064671943507
0.39700159284157	0.260302023027962
-0.674257506893495	0.546957373749062
0.560669495824864	0.388068262474947
0.116284918076701	0.0682785512631978
0.62360515494983	0.352483156517297
0.277018125827072	0.194387287080806
-0.104279967239532	0.0557741192149482
0.598592016021916	0.365255436252484
-0.400536866605911	0.1997271130363
1.36662198517264	1.36641767515701
0.265092298747584	0.175395495110731
0.398845810001017	0.27782383840063
-0.581713996592567	0.277573942253515
-1.110169684093	0.562673512171069
-1.32023352528281	1.33010810911826
0.277026898841109	0.194374980411174
0.0423977057639784	0.0214070367044068
0.805546947283065	0.87833128881377
0.578184050921728	0.37660955704405
0.230448835221244	0.133616924089533
-0.0759447299904431	0.0474413261977624
-0.0496407463451933	0.0271405434836126
0.388796591436508	0.222846343871888
-1.13716189686811	0.878895305292996
-0.320513993115958	0.185013055249382
-0.171969135860426	0.103312109320044
0.968744908523688	0.897674980669006
0.0423982212440437	0.0214062491591895
0.668341817602373	0.343821264073672
-2.38278010742293	1.52441453874386
-0.739876894528188	0.452101136070571
-0.429982454183801	0.243596650316567
-1.13532229991961	0.741731857047717
-0.104400361555696	0.0558345003696772
-0.707560579726294	0.478472244119477
0.956924349339691	0.734440773243813
-0.765980435771079	0.664877304095423
1.26776968222364	1.32093232964309
0.0836243033187161	0.0456856938071087
-0.453448946127104	0.286791526836624
-1.35316337837052	1.19040351769354
-0.237428589011479	0.139786515433505
0.393959851793225	0.242147071342183
0.577959184122381	0.37641487267881
0.956817602945034	0.73449782097703
1.36664644128983	1.36667117413193
-0.840646133172398	0.366026539748054
-0.104439186947234	0.0558548380143883
-0.0875247626795585	0.0398554643821223
0.560670796042941	0.388152961154497
0.0836630257944755	0.0456998860728288
-0.174544124873814	0.0912564848517119
0.20515621128702	0.110408160639295
0.95689862688858	0.734589435516779
-0.576615616714452	0.435438733220694
-1.01637790533487	0.731279019263317
1.0303025222273	0.912237935965386
-0.35950499507081	0.231230783576538
-1.14271875429645	1.02385484348829
0.230409222547495	0.133569169185218
-0.359470277506759	0.231240306415592
-1.14274557607364	1.02400152095468
0.396897485244899	0.260186996927845
-0.66604802469274	0.586288342893599
0.623180168539243	0.352214767231186
1.24262996549485	1.14706621381231
-0.740463975085828	0.452748151314771
1.10714081553382	0.935863560197638
-0.119050952730279	0.0729657719248745
-0.171969135860426	0.103312109320044
-0.429754352431401	0.243433445629051
-0.28458417543874	0.186525793686448
-1.52959404603554	1.23841088927481
-0.884588372446995	0.588819046433955
0.393958723380873	0.242166010414656
-0.0060809196734555	0.0034014768496082
0.845371254868562	0.71651170385825
-0.0124118503434449	0.00581552997654431
0.26505804255578	0.175376794799899
-1.45025566554738	1.35217710840428
1.15423515446059	1.11170469218798
1.0360071240707	0.754049538610323
0.394037483159254	0.242231885268213
-0.23751862527221	0.1398723323227
-0.41420222850763	0.322378722462569
-0.300584031932267	0.24050484970697
0.0836384663419645	0.0456924625707961
-0.320433778064975	0.184950136690717
0.169976433422897	0.0841776092708832
-1.40920998348391	1.06841149743604
-0.0873970675291552	0.0397928350708459
-0.580349831282464	0.322341566730602
0.378754706254768	0.200505425341965
0.0588184960278527	0.0233556454638202
0.26505804255578	0.175376794799899
0.0292835098007985	0.0174139982140426
-0.268709990012556	0.137422886733516
0.394077543950188	0.242263206421765
-0.17456992674774	0.0912652369592895
0.37903365004806	0.200695229132283
0.598388187690383	0.365124289578113
0.789079325953716	0.543893240613633
0.396921876373531	0.260242745186634
0.0836346373861601	0.0456890182021036
0.388635641929205	0.222799330565912
0.546191546545707	0.399994409087937
1.36666080374256	1.36650477586759
-1.27882282172847	0.903955643677358
-0.472090142363915	0.329989660400954
0.874763368766182	0.882716678186117
-0.434601430237469	0.367741933342263
-1.85862441204407	2.23316268750248
-0.320512229568985	0.18504719516924
-0.00945451270387407	0.0061202514325318
-0.237528955596091	0.139874316638003
-0.0120427162386852	0.00563902996727752
0.578018102972575	0.37654181246198
0.522587369087313	0.425486084521892
-0.0400639577839461	0.0254921970548213
0.119875060412801	0.0537756254140837
0.394037916789735	0.242247660525564
1.26787446624224	1.32141775555332
-1.23397035939061	1.17463539668881
-0.268608623749507	0.137354005666895
0.24997468863786	0.15509621575848
0.710050456446237	0.546540188914372
0.804482833660612	0.715576677362051
-0.399914968060413	0.199342745662806
-0.268719004618864	0.137442961534784
0.503875573474551	0.450218831903303
0.740295438219354	0.718637096979321
0.789124946179673	0.543928830463125
0.14242773641472	0.0893785962341768
0.789067188669125	0.543924706508862
-1.13580229711503	0.742146362661845
-0.389519460239995	0.276861805323255
0.388611278287772	0.222779199110245
0.788870111606042	0.543674142964954
0.0423180273406882	0.0213686808954471
1.24266958632114	1.14724141082673
0.21807729586257	0.178509792928749
-0.57525108074046	0.357535915462596
1.14132666656629	0.780469271001445
-0.792026255215612	0.632615510131616
-0.841930055188795	0.366935621913115
-0.174544124873814	0.0912564848517119
-0.00594870335486252	0.00332924516804532
0.578043836574162	0.376548516431563
-1.13517535394533	0.741376437346149
-0.575196062635016	0.357437611700666
0.449161679976785	0.125968053773896
-2.18934851078571	1.27007010277034
-0.47209074660014	0.330014700185048
0.533581431751006	0.412824120023096
0.0389486348638124	0.0276934965136356
-0.268525347797909	0.137326910041535
0.230528840720756	0.133684195378615
0.388693203120202	0.222849389931697
-0.500439984624245	0.41777464169958
0.264970751450314	0.175274839734157
-0.359400794834614	0.231196545368216
-0.829165276939393	0.606465936301729
-0.171836647611099	0.103224835215403
-0.740380861860938	0.45261093027897
-0.237338553416195	0.139602590319331
1.03590526157618	0.753863518623507
1.0360071240707	0.754049538610323
-0.10439877968516	0.0558435022103617
0.365545538878326	0.175812862473331
0.745313846676038	0.5436625102872
0.681137843811647	0.552122863361016
0.560631139693429	0.388101630778108
0.394077992026695	0.242262483225049
-0.400173652945427	0.199527805530166
-0.0121579779232437	0.00569550785644836
0.789137043859013	0.543954929220758
0.394037916789735	0.242247660525564
0.120371010324869	0.0539982926783083
-0.237494251281423	0.13984879736702
0.0423586690649514	0.0213879798283963
-1.13720417658415	0.878844760925168
0.522739407299269	0.425633806476119
-0.378169952173592	0.323894740681507
0.635691498642958	0.567126216652758
0.837559165354361	0.879535684011446
0.39700159284157	0.260302023027962
0.205071546672453	0.110351538960765
1.26782314025134	1.32098222651572
-0.575189306984786	0.357348377651719
0.789137043859013	0.543954929220758
-0.414225715960634	0.322419618188459
-0.237494251281423	0.13984879736702
-0.26882014270592	0.137493109818912
1.1542095508317	1.11178512587609
1.14122070426758	0.780386099658665
-0.00609022997363264	0.00340671392082021
-1.01635180096047	0.731290577813313
0.14230638370502	0.0892971544498863
0.495323802599469	0.461847156281785
0.844059703677712	0.546155801156035
0.844142036023125	0.546193480334791
0.170078037123426	0.0842362332696313
0.23049085052051	0.133641236131019
0.388623453802359	0.222807132021994
1.71229367635148	1.36394954299998
-0.0399958133280744	0.0254486517947319
0.24997468863786	0.15509621575848
-0.0495987185310005	0.027114194361977
0.170170551402025	0.0842873863496133
0.0837040002746334	0.0457264227156212
0.769966665785145	0.716247053036143
-0.45344808773457	0.286801474904568
-0.45344624098908	0.286775668100434
-1.23405020697422	1.17479544103165
0.89497510275865	0.722971967281811
-0.0122850641813574	0.0057559911383436
-0.400020822389192	0.199426194116488
-0.0875468540215103	0.039864629429921
0.956872912425269	0.734592065785687
0.170170551402025	0.0842873863496133
-0.174544124873814	0.0912564848517119
0.894897411474302	0.722496051016177
0.286263862110025	0.212166872965943
0.578103014416737	0.376604056005177
0.250113947984747	0.15512124777764
0.249964238369874	0.155088974064584
0.0423987822934224	0.0214042356315897
0.142262901602764	0.0892555456311419
0.163779746826428	0.10920564481454
0.121031375957802	0.0902760919192453
0.845336444937576	0.716445527359605
-0.575273198865867	0.395479571147706
0.533651612856611	0.412931714320201
0.170365107743381	0.084383949304422
0.710050456446237	0.546540188914372
-0.5801177025606	0.32217404700399
0.656655507494534	0.559296736777513
-1.64079031604019	1.41150780173358
0.37903365004806	0.200695229132283
-0.576510187139712	0.435173891748638
-0.17440426958797	0.0911536059094103
-0.400279254651867	0.199611151597535
-0.575276993342195	0.357560747477759
-0.429856217784491	0.243527269122507
-0.453566648168422	0.286866712107399
0.681164528369224	0.552169548046072
0.169976433422897	0.0841776092708832
0.249999051633764	0.155110314569276
-0.687634944063166	0.51055249212413
-0.0495397768279468	0.0270801657264626
-0.57525108074046	0.357535915462596
-0.119050952730279	0.0729657719248745
-0.104356587212664	0.0558165072825962
0.170059671984345	0.0842063275246382
0.668481033440034	0.343942560095741
-0.429925595459858	0.243580051469603
0.623522821357487	0.352458134850505
1.35554782872336	1.19651223683715
-0.829086369388326	0.606441524864473
-0.119077183004402	0.0729893994545596
0.230568482664177	0.133702810948979
-0.453486695923122	0.286846798923099
-0.58022292583536	0.322227384173889
0.398820137099835	0.277814185387544
-0.4534876275693	0.286851758282326
0.398898691083153	0.277838999302462
0.617129399241013	0.575351642935698
-2.54816746439129	1.76455292274765
-0.795391084685964	0.429117695674088
-1.4093047219653	1.0685818566917
-0.580371561309725	0.322378988803852
1.12035012458492	1.26256103251407
0.745314366085531	0.543633251735459
-0.472010490785593	0.329884715637835
-0.509736421835564	0.18505595748735
-0.580603062995071	0.3224974752442
-0.237438932508922	0.139802266515279
0.0837387060859554	0.0457409019500633
-1.27853301138186	0.903936296677004
-0.174712693958413	0.0913301620983544
0.0836834538134724	0.0457175748200456
-0.575228160299009	0.395416533246711
-1.27863245309779	0.904117251927921
-1.08494238690443	1.19097877578258
0.95689862688858	0.734589435516779
-0.429811544627333	0.24349758007301
0.399622064505262	0.294668170054027
1.24270851402553	1.14735824964831
0.0582759097770294	0.0369139293809071
0.0163766867676565	0.0110534771619347
-0.472037251876793	0.329944781713068
-0.182658505693495	0.151442199828274
0.681165586147454	0.552082858182599
0.299781732078146	0.245279267222521
0.681164528369224	0.552169548046072
-0.00613385930658329	0.0034304917287465
1.72917928767911	2.48006711943255
-0.359480816044885	0.231235355347662
0.740340349151974	0.718528594287866
0.142627867416435	0.0894794267583777
-0.687589644821375	0.510540860097034
-0.35949132644256	0.231219432026524
0.745471728668303	0.543598965302457
1.12026637953776	1.26275378518057
-0.884588372446995	0.588819046433955
0.394037916789735	0.242247660525564
0.8046480332036	0.715478720231816
2.0442633357476	1.50797432904454
0.119898789663274	0.0537835419180417
-0.359323860694223	0.231053931168206
1.03033732039671	0.912314939032483
0.0837079999509027	0.0457243799470305
-0.740280398947646	0.452574775308571
-0.174547594798126	0.0912442955274002
-0.792053652357926	0.632677865462564
0.120264726831324	0.0539494870265262
-0.889518476363683	0.76068246749169
-0.576562024592509	0.435337941266279
-0.575309095809477	0.357521379838328
0.681190727615145	0.552153951286809
0.205181952499019	0.110420289382553
1.03618321868979	0.753782604151244
0.142358931930559	0.0893394124720293
-0.174514740171446	0.091236144615508
-0.575361020021202	0.357592442111619
0.230410033441319	0.133573185724858
-0.0122276726897269	0.00572835891609193
-0.487447913631627	0.373684765704035
-0.414013295475432	0.322157956826111
-0.143096010771681	0.109457396651977
-0.119041955886656	0.0729325205862499
1.03618321868979	0.753782604151244
0.84529835978895	0.716352267183875
-1.01629436212397	0.731210863643357
-0.087441370809686	0.0398097097825643
-0.191848441999651	0.0841748012731843
-0.32043192788861	0.184921858397715
0.598388187690383	0.365124289578113
0.623416485882467	0.352373168461279
0.378837053043127	0.200602993253842
0.578043836574162	0.376548516431563
-0.707482479345284	0.478426084681255
-0.005974931279798	0.00334374083564817
0.286150739662981	0.212075099189037
0.578018102972575	0.37654181246198
-0.500575851742371	0.418008210339847
-0.472089502999254	0.329915720500319
0.276802747767838	0.19419052935492
-0.223928254422334	0.14937310962485
0.20515621128702	0.110408160639295
0.205104752923164	0.110336176108331
-0.0875247626795585	0.0398554643821223
0.921489960026533	0.552533647137428
-0.747784520630377	0.701380873893064
0.57804767962632	0.376553475673062
0.20515621128702	0.110408160639295
-0.17189007357759	0.103262278865495
0.276983589672344	0.194357664287847
-0.00602792446630063	0.00337277124820236
0.116312232557711	0.0682826331465019
0.163407710474539	0.108984353747234
-0.268525347797909	0.137326910041535
1.65619620535308	1.51961173035875
1.10718087052555	0.935700785636064
-0.0121004029027061	0.00566746725900745
-1.13722012273444	0.877996421209794
0.398819616028579	0.277815329640886
-0.171968579050833	0.103308832832877
-0.687579023630957	0.510524309186091
-0.852505178649334	0.788696528043239
-0.94130434126359	0.73990733004916
0.396911610810945	0.260226883174291
0.116312857511999	0.0682624392836684
0.397026101851446	0.260307889214928
-0.172020878761419	0.103289770842459
0.668412566104476	0.343909313552279
0.84532399478612	0.716277544290757
-0.174459521127491	0.0911992843731911
-1.13580229711503	0.742146362661845
0.394116820155748	0.242245377382797
-1.1371647257165	0.878646093685645
-0.0935556981413233	0.0268478444964544
-0.884726670104725	0.58868087490663
0.0587479747293442	0.0233295790834769
-0.191763069164488	0.0841344545583103
-0.575247842369215	0.357512901650038
0.0836528561875859	0.0456873053181287
-1.01638040429431	0.731261580326361
-0.580624647641511	0.322477621178051
-0.174715814440944	0.091296742896311
1.35557734308983	1.19649920345641
1.52023308903483	1.08716538684327
-1.51816553129795	0.95879786564237
-0.005974931279798	0.00334374083564817
0.598573351737047	0.365281015830231
0.546247277497143	0.399925184125997
1.10702234056283	0.935869287440499
1.03629481154617	0.754146980180703
-0.94130434126359	0.73990733004916
0.394117191437341	0.242261105143043
1.3666709892816	1.36665718417588
-0.171889531829943	0.103267851984991
0.837562559061058	0.879559243574078
0.286066978594424	0.211994931791177
-1.24921575303435	1.03254406709422
-0.934201789329301	0.917785922281763
-0.224046215893559	0.149436605217341
0.921410321822283	0.552421724487917
-1.13720417658415	0.878844760925168
0.142402398242811	0.0893691754404031
0.770731512231836	0.350809203466032
1.52048638870796	1.08681008603723
-1.24913860123246	1.0325200816944
0.11628438193158	0.0682790642668379
0.170078037123426	0.0842362332696313
0.388750876020199	0.222881622076993
0.230529605001091	0.133680510590328
-0.740380861860938	0.45261093027897
-1.13569824977844	0.742021850109875
0.0422784535101385	0.0213474939483703
-1.93238327855699	1.95518922494245
0.968798809142533	0.897723233445736
0.116417411473758	0.068346745975318
-0.829087361933432	0.606402072678441
-0.576615023024312	0.435396115854758
0.635554552083256	0.566966511542197
-0.119277278868078	0.0730931233956002
0.276992072945487	0.194360558828875
1.2049145732705	0.970896458378593
0.396966874057929	0.260280317934537
0.11628438193158	0.0682790642668379
0.681244105580697	0.552129760975819
0.598796511054387	0.365181976046092
-0.575280127168348	0.357541128183675
-0.976575296838952	0.584360386105283
0.578018102972575	0.37654181246198
-0.320512229568985	0.18504719516924
-0.580476543617623	0.322432153035535
1.2049145732705	0.970896458378593
0.578128702372086	0.376615585739378
0.62326240290656	0.352345581752505
-0.829086369388326	0.606441524864473
0.710085189501082	0.546546191806679
-0.104278391852856	0.0557721044560038
0.120004743026815	0.0538382787021705
0.250054720394824	0.155128740837758
0.230450440407156	0.133617280023361
-0.171970143817056	0.103284569587849
-1.01646356320489	0.73118383061582
-0.981130820546333	0.894246806773281
-0.104355631135339	0.0558064671943507
-0.581711492709736	0.277565100121143
-0.829127834617353	0.606384459555384
1.08238282667856	1.0889579102222
-0.218877313093737	0.162983336095919
0.195340423818283	0.145353244049691
0.512384716710829	0.437581113197918
-0.934133642236387	0.917593619670911
-0.00219804389106728	0.000749243310235947
0.276992072945487	0.194360558828875
-0.429938030218216	0.243568625526263
0.388681054646199	0.222839316744788
-0.0876302197595823	0.0399015975036765
-0.740271693618544	0.452632126761163
-0.0123423441710936	0.00578321495826335
-0.359432192549867	0.231147601428986
-0.0757857296260691	0.0473392563197507
0.745393073383296	0.543751429172607
0.0423968115556395	0.021405318458516
0.656716189618618	0.559373770285448
-0.0496786953210636	0.0271589708374202
-0.237632971146604	0.13986643402996
-0.0497345326733345	0.0271871515330024
0.578132720644533	0.376583680720049
-0.500650989447044	0.418095790710633
-0.359366029703826	0.231147371654073
-0.171889531829943	0.103267851984991
0.968745917591966	0.89768178132833
0.394038396008532	0.242246959131393
1.03028823981607	0.912283562583338
0.598471479069243	0.365154751464456
0.37903365004806	0.200695229132283
-0.829165276939393	0.606465936301729
0.95700930595665	0.734505729779252
0.921407174037824	0.552510092381016
-0.829085333646607	0.606448881785564
1.71221141031756	1.36358639614156
0.249929441003308	0.155058665247787
1.10710203362175	0.935781275680246
0.394116820155748	0.242245377382797
0.365548699035189	0.175813952012173
-0.359400794834614	0.231196545368216
0.205071546672453	0.110351538960765
-0.707440758239958	0.478286831278548
1.03609981704083	0.754094632826625
0.546121760342076	0.399865604810286
0.0582681125412956	0.0369097059862481
0.560789883897686	0.388151965213491
0.396901374837233	0.260194980996735
-0.582675346378302	0.519905315041429
0.512694882692757	0.437922797817562
-1.43659117586493	1.79951732942569
0.399527003158527	0.29457778785494
-0.472064591324512	0.329985339812347
0.522648548628168	0.425563360408667
-0.28458417543874	0.186525793686448
-1.27834194596086	0.903560898454798
1.20490239363088	0.970865504289273
-1.64079412614702	1.41132068852497
1.20504212356376	0.970906270796061
0.635562225748386	0.567019156974504
0.894974427264456	0.723012047209108
-1.13712546172588	0.878705717254091
0.399786910784941	0.294700439631701
-0.174657693246584	0.0913100721629379
-0.389528428592558	0.276953055673641
-0.884882724480233	0.58881605155802
-0.0398630824436254	0.025363822232325
-0.171941842769072	0.103292339313764
1.58608190985133	1.83091446928203
1.15426129791593	1.1115438236358
-1.35315272361151	1.19041017579904
-0.884657543519209	0.588843512301589
0.745432336831889	0.543720392347431
1.33431810097726	1.01922986342603
1.1071404691228	0.935773583234462
-0.389624302641974	0.276981661337578
1.32371794960321	0.631519863553089
-0.740372218460723	0.452702879152707
-0.579188305816667	0.47692523634252
1.20457849774969	0.969999008157581
0.205160060996154	0.110384683640078
-0.0122850641813574	0.0057559911383436
-0.23751862527221	0.1398723323227
-0.707519508503827	0.478444598517908
-0.48731817121914	0.373612045744852
-0.674266406810427	0.547075914591584
0.142480275374493	0.0894237326972331
0.104318579429225	0.0887242261476161
-0.00601232576299889	0.00336418907014556
-0.320513450752505	0.185034633111104
0.119769233618733	0.0537209607675883
1.03031273414609	0.912372885505207
-0.976516074000812	0.584317029347254
-1.67827674680171	1.1536712482776
0.0423180273406882	0.0213686808954471
-0.580476543617623	0.322432153035535
0.250054720394824	0.155128740837758
-0.35950499507081	0.231230783576538
-0.237494251281423	0.13984879736702
0.170059671984345	0.0842063275246382
0.745432717216464	0.543739764183929
0.560631139693429	0.388101630778108
0.533729511255781	0.413059845750498
-1.04540091106297	0.878624339051669
-1.13720417658415	0.878844760925168
-0.453565656713505	0.28686170496249
-0.320552374954212	0.185067543761871
0.119980963262918	0.0538242500271638
0.388553749445873	0.222747063630089
-1.01632312024401	0.731272630481301
0.0837284410832234	0.0457376182476325
0.365714364360966	0.175875869700692
0.120004743026815	0.0538382787021705
0.560711157363661	0.388178233889262
-0.119042755355306	0.072960774387208
1.4918700932737	1.43016010723581
0.39395926482031	0.242165352884471
-0.88448749705996	0.588430770297503
0.230568482664177	0.133702810948979
0.0423586690649514	0.0213879798283963
-0.171888954875426	0.103262528114191
-0.26882014270592	0.137493109818912
-0.26842377376637	0.13725791720775
-0.0122154413396054	0.00572317029003499
-0.42988102086544	0.243519815871298
-0.23751862527221	0.1398723323227
0.388750876020199	0.222881622076993
-0.2687279974696	0.13743703950627
-1.01649196120194	0.731025053462923
1.0597155655144	0.577756640140593
-1.52962043558558	1.23854340721279
0.230607483632705	0.133708407209246
-0.224066682109373	0.149487734870005
-1.1371236136296	0.878778131351214
0.398820693400698	0.277780946825633
0.0422796254578924	0.0213471109845159
0.120134631761478	0.0538964433430745
-0.472117480236258	0.33002701814581
-1.70836879150411	1.87016366397789
-0.174602660202585	0.0912810692303503
0.205126733349182	0.110389989862704
-1.51840982581887	0.959105734342332
-1.51824496864762	0.95886148357615
-0.0121125550355883	0.00567193534323825
-0.429938030218216	0.243568625526263
-0.707480143436695	0.478397987358348
-0.400279254651867	0.199611151597535
0.623050316446066	0.352135083519687
0.0836553943168606	0.0456870258651299
-0.174683567543954	0.0913208124398447
0.170078037123426	0.0842362332696313
-0.884688635613738	0.588740034808548
-0.740179770854738	0.452503944476729
0.522696083203824	0.425623370072649
-0.575286950296263	0.395470517468643
-0.582344860315445	0.519605360391586
0.89489507458496	0.722958418196703
0.578243590906974	0.37660105419106
0.598684774774916	0.365349678431694
-0.707521172971948	0.478490781085457
-0.842573501506563	0.367295334988531
-0.58022292583536	0.322227384173889
-0.941311514500646	0.739541484904691
0.410684422475736	0.149950448704565
0.771384657824967	0.351194621180954
0.560633505652708	0.388001268604152
0.956788078053275	0.73445417517158
-0.322346880175057	0.232860465547678
1.2049267654137	0.970703651984816
-0.829086369388326	0.606441524864473
-0.429754352431401	0.243433445629051
-0.487344086887389	0.373664003374922
0.116230996942803	0.0682334655645666
-2.18887464496301	1.26943367833825
-0.0875247626795585	0.0398554643821223
0.578073386398327	0.376592353319862
-0.174576796600837	0.0912462021193837
-0.472064003814338	0.329987530330869
1.05987776781758	0.577885042568082
-0.174709433773841	0.0913075540388975
-0.707483167259965	0.478381265464696
0.029371177674185	0.017466505112097
0.972263495829841	1.05854825508394
0.116257684859797	0.0682579104908087
-0.223954263100011	0.149376089987957
0.388775131460005	0.222826400470331
0.844256005489486	0.54634206000507
-1.01640653529459	0.731296908478309
1.36662599458744	1.36652856874857
-1.13565630646569	0.741805655621152
-5.03525449851107	2.98103099314005
3.40027364600021	0.889720779959611
0.388647842687885	0.222751798330428
0.230569216915851	0.133699107004068
-0.0496302816821721	0.027135851275683
0.399709038062299	0.294748688877609
-0.4534876275693	0.286851758282326
0.0836139988449978	0.0456801177731202
0.681244105580697	0.552129760975819
0.399608924629133	0.310660090400432
-0.414089335359854	0.322315739242084
0.388623453802359	0.222807132021994
0.623392508810783	0.352425458002545
-0.581854188280408	0.277697073220254
0.388693203120202	0.222849389931697
-0.687645531220509	0.510520092573715
0.0836384663419645	0.0456924625707961
-1.93233776539185	1.95488349887811
-0.740171003604891	0.45253026277676
0.379126762983442	0.200717512701271
0.577962852066937	0.376462056263808
0.74547277621256	0.543656879654026
0.388578192406689	0.222727431738731
0.265213741248573	0.17547568582309
0.845426941638222	0.716354448523922
1.28506672868836	1.49553502613688
0.180695179487199	0.127546645973954
0.293655547979514	0.229098421080544
-0.581851832882174	0.277688325692166
-0.429684759665462	0.243380527933264
-0.429843797332302	0.243460857863157
-0.575108303064776	0.357292958223929
-0.0123546421621991	0.00578834044022463
0.771024001739316	0.350851866827174
1.60134042861547	0.907439175692279
-0.191765997402019	0.0841406045300469
0.26529297050565	0.17546533518006
0.546226339378666	0.400029781886946
0.845350148062054	0.716249150397792
0.578043836574162	0.376548516431563
0.0291000546126307	0.0172988337934432
0.745472032207582	0.543666904302959
-0.00602792446630063	0.00337277124820236
-0.472118030867994	0.3299950821969
0.0423191371419603	0.0213682662442981
0.394037916789735	0.242247660525564
0.399403510326567	0.310311905072002
-0.575218613589162	0.357443211501799
0.745313372817002	0.543643055784517
-0.795221755124498	0.428924725702898
-0.0123423441710936	0.00578321495826335
-1.24918171972354	1.03274207099917
-1.13720220521042	0.878917030944994
0.378643955473557	0.200452340941438
2.23188918576569	1.82095979134236
0.0423977057639784	0.0214070367044068
-0.429868625622534	0.243546443419877
0.393957777146627	0.242116747971034
1.35551839230937	1.19633622757573
0.23052811985298	0.133680230051694
0.968745917591966	0.89768178132833
1.03034750926467	0.912449882956028
0.804403179607171	0.715135519305887
-0.284744292500587	0.186643086689261
-0.132204414463059	0.0912110263642647
0.53380740996506	0.413071526569369
0.546170676644428	0.399976726180858
-0.268921114931938	0.137530879122937
0.921489960026533	0.552533647137428
0.14230638370502	0.0892971544498863
0.843839037316713	0.54580815424058
0.449161679976785	0.125968053773896
1.05996734987123	0.577966932312984
0.921489960026533	0.552533647137428
-1.47856332924706	1.65372846939195
0.0424373093427921	0.0214235517697407
0.394077543950188	0.242263206421765
0.546200658028452	0.400007575079535
0.546191546545707	0.399994409087937
-0.119042755355306	0.072960774387208
0.546295972751385	0.400029492366873
0.396995601454295	0.260210417108958
-1.04537948796259	0.878580667548643
-0.0961508828917358	0.0673596342798027
-0.582344860315445	0.519605360391586
0.365548699035189	0.175813952012173
0.956953950129638	0.734577320632393
0.230569216915851	0.133699107004068
-0.453490162672525	0.28677610879887
-0.792105926586736	0.632620636325113
0.681270808315995	0.552041465362569
1.03033324664792	0.912379894382633
0.116390687051258	0.0683388411885374
0.205045767855467	0.110321221907016
0.230528840720756	0.133684195378615
-0.766101540886439	0.664864844412508
0.388578192406689	0.222727431738731
-0.472037857822702	0.32995818075441
1.48064935956103	1.59376521661266
0.142315461908762	0.0893059044612401
0.488094455528585	0.473865511916466
0.635455845701495	0.566823503076293
-0.131787780606857	0.0908990227810233
-0.453566648168422	0.286866712107399
0.668412566104476	0.343909313552279
0.276957543704097	0.194350081764933
0.598694180155987	0.365261024783485
-1.04540091106297	0.878624339051669
1.50452650525141	1.26725704656624
0.966408720917092	0.365302103460683
-1.110169684093	0.562673512171069
0.710119938835837	0.546517251784068
-0.707519508503827	0.478444598517908
0.394157244996507	0.242235707904129
-0.174488957080222	0.0912196505661504
0.142540946604567	0.0894530191286025
-0.00945586459123158	0.00612271482809468
0.957039036368668	0.734549572261146
-0.687509652607351	0.510321545292853
0.710134362222941	0.546475471257102
0.276925074009431	0.194318669704258
-0.472064003814338	0.329987530330869
0.120004743026815	0.0538382787021705
-0.320551710599551	0.185068852829541
-0.0871886681145759	0.0396808346246086
0.533829510998874	0.413071622784282
0.0835689978452454	0.0456494284522933
-0.707561374899847	0.478454287577905
-0.413932081444287	0.322054098126626
1.50470253863688	1.26757955472315
1.15422700818235	1.11160639485655
0.546306383118467	0.39999621142448
-1.06741102049911	1.03271952640814
0.560750168129779	0.388179645747097
-0.0123546421621991	0.00578834044022463
-0.38943331800345	0.276816730885353
0.598592016021916	0.365255436252484
-1.01165140714398	1.05219026700552
0.0754950133521015	0.05899543161426
-1.13542670488496	0.7418567226406
0.0588162361047195	0.0233573777261437
1.03038230068507	0.912471168640531
-0.472223811252172	0.329972729678542
-0.575214202570672	0.395302322791315
-0.0122850641813574	0.0057559911383436
2.04419326660274	1.50855887779828
0.205237204149976	0.110442438968594
0.276940225617192	0.194293407208641
0.170365107743381	0.084383949304422
-0.171942958073269	0.103296434915017
-0.171836647611099	0.103224835215403
-0.0759226192782298	0.0474240065767307
0.388681054646199	0.222839316744788
0.396966874057929	0.260280317934537
-0.049665047876336	0.0271547943089435
0.844152537341915	0.546273411772544
0.0836487181970986	0.045700188709168
1.32436602519462	0.631710688508099
0.369768699388882	0.157975140101217
-0.430039201840463	0.243590965816125
-0.32342872014596	0.132754800981013
0.39693217152986	0.260242591337945
-1.13716655833081	0.87858291695597
0.398793967380322	0.277774205276527
1.50460992872118	1.26759481849811
-0.981052926445422	0.894328504826762
-0.707520363398452	0.478482018542316
1.30493947629717	0.824751306985012
-0.359435544098484	0.231227533097986
0.398262063908038	0.340847401929224
-0.266168279052677	0.195321218046374
-0.576615023024312	0.435396115854758
-0.707403503012258	0.478082459522625
-0.795473084150557	0.429189025577302
0.205237204149976	0.110442438968594
0.23053041269172	0.13366829299905
-0.884670169842857	0.588584325021657
1.30501002656905	0.824855468544757
-0.0496859935586384	0.0271630129061038
1.83637822902329	1.20191504598454
-1.27873173123899	0.90423664025219
1.49179193179728	1.42992111448034
0.917881063656079	0.888853448975152
-0.17459926023523	0.0912855489687525
0.87466428450606	0.882854283319127
-0.791945879718962	0.632253515604835
-0.359414427010868	0.231205255371581
-0.0496302816821721	0.027135851275683
-0.582742983603924	0.519921500743848
0.61698959191738	0.575139227583063
0.397036327893221	0.260307683516976
-0.0496511828299678	0.027144046289517
-0.104360717158204	0.0558152634709309
0.845392160368185	0.716330419328126
0.956872912425269	0.734592065785687
-0.320551710599551	0.185068852829541
-0.359352119582051	0.231055021458661
-0.47203661079325	0.329886834871931
1.03610915310578	0.754122517881413
-0.359390272612402	0.231190890343253
0.394077543950188	0.242263206421765
-0.575273720240365	0.357448114099571
-0.824959429532809	0.821513445461906
0.0835792957447459	0.0456571767018195
1.24274888728981	1.14736338565194
-1.04544866744189	0.878580226525379
-0.174544124873814	0.0912564848517119
1.36665670893132	1.36647483431801
1.30500559063638	0.824690551359012
0.365462810263777	0.175771126538925
0.388832836805505	0.222876542155152
0.560749556461197	0.38815237075861
-0.674517925605942	0.54735116222291
0.249894659522818	0.155018355715204
0.365380128458397	0.175707559308492
0.195416255124263	0.145374615117362
-1.135823184275	0.741978305186248
-0.0121457735954574	0.0056898242385988
-0.575217747559456	0.395392146945716
-0.575363276560376	0.395423496155422
-0.47209131567218	0.329997648951972
-1.6784015336866	1.15386732162851
-1.11095419840965	0.563287274191042
-0.4534876275693	0.286851758282326
0.560591503119401	0.388022068629539
0.0423581224798044	0.0213887511464096
0.968745917591966	0.89768178132833
-0.889545263311401	0.760652913103795
-0.665859212364149	0.586268574699401
-0.0121004029027061	0.00566746725900745
1.36668120435283	1.36664731452492
1.15419221777161	1.11155259651657
0.163628514660403	0.109129669858745
-0.434601430237469	0.367741933342263
-0.687589644821375	0.510540860097034
1.12029685938897	1.26229603693116
1.18743567187922	1.28863215713948
0.276983589672344	0.194357664287847
-0.829127834617353	0.606384459555384
0.230568482664177	0.133702810948979
-0.941325320078651	0.739833669250325
0.388623453802359	0.222807132021994
0.163217689305271	0.10879504701003
0.170281743912202	0.0843350879613783
-0.0121701696544959	0.0057003464533006
0.397060876249313	0.260295620428616
0.230567144449649	0.133687254625393
-0.674544108499417	0.547350194529209
-0.687656090279379	0.510461902209215
0.399674645826999	0.294745791076352
-0.0496197888314195	0.0271299727345174
-1.40142560660203	1.48946095750947
-0.359473143908641	0.231179849951258
1.37320346712731	1.53938662878896
0.578073386398327	0.376592353319862
0.512474652067005	0.437566936581822
0.0290086158607089	0.0172393872328297
-0.104281369019888	0.0557650272938671
-0.359296451796163	0.230957162279903
-0.00606532794266525	0.00339257404338847
0.11963988329625	0.0536532323596811
-0.45352413318537	0.286809315799847
0.170272425689712	0.0843399388739337
0.623108714196451	0.352046458796775
-0.941283244654749	0.739828831087645
-0.224006110467136	0.149449749327003
-1.27873979527957	0.904162189875354
0.388681054646199	0.222839316744788
-1.13540557686061	0.741442945452827
-0.359400794834614	0.231196545368216
0.398793967380322	0.277774205276527
0.180824451641339	0.127637044455578
0.546121242988762	0.399824708536786
-0.237487456853328	0.139823741683448
-1.2491804841411	1.03278535988771
1.24274756493478	1.14726908390912
0.16987499605727	0.0841114700759531
-1.06722958283494	1.03291931291923
0.365462810263777	0.175771126538925
-1.6784015336866	1.15386732162851
0.388611278287772	0.222779199110245
-0.889437414067685	0.760463540772453
0.0586752350175879	0.0233026661375095
-0.174576796600837	0.0912462021193837
0.546167269096049	0.399901540034206
-0.0122276726897269	0.00572835891609193
-0.580371561309725	0.322378988803852
-0.00613385930658329	0.0034304917287465
0.163560042689512	0.109098501464748
0.956953950129638	0.734577320632393
0.396981124268762	0.260286380908059
-0.284612066321568	0.186571399929409
1.65613897630138	1.51943823476646
0.710044438860023	0.546429402003324
0.205130478099973	0.110380892749031
-0.67439662495425	0.547304924511479
0.163415409841905	0.108998225380229
-0.687613685418675	0.510543809311169
0.369443988447083	0.157954068466191
-0.4297991763118	0.243493611717284
-0.191683506242611	0.08409339741583
-0.23751862527221	0.1398723323227
0.0423581224798044	0.0213887511464096
2.23180747286535	1.82116517884466
-0.359421754793771	0.231175603419354
0.0422401339956056	0.0213241934971351
1.10694319741214	0.935552061811469
-0.740372218460723	0.452702879152707
-0.0875247626795585	0.0398554643821223
1.15412959839384	1.11154858242105
0.39693217152986	0.260242591337945
-0.471985543490373	0.32981194190378
0.39686281519059	0.260107968874057
-0.2687279974696	0.13743703950627
0.578158381790198	0.376627328503049
1.0302677403609	0.912101238930548
-0.104282004804361	0.0557557934811767
0.142254788383874	0.0892466488505258
0.0837284410832234	0.0457376182476325
-0.320513450752505	0.185034633111104
0.560672269912082	0.388121508634766
-0.119059968489727	0.0729770777774155
-0.576483413822844	0.435113266967815
-0.359390272612402	0.231190890343253
-0.45352894096537	0.286840111372119
-0.981139686707074	0.894377429819657
-0.174459521127491	0.0911992843731911
1.79318268061791	1.77757219186152
0.578132720644533	0.376583680720049
0.388439026483589	0.222625331869707
-0.580476543617623	0.322432153035535
0.265118813379176	0.175428622585859
0.163552344867898	0.109100232432363
-0.0122727931927386	0.00575042631266952
0.24998516710157	0.15509510358789
-0.740271693618544	0.452632126761163
-0.674404943513355	0.547188435849253
0.397015905434803	0.260292076183669
0.394077543950188	0.242263206421765
0.0836346373861601	0.0456890182021036
0.745393530540733	0.543722108365821
-0.174540515247827	0.0912397503894302
-0.224023395472545	0.149456678003061
0.710119938835837	0.546517251784068
-0.429754352431401	0.243433445629051
0.398793429534845	0.277791401936865
1.24278791466208	1.14733487373111
-0.237369534691577	0.139677685315996
0.788870111606042	0.543674142964954
-0.400747339760967	0.199770728173119
-0.884544289848043	0.588611212599592
-0.119086212433433	0.0729897903093258
-1.13716389690442	0.878922923019374
0.668410467979929	0.343916625774154
0.89497320652202	0.722890189394456
1.28506672868836	1.49553502613688
-0.223997400649952	0.149417113869312
-0.321975046941165	0.232564991315387
0.745313846676038	0.5436625102872
1.35560309885073	1.19659585765971
0.578154398334843	0.376565647581824
-0.687600237888207	0.510532942612147
0.533712384989079	0.413029755323642
1.775847397179	2.3249467049061
0.745353938169583	0.543696369311969
1.33430767166807	1.01938904096222
0.276863919655315	0.194259116644964
-0.0398020802093601	0.0253237465309906
0.512392435858355	0.437579799360263
-0.88946547353368	0.760587091874175
0.230489218546085	0.133657096820458
1.5046190920332	1.26744350671332
1.18742653858224	1.28855619176312
0.769920551943734	0.716069609768957
1.83590181628133	2.17320077152464
-0.191677560250301	0.0840866628137423
-0.32051005683072	0.184980830983559
0.369516572123014	0.157905173750537
0.522541233112267	0.425293019448212
0.57798860447689	0.376498020652567
0.0836589996523523	0.0457057522339226
0.681165039636409	0.55216283923334
1.68419648427837	2.07448945929616
0.546146298287035	0.399938901295841
-0.687637637733511	0.510461189365532
-0.359424999637583	0.231221859869823
-0.0497441662201271	0.0271685674851175
0.789264846004561	0.54394451038598
0.0423592611971083	0.0213859834041211
-0.472037251876793	0.329944781713068
-0.104436529201929	0.0558557454081821
-1.24917651944588	1.03256900421716
0.921489960026533	0.552533647137428
-0.429811544627333	0.24349758007301
0.578073386398327	0.376592353319862
0.623180168539243	0.352214767231186
-0.359470277506759	0.231240306415592
0.398872498945576	0.277846608081507
-0.0123546421621991	0.00578834044022463
-0.284637753148167	0.186595779542609
-0.852436789664913	0.788658937107064
-0.174657693246584	0.0913100721629379
1.08221760733996	1.0880137994366
0.230489218546085	0.133657096820458
0.365462810263777	0.175771126538925
-0.47209074660014	0.330014700185048
0.394037483159254	0.242231885268213
-0.4534471860208	0.286796541603711
0.0837182057065204	0.0457320808593595
0.116337803549992	0.0683121911720951
0.116284918076701	0.0682785512631978
-0.104317072987356	0.055793431428916
0.170161317325234	0.0842725965010529
0.894895810166702	0.722918400089256
-1.14282598672421	1.02413534429987
-0.429811544627333	0.24349758007301
0.546170676644428	0.399976726180858
-0.177837082393383	0.134194373288145
0.789124946179673	0.543928830463125
0.0293105991403497	0.0174314041483834
0.95692825447083	0.734633189363389
0.623286300486041	0.352340568865308
-1.22633568747765	1.32626169063387
0.0423185594731741	0.0213690212508505
0.740492359415759	0.718497615501548
-0.70748096742124	0.478435371653978
-1.06718637734555	1.03280832484855
-0.0876742818866323	0.0399207835370522
-0.82488070539826	0.821419059015669
2.29965829211353	2.50019896500571
-0.0122031973667483	0.00571711009301839
-0.575228160299009	0.395416533246711
-0.17459926023523	0.0912855489687525
-0.284691295871544	0.186632398557008
0.578014364927905	0.376465316524239
0.230489218546085	0.133657096820458
-0.174628515728416	0.0913006915587617
1.15415744324806	1.11143314487646
0.195038789547824	0.145061046773175
1.03038230068507	0.912471168640531
0.23053041269172	0.13366829299905
0.0422784535101385	0.0213474939483703
-0.0123546421621991	0.00578834044022463
0.39700159284157	0.260302023027962
-1.40904253679864	1.06806058867588
0.379022994958611	0.200668768396603
0.195265498201328	0.145286443192332
-0.389502229031768	0.276897438560363
-0.0496197888314195	0.0271299727345174
-0.576615616714452	0.435438733220694
-0.941280247537448	0.739831798298128
0.616917981545993	0.574958079551284
0.276932654578938	0.19431118824994
-1.51849205749084	0.959097589656331
-0.795221755124498	0.428924725702898
0.710005461501729	0.546536508014955
0.745394033281706	0.543633103188281
-0.0123095682902471	0.00576462947117763
-1.52942675967451	1.23736294278884
0.668345718169006	0.343627869623645
-0.429925595459858	0.243580051469603
-0.284638301267164	0.186600808077093
-0.4140211441407	0.322215000027298
0.89497510275865	0.722971967281811
-0.00592137793584026	0.00331386531753274
-0.740162214758242	0.452442797394852
-0.0496197888314195	0.0271299727345174
-0.576589402367532	0.435403871292486
0.399648360072255	0.294722245354068
-0.224032117734982	0.149465241808125
0.393958227486122	0.24215020025454
-0.57926452814574	0.476966626613594
0.396887167078154	0.26018713186142
0.577962852066937	0.376462056263808
-0.432195795413815	0.0981239072789159
-0.191851314271925	0.0841724378088938
0.0162285716801323	0.0109515453384535
0.617064604618736	0.57524015279494
0.142332662718343	0.0893225200421159
-0.665859212364149	0.586268574699401
1.15426179570345	1.11167382040556
0.0422796254578924	0.0213471109845159
0.681138864658812	0.552115965679492
-0.674370456569924	0.547283897739614
0.396981124268762	0.260286380908059
0.230567791841672	0.133698864313426
1.10706194257041	0.935925458227292
0.578132720644533	0.376583680720049
-0.0879066836925073	0.040019713981525
0.745433614820863	0.543621401408319
0.170078037123426	0.0842362332696313
-0.174485277419969	0.0912106313420276
-0.976470386658705	0.584506017782514
1.49183045337546	1.43013942626621
0.205181952499019	0.110420289382553
-0.00605468831058989	0.00338734248617692
0.656612008247119	0.559175736253156
-1.29976858575257	1.48018167917938
0.23049085052051	0.133641236131019
1.15415623962501	1.11173707314671
0.388796591436508	0.222846343871888
-0.0497903304412536	0.0272057850952816
0.844256005489486	0.54634206000507
0.956902566778186	0.734555045157672
-1.13716389690442	0.878922923019374
-0.0496302816821721	0.027135851275683
0.546146298287035	0.399938901295841
0.598666029175516	0.365312255321971
-0.472063381153096	0.329946905563585
0.230490012836691	0.133653431840519
-0.320512862899764	0.185045864651848
-0.171969135860426	0.103312109320044
0.804456292999478	0.715521558347447
0.578103014416737	0.376604056005177
-0.119137848815211	0.0730267568590352
0.709956708597178	0.546220027773359
0.116338376605539	0.0683053528732125
-0.174141084260758	0.118191728703065
-0.00595155962002393	0.00333058547286571
0.276957543704097	0.194350081764933
-0.0124689471286401	0.0058422046791081
0.250019935805811	0.15511641349221
-0.487352758396561	0.373715921399116
-1.2491804841411	1.03278535988771
-0.104317072987356	0.055793431428916
-0.581849525599261	0.277576220823309
-0.174488957080222	0.0912196505661504
0.917863873252207	0.888805486325902
0.928839954549081	1.04968362922291
0.205068011844753	0.110329366305932
-0.322180334167628	0.232692675673524
0.205100973330945	0.11036967785944
-1.24921849849432	1.03274850818744
-0.659905117167108	0.626806281335152
-1.24914351063808	1.0324599382244
-0.57525108074046	0.357535915462596
0.230449616124751	0.133620924510745
0.23049085052051	0.133641236131019
-1.11000712185328	0.562333501617952
0.286135202165581	0.212070478802817
0.495471171252716	0.462052635695269
-1.35315272361151	1.19041017579904
-0.0496545327696726	0.0271489027461026
-0.329383799708971	0.285337435196613
-0.0761501292188393	0.0475684905742358
0.573721453697712	0.601756536167933
0.27691422571419	0.194313899662351
-0.941325320078651	0.739833669250325
-1.13532229991961	0.741731857047717
2.41499791411565	3.44521058632141
-0.359435544098484	0.231227533097986
1.03039249606123	0.912518503708076
-1.23410322254368	1.1746499805901
-1.14272017453687	1.02412724767804
0.710050456446237	0.546540188914372
1.5044158387548	1.26730366912119
0.23052811985298	0.133680230051694
-0.50064381470716	0.418099309486099
-1.9590152341516	1.00513822787385
0.844245436694145	0.546340791689674
-1.01144422335836	1.05160694280024
0.23052744239938	0.133668602137409
0.396956601925935	0.260280489844571
0.230528840720756	0.133684195378615
-0.934073422847579	0.917485759806958
-0.884632253303745	0.58876380922075
-0.829086369388326	0.606441524864473
0.0423581224798044	0.0213887511464096
-0.119077183004402	0.0729893994545596
0.956843336205729	0.734548363620484
0.399700921716306	0.294737731667081
-0.104399592297262	0.0558404234022689
1.2049145732705	0.970896458378593
0.265134513865625	0.175435748620203
-0.576695398977988	0.435458819694957
0.917863873252207	0.888805486325902
0.546226339378666	0.400029781886946
0.71437999704858	0.722224269951652
-0.70744426971246	0.478196361482492
0.901095367863138	1.19777758236157
0.83769210755376	0.879683062318649
0.20515621128702	0.110408160639295
0.205266784752764	0.110460669177488
0.0423982212440437	0.0214062491591895
-0.268516230467572	0.137314152183712
0.116390687051258	0.0683388411885374
0.77232805298542	0.351481543567969
-1.04535795258666	0.878349528762086
0.0836139988449978	0.0456801177731202
0.293662700067356	0.229125522555865
0.0582154760434513	0.0368742811637209
0.265170198754687	0.175412471617024
-0.884644904679083	0.588878517612653
-0.941283244654749	0.739828831087645
-0.359424999637583	0.231221859869823
0.0836834538134724	0.0457175748200456
-0.795644069228305	0.429035866213146
0.116362964940938	0.0683122413063474
-0.747587974077377	0.701093457606603
-1.70841206001328	1.87028566422857
-0.57538996445978	0.357597568636075
0.398793429534845	0.277791401936865
0.0835832629414918	0.0456497829037047
0.388878599268322	0.222920598581283
-0.119103423183026	0.0730060951167675
-0.941293807684783	0.739887785369521
0.369785495549136	0.158102799873415
0.968771592343898	0.89777848560479
1.03611851081783	0.753977377386706
0.533685861688125	0.413015889097383
-1.04547017907602	0.878624023956432
-0.0496407463451933	0.0271405434836126
0.804463962280598	0.71522286552363
-0.32062984034983	0.185025523061388
0.230528840720756	0.133684195378615
-0.237504529024248	0.139844087330484
0.844245436694145	0.546340791689674
0.804317622329091	0.715014016607845
0.37838848650301	0.200265814412607
2.03214245396911	2.31040669052287
-0.104357499932016	0.0558222115623603
0.398687154815651	0.277586074461679
0.230607483632705	0.133708407209246
0.230450440407156	0.133617280023361
-0.829123658632418	0.606478073255778
-0.740280398947646	0.452574775308571
-0.575331997851687	0.357565550468974
-0.792000758207755	0.632580193184753
-0.0119728323770928	0.00560560717319621
-0.575238543494442	0.395420803834069
0.042279016727012	0.0213478495403599
0.0423571659955781	0.0213870028203468
1.02288113870504	1.07137189764436
-0.174463165959568	0.0911892241190449
0.398819616028579	0.277815329640886
1.03591449475179	0.753942920815292
1.35540805198776	1.19589637482513
0.921324434956384	0.5524265305633
0.142419603815384	0.0893858006289232
0.76995152791776	0.716151771515157
-0.143104118013574	0.109456438247267
0.116390687051258	0.0683388411885374
0.522503508982524	0.425358131780855
-0.429856217784491	0.243527269122507
-0.320512862899764	0.185045864651848
0.546121760342076	0.399865604810286
-1.14279919228592	1.0241389419404
0.11628438193158	0.0682790642668379
-1.27882282172847	0.903955643677358
0.369785495549136	0.158102799873415
1.36661581551336	1.36619214035804
-0.884770354939938	0.588923492607131
0.0825374772276649	0.0554234705982477
-0.933856687815287	0.916743296287691
0.142315461908762	0.0893059044612401
0.512490201951263	0.43772609003449
1.14891500635769	1.43517500935774
-0.792027504082718	0.632601357419854
0.0836243033187161	0.0456856938071087
0.39949498202232	0.310533248522844
-1.01634919800968	0.731217314444919
-0.884531729589841	0.588722293116452
0.5225403938516	0.425310922075545
0.710026047413324	0.546408476904265
-0.268617700571665	0.137383094548257
0.14242773641472	0.0893785962341768
0.0290924922632197	0.0172952283696775
-0.791920465707038	0.632328911947607
0.398740542799776	0.277713218573631
0.398792926930983	0.277777135794923
-1.29983631181858	1.48022117512009
1.20490239363088	0.970865504289273
0.54622630300168	0.399927784166589
0.205270774822767	0.110453605323913
0.894974427264456	0.723012047209108
0.68105875510583	0.551975821568346
1.48070270606816	1.59398092068027
-0.174488957080222	0.0912196505661504
0.163301496643482	0.108898775550899
0.709974804564598	0.546383781699304
0.170170551402025	0.0842873863496133
0.77011925648142	0.716102854706225
0.378837053043127	0.200602993253842
0.205266784752764	0.110460669177488
0.398820693400698	0.277780946825633
-0.0877575997881977	0.039961229689291
-0.429994928475187	0.243602180977508
-0.17440426958797	0.0911536059094103
-0.359424999637583	0.231221859869823
0.0422401339956056	0.0213241934971351
1.03589605010998	0.75350409281795
-0.98104407724952	0.894120761087462
-0.0122276726897269	0.00572835891609193
0.56078930232971	0.388124724122901
-1.15537791171404	1.33531754462404
0.25004093282778	0.155082140015098
-0.223980112174655	0.149419818904
0.95689862688858	0.734589435516779
0.956788078053275	0.73445417517158
-0.0123423441710936	0.00578321495826335
-0.320511550772078	0.185038220306322
-1.52962043558558	1.23854340721279
0.388578192406689	0.222727431738731
-0.47209074660014	0.330014700185048
0.365545538878326	0.175812862473331
-0.414165376401363	0.322377050776627
0.116390147511187	0.0683382847723855
0.83762394332331	0.879603515675435
-1.95003208437789	1.53411554644338
-1.34672546729487	0.492145538677293
1.0597155655144	0.577756640140593
-0.359414427010868	0.231205255371581
-0.323768775804252	0.132906269597143
0.388808660668062	0.222896051552016
0.369785495549136	0.158102799873415
1.20483259624617	0.970734582695714
0.37882650870246	0.200579110731171
0.396921876373531	0.260242745186634
0.533685861688125	0.413015889097383
0.142454010818911	0.0894054040397301
0.92883288819789	1.04953565563083
-0.511988918783178	0.462277025042711
-0.0497207883959072	0.0271802915998118
1.35552205420977	1.19632884824926
-1.04540091106297	0.878624339051669
0.398793429534845	0.277791401936865
-0.389511202539066	0.276942389754905
0.0837387060859554	0.0457409019500633
-0.707481746061678	0.478444102656824
-0.576677453096397	0.435416615236481
-0.320551000801398	0.185059855634261
-0.4141050522082	0.322322569008563
-1.14274759877434	1.02395302824099
-0.359366029703826	0.231147371654073
0.398792459602137	0.277731359816957
-0.653443857217081	0.710763689115549
-0.171915691025506	0.103283513926992
-0.237431963534297	0.139700820290038
1.20484480287447	0.970839273891237
-0.884531729589841	0.588722293116452
-0.795221755124498	0.428924725702898
-0.284584759141434	0.186548168598305
0.57804767962632	0.376553475673062
0.170078037123426	0.0842362332696313
0.365631508218467	0.175855733280783
0.0588139280471816	0.0233556784550016
-0.389606313181422	0.276942097613531
-0.237452844481152	0.1397982931458
0.249953816287964	0.155073709123128
0.398792926930983	0.277777135794923
0.917811263453036	0.888874826663204
-0.0855457112197009	0.0670387683406584
-0.453526186148828	0.286869848352417
-0.0398665942238355	0.025367368726296
-0.581924444867391	0.277715453255469
0.522564665143694	0.425458595924069
-0.359403898297986	0.231103471729385
-0.0496092677838992	0.0271228251111568
-0.0496545327696726	0.0271489027461026
0.286263862110025	0.212166872965943
0.956817602945034	0.73449782097703
0.681138336607406	0.552153881932358
-1.14277373552276	1.02416761740589
0.533685861688125	0.413015889097383
-0.266311428303197	0.195425414059442
0.120004743026815	0.0538382787021705
-0.399885245674777	0.369099481721566
1.06325300736576	1.24275161517996
-0.581922163948477	0.277706756599217
2.32872394963705	3.15333350476588
-0.284611534579334	0.186578592719199
-0.268617700571665	0.137383094548257
-0.284532318121239	0.18647632440641
-0.740078977484018	0.45240201762335
0.378744180687792	0.200540698956173
1.03620195042652	0.754167711587714
0.560752263802728	0.38807904812616
-0.740179770854738	0.452503944476729
1.03580356553189	0.753459187563453
-0.47209131567218	0.329997648951972
0.844338401804658	0.546357972005448
0.39686281519059	0.260107968874057
-0.400255793183877	0.199576929984158
-0.740564231799896	0.452784120644182
0.378744180687792	0.200540698956173
-0.359480816044885	0.231235355347662
0.668339794470315	0.343828614069647
0.24998516710157	0.15509510358789
0.396911610810945	0.260226883174291
-1.93241657057369	1.95513278928403
-0.487404726137981	0.373657083911072
-0.268709990012556	0.137422886733516
-2.54801369606555	1.76433535194584
-0.829049644477101	0.606081330547411
1.06332801762407	1.24305131270929
0.804395515067917	0.715369169399287
-0.500847820474379	0.418280023220502
0.769859320908846	0.715895795241738
-0.576616176275967	0.435424630602126
-0.0122973225407363	0.0057607405665406
0.598480737929632	0.365218365480648
-0.389528428592558	0.276953055673641
-0.88943867815904	0.760548842598612
0.142393336926836	0.0893680462941138
0.163415409841905	0.108998225380229
0.205152501413158	0.110394674120877
0.968771592343898	0.89777848560479
-0.687533718902542	0.510410406258138
-0.733698462337324	0.73933526734431
0.956902566778186	0.734555045157672
-0.472064591324512	0.329985339812347
0.546200658028452	0.400007575079535
0.968849808434559	0.897290733996529
0.804368961125758	0.715206101116368
-0.174511025718575	0.09120848381818
1.22939566819885	1.63312278017955
0.250009479618193	0.15511754145689
-0.795557467610568	0.429227305973378
-0.171889531829943	0.103267851984991
-1.24914234780732	1.03255858015583
0.393998820278763	0.24221496570692
-0.17459926023523	0.0912855489687525
0.393998820278763	0.24221496570692
-0.575318237617244	0.395483995236497
0.369696009095169	0.158067754520311
0.0423581224798044	0.0213887511464096
0.119663482791595	0.053654701130152
-0.0399958133280744	0.0254486517947319
0.0422779358186762	0.0213460423590448
1.05953573822857	0.57750968846383
0.0582603064206482	0.0369038600074208
-0.359459710819283	0.231234615283526
-0.941373442732515	0.739603460452277
0.560670796042941	0.388152961154497
0.120240788194207	0.0539451931203284
0.0836282440820218	0.0456824762391885
1.49179193179728	1.42992111448034
0.388866557100892	0.222888733927138
-0.580006056009966	0.322045537779173
-0.19168054449394	0.0841002189352164
0.0422784535101385	0.0213474939483703
-0.0496334179813041	0.0271330956337154
0.745274814271535	0.543528445163776
-0.487344086887389	0.373664003374922
-0.26882014270592	0.137493109818912
0.894934078877069	0.722981050286936
0.95692825447083	0.734633189363389
0.0836103669312504	0.045666856274849
-0.941262030232697	0.739570479123437
-0.0497103073810723	0.0271767660161972
0.533773156700181	0.413078565518056
0.119875060412801	0.0537756254140837
-1.95012191488657	1.5350464079897
0.968718702296086	0.897637138004513
0.843839037316713	0.54580815424058
0.24997468863786	0.15509621575848
0.393998309938964	0.24221564521359
-1.40929168694041	1.06907240900377
-1.13544780775655	0.74188588614203
-0.320473887394135	0.184996236748731
0.24997468863786	0.15509621575848
-0.687589644821375	0.510540860097034
0.0423982212440437	0.0214062491591895
0.116283881027503	0.0682728259310458
1.03621134876939	0.754084179341617
-0.19168054449394	0.0841002189352164
-0.884519156846644	0.588683549507875
0.972323996116945	1.05848676790477
0.388565964607091	0.222757123212129
1.30500783274078	0.824827623389173
0.0586752350175879	0.0233026661375095
0.378837053043127	0.200602993253842
0.0586752350175879	0.0233026661375095
-1.27854119798091	0.903987291667409
0.62334464125878	0.352275197505216
-0.224032117734982	0.149465241808125
-0.132051030777523	0.0911172998248304
-0.580244728564168	0.322288315069047
-0.795221755124498	0.428924725702898
0.265118813379176	0.175428622585859
-0.575297408923719	0.395494954102611
-0.237438932508922	0.139802266515279
0.87466428450606	0.882854283319127
-0.429729682244518	0.243410444866458
0.522572242651094	0.425489438665856
-0.224032117734982	0.149465241808125
-0.453448946127104	0.286791526836624
0.397011871554962	0.260283967448686
1.10698224228693	0.935763922650651
-1.52959235860103	1.23848521961995
0.921070539355341	0.551889449545648
0.119745583702531	0.0537078184456366
0.230488467651288	0.133653113546507
0.62326240290656	0.352345581752505
0.714640408552375	0.722377997861783
0.394037483159254	0.242231885268213
-0.191765997402019	0.0841406045300469
0.0836834538134724	0.0457175748200456
-0.575307838029623	0.395499269125434
0.745313372817002	0.543643055784517
-0.17459926023523	0.0912855489687525
0.12011077257807	0.0538869679431261
-0.237494251281423	0.13984879736702
0.399677396923514	0.310712783501665
1.26792784982721	1.32146758026254
0.844452767399357	0.546400878858197
-0.237459530713773	0.13981283712089
1.6010510490733	0.907306853764938
0.745352610013427	0.543638173626064
-0.0760208923010862	0.0474945049766468
-0.268811190324651	0.137482691167831
0.393919157098396	0.242093915138356
-0.320513450752505	0.185034633111104
0.249915677302009	0.155024547523558
-0.119207551057469	0.073067983664619
-1.06734189457581	1.03300061072997
-0.237508265376135	0.13986368143934
0.874618758700017	0.882828886251141
1.03040272101607	0.912478079286337
0.668412566104476	0.343909313552279
0.116311088160801	0.0682971565583205
-0.575225160111578	0.357442872376599
-0.472118030867994	0.3299950821969
1.24270922691438	1.14733872737884
-0.400384780578106	0.19966118834964
-1.4502772523532	1.35175698655442
0.0837387060859554	0.0457409019500633
0.27691422571419	0.194313899662351
-1.14883335446451	1.17723028429814
0.89497510275865	0.722971967281811
0.365377058174033	0.17570635540703
-0.0875468540215103	0.039864629429921
-0.174544124873814	0.0912564848517119
-0.119042755355306	0.072960774387208
0.230488467651288	0.133653113546507
-0.320512229568985	0.18504719516924
0.119980963262918	0.0538242500271638
1.107101141716	0.935935134850516
-0.884544289848043	0.588611212599592
0.598480737929632	0.365218365480648
-1.27863245309779	0.904117251927921
-0.049605941996654	0.027120013911584
-0.359320770986087	0.231070385801387
0.116391261817522	0.0683318590374282
0.805698152453715	0.878497532098516
0.0836589996523523	0.0457057522339226
-0.32351770392979	0.13279342860992
-0.575331997851687	0.357565550468974
-0.237587939229765	0.139889618844876
-0.320551710599551	0.185068852829541
0.393998309938964	0.24221564521359
-0.237473607055047	0.139838194143414
0.578158381790198	0.376627328503049
0.668481033440034	0.343942560095741
-0.575247842369215	0.357512901650038
-0.509736421835564	0.18505595748735
-0.10427753906291	0.0557664408524749
0.170253854508655	0.084308299304193
0.120264726831324	0.0539494870265262
1.30501217205153	0.824788016597256
0.598286523308632	0.364998220512253
-0.0878628625028632	0.0399987686704148
0.23052744239938	0.133668602137409
-0.268903312847488	0.137490969469136
0.0293799272299701	0.0174716600227109
0.119769233618733	0.0537209607675883
0.170467253006703	0.0844304182125656
1.71229367635148	1.36394954299998
0.378727390829471	0.200531723202199
-0.320513993115958	0.185013055249382
0.38889065397981	0.222908863249094
-0.580266505812649	0.3222691862051
0.578213781774443	0.376621340517449
0.119851360032837	0.0537563736980319
-0.237563643670217	0.139889377318265
-0.884826594921017	0.588899553734
0.205075221343872	0.110332408266124
0.394157676367875	0.242217320623445
0.788997378530188	0.543852581801781
-0.0878628625028632	0.0399987686704148
0.0422394942241809	0.0213249154647207
-0.352645328771689	0.278437574159722
0.656664625939597	0.559309909537951
0.0423977057639784	0.0214070367044068
0.598582673007789	0.36530237473833
-1.01635180096047	0.731290577813313
-0.0121125550355883	0.00567193534323825
0.378621720444965	0.200461497743518
0.59876817292181	0.365396418954223
1.0360071240707	0.754049538610323
0.0423993889003517	0.021400607620263
-0.10435836928934	0.0558246704842912
-0.00953125238975424	0.0061716499094589
1.03581273641939	0.753757024221273
0.230526808360949	0.133648399255831
0.249995673770185	0.155084404582313
1.65620855919006	1.51955240277114
-0.453489360946646	0.286816989972648
0.37892999110995	0.200646545836412
-0.400044413240096	0.19944341681556
-1.93241509920927	1.9540727346384
-1.82048438090692	1.34311704053731
0.170263129213505	0.0843313417776692
-0.359456548557912	0.231206621682295
-1.24922107206878	1.03271728618912
-0.429627384409317	0.243299293054793
0.598397427711216	0.36507558725869
-0.792000132916884	0.632605847321654
-1.52962043558558	1.23854340721279
-0.104400361555696	0.0558345003696772
1.5203980031558	1.0871767114521
0.956762326002398	0.734344329952799
0.265187505743766	0.175463990706954
-0.707481746061678	0.478444102656824
-0.429938030218216	0.243568625526263
-0.84228614531331	0.36699626824262
0.16978275306891	0.0840522260004463
-0.580498200950308	0.322444400471375
-0.104362065548542	0.0557924541322597
-1.5295378680566	1.23836981023354
0.623310226916259	0.352247296600144
0.844256005489486	0.54634206000507
0.388553749445873	0.222747063630089
1.14124441291442	0.780397358047567
0.365383221309839	0.175644838187833
-1.11000712185328	0.562333501617952
-0.94130434126359	0.73990733004916
0.399536097348418	0.294540390195945
-0.884701326330879	0.588899170884722
-1.13557312432465	0.741984670388943
0.788952008697734	0.543735380200091
0.804456292999478	0.715521558347447
-1.27853301138186	0.903936296677004
1.14100900812223	0.779973658388234
0.598304900387545	0.364860451743895
-2.5559619445136	2.72575050733199
1.0302638373289	0.912036585322319
1.03629481154617	0.754146980180703
0.170467253006703	0.0844304182125656
-0.284610968668376	0.186565346958041
-0.104397024410346	0.0558413819324387
0.844059703677712	0.546155801156035
0.393958227486122	0.24215020025454
-0.174459521127491	0.0911992843731911
-1.13716389690442	0.878922923019374
0.0587435559436112	0.0233296694197922
2.04419091510948	1.50859841746199
0.74547277621256	0.543656879654026
0.623522821357487	0.352458134850505
0.170179807255207	0.0842887264509299
-0.429938030218216	0.243568625526263
-0.171916772816248	0.103274374076982
-0.580139552543401	0.322178443064124
-0.976516074000812	0.584317029347254
1.36661169451326	1.36661397734987
-0.575502388757703	0.357439055798607
1.14156268031893	0.7806472914026
-0.104360717158204	0.0558152634709309
-1.3531657506303	1.19019514955124
0.745314366085531	0.543633251735459
0.120134631761478	0.0538964433430745
0.276772439363555	0.194121032562283
-0.119155063699346	0.0730306543138387
-0.119103423183026	0.0730060951167675
-0.47209074660014	0.330014700185048
-0.322096351977725	0.232700933060966
-0.324020247320629	0.133003472761622
-1.45025566554738	1.35217710840428
0.0826621856692719	0.0555228698462527
0.24997468863786	0.15509621575848
0.533712384989079	0.413029755323642
-0.429982454183801	0.243596650316567
-0.707519508503827	0.478444598517908
-0.359457160898706	0.231024012676239
-1.13532229991961	0.741731857047717
0.656855751291921	0.559319697540034
0.0836589996523523	0.0457057522339226
0.230607483632705	0.133708407209246
-0.284716962137109	0.186609569627521
0.286195640783449	0.212119843513304
-0.237573967425114	0.139884696422554
-0.934029126957023	0.917493067631835
-0.429868625622534	0.243546443419877
0.745393073383296	0.543751429172607
0.598684774774916	0.365349678431694
-0.575262792708149	0.395475278382787
-2.06932296499414	1.72515814201093
0.681217412014632	0.552162893124724
-1.8207291027124	1.34335604769857
0.205241089187748	0.110449762702166
-0.0060016948213122	0.00335844422206687
0.286074748265526	0.212012049708319
-0.42988102086544	0.243519815871298
-0.0496755348028971	0.0271594987077226
0.0836937122363792	0.0457231254747843
0.399613969838884	0.294688810700674
0.276836378783498	0.19421954784437
0.163643890342274	0.109093609715433
0.265031525302419	0.175344359155112
-0.740078977484018	0.45240201762335
0.710064754965551	0.546573518162947
0.0823984054071923	0.0553281225288273
-0.941290699309953	0.739776134479146
-0.941211003277953	0.739306725000454
-0.57525235701754	0.395450864272708
-0.665822610067854	0.586055747474617
1.48072939366135	1.59377088503181
1.32371794960321	0.631519863553089
0.205126733349182	0.110389989862704
-0.576775175147829	0.435354785404295
-0.284664528881426	0.186618002727203
0.956732852403354	0.734300745697998
-0.941245633502971	0.739668487314814
0.57798860447689	0.376498020652567
-1.8415076068771	1.7709587318705
-0.687565515876591	0.510461176450006
0.3968318804133	0.260060294247973
0.388762997440806	0.222873844908431
-0.191683506242611	0.08409339741583
0.710089400663079	0.546494755378494
0.0835653393931238	0.0456395289170309
0.546215912621286	0.400033984487797
1.5044339820317	1.26695825260079
0.230450440407156	0.133617280023361
-0.17456992674774	0.0912652369592895
0.365631508218467	0.175855733280783
-0.429811544627333	0.24349758007301
-1.01629436212397	0.731210863643357
0.709936030652373	0.546347876220399
-0.0121004029027061	0.00566746725900745
-0.841001455818523	0.366229916339387
0.116338376605539	0.0683053528732125
0.656820364455563	0.559401498499599
0.617129399241013	0.575351642935698
-0.0875247626795585	0.0398554643821223
0.393997845165748	0.242199850872686
0.917776893508538	0.888825238326872
1.14148035323186	0.780569854920254
0.681112697148001	0.552035634176793
0.3968318804133	0.260060294247973
1.18737499282417	1.28847329613945
0.250044286495274	0.155129883729938
0.894896589130468	0.722795845313134
-0.174400414949544	0.0911424363464061
-1.45013030649257	1.35145730306266
-0.472170371121376	0.330026615397478
0.745353449875489	0.543725661610116
-1.11029948720206	0.562509478298866
-0.32047439866804	0.184974644576425
-0.943294534422372	0.276384110213292
-0.104316146847598	0.0557834130811357
-0.575221956505582	0.357508938560049
-0.00594870335486252	0.00332924516804532
-2.28301430500433	2.11558873626435
0.293790912338305	0.229198573769734
0.249859893917095	0.154964930272601
-1.14875710238527	1.17702679089874
0.89489507458496	0.722958418196703
1.24262996549485	1.14706621381231
-0.21857647607866	0.162743007805776
-0.98114857145574	0.89404277640222
-0.389571861719597	0.276987446397204
0.180838377537588	0.127660535387965
-0.707481746061678	0.478444102656824
-0.104360717158204	0.0558152634709309
-0.0875247626795585	0.0398554643821223
0.92132134334832	0.552408279546252
0.789079325953716	0.543893240613633
-0.320433206846562	0.18495150928958
-0.82908313258926	0.606361585227221
0.116232030628555	0.06823772309015
-1.04544624457929	0.878646931198408
-0.941280247537448	0.739831798298128
0.0836487181970986	0.045700188709168
0.917803195816199	0.888755170074482
0.578073386398327	0.376592353319862
-0.171837699257546	0.103195777617881
0.560710472183291	0.388178977785677
-0.10435836928934	0.0558246704842912
0.205071546672453	0.110351538960765
-0.171967987066342	0.103292445705408
1.49183148920935	1.4300353891087
0.770077356123395	0.350293483548051
0.388623453802359	0.222807132021994
0.293651954834867	0.229068056629193
-0.0758916780971827	0.0474113408822057
0.0827334712043337	0.0555662512976907
0.398820693400698	0.277780946825633
0.39826260161739	0.340862789802167
-0.118973070311446	0.072909852392994
-0.23751862527221	0.1398723323227
-1.22622338845694	1.32617576865473
-0.284690749169628	0.186622122631434
0.837777403753061	0.879621415849972
-0.98102681389	0.894240454183366
-0.284637753148167	0.186595779542609
0.394077543950188	0.242263206421765
-0.429982454183801	0.243596650316567
1.14124441291442	0.780397358047567
1.60011277032147	0.906043996244228
0.365459706351774	0.175748040889583
0.788927613401003	0.543735628832399
-0.00594815898577684	0.0033288897110876
-0.575166887313808	0.357410598881356
-2.18909800438184	1.26985288518349
-0.795470598735211	0.429005412207795
0.230409222547495	0.133569169185218
0.249999051633764	0.155110314569276
-0.453489360946646	0.286816989972648
-1.33184073883393	0.762330697096292
-0.0025583228276369	0.000870770923181551
0.533803276853068	0.413054847856146
-0.740363553407265	0.452677488340356
-1.23402401873213	1.17472634424117
0.397014639128917	0.354922153768944
-0.792000758207755	0.632580193184753
0.956762326002398	0.734344329952799
-0.429856217784491	0.243527269122507
-0.429742023619485	0.243444703250539
0.388565964607091	0.222757123212129
-0.266168279052677	0.195321218046374
2.03214410042292	2.31199004990919
0.116257684859797	0.0682579104908087
-1.35320851950387	1.19029670047554
-0.0060294645189049	0.00337358051439809
-0.0121004029027061	0.00566746725900745
0.170179807255207	0.0842887264509299
-0.00219804389106728	0.000749243310235947
-0.237438932508922	0.139802266515279
-1.74461765898655	1.59018409630918
0.598397427711216	0.36507558725869
-0.104280689831341	0.0557709933824023
-0.575328607690282	0.395448525801882
-0.453486695923122	0.286846798923099
0.388681054646199	0.222839316744788
-0.795221755124498	0.428924725702898
-0.795555037532711	0.429082398854794
0.396970934399228	0.260254504755304
-1.13716482920954	0.878862085226381
-0.237494251281423	0.13984879736702
1.47110848479046	1.7648774562573
-0.740162214758242	0.452442797394852
-0.472143637345989	0.330029164907456
0.249883106492364	0.154975747349136
-1.04545943728127	0.878623755982339
-0.576669173874805	0.435461314962273
1.05987776781758	0.577885042568082
-0.104280689831341	0.0557709933824023
0.293512975388091	0.228885579636067
-0.47209074660014	0.330014700185048
-0.224083966206037	0.149485019603696
0.39693217152986	0.260242591337945
-0.0875247626795585	0.0398554643821223
-0.0495607016458454	0.0270931349906489
-0.284637170880319	0.186569457026479
0.533607964360092	0.412863545615533
-0.45344808773457	0.286801474904568
0.398819616028579	0.277815329640886
0.560751521801676	0.388148097019165
-0.0122973225407363	0.0057607405665406
-0.765893965291823	0.664647164326695
-0.224122540345607	0.149513077594898
0.180770225543454	0.127606045839574
-0.00605595616184998	0.00338810510091568
-0.0759148701878795	0.0474246136474354
-0.707441551292643	0.478324166306425
-0.580244728564168	0.322288315069047
0.921404048782597	0.552431775441768
0.623498793602424	0.352474627314365
0.546121760342076	0.399865604810286
-1.45019942928392	1.35237281094304
0.28623261660378	0.212073377133324
-0.359358536869882	0.231103002500519
0.9285686950201	1.04894463314161
-0.00603882147963894	0.0033785439809195
-0.171889531829943	0.103267851984991
0.398793429534845	0.277791401936865
0.0422796254578924	0.0213471109845159
1.24270784447341	1.14724435206929
0.804543608584364	0.715627237565021
-1.1371236136296	0.878778131351214
-0.687634944063166	0.51055249212413
0.388762997440806	0.222873844908431
1.03620195042652	0.754167711587714
-0.1915979731707	0.0840529792646734
-1.13716189686811	0.878895305292996
-0.119033734436334	0.0729574274360317
0.0837182057065204	0.0457320808593595
0.365631508218467	0.175855733280783
-0.268719004618864	0.137442961534784
0.844163062994518	0.546224354744882
0.388635641929205	0.222799330565912
-1.13532229991961	0.741731857047717
-0.580328075774064	0.322185368349542
0.921658921902614	0.552484351970126
1.05996734987123	0.577966932312984
0.845301650902704	0.716334225676638
-0.792027504082718	0.632601357419854
0.277001389709105	0.194344200990499
0.656655507494534	0.559296736777513
-0.94119010302626	0.739305361510772
-0.171889531829943	0.103267851984991
0.844152537341915	0.546273411772544
0.560828560079601	0.388002590429955
-0.575247842369215	0.357512901650038
-1.68070949459512	0.744632683673561
0.365631508218467	0.175855733280783
-0.575280127168348	0.357541128183675
0.170374466606941	0.0843863554800559
0.770020256836929	0.716298817338794
-0.223945539061783	0.149397320306612
0.119745583702531	0.0537078184456366
1.03581273641939	0.753757024221273
-0.0123095682902471	0.00576462947117763
0.398766246990826	0.27772283373175
0.205126733349182	0.110389989862704
-0.889385061198089	0.76036426843172
0.0835689978452454	0.0456494284522933
-0.0123546421621991	0.00578834044022463
-0.581786516589405	0.277551473252916
-1.13530112512833	0.741647485097293
-0.576668615728061	0.435456996649804
-0.320550245572636	0.185039040731163
-0.191851314271925	0.0841724378088938
0.89497510275865	0.722971967281811
0.560670796042941	0.388152961154497
1.36659120174551	1.36647132366869
-0.674300900594906	0.547088566373363
0.116390687051258	0.0683388411885374
-0.320433206846562	0.18495150928958
0.170467253006703	0.0844304182125656
-0.00602792446630063	0.00337277124820236
1.15415676985689	1.11177479222723
-0.472223811252172	0.329972729678542
0.845291195858324	0.716326018412538
-0.389467770758099	0.276896453709954
-0.171968579050833	0.103308832832877
-0.792026897207467	0.632656687526342
-0.47209131567218	0.329997648951972
-1.45019942928392	1.35237281094304
0.0826765275129054	0.0555082076882718
1.71221141031756	1.36358639614156
-0.104357499932016	0.0558222115623603
0.844163062994518	0.546224354744882
0.265014399050589	0.175330401907475
0.804560728863526	0.715611798193099
0.388578192406689	0.222727431738731
-0.575221956505582	0.357508938560049
-1.64075248132209	1.4107813670215
0.895053287317162	0.72283971901691
1.26787548009137	1.3213802117898
0.230568482664177	0.133702810948979
-0.359446060402219	0.231222563721811
0.142349862152941	0.0893345297990725
-0.174544124873814	0.0912564848517119
0.788997378530188	0.543852581801781
-0.575363979608531	0.35757305379245
-0.884632253303745	0.58876380922075
0.264997271316159	0.175306844527611
0.397036327893221	0.260307683516976
0.845324488226291	0.716408101876152
0.0836937122363792	0.0457231254747843
0.0836487181970986	0.045700188709168
-0.284704631378556	0.186631614055454
-0.0496092677838992	0.0271228251111568
0.277035391987079	0.194387737059286
0.20515621128702	0.110408160639295
-0.224066682109373	0.149487734870005
1.35554420146748	1.19587860829684
0.92174518802293	0.552310085801737
-0.237553290358037	0.139887377403942
0.598582673007789	0.36530237473833
1.24254995023203	1.14642838160947
0.54615676959997	0.39993474012203
-0.0123300335252873	0.00577717266429914
0.12011077257807	0.0538869679431261
0.71005458211204	0.546523631413221
-0.268220126845272	0.137088200987079
-0.453526186148828	0.286869848352417
0.388762997440806	0.222873844908431
0.577966659815156	0.376336191842625
0.365294456714284	0.175642850880005
-0.829009205514844	0.605892422619719
-0.0874192319868208	0.0398048854826958
-0.322088589032678	0.232690098035574
-0.320551710599551	0.185068852829541
1.14171683029756	0.780414553381212
-0.237494251281423	0.13984879736702
0.57818010231984	0.376438969492249
0.522648548628168	0.425563360408667
1.03582192902147	0.753770484106199
0.0837040002746334	0.0457264227156212
0.789079325953716	0.543893240613633
1.5044158387548	1.26730366912119
0.95686907746069	0.734452920465337
-0.0876302197595823	0.0399015975036765
0.956847205934777	0.734460761323295
-0.174514740171446	0.091236144615508
-1.14279986483749	1.02422891428749
-0.429913148081275	0.243543922037474
0.546181097504613	0.399998591734954
0.709936030652373	0.546347876220399
-1.01159455663196	1.05221119146268
1.52023029364311	1.08666376039989
0.388681054646199	0.222839316744788
0.388693203120202	0.222849389931697
0.0423191371419603	0.0213682662442981
-0.976470386658705	0.584506017782514
0.770077356123395	0.350293483548051
0.623498793602424	0.352474627314365
-0.00314254953332322	0.0010707871322457
-0.740262966664053	0.452575713375946
-0.0876742818866323	0.0399207835370522
0.388635641929205	0.222799330565912
0.116311642762167	0.0682935907870279
-0.17459926023523	0.0912855489687525
-0.237463240563307	0.13982242209813
-0.119016517526199	0.0729451060333527
0.0423175407555787	0.0213672432919553
0.230608144391735	0.133712334356386
-0.976470386658705	0.584506017782514
-0.119033734436334	0.0729574274360317
0.709970737948806	0.546462186417456
-0.0400813328956379	0.0255043202404864
-0.766162067288304	0.664819629879558
-0.674483455684915	0.547338545301058
-0.579309560273829	0.477063146173297
-0.792026255215612	0.632615510131616
0.0423987822934224	0.0214042356315897
-0.00595155962002393	0.00333058547286571
-0.119033734436334	0.0729574274360317
0.142497480573903	0.0894313215603857
0.286279431510954	0.212151826555356
0.533625086929812	0.412917619904508
0.396936146469818	0.2602327506778
-1.40922300434395	1.06895280811372
0.656716189618618	0.559373770285448
-0.472064591324512	0.329985339812347
0.388738767178279	0.222853701932079
-0.284585308684648	0.186549194271429
0.84434901377286	0.546409530474438
-0.0495987185310005	0.027114194361977
0.789055063944555	0.543856648322334
0.578103014416737	0.376604056005177
-0.660047284835155	0.626972208873402
0.388496332191838	0.222697111196915
0.0836937122363792	0.0457231254747843
-0.00594815898577684	0.0033288897110876
0.656725304781844	0.559411616515847
0.956817602945034	0.73449782097703
-1.13724038680866	0.87856761689537
1.03572027476523	0.753584739290095
1.10706194257041	0.935925458227292
0.789067188669125	0.543924706508862
0.170078037123426	0.0842362332696313
-1.94992816313755	1.5347271317717
0.378940602994957	0.200651612788855
-0.580349831282464	0.322341566730602
-0.104356587212664	0.0558165072825962
-0.237587939229765	0.139889618844876
0.710040201323559	0.546575985920525
1.03039249606123	0.912518503708076
-0.174433756826449	0.091173995456772
0.921407174037824	0.552510092381016
0.142454010818911	0.0894054040397301
0.546279070584974	0.399942422666331
0.668483206398341	0.343935288943319
-0.707560579726294	0.478472244119477
0.397036327893221	0.260307683516976
-0.237424793880722	0.139764136391825
-0.23749787590423	0.139847890981541
0.170161317325234	0.0842725965010529
0.394116820155748	0.242245377382797
0.205266784752764	0.110460669177488
0.522633394904736	0.42556669118332
-0.323178299118294	0.132626269521487
-0.740372218460723	0.452702879152707
-1.94992816313755	1.5347271317717
-0.104279201245991	0.0557745263714602
-0.284611534579334	0.186578592719199
-0.674483455684915	0.547338545301058
-0.687568374308914	0.51048208880273
0.546111514957289	0.399851326373672
-0.581922163948477	0.277706756599217
0.843944591812304	0.545998305661356
0.934503371839061	1.20554928499543
-0.0875247626795585	0.0398554643821223
0.230448835221244	0.133616924089533
-0.174680202609227	0.0912873089807233
0.710015739658871	0.546500735713786
-0.740262966664053	0.452575713375946
-0.268709990012556	0.137422886733516
0.205016392440772	0.110303116653591
0.0836630257944755	0.0456998860728288
0.398846853823364	0.277820918046262
0.681165039636409	0.55216283923334
0.0836937122363792	0.0457231254747843
0.894894382386493	0.72293105384348
-0.174518314964367	0.0912348516528442
-0.0872202098935879	0.0396925932505551
1.79293588546477	1.77714176834868
-1.06729867692336	1.03301933937769
0.409091592525933	0.149231863416538
1.30500783274078	0.824827623389173
-0.575273198865867	0.395479571147706
0.396852474027369	0.260108083775464
-0.0496511828299678	0.027144046289517
-0.104397923721841	0.0558438585660396
0.895054474539354	0.722826828785369
0.250009479618193	0.15511754145689
-0.941283244654749	0.739828831087645
-0.104279201245991	0.0557745263714602
-0.104278391852856	0.0557721044560038
0.745393073383296	0.543751429172607
-2.06925515803276	1.72583737770434
-0.941238145850106	0.739668689417814
-0.171915097335951	0.103271348301382
-0.0496197888314195	0.0271299727345174
0.77749594750366	0.878293385581629
-0.00595155962002393	0.00333058547286571
0.0825909015274725	0.0554751195535152
-1.35317400380218	1.19033665870084
0.578073386398327	0.376592353319862
1.36660143337291	1.36662379300153
0.398845810001017	0.27782383840063
-0.359470277506759	0.231240306415592
-0.579370212238267	0.477104027772707
-0.795221755124498	0.428924725702898
0.533773156700181	0.413078565518056
-0.674474513131716	0.54734597903123
-0.10427753906291	0.0557664408524749
-0.45348851591146	0.286841831680638
-0.00599518849190925	0.00335462823906744
-0.829167338280826	0.606354088126575
-0.511839659424413	0.462086595269647
-0.980922814073595	0.893955019540824
-0.104438344365117	0.0558578997968403
-0.45344624098908	0.286775668100434
0.560632673606397	0.38807023461074
-0.23749787590423	0.139847890981541
0.399061639521306	0.326016254667037
-0.268608623749507	0.137354005666895
-0.0496407463451933	0.0271405434836126
-0.32063061208522	0.185034553748725
-0.3593765015028	0.231142371792747
0.97200426969787	1.05808564798784
1.73020434334603	1.91955698762359
-0.0496468295622872	0.0271242847400712
-0.0122727931927386	0.00575042631266952
-1.32002561605863	1.32959670712491
-0.434601019274619	0.367715536328547
0.560631884952499	0.388100936597873
0.142367060213387	0.0893421159888673
-0.88943867815904	0.760548842598612
0.623238534198675	0.352266810403192
-0.575196062635016	0.357437611700666
-1.13716389690442	0.878922923019374
-0.174573431544604	0.0912716571979923
-0.47211689442755	0.330016837915447
-0.0496439894741144	0.0271417412631816
0.39395926482031	0.242165352884471
-0.740280398947646	0.452574775308571
0.276726450464702	0.194098335619349
-0.104280689831341	0.0557709933824023
-0.580034303140646	0.32197737032381
0.276925074009431	0.194318669704258
0.917845627905623	0.888736493671078
1.03609050264872	0.753887619893022
0.68116405237943	0.552107279465537
-0.284643871126821	0.186589672476718
0.894974427264456	0.723012047209108
0.116230996942803	0.0682334655645666
0.598777597268071	0.365412486093334
0.895012972765831	0.722845569262127
0.394156859268203	0.242236474373332
-0.0123095682902471	0.00576462947117763
-0.0496439894741144	0.0271417412631816
1.15426179570345	1.11167382040556
1.06339962204789	1.24308567223639
0.0836384663419645	0.0456924625707961
0.116416330695942	0.0683453299813368
-0.45344624098908	0.286775668100434
0.710099550434464	0.546544610800671
0.533702983875235	0.41302357964498
0.0583363281919605	0.0369522564412998
-0.174488957080222	0.0912196505661504
0.369606368030708	0.158007050490895
-0.414157525969421	0.322383884841583
-0.4297991763118	0.243493611717284
-0.579151200571827	0.476704391524527
0.293662700067356	0.229125522555865
-0.538988363904878	0.596584292964862
-0.049743175802624	0.0271841286607363
0.409457465256804	0.149381108415224
0.0582076912231786	0.0368700656071609
0.598963433724807	0.365436865536314
-0.943915148975872	0.276710030090892
-1.1351966006618	0.741522528545178
0.598592016021916	0.365255436252484
0.394038920805071	0.242228624143532
0.745392295858783	0.543663995346619
0.395814218684412	0.368710716794303
0.89497510275865	0.722971967281811
-0.286998751946523	0.251306883201809
0.80442974163118	0.715376886130993
-1.04540330980514	0.878555749995105
0.180903030217341	0.127712801313429
0.265134513865625	0.175435748620203
0.39906850896429	0.325963878926798
-0.74723774935295	0.700639670551905
-0.85244464144745	0.788612721478082
1.02269511530776	1.07110926032401
0.21800495487116	0.178437466361393
-0.00938380698741542	0.00607311751995244
-0.104317955751367	0.0557991159685809
-0.707441551292643	0.478324166306425
0.205045767855467	0.110321221907016
-0.655889131967977	0.668207811955792
-0.174111979080481	0.118154819791767
-0.824948181084696	0.821547483026694
0.0823948758922467	0.0553303400854159
0.598194140587528	0.364865830215773
0.894934741024717	0.72300838649018
-0.35256670288934	0.278348950764764
0.821012347795769	1.18609697876215
-0.434677606198556	0.367751728814457
0.396991343747782	0.260302212223515
-0.00608245856446144	0.00340232597096217
-0.389346456109404	0.276686446127698
-0.218652146384521	0.162816073711055
-0.255745196608559	0.207189088759049
-0.174544124873814	0.0912564848517119
-0.389511202539066	0.276942389754905
-1.14269266938048	1.02394842286845
0.0836589996523523	0.0457057522339226
0.661581419220486	0.897919308029726
0.399561383912549	0.294611205471543
0.578073386398327	0.376592353319862
0.116363971797762	0.0683270914761228
-0.766049611001646	0.664954572686581
-0.0652707179177571	0.0463948363109626
0.617125970272115	0.575347690615398
0.681216934350824	0.552104746754535
-0.284612066321568	0.186571399929409
1.20497223605644	0.970922766106413
0.029189441395062	0.0173568414063851
-0.216703531003756	0.17763865363675
-0.174028106017063	0.118114130902551
-0.707520363398452	0.478482018542316
-0.500511522311616	0.417912607413119
-0.576589402367532	0.435403871292486
-0.579415392061173	0.477016431215215
0.0408285332109157	0.0332508291740183
-0.286566616084749	0.250735465858858
0.396966874057929	0.260280317934537
1.03030885746428	0.912095456715318
-0.104809855722055	0.104387663239922
0.0387957495104249	0.0275803640777436
0.0294144810082387	0.0174914454752473
0.304936617276494	0.260813739863787
-0.85255790663668	0.788795143609753
1.37800683528721	1.88384289128553
-0.595413793437171	0.69406158204565
0.378643955473557	0.200452340941438
0.388439026483589	0.222625331869707
0.0422802796907504	0.0213451498379722
2.51745335481821	0.48935777819513
0.560631884952499	0.388100936597873
-0.284559075458792	0.186506721174197
-0.224092691415775	0.149506174294528
0.10304613237718	0.0730495541890609
0.319892845066528	0.331417449491373
0.39954813266193	0.310600119394099
-0.674353215160564	0.547253277290427
-0.747448602743825	0.701052567184212
-0.665867088287453	0.586267732064218
0.397963156092669	0.340501849760016
-0.174514740171446	0.091236144615508
-0.359480816044885	0.231235355347662
0.142376135117648	0.0893560334310867
0.672109601014712	0.732192640831776
-0.399253343305813	0.368077877422041
-0.249758907998531	0.220978620510226
0.503675987778119	0.450232439937044
-0.132054634542926	0.0911255405130199
-0.934775894713835	1.10617837249825
-0.268534443406287	0.137314478717515
0.668410467979929	0.343916625774154
0.309328107443699	0.276189160655252
0.598666029175516	0.365312255321971
-0.322149279419821	0.232744089564935
-1.14269338036122	1.02403387996827
0.844256005489486	0.54634206000507
-0.320473330609048	0.185007486119419
-0.414060520687503	0.322166792785291
0.082316492245042	0.0552701574875124
0.142419603815384	0.0893858006289232
-0.733475256796432	0.739062420233602
1.07561646700248	1.56180630179969
-0.389528428592558	0.276953055673641
-0.237449246408328	0.139810882843141
0.249909241506891	0.15499991302464
0.365628314361187	0.175832958137699
-0.268516230467572	0.137314152183712
0.844431432743736	0.546313821309689
1.30500783274078	0.824827623389173
0.398820693400698	0.277780946825633
0.410684422475736	0.149950448704565
1.12018261331882	1.26228780324405
0.39693217152986	0.260242591337945
-0.434153298229156	0.458636045249604
-0.119164091334129	0.0730446137848314
0.745273758792998	0.543538189694535
-0.104436529201929	0.0558557454081821
-0.0495745302389781	0.0271023358330422
0.635615338468686	0.567025532736847
0.972127023563352	1.05850411520949
-0.224032117734982	0.149465241808125
0.399440021832046	0.294399362581464
0.19518887827622	0.145222075549947
0.533720104577383	0.413008842838689
-0.237508265376135	0.13986368143934
-0.472038428594962	0.32992879543917
-0.119103423183026	0.0730060951167675
0.116203872686902	0.068186472151012
-0.284665059208404	0.18661519669181
0.378754706254768	0.200505425341965
-1.01151938909696	1.05214748035674
-0.500715362469742	0.418186791686408
0.546305693041265	0.399979496389495
-0.937936794290026	1.30024358949819
0.195488761253991	0.145478764392675
0.230487760154232	0.133641469554507
0.116311088160801	0.0682971565583205
-0.0652748947870786	0.0463937643175441
-1.09987764844617	1.35170633835787
0.249999051633764	0.155110314569276
0.181049706556706	0.127769716364367
-1.01629436212397	0.731210863643357
-0.45348851591146	0.286841831680638
0.0585860892015035	0.0437381964790696
-0.322157029323347	0.232754914383354
-1.04551552530297	0.878267605154143
0.623522821357487	0.352458134850505
0.0581472546171007	0.0368291339804957
-0.0122850641813574	0.0057559911383436
0.560553540195948	0.387874217369176
0.121023022646022	0.0902722288683574
1.03040272101607	0.912478079286337
-0.237483943959794	0.139846828265212
0.28605141262111	0.211925880134822
0.710060741176845	0.546447900105888
-1.2788308459052	0.904291918675756
0.522640976531566	0.425575671036713
-0.889544073074504	0.760600087683271
-1.24918291230694	1.03264343593363
0.0053069709694705	0.00396128428995151
0.546191546545707	0.399994409087937
-0.884882724480233	0.58881605155802
0.308907728364146	0.275738484981208
0.890941256603446	1.04215551035666
0.142471212251469	0.0894083660387297
0.397161311962421	0.354901909302103
-0.171810482795877	0.103195963859157
-0.472117480236258	0.33002701814581
-0.521934915947724	0.506747762938013
-0.0122276726897269	0.00572835891609193
-1.13546888544982	0.741545415290854
-4.44677420306517	1.97310826239175
-0.429684759665462	0.243380527933264
0.0294057219700907	0.0174828073879628
-0.430039201840463	0.243590965816125
0.512482431447542	0.437661035440214
-0.00953125238975424	0.0061716499094589
-0.579074953901481	0.476707645547534
-0.487292193844391	0.37363327999721
0.250030420206014	0.155105697551881
-0.352510260022982	0.278252854001902
-1.06718637734555	1.03280832484855
-0.74758434069532	0.701236119967341
0.968666312301829	0.897402291160003
-1.40154625062135	1.48840222127971
0.397088146684098	0.354985355729759
0.180695179487199	0.127546645973954
-0.178207410534748	0.134545475390265
1.02288113870504	1.07137189764436
0.804439176404233	0.715498399758157
1.01444694690143	1.22763316311326
-0.0496197888314195	0.0271299727345174
-0.976516074000812	0.584317029347254
-1.04538167404386	0.878209295428312
-0.418242802451016	0.41405601758923
-0.389528428592558	0.276953055673641
0.042317099728294	0.0213645753710401
-0.576738204929432	0.435420961920468
-0.22396282497891	0.149412887641726
-0.0964492085451161	0.0675737358168837
0.503472639783464	0.45001902820429
-0.284612066321568	0.186571399929409
0.205215401620106	0.110423220049136
0.745353449875489	0.543725661610116
0.37914823266034	0.200662929213779
-1.40922300434395	1.06895280811372
-0.5801177025606	0.32217404700399
-2.06918730763001	1.72482286180047
-0.580016262315733	0.322066841910722
0.0583519208589918	0.0369557153375701
0.293527201868422	0.228987220017428
-0.687589644821375	0.510540860097034
-0.320473330609048	0.185007486119419
-0.118990289624776	0.0729221728314425
0.142549987506844	0.0894500794249551
-0.178355006740872	0.134659185964966
0.656742495045896	0.559432637587792
2.23189132680627	1.82024650552185
-0.0495850290263104	0.0271094689755234
-1.45022307596246	1.35229662165663
-0.00605468831058989	0.00338734248617692
-0.434467910001795	0.367268384550549
-0.0496439894741144	0.0271417412631816
0.745274263767946	0.543557664143171
-0.575192754444671	0.357461056491999
0.116205314953024	0.0682165657958919
0.120371010324869	0.0539982926783083
-2.09898604383779	2.34052623750534
0.388484090009371	0.222665206631935
1.0360071240707	0.754049538610323
0.37903365004806	0.200695229132283
-0.174492497004984	0.0911987002855928
0.142332662718343	0.0893225200421159
0.0293366282731886	0.0174467216580498
-0.359411288891954	0.231191559725985
-0.576615616714452	0.435438733220694
0.20515621128702	0.110408160639295
-0.852542282645619	0.788665389654959
-0.049665047876336	0.0271547943089435
-0.223997400649952	0.149417113869312
0.522786025241743	0.42555412309195
-2.37980853777568	2.31877557812695
-0.57650962472728	0.435230951509108
0.533824534362896	0.41303268165465
0.0293020737592775	0.0174234793407837
0.103194765647005	0.0731641539798022
-0.359446060402219	0.231222563721811
0.546121760342076	0.399865604810286
0.0423972358643515	0.0214067271227048
0.120715929086933	0.0899998345859013
1.30593109493074	1.84074438995205
0.277000858389162	0.194377257837477
0.0422388999443572	0.0213245448072465
0.39977879662834	0.294768317205988
0.656603946786893	0.559141154114591
-0.359446060402219	0.231222563721811
0.304740676552231	0.260792732986305
0.205126733349182	0.110389989862704
-0.57525235701754	0.395450864272708
-0.322164788416887	0.232751592153736
0.546295972751385	0.400029492366873
0.398925904338448	0.277841625447756
-0.687589644821375	0.510540860097034
0.394038920805071	0.242228624143532
0.142393336926836	0.0893680462941138
-0.7400701483229	0.452397258194513
0.894973795185583	0.722984743706935
0.745234165064552	0.543378646722335
0.0423185594731741	0.0213690212508505
-0.687600237888207	0.510532942612147
0.546271580777341	0.400008553957061
0.365542401306716	0.175768098348355
-0.707441551292643	0.478324166306425
-0.852505178649334	0.788696528043239
-0.0759071302932135	0.0474225141389394
-0.829164181524425	0.606473226288315
0.61707473716542	0.575002795411521
-0.575283575494184	0.39546427526981
-1.45021215690449	1.35220324418246
0.230487760154232	0.133641469554507
0.928979024372076	1.0496314794083
0.0582076912231786	0.0368700656071609
0.522717286834186	0.42558319723393
-0.889518476363683	0.76068246749169
0.39826260161739	0.340862789802167
1.02270267664777	1.07123271361027
-0.0880117783777168	0.0400656551642896
0.0825909015274725	0.0554751195535152
1.0302677403609	0.912101238930548
0.388623453802359	0.222807132021994
-1.62207957212207	1.99571459354307
0.804361282585464	0.715200137963353
0.37903365004806	0.200695229132283
0.27694778712217	0.194263520874281
0.249950414270769	0.155064825728373
-0.300584031932267	0.24050484970697
-0.359411288891954	0.231191559725985
0.681112152324062	0.552106999105438
1.37646230408829	1.71138480403139
-0.94119010302626	0.739305361510772
0.533727791215542	0.412728819868677
-0.487352758396561	0.373715921399116
0.286045219546663	0.211913081318423
-0.884575760396575	0.588743079775032
-0.674379387301159	0.547225756788519
-0.237483943959794	0.139846828265212
0.398846314286367	0.277838106957553
-0.284638301267164	0.186600808077093
-0.575276993342195	0.357560747477759
0.0422802796907504	0.0213451498379722
0.205181952499019	0.110420289382553
-0.487430617773606	0.373739041382788
-0.17798488096457	0.134347021576093
-0.674379387301159	0.547225756788519
0.394037483159254	0.242231885268213
0.656716189618618	0.559373770285448
0.388623453802359	0.222807132021994
-0.687554945019591	0.510469115091673
-0.359414427010868	0.231205255371581
-0.57527646214444	0.395424069521758
-0.0875247626795585	0.0398554643821223
-0.174573431544604	0.0912716571979923
0.770042961680437	0.716276174340662
0.116309635865804	0.0682666795858432
-0.10435836928934	0.0558246704842912
1.24266958632114	1.14724141082673
-0.266035721327979	0.195213893496089
-0.174156693762985	0.118207126158388
0.249988153877649	0.155066139969002
0.393998820278763	0.24221496570692
0.0422796254578924	0.0213471109845159
0.398741078960888	0.277693005474053
-0.268507091440049	0.137275421862829
0.388717537904337	0.222754427446415
0.578103014416737	0.376604056005177
0.598787043320876	0.365355326471793
0.276856343203549	0.194257026192505
0.0584045444657097	0.0369917808973365
-0.575189306984786	0.357348377651719
-0.740363553407265	0.452677488340356
0.378493961987734	0.200357375434109
-1.35315272361151	1.19041017579904
0.598490018563699	0.365208208471015
0.921327549085001	0.552269378818359
0.169681585688258	0.0839699548320671
0.845325018027343	0.716436159479218
1.65613897630138	1.51943823476646
2.13804898096842	2.58542703471185
0.119875060412801	0.0537756254140837
0.205241089187748	0.110449762702166
-0.119112466215253	0.0729952295462966
-0.284584759141434	0.186548168598305
1.52031552276731	1.08722702084927
0.78893980475248	0.543791021826737
-0.0025583228276369	0.000870770923181551
0.522648548628168	0.425563360408667
-0.976980042183984	0.584826986165083
0.0836589996523523	0.0457057522339226
-0.47203661079325	0.329886834871931
0.956872912425269	0.734592065785687
0.388808660668062	0.222896051552016
-0.17459926023523	0.0912855489687525
-0.237459530713773	0.13981283712089
0.844142036023125	0.546193480334791
-0.268635789011379	0.137364741335883
0.710029975803891	0.546567476157879
0.378940602994957	0.200651612788855
-0.104320343754685	0.0557980556015589
0.845325018027343	0.716436159479218
-0.870905767288902	0.979350486961812
-0.104439986192503	0.05584893198215
0.0293626484192579	0.017460518623266
0.042356756117408	0.0213843480987584
0.393998820278763	0.24221496570692
0.76995152791776	0.716151771515157
0.598592016021916	0.365255436252484
0.560670796042941	0.388152961154497
0.250030420206014	0.155105697551881
0.265196714837447	0.175457812098852
0.142315461908762	0.0893059044612401
0.205237204149976	0.110442438968594
0.681059806170168	0.551907102345335
0.844163062994518	0.546224354744882
-0.173959902189874	0.118052898168857
0.533763759325351	0.413052800994542
1.30501002656905	0.824855468544757
0.379044329487515	0.200678939785108
-0.23753249504683	0.139862904500148
-0.687613685418675	0.510543809311169
0.771384657824967	0.351194621180954
0.388623453802359	0.222807132021994
0.0836693107122105	0.0457090630379767
0.745353449875489	0.543725661610116
0.388681054646199	0.222839316744788
-1.13720005339703	0.878783264435031
0.770438655215179	0.350662431796396
0.57804767962632	0.376553475673062
0.116362964940938	0.0683122413063474
0.230529605001091	0.133680510590328
-0.45344624098908	0.286775668100434
0.394077992026695	0.242262483225049
-0.581856591724575	0.277597221348804
-0.284559075458792	0.186506721174197
1.35560309885073	1.19659585765971
-0.575170160743172	0.357257334003503
0.0836487181970986	0.045700188709168
-0.174459521127491	0.0911992843731911
-0.389424342727476	0.276838214762351
-0.707559739241471	0.478463453528977
-0.707521172971948	0.478490781085457
-0.884588372446995	0.588819046433955
0.116364528101487	0.0683239471829726
0.116204318177821	0.0682051506217034
-0.320591171432568	0.185071363929284
-0.400255793183877	0.199576929984158
1.10698332090716	0.935610304369652
-1.62710395041049	1.69345035526461
0.14242773641472	0.0893785962341768
-0.0124813117514577	0.00584729622039226
-0.224006110467136	0.149449749327003
0.163536921612174	0.109088421630178
-0.487396029867369	0.373745946315643
0.116337803549992	0.0683121911720951
1.14904014971737	1.43543108627816
0.249950414270769	0.155064825728373
-0.389511202539066	0.276942389754905
-0.453484702733794	0.286786318132861
-0.889491680689948	0.760678091636314
-0.320513450752505	0.185034633111104
-0.320511550772078	0.185038220306322
-0.740171003604891	0.45253026277676
-0.42967245780055	0.243361499868568
0.276863919655315	0.194259116644964
0.205266784752764	0.110460669177488
-0.829086369388326	0.606441524864473
0.598194140587528	0.364865830215773
-0.472117480236258	0.33002701814581
-1.04543555296153	0.878689131956999
0.789067188669125	0.543924706508862
-0.0876522636543796	0.0399151556854039
-0.23746978542982	0.139808115240825
-0.0497660424686162	0.0271976727579945
1.03621134876939	0.754084179341617
-0.579995825522594	0.321935655455757
-0.320550245572636	0.185039040731163
0.635691498642958	0.567126216652758
-0.57538996445978	0.357597568636075
-0.766084229657476	0.664964679631637
0.205266784752764	0.110460669177488
0.845325018027343	0.716436159479218
-0.575276993342195	0.357560747477759
-0.70748096742124	0.478435371653978
0.249999051633764	0.155110314569276
-0.268322033479146	0.137179227635239
-0.174683567543954	0.0913208124398447
-0.707562829262929	0.4783359551326
0.12011077257807	0.0538869679431261
-0.389563638808408	0.27692012049515
0.623108714196451	0.352046458796775
-1.35315272361151	1.19041017579904
0.388705364199698	0.2228237408163
-0.0495607016458454	0.0270931349906489
-0.119077183004402	0.0729893994545596
0.18097462342358	0.127754415991621
0.0423586690649514	0.0213879798283963
-0.792026255215612	0.632615510131616
-0.94130434126359	0.73990733004916
0.0423581224798044	0.0213887511464096
0.365462810263777	0.175771126538925
1.10702185510946	0.935885221644565
0.512573949611574	0.437854363630749
0.394077543950188	0.242263206421765
0.142618824725729	0.0894702870219038
-0.575297408923719	0.395494954102611
0.0836139988449978	0.0456801177731202
0.578103014416737	0.376604056005177
0.205130478099973	0.110380892749031
-0.472011115164623	0.329915445003355
-0.0876302197595823	0.0399015975036765
-0.707520363398452	0.478482018542316
-0.320510826521617	0.185017428733123
-0.581851832882174	0.277688325692166
-1.13724250994339	0.878595360464549
0.170170551402025	0.0842873863496133
-1.13716189686811	0.878895305292996
-0.389624302641974	0.276981661337578
-0.0060016948213122	0.00335844422206687
-0.85248168988723	0.788612979439917
0.39411807088477	0.242241986020776
-0.57650962472728	0.435230951509108
-0.23751862527221	0.1398723323227
1.10698177123066	0.935673808184974
-1.45022307596246	1.35229662165663
-0.575244464761833	0.357353335654462
-1.27863245309779	0.904117251927921
-1.06716904388349	1.0328172351646
0.396897485244899	0.260186996927845
-0.707559739241471	0.478463453528977
-0.223858973756709	0.149304274972964
-0.70752395780393	0.478246855214622
0.845325018027343	0.716436159479218
-0.429913148081275	0.243543922037474
-1.1355310372283	0.74165193188041
2.4022631079363	2.14290114144998
-0.359427841778773	0.231146608983805
-0.57525108074046	0.357535915462596
-0.582615032867435	0.519935151924383
-0.57525235701754	0.395450864272708
0.844256005489486	0.54634206000507
-0.884701326330879	0.588899170884722
-1.52964843587926	1.2385261432619
-0.087441370809686	0.0398097097825643
0.249953816287964	0.155073709123128
0.598490018563699	0.365208208471015
0.230567144449649	0.133687254625393
-0.980922814073595	0.893955019540824
0.388635641929205	0.222799330565912
-0.941269766308302	0.739849845050515
0.276966319675634	0.194327820178076
-0.359386945138899	0.231126405674509
0.598684774774916	0.365349678431694
-0.429684759665462	0.243380527933264
0.230411785311357	0.133557418386643
-0.0759071302932135	0.0474225141389394
-0.510381448501776	0.185343391604108
0.116363450732812	0.0683232622059764
-1.13557312432465	0.741984670388943
0.598675391106249	0.365365106671917
-1.1106194968633	0.562870946942689
1.03581273641939	0.753757024221273
0.205130478099973	0.110380892749031
-0.0875247626795585	0.0398554643821223
0.142254788383874	0.0892466488505258
-0.0497207883959072	0.0271802915998118
0.681242723079382	0.551826799505109
-0.429994928475187	0.243602180977508
0.522640976531566	0.425575671036713
-0.359424999637583	0.231221859869823
0.250093687526739	0.155107071087335
0.396966874057929	0.260280317934537
-0.0496511828299678	0.027144046289517
0.512573949611574	0.437854363630749
-0.674544108499417	0.547350194529209
0.277044169749406	0.194394574695119
1.61599862638025	1.67218275321416
-1.14266727138528	1.0238193770642
0.546191546545707	0.399994409087937
-0.171941842769072	0.103292339313764
-0.575318237617244	0.395483995236497
0.0422401339956056	0.0213241934971351
-0.268617700571665	0.137383094548257
-0.104357499932016	0.0558222115623603
-0.00592137793584026	0.00331386531753274
-1.01153047749168	1.05190320134882
1.02277896435355	1.07144209417307
-1.14277373552276	1.02416761740589
0.503472639783464	0.45001902820429
0.277052656870177	0.19437788836498
1.107101141716	0.935935134850516
-0.707522656104184	0.478427995182554
1.49195028318778	1.42980877383538
1.48072881756409	1.59407269704666
-0.00597545784260671	0.00334394234187639
-1.24921714724718	1.03267851520419
0.398792926930983	0.277777135794923
0.533634486211023	0.412849493038425
-1.01624223588995	0.730767166592707
1.12028925321021	1.26250844731655
1.15414695557536	1.11162196389094
0.205185767371981	0.110419404112476
0.858250689696724	1.03805143222765
0.546226339378666	0.400029781886946
-0.237473607055047	0.139838194143414
0.709960466353092	0.546453636093704
0.265134513865625	0.175435748620203
0.560711885972035	0.388147474403836
0.205270774822767	0.110453605323913
-0.32351770392979	0.13279342860992
-0.0124813117514577	0.00584729622039226
-1.40922300434395	1.06895280811372
-0.26882014270592	0.137493109818912
0.623156321552976	0.352260784925711
0.205016392440772	0.110303116653591
0.396866619489174	0.260139350104397
-0.575335061941683	0.357592851898839
0.205270774822767	0.110453605323913
-0.049699798202934	0.0271720496482323
0.083714317932502	0.0457271316416471
-0.10435836928934	0.0558246704842912
0.0294144810082387	0.0174914454752473
0.78893980475248	0.543791021826737
0.142454010818911	0.0894054040397301
0.0423197603352864	0.0213662872995593
0.668412566104476	0.343909313552279
-0.0496407463451933	0.0271405434836126
1.08238282667856	1.0889579102222
0.577937107683428	0.376356644475187
0.120240788194207	0.0539451931203284
-0.429925595459858	0.243580051469603
0.36520892134614	0.17553579812266
-1.04539021354356	0.878624137014173
0.0423180273406882	0.0213686808954471
1.61595978847181	1.67191451729395
-1.64082941507658	1.41161338940413
-0.284558542294168	0.186518782012506
-0.88951788053511	0.760686453768118
-0.266110836881102	0.195268169545704
-1.74461604577035	1.59012768298437
0.398996896045526	0.325933831825398
-0.17194241801976	0.103300002008729
-0.58022292583536	0.322227384173889
-0.429856217784491	0.243527269122507
-0.35949132644256	0.231219432026524
1.7931274023303	1.7777837141532
-0.576642399663144	0.435459503434215
-1.3531394719817	1.19013250205415
-0.70752395780393	0.478246855214622
0.116258755452954	0.0682558216366892
0.0587435559436112	0.0233296694197922
-0.125644761615611	0.106369005870471
0.399661994211238	0.310681439605538
1.24270721825746	1.14697920108679
-0.237483943959794	0.139846828265212
0.0423576214530844	0.0213884261189087
0.0836346373861601	0.0456890182021036
-0.976725620080584	0.584772285236741
0.230568482664177	0.133702810948979
0.0836346373861601	0.0456890182021036
-0.889491680689948	0.760678091636314
-0.284664528881426	0.186618002727203
0.560749556461197	0.38815237075861
1.03034750926467	0.912449882956028
-1.54143717103487	1.52008554564181
0.598675391106249	0.365365106671917
0.668341817602373	0.343821264073672
-0.0496092677838992	0.0271228251111568
1.5204805302589	1.08698968363812
0.250033880806253	0.155122672155995
0.398713844234512	0.277658917777453
-0.400384780578106	0.19966118834964
0.230607483632705	0.133708407209246
1.18753071977547	1.28846086062937
-0.47209074660014	0.330014700185048
0.205185767371981	0.110419404112476
-2.82039718877815	2.21247676010013
0.23052744239938	0.133668602137409
0.598490018563699	0.365208208471015
-0.884826594921017	0.588899553734
1.24262919258938	1.14708565489815
-0.581919931251469	0.277594706556918
1.26779586700236	1.32117383661908
1.03553554171362	0.752886945308344
-0.575361020021202	0.357592442111619
-0.0875689197015273	0.0398659159045397
-0.268626755667087	0.137386831811978
0.398688188562217	0.277571731093818
-0.687589644821375	0.510540860097034
-0.0154451286808722	0.011280236571208
-0.224023395472545	0.149456678003061
-0.792079152903842	0.632599435529008
-1.54135608443981	1.52099595733712
-0.32393075771785	0.132964596123413
-0.268322033479146	0.137179227635239
-0.580371561309725	0.322378988803852
0.578158381790198	0.376627328503049
-0.687624328798652	0.510560384911085
-0.300658446473693	0.24057296892563
-0.579188305816667	0.47692523634252
1.65627818696319	1.51955663487069
0.195565485379373	0.145505148216924
0.972103817653691	1.05823939731018
-0.104357499932016	0.0558222115623603
0.394077141483602	0.242247453289519
-0.575262792708149	0.395475278382787
-0.0122031973667483	0.00571711009301839
0.789194873519341	0.543959116050008
0.120086942258199	0.0538668745057729
-0.575302897931052	0.357517752740987
0.230567144449649	0.133687254625393
-0.889518476363683	0.76068246749169
-2.06925515803276	1.72583737770434
0.205181952499019	0.110420289382553
-0.429823900373269	0.243455736202764
0.230487096056227	0.13362125268022
-0.792133862989249	0.632562838585223
-1.24918291230694	1.03264343593363
-0.104317955751367	0.0557991159685809
-0.889438063151247	0.760566473291652
0.804395515067917	0.715369169399287
0.512521195184631	0.437763163529549
0.598573351737047	0.365281015830231
-0.795388566123818	0.429111941624914
0.845381693528394	0.71645952677223
0.23052811985298	0.133680230051694
-0.665927385134618	0.586298163587666
0.265196714837447	0.175457812098852
0.230607483632705	0.133708407209246
0.169791803052593	0.0840420377006657
0.265118813379176	0.175428622585859
1.20504212356376	0.970906270796061
-0.791974003188081	0.632529374040272
-0.45344624098908	0.286775668100434
1.14132666656629	0.780469271001445
-0.0873848714595538	0.0397782837000225
1.03591449475179	0.753942920815292
-0.268525347797909	0.137326910041535
-0.0124241753236879	0.00582014340182899
0.116310568788396	0.0682939752654957
-2.54809178631589	1.76457321678584
0.769767998121983	0.715623336167385
0.740053422473317	0.718126153748458
-0.321898824215026	0.232445104785946
-0.934149500547773	0.917745947868515
0.265075171393988	0.175390756254714
-0.0758839657988315	0.0474022621827005
0.956813838104802	0.73441190289006
0.844256005489486	0.54634206000507
0.397040559197679	0.260247997115488
-0.359449115974057	0.231217993302278
0.0421987867860668	0.0212963295204054
0.399426499638321	0.310435087923059
-0.795306487339825	0.429040562996724
0.398740542799776	0.277713218573631
-0.104241016119467	0.0557391571391395
-0.268626755667087	0.137386831811978
0.0825872915924241	0.0554703277817118
0.495398357474228	0.461962633874086
0.0423592611971083	0.0213859834041211
-1.27844165385962	0.903806240418973
-0.792105926586736	0.632620636325113
0.119898789663274	0.0537835419180417
0.116312232557711	0.0682826331465019
-0.320471387299354	0.184979124807724
-0.237522053041442	0.139838739204885
-0.005974931279798	0.00334374083564817
0.560590771228458	0.387994709355018
0.617054366074467	0.575227821017711
0.230488467651288	0.133653113546507
0.397011871554962	0.260283967448686
0.0422784535101385	0.0213474939483703
-0.19168054449394	0.0841002189352164
-0.26882014270592	0.137493109818912
0.230449616124751	0.133620924510745
-0.884726670104725	0.58868087490663
-0.171941842769072	0.103292339313764
0.0836243033187161	0.0456856938071087
-0.104400361555696	0.0558345003696772
0.119616312676658	0.0536293120410217
0.170263129213505	0.0843313417776692
0.394077543950188	0.242263206421765
0.522782728080998	0.425615123094188
-0.575241891791028	0.395404439137203
1.36657696401083	1.36647347050172
-0.00607309232632234	0.00339749545493146
-0.795221755124498	0.428924725702898
0.170161317325234	0.0842725965010529
-0.104395095758468	0.0558255993553039
-0.941311514500646	0.739541484904691
-0.829125832982878	0.606496399181627
0.394037095127064	0.242198458278005
-0.976493244523567	0.584555562455094
-0.049699798202934	0.0271720496482323
-0.400044413240096	0.19944341681556
0.388635641929205	0.222799330565912
1.03620195042652	0.754167711587714
-0.429742023619485	0.243444703250539
0.276932654578938	0.19431118824994
0.393999376174225	0.242196655610477
0.0423592611971083	0.0213859834041211
-0.575318237617244	0.395483995236497
0.844245436694145	0.546340791689674
-1.33197952685661	0.762634981562714
-0.268617700571665	0.137383094548257
-0.0877575997881977	0.039961229689291
-0.57527646214444	0.395424069521758
0.710099550434464	0.546544610800671
1.03029233985508	0.911996148222988
-1.13712712909702	0.878426572726841
-0.687579023630957	0.510524309186091
-0.976725620080584	0.584772285236741
0.512589435475007	0.437788782470985
0.205215401620106	0.110423220049136
-0.47209074660014	0.330014700185048
0.230528840720756	0.133684195378615
-0.0759447299904431	0.0474413261977624
-0.453568501267303	0.286832048510149
0.844256005489486	0.54634206000507
1.36663620317732	1.36668101803728
-0.40036136937727	0.199570942819307
-0.941293807684783	0.739887785369521
-0.4297991763118	0.243493611717284
0.78893980475248	0.543791021826737
0.745313846676038	0.5436625102872
0.745393073383296	0.543751429172607
-0.049665047876336	0.0271547943089435
1.48062323655745	1.59357895856227
-0.57525108074046	0.357535915462596
0.623180168539243	0.352214767231186
0.230529605001091	0.133680510590328
-0.575273198865867	0.395479571147706
-0.792080398370247	0.632669952314614
-0.472011704383286	0.329901650302179
-0.174625080884339	0.0912854195393808
0.163529196181068	0.109074522496971
1.14145651481394	0.780640318755813
0.37882650870246	0.200579110731171
0.394431667759797	0.382072189061349
0.142489319662021	0.089416780853008
-0.707561374899847	0.478454287577905
-0.0496439894741144	0.0271417412631816
-0.884644904679083	0.588878517612653
-0.17456992674774	0.0912652369592895
-0.359400794834614	0.231196545368216
-0.576641823744605	0.435436216930817
-1.32006018866403	1.32992829174441
1.05978803084369	0.577720231178301
0.16987499605727	0.0841114700759531
0.410032429213935	0.149677489118131
0.668487407260313	0.343741966224279
0.230569216915851	0.133699107004068
-0.707521172971948	0.478490781085457
-0.575297408923719	0.395494954102611
0.0586045725612464	0.0232714078261316
0.120264726831324	0.0539494870265262
0.398819616028579	0.277815329640886
1.35552205420977	1.19632884824926
0.142376135117648	0.0893560334310867
0.560671511271766	0.388152242066617
-0.0857314977153456	0.0671939316370113
-0.747437675960094	0.701080213985132
0.0581705452569059	0.0368367704538157
-0.0496545327696726	0.0271489027461026
-0.795221755124498	0.428924725702898
-0.829205783352979	0.606232449835042
-0.0495362855820517	0.0270734494642443
-0.575335061941683	0.357592851898839
0.0291612238467836	0.0173379441849525
0.116310568788396	0.0682939752654957
-2.17999440497816	1.92003282727069
1.24270851402553	1.14735824964831
-0.0496859935586384	0.0271630129061038
-0.359414427010868	0.231205255371581
-0.414141851723161	0.322336117669304
-1.40920998348391	1.06841149743604
-0.174540515247827	0.0912397503894302
-0.580476543617623	0.322432153035535
0.560750823243541	0.388178877146149
-0.320550245572636	0.185039040731163
-0.191760118441119	0.0840990250517204
2.29982329631232	2.5005375533165
0.769905479415667	0.716120953302424
-0.049571121746021	0.0270978021723179
-0.352506538943675	0.278268168144533
-0.359369143638256	0.231145767097351
0.8948554279299	0.722860221926672
0.277000858389162	0.194377257837477
0.394037095127064	0.242198458278005
0.668414615793708	0.34385587193997
1.14122070426758	0.780386099658665
0.116364528101487	0.0683239471829726
0.546215912621286	0.400033984487797
0.230452219096468	0.13358174972217
-0.687520229381907	0.510338037259701
-0.575306066526481	0.357587683954408
-0.575318237617244	0.395483995236497
0.393999376174225	0.242196655610477
-0.237504529024248	0.139844087330484
-1.55206004255871	1.82236608714629
-1.06710850518909	1.03255101771052
-0.575217747559456	0.395392146945716
0.0423968115556395	0.021405318458516
0.845325018027343	0.716436159479218
1.48067602803522	1.59396944947553
-0.740262966664053	0.452575713375946
-0.976470386658705	0.584506017782514
-0.45348851591146	0.286841831680638
0.398871559277066	0.277751938066203
-0.0873970675291552	0.0397928350708459
0.265031525302419	0.175344359155112
0.116259343543614	0.0682427302566693
0.230368832096485	0.133484152828458
0.956788078053275	0.73445417517158
-1.13532229991961	0.741731857047717
0.39954813266193	0.310600119394099
-0.453567596354213	0.286856836341659
0.230488467651288	0.133653113546507
0.681217412014632	0.552162893124724
0.546247277497143	0.399925184125997
0.623286300486041	0.352340568865308
1.15413065688962	1.11166788834906
-0.687544346030997	0.510452591945806
-0.38953741575754	0.27694709902892
-0.740271693618544	0.452632126761163
0.230487760154232	0.133641469554507
0.804465712998505	0.715513833770539
-0.687544346030997	0.510452591945806
-0.173983441662603	0.118066835070789
-1.13712262184062	0.87873904757024
0.119980963262918	0.0538242500271638
0.0586024886115801	0.0232698011409825
-0.359366029703826	0.231147371654073
0.388623453802359	0.222807132021994
1.14145651481394	0.780640318755813
-0.0874192319868208	0.0398048854826958
0.956758631244121	0.734317790693885
-1.5295359744736	1.23814626760269
-0.19168054449394	0.0841002189352164
-0.224153265320875	0.149532636220532
0.789124946179673	0.543928830463125
0.512542871278745	0.437730227114006
-0.674370456569924	0.547283897739614
-0.687634944063166	0.51055249212413
1.49187106690052	1.4300559927535
-0.0122276726897269	0.00572835891609193
0.16987499605727	0.0841114700759531
0.0423180273406882	0.0213686808954471
1.03043748262447	0.912443525259986
0.512452955593591	0.437693803424598
-0.320512862899764	0.185045864651848
-0.0123423441710936	0.00578321495826335
-0.400642140897208	0.199776993016034
0.16987499605727	0.0841114700759531
0.365462810263777	0.175771126538925
-0.321982845216416	0.232561713711774
-0.829127834617353	0.606384459555384
-0.4297991763118	0.243493611717284
-0.453486695923122	0.286846798923099
-0.453527147708742	0.286874832407521
0.578107067469611	0.376473508055591
0.369785495549136	0.158102799873415
-1.27863245309779	0.904117251927921
-0.0124118503434449	0.00581552997654431
-0.284532318121239	0.18647632440641
-0.429938030218216	0.243568625526263
0.546226339378666	0.400029781886946
-0.191851314271925	0.0841724378088938
-0.320472080549721	0.184999887675071
-0.4534471860208	0.286796541603711
1.7126342223749	1.36396851822526
-1.52959053389401	1.23768235856356
0.207586771707538	0.162217735253928
0.276817844835418	0.194165256923852
-0.674300900594906	0.547088566373363
-0.0496545327696726	0.0271489027461026
1.71229367635148	1.36394954299998
0.789124946179673	0.543928830463125
0.397075396091282	0.260212181645252
0.874497027048888	0.882471973390169
0.844743349026666	0.546221504220139
0.845429539214823	0.716403505219283
-0.119164091334129	0.0730446137848314
0.265048650072239	0.175349097745977
0.0423592611971083	0.0213859834041211
-1.40927863953749	1.06900153922817
-0.580476543617623	0.322432153035535
-0.740463975085828	0.452748151314771
0.398793967380322	0.277774205276527
-0.707522656104184	0.478427995182554
0.393998820278763	0.24221496570692
1.52015070189972	1.08699171306418
0.623368560595867	0.352394665675771
0.598573351737047	0.365281015830231
-1.5185754934523	0.958937535691087
-0.707560579726294	0.478472244119477
0.0423581224798044	0.0213887511464096
0.277122020126455	0.19441063569734
0.635623025148758	0.567078196365705
-0.575307838029623	0.395499269125434
1.03040272101607	0.912478079286337
0.205207701750601	0.110416794371153
0.170078037123426	0.0842362332696313
-0.2687279974696	0.13743703950627
0.169773724927864	0.0840291053656903
0.681138864658812	0.552115965679492
0.546181097504613	0.399998591734954
0.276856343203549	0.194257026192505
0.769974220431325	0.716239503703253
-0.765937198841143	0.664778067215432
-0.0120882381999243	0.00566213416702119
0.59876817292181	0.365396418954223
-0.707561374899847	0.478454287577905
-0.981113561951239	0.894366530520498
-0.941349427084676	0.739839943684221
-0.400408163058232	0.199679139220261
-0.579309560273829	0.477063146173297
0.388705364199698	0.2228237408163
1.10706148824685	0.935941427611023
0.956729262501029	0.733990322849811
-0.575306066526481	0.357587683954408
-0.580201097652322	0.322046097101066
-0.191760118441119	0.0840990250517204
1.20485702201356	0.970720282769377
0.0422784535101385	0.0213474939483703
0.249962013195185	0.155059924155677
0.804456292999478	0.715521558347447
-0.472118546288206	0.329920302906774
0.029327871023565	0.0174408901805193
0.522526172038205	0.425385574889121
0.668485331028372	0.343881888339176
-0.829165276939393	0.606465936301729
0.0836346373861601	0.0456890182021036
-0.434600237928213	0.36757723214983
0.230489218546085	0.133657096820458
0.394077141483602	0.242247453289519
0.250030420206014	0.155105697551881
0.119769233618733	0.0537209607675883
-0.0121701696544959	0.0057003464533006
0.205181952499019	0.110420289382553
0.170179807255207	0.0842887264509299
-0.323679539396547	0.132867515469766
0.249929441003308	0.155058665247787
-0.174485277419969	0.0912106313420276
0.560711157363661	0.388178233889262
-0.508810168966331	0.184537952872337
1.10706244243292	0.935787622712917
-1.67829822317506	1.15315867650137
-0.359414427010868	0.231205255371581
0.205126733349182	0.110389989862704
0.788952008697734	0.543735380200091
-0.237449246408328	0.139810882843141
-0.23749787590423	0.139847890981541
-0.707599966341931	0.478328608050316
-0.322316055029831	0.232787291843604
-1.24921980676995	1.03276052609911
-0.889571481213126	0.760661304544307
0.394038396008532	0.242246959131393
-0.575307838029623	0.395499269125434
-0.575218613589162	0.357443211501799
0.205211481751657	0.110438490596475
1.03589605010998	0.75350409281795
-0.453566648168422	0.286866712107399
0.230448097698912	0.133605266312707
-1.67827674680171	1.1536712482776
-0.829081967283119	0.606256974947098
-0.575248897149481	0.395405491266938
-0.223988826737222	0.149434181804037
-0.707521172971948	0.478490781085457
-0.0496511828299678	0.027144046289517
1.49179193179728	1.42992111448034
-0.284611534579334	0.186578592719199
-0.0016157804387986	0.00054955076095408
2.23188918576569	1.82095979134236
1.10702185510946	0.935885221644565
-0.400302687392056	0.199595859940072
1.7126342223749	1.36396851822526
-1.40922300434395	1.06895280811372
-0.17189007357759	0.103262278865495
0.598573351737047	0.365281015830231
-2.01802064297884	2.14616531979373
0.48817547586498	0.473963728379708
0.845416497078957	0.716483579132327
0.0582759097770294	0.0369139293809071
0.74025042694518	0.718560244791927
0.142436808007148	0.089397816024869
-0.575221956505582	0.357508938560049
-1.04544866744189	0.878580226525379
-0.941383992622475	0.739585527958278
1.36661169451326	1.36661397734987
-0.0123423441710936	0.00578321495826335
0.956983629109388	0.734621121449141
0.598582673007789	0.36530237473833
1.05980524645418	0.577754859072529
-0.976725620080584	0.584772285236741
-1.40945805218886	1.06898654271964
-0.17456992674774	0.0912652369592895
1.71205948036522	1.36302875890498
-0.268617700571665	0.137383094548257
0.681137843811647	0.552122863361016
0.874611118454893	0.882818486060806
0.577959184122381	0.37641487267881
1.14148035323186	0.780569854920254
-0.70752193721132	0.478472790723747
0.394077992026695	0.242262483225049
-0.0122973225407363	0.0057607405665406
0.388693203120202	0.222849389931697
-0.0496197888314195	0.0271299727345174
0.804570135857766	0.715574719033785
-0.320434303761083	0.184938872669422
-0.28458417543874	0.186525793686448
-1.51832895997772	0.959438617553198
-0.174573431544604	0.0912716571979923
-0.580288257554798	0.322133722612185
0.968719206004407	0.897651365403019
-2.06941680935927	1.7258360136096
-0.429925595459858	0.243580051469603
-0.26843293162844	0.137254509896172
-0.453526186148828	0.286869848352417
1.80570574330584	2.73181761520527
0.205266784752764	0.110460669177488
-0.104396081754456	0.0558356591055073
0.671613850991219	0.730996656817475
0.378493961987734	0.200357375434109
2.03665386702518	1.92878988775703
-0.237487456853328	0.139823741683448
-0.0124689471286401	0.0058422046791081
-0.884826594921017	0.588899553734
-0.104278391852856	0.0557721044560038
0.578154398334843	0.376565647581824
-0.174576796600837	0.0912462021193837
-0.191765997402019	0.0841406045300469
-0.429938030218216	0.243568625526263
-0.84128759981306	0.366527746446311
-0.740162214758242	0.452442797394852
-1.01626261164335	0.730750646511125
0.0755025162368035	0.0590058134692653
-0.429925595459858	0.243580051469603
0.396956601925935	0.260280489844571
-0.487335464172586	0.373678306390831
-1.06716904388349	1.0328172351646
-0.104320343754685	0.0557980556015589
0.598777597268071	0.365412486093334
0.119898789663274	0.0537835419180417
1.33440052731901	1.01942425686405
0.745353007153523	0.543706231076692
-0.5801177025606	0.32217404700399
0.396991343747782	0.260302212223515
-0.268617700571665	0.137383094548257
-0.976748321602159	0.584724813841583
-0.941328343613218	0.739838356347261
0.388484090009371	0.222665206631935
-0.0873136276015911	0.0397499196226352
1.14132666656629	0.780469271001445
-0.268312791713591	0.137144521650942
-0.575273720240365	0.357448114099571
0.205181952499019	0.110420289382553
1.5044158387548	1.26730366912119
0.0423581224798044	0.0213887511464096
-0.687634944063166	0.51055249212413
-0.323339890211829	0.132668745971559
1.10702185510946	0.935885221644565
0.388565964607091	0.222757123212129
-0.576615616714452	0.435438733220694
-0.17456992674774	0.0912652369592895
-0.174012464593209	0.118086449204848
-0.268709990012556	0.137422886733516
0.388541546903607	0.222697290635901
-0.0122154413396054	0.00572317029003499
-1.82070949259818	1.34281782363061
-0.268811190324651	0.137482691167831
1.10714081553382	0.935863560197638
0.0423185594731741	0.0213690212508505
0.399669700169903	0.310704766188227
-0.575217747559456	0.395392146945716
0.205097333541243	0.110364406966335
-0.575276993342195	0.357560747477759
-0.23749787590423	0.139847890981541
-0.320513450752505	0.185034633111104
0.378283084565761	0.200130222763872
0.388623453802359	0.222807132021994
-0.580349831282464	0.322341566730602
0.398847428577595	0.277769276267089
0.029293325983083	0.0174211094865384
0.745353449875489	0.543725661610116
-0.707481746061678	0.478444102656824
0.378621720444965	0.200461497743518
-0.580139552543401	0.322178443064124
0.205160060996154	0.110384683640078
1.0596257295169	0.577674605165275
-0.104357499932016	0.0558222115623603
-0.453485720976542	0.286825894441277
-0.976620884568423	0.58466531707052
-0.224122540345607	0.149513077594898
0.388693203120202	0.222849389931697
-0.88946547353368	0.760587091874175
1.14100900812223	0.779973658388234
-1.84156537035488	1.77031697348649
0.560631884952499	0.388100936597873
-0.173952073477579	0.118035925509926
-0.174738587019409	0.0913226325583963
-1.32012956730741	1.33007082740601
0.299780530349784	0.245308578943303
-0.0399416940925435	0.025416341786063
0.163673842890124	0.109171859115128
-0.119207551057469	0.073067983664619
0.0423191371419603	0.0213682662442981
0.956843336205729	0.734548363620484
-0.11919851495529	0.073056845674997
-0.119111616177512	0.0730016435163451
0.142419603815384	0.0893858006289232
0.560631139693429	0.388101630778108
0.398793429534845	0.277791401936865
-0.359435544098484	0.231227533097986
-0.674344298087838	0.547190221611745
-0.171995844549904	0.103319697906371
-0.429742023619485	0.243444703250539
-0.0876522636543796	0.0399151556854039
-0.575361020021202	0.357592442111619
0.0587479747293442	0.0233295790834769
0.668410467979929	0.343916625774154
0.546143080211282	0.399742802223593
-0.575221956505582	0.357508938560049
0.95689862688858	0.734589435516779
0.0423197603352864	0.0213662872995593
1.03610915310578	0.754122517881413
1.14135042570868	0.78055702486602
0.388599115365811	0.222711594260506
-1.5184112689232	0.959430498339099
0.623026548869316	0.352133124979863
0.894974427264456	0.723012047209108
-0.191594955374977	0.0840523906515105
-0.104396081754456	0.0558356591055073
-0.740472578230699	0.452738938330306
-0.795555037532711	0.429082398854794
-0.889385061198089	0.76036426843172
0.230569994594728	0.133686869744806
0.770438655215179	0.350662431796396
-1.27872364579987	0.903836429245258
0.0422383511678333	0.0213230796516601
1.24278673916259	1.1469560380441
0.598388187690383	0.365124289578113
-0.884688635613738	0.588740034808548
-0.400408163058232	0.199679139220261
0.365462810263777	0.175771126538925
1.49187106690052	1.4300559927535
0.116231496170181	0.0682392986693278
0.249962013195185	0.155059924155677
-0.795306487339825	0.429040562996724
-0.0875247626795585	0.0398554643821223
0.119898789663274	0.0537835419180417
-0.323339890211829	0.132668745971559
0.388635641929205	0.222799330565912
0.917689899115926	0.888576138242209
-1.13720005339703	0.878783264435031
-0.268921114931938	0.137530879122937
0.837627364887655	0.879668919251151
0.388820742451007	0.222906122652098
0.398872011457805	0.277816238823432
0.058381078104673	0.0369790675322971
-1.04542483329829	0.878688897913007
0.142332662718343	0.0893225200421159
0.399683719750596	0.294697026464476
-0.88943867815904	0.760548842598612
1.12021315160629	1.26258325065669
0.39954813266193	0.310600119394099
-0.41418661455131	0.322234536274166
0.249960943195649	0.155054146101795
0.68119175182357	0.552129716225898
0.230448835221244	0.133616924089533
-0.766101540886439	0.664864844412508
0.398793429534845	0.277791401936865
1.37778947502439	1.88269089296931
-0.104359195281209	0.0558242971418694
0.84434901377286	0.546409530474438
-0.2687279974696	0.13743703950627
-0.45344808773457	0.286801474904568
-0.0875247626795585	0.0398554643821223
-0.119016517526199	0.0729451060333527
-0.19168054449394	0.0841002189352164
0.388762997440806	0.222873844908431
-0.323768775804252	0.132906269597143
-0.575306066526481	0.357587683954408
0.12011077257807	0.0538869679431261
-0.174518314964367	0.0912348516528442
-0.829084254712108	0.60642326809271
-1.11054651250717	0.562770546181268
-0.58022292583536	0.322227384173889
-0.320510826521617	0.185017428733123
1.20504212356376	0.970906270796061
-0.17440426958797	0.0911536059094103
-0.174602660202585	0.0912810692303503
-0.10431959113781	0.0558011663734158
-0.829165276939393	0.606465936301729
0.560710472183291	0.388178977785677
-1.13720005339703	0.878783264435031
0.365631508218467	0.175855733280783
0.680979668232414	0.551649304652265
-0.575359540866	0.395185980754417
0.789137043859013	0.543954929220758
0.249918996642399	0.155043388295526
0.0835792957447459	0.0456571767018195
-0.575262792708149	0.395475278382787
1.03036797569468	0.91245684227107
-0.740463975085828	0.452748151314771
-0.0123423441710936	0.00578321495826335
0.709981039126581	0.546426445722382
0.710005461501729	0.546536508014955
-0.976388308966963	0.584207226036347
0.560711885972035	0.388147474403836
-1.35310492402995	1.18953526657707
0.560750168129779	0.388179645747097
-0.582472542661319	0.519742334158753
0.578018102972575	0.37654181246198
-0.104396081754456	0.0558356591055073
0.38842674464191	0.222615317705505
-1.40922300434395	1.06895280811372
-0.429868625622534	0.243546443419877
-0.0122398914365767	0.00573275860786979
1.61603828877498	1.67215060395899
-0.237542907484709	0.139878710803409
0.365462810263777	0.175771126538925
0.844245436694145	0.546340791689674
0.598879970311203	0.365418203215048
-0.82904784880335	0.606262707543503
0.874694879017024	0.882810201883643
-1.54124871442533	1.5204893258484
-0.0122520975997214	0.00573627803064002
0.0423581224798044	0.0213887511464096
-0.223971414872502	0.149358744164149
-0.472064003814338	0.329987530330869
0.0835689978452454	0.0456494284522933
1.03610915310578	0.754122517881413
-0.0872815765892442	0.0397209866540439
-0.174540515247827	0.0912397503894302
0.745313372817002	0.543643055784517
0.681138336607406	0.552153881932358
-0.0876522636543796	0.0399151556854039
-1.27902858522327	0.904157017235484
0.921324434956384	0.5524265305633
-0.829125832982878	0.606496399181627
-0.740078977484018	0.45240201762335
0.394077543950188	0.242263206421765
0.0825303680488827	0.0554304614358371
0.398846314286367	0.277838106957553
-0.581854188280408	0.277697073220254
-0.19168054449394	0.0841002189352164
-0.575280127168348	0.357541128183675
0.844152537341915	0.546273411772544
0.388484090009371	0.222665206631935
1.5204805302589	1.08698968363812
0.0423180273406882	0.0213686808954471
0.365548699035189	0.175813952012173
-0.976516074000812	0.584317029347254
0.533625086929812	0.412917619904508
0.119769233618733	0.0537209607675883
-0.576775175147829	0.435354785404295
0.578158381790198	0.376627328503049
0.169976433422897	0.0841776092708832
-0.237598315516228	0.139891634816411
0.770731512231836	0.350809203466032
1.20497223605644	0.970922766106413
0.378847621753956	0.200589252322247
-0.320511550772078	0.185038220306322
0.396936146469818	0.2602327506778
-0.453409356613519	0.286710311945906
-0.0873025425552024	0.039747500646423
-0.237553290358037	0.139887377403942
0.745392295858783	0.543663995346619
0.163423100014615	0.109006651238271
0.230528840720756	0.133684195378615
0.894936195517203	0.722845737841148
0.399718122297001	0.294762082365456
-0.575262792708149	0.395475278382787
0.249926228470997	0.155013889998617
-0.389658739115324	0.277021996645502
-1.01629703450164	0.731142799198732
1.30501426911843	0.824612267549947
0.0836139988449978	0.0456801177731202
1.14137421358343	0.780410094648711
0.59876817292181	0.365396418954223
-1.3531420395227	1.19035544272686
0.598397427711216	0.36507558725869
1.60047119601252	0.906629847858136
0.369785495549136	0.158102799873415
-0.400747339760967	0.199770728173119
0.598573351737047	0.365281015830231
-0.359432192549867	0.231147601428986
0.23052811985298	0.133680230051694
-1.32032021570805	1.32984565403388
-0.223988826737222	0.149434181804037
0.250054720394824	0.155128740837758
0.393959851793225	0.242147071342183
0.0423180273406882	0.0213686808954471
0.293666259010815	0.229123924412129
0.119769233618733	0.0537209607675883
-0.17194241801976	0.103300002008729
0.230569994594728	0.133686869744806
-0.119103423183026	0.0730060951167675
0.230531263789727	0.133644880434377
0.968745395432687	0.897740647520748
0.276940225617192	0.194293407208641
-0.26623635894636	0.195370452973076
-0.0762032541416261	0.047595876426335
0.142262901602764	0.0892555456311419
1.10706244243292	0.935787622712917
-0.237577533393308	0.139880937804697
-0.320512229568985	0.18504719516924
0.578103014416737	0.376604056005177
0.681111642733935	0.552107188973364
0.120216878406035	0.0539296496159934
-1.33190726197346	0.762157524770616
0.170346455264285	0.0843272703482159
-0.320554095238467	0.185001303746497
-0.453530561052405	0.286739534665592
0.0293366282731886	0.0174467216580498
0.59876817292181	0.365396418954223
0.623286300486041	0.352340568865308
-1.67842293364952	1.15326249437505
0.20515621128702	0.110408160639295
1.47100431683304	1.76468573176583
0.120004743026815	0.0538382787021705
0.365631508218467	0.175855733280783
-0.171996815584719	0.103281256791766
0.20515621128702	0.110408160639295
-1.40909846205895	1.06824575502539
0.169994760992526	0.0841528614349276
1.33440052731901	1.01942425686405
0.163415409841905	0.108998225380229
0.710130177477152	0.546424950957029
0.598480737929632	0.365218365480648
-0.32047439866804	0.184974644576425
1.50440679942334	1.26672036127882
0.393998820278763	0.24221496570692
2.29973933886633	2.50068921025328
-0.795388566123818	0.429111941624914
-0.45344808773457	0.286801474904568
-0.429982454183801	0.243596650316567
0.560673071961797	0.388052502845993
0.578213781774443	0.376621340517449
-0.0121701696544959	0.0057003464533006
-0.359400794834614	0.231196545368216
0.388693203120202	0.222849389931697
1.1414327051341	0.78047614602948
0.388681054646199	0.222839316744788
1.65599994501366	1.5188494975897
0.378951239229763	0.200616521437487
-1.11079392999874	0.562961892534568
0.598666029175516	0.365312255321971
-1.82058715504602	1.34264782504552
0.378705133919478	0.200478927561889
-1.33198231888363	0.762319293050376
-0.765963122713495	0.66484182800643
-0.174544124873814	0.0912564848517119
1.91768366091686	2.04124045009265
-0.740472578230699	0.452738938330306
0.205126733349182	0.110389989862704
-0.884701326330879	0.588899170884722
-0.174625080884339	0.0912854195393808
0.396966874057929	0.260280317934537
-0.707481746061678	0.478444102656824
0.80460438309432	0.715582455978929
0.264970751450314	0.175274839734157
0.163369974475553	0.10895833984156
-0.575363979608531	0.35757305379245
0.598480737929632	0.365218365480648
-0.472117480236258	0.33002701814581
1.56259410311301	1.99666840632369
0.0422388999443572	0.0213245448072465
0.894934741024717	0.72300838649018
-0.0121701696544959	0.0057003464533006
0.230646064274319	0.133674636983751
-0.237632971146604	0.13986643402996
-0.512285773813798	0.462677208939159
0.578040133434492	0.376320665165525
0.560632673606397	0.38807023461074
0.170374466606941	0.0843863554800559
0.0423180273406882	0.0213686808954471
-0.870663849657379	0.97900300579039
0.396966874057929	0.260280317934537
-0.575331997851687	0.357565550468974
0.399608924629133	0.310660090400432
0.745432336831889	0.543720392347431
0.083714317932502	0.0457271316416471
-0.0121579779232437	0.00569550785644836
-0.17459926023523	0.0912855489687525
-0.104438344365117	0.0558578997968403
0.0423982212440437	0.0214062491591895
-0.400536866605911	0.1997271130363
2.23156062189726	1.8200965139779
-0.795475547334051	0.429156033723791
-0.739986888238759	0.452140401415943
-2.06926893562044	1.72493697905846
0.0423191371419603	0.0213682662442981
-0.795473084150557	0.429189025577302
-0.707601573212735	0.478266010592282
-1.13567729072396	0.742109314725345
-0.884657543519209	0.588843512301589
0.0422784535101385	0.0213474939483703
0.789067188669125	0.543924706508862
-0.104359195281209	0.0558242971418694
-0.320552374954212	0.185067543761871
-2.18966790174718	1.27012956245085
-0.575228160299009	0.395416533246711
0.89489507458496	0.722958418196703
-0.795224362324753	0.428799566664676
-0.429913148081275	0.243543922037474
0.78893980475248	0.543791021826737
0.398820137099835	0.277814185387544
0.710085189501082	0.546546191806679
0.170170551402025	0.0842873863496133
-0.19168054449394	0.0841002189352164
-0.884770354939938	0.588923492607131
-0.1915979731707	0.0840529792646734
-1.14272083210379	1.02395666864551
-0.400513563075863	0.199729099262418
0.546146298287035	0.399938901295841
0.546066259842013	0.399704508690891
-0.0875468540215103	0.039864629429921
-1.13580229711503	0.742146362661845
0.410319402185388	0.149749375016411
-0.829086369388326	0.606441524864473
-0.26882014270592	0.137493109818912
0.119898789663274	0.0537835419180417
-0.191936495277895	0.0841867163520958
0.0836243033187161	0.0456856938071087
-0.104362065548542	0.0557924541322597
0.769890368796483	0.716025728598515
0.0290388679355284	0.017258825477674
-1.04543283533289	0.878364535781938
-0.740179770854738	0.452503944476729
-0.5801177025606	0.32217404700399
-0.119033734436334	0.0729574274360317
-0.575276993342195	0.357560747477759
-0.79197461176603	0.632427772715078
0.845325018027343	0.716436159479218
0.249935880135386	0.15504472598293
0.029293325983083	0.0174211094865384
0.0423576214530844	0.0213884261189087
-0.224122540345607	0.149513077594898
-0.487344086887389	0.373664003374922
0.59876817292181	0.365396418954223
-0.23751862527221	0.1398723323227
0.0423576214530844	0.0213884261189087
-0.320550245572636	0.185039040731163
1.24262919258938	1.14708565489815
0.745352258464339	0.543510782411118
0.522518627210353	0.425397900960594
0.26505804255578	0.175376794799899
-0.0121579779232437	0.00569550785644836
0.789079325953716	0.543893240613633
1.06339620631959	1.24308403279658
-0.840932032556559	0.366036455182887
0.378847621753956	0.200589252322247
1.35576910458185	1.19632309378552
0.116310568788396	0.0682939752654957
-0.7400701483229	0.452397258194513
1.03036797569468	0.91245684227107
0.277035391987079	0.194387737059286
-1.33204907972189	0.762666443275466
-1.13580229711503	0.742146362661845
0.388750876020199	0.222881622076993
1.20498438869504	0.970879883451579
0.0422796254578924	0.0213471109845159
0.533724054660687	0.412979576740409
-0.976620884568423	0.58466531707052
-0.576510187139712	0.435173891748638
0.276992072945487	0.194360558828875
0.710089400663079	0.546494755378494
1.03033732039671	0.912314939032483
-0.5801177025606	0.32217404700399
0.668410467979929	0.343916625774154
-0.70752193721132	0.478472790723747
0.533773156700181	0.413078565518056
-1.40923601283174	1.06895555446208
0.921241742723202	0.552274221996466
-0.687634944063166	0.51055249212413
-1.82070949259818	1.34281782363061
-1.1355310372283	0.74165193188041
1.10702185510946	0.935885221644565
1.30508046895977	0.824575739632389
0.170170551402025	0.0842873863496133
-0.580371561309725	0.322378988803852
-0.268626755667087	0.137386831811978
-0.268802216183532	0.137431242389047
-0.174400414949544	0.0911424363464061
-0.320471387299354	0.184979124807724
-0.0758916780971827	0.0474113408822057
-0.792080398370247	0.632669952314614
-0.322286166492657	0.232833192691826
0.396970934399228	0.260254504755304
0.512521195184631	0.437763163529549
1.49186967466531	1.4298703102814
-1.13712456026234	0.87876657298231
-0.0123423441710936	0.00578321495826335
-0.429969967247579	0.243538297787108
1.52031837389016	1.08720177898495
-0.119251014460645	0.0730883740720197
0.57804767962632	0.376553475673062
0.710064754965551	0.546573518162947
-0.224049399286018	0.14948080868398
-0.237573967425114	0.139884696422554
0.770104140288869	0.716309076571649
-0.237494251281423	0.13984879736702
-0.237563643670217	0.139889377318265
0.230607483632705	0.133708407209246
-0.0400027603334257	0.0254568951329072
-0.14261364116214	0.108997829416251
0.0586773454804471	0.0233008804750109
-0.575273198865867	0.395479571147706
-0.268525347797909	0.137326910041535
0.804621504478623	0.715527253685001
-0.84164330581693	0.366637138097607
-0.32351770392979	0.13279342860992
-0.740280398947646	0.452574775308571
0.710089400663079	0.546494755378494
0.560590082719013	0.387937324675646
-0.174492497004984	0.0911987002855928
0.709970737948806	0.546462186417456
-0.707483167259965	0.478381265464696
0.365634724659639	0.175835138801182
0.250044286495274	0.155129883729938
-0.575293922597054	0.395428784130361
-0.174683567543954	0.0913208124398447
-1.27833363683775	0.903371779446893
-0.359379722216434	0.231174306033593
-0.576615023024312	0.435396115854758
-0.0121004029027061	0.00566746725900745
-0.795473084150557	0.429189025577302
-0.70748096742124	0.478435371653978
0.546226787922701	0.400011463327539
1.03591449475179	0.753942920815292
-0.174573431544604	0.0912716571979923
0.8948554279299	0.722860221926672
1.03590526157618	0.753863518623507
-0.323679539396547	0.132867515469766
0.369785495549136	0.158102799873415
0.16987499605727	0.0841114700759531
0.656602862939119	0.558967334108879
1.14148035323186	0.780569854920254
-0.842573501506563	0.367295334988531
0.170059671984345	0.0842063275246382
-0.26882014270592	0.137493109818912
-0.400513563075863	0.199729099262418
0.378754706254768	0.200505425341965
-0.320511550772078	0.185038220306322
-0.575297408923719	0.395494954102611
0.230488467651288	0.133653113546507
0.710029975803891	0.546567476157879
0.709991369890923	0.546334233298019
0.745313846676038	0.5436625102872
-1.6220081984517	1.99536352112976
0.0423982212440437	0.0214062491591895
-0.174654363192555	0.0913057007302436
-1.01172290576127	1.05235203421019
-0.70748096742124	0.478435371653978
1.03591449475179	0.753942920815292
1.36660143337291	1.36662379300153
-0.453486695923122	0.286846798923099
0.57804767962632	0.376553475673062
-0.575306066526481	0.357587683954408
-0.766092860127357	0.664969852995709
0.394039491168087	0.242187800604762
0.394037483159254	0.242231885268213
-0.70748096742124	0.478435371653978
0.277000858389162	0.194377257837477
-0.104279201245991	0.0557745263714602
0.533830043402933	0.412989030893882
-0.0121125550355883	0.00567193534323825
-0.378169794402902	0.323865047592593
-0.981052926445422	0.894328504826762
0.170078037123426	0.0842362332696313
-1.2788308459052	0.904291918675756
-1.51808288186702	0.958634145921888
-0.0877795706067474	0.0399712524693087
0.37892999110995	0.200646545836412
0.388623453802359	0.222807132021994
-0.884531729589841	0.588722293116452
-0.0058962254990532	0.00329972056486994
0.745353938169583	0.543696369311969
-0.174485277419969	0.0912106313420276
0.119980963262918	0.0538242500271638
1.73019015980256	1.91943794220021
0.170365107743381	0.084383949304422
0.378951239229763	0.200616521437487
1.24270922691438	1.14733872737884
-0.104316146847598	0.0557834130811357
0.745313372817002	0.543643055784517
-0.429729682244518	0.243410444866458
-0.453526186148828	0.286869848352417
-0.237463240563307	0.13982242209813
2.04419091510948	1.50859841746199
-0.0872920717273817	0.0397381772141896
0.365545538878326	0.175812862473331
-0.0122727931927386	0.00575042631266952
0.533634486211023	0.412849493038425
-0.576695939352921	0.435443740866692
0.399709038062299	0.294748688877609
0.921156072870382	0.552172581688307
-0.0122398914365767	0.00573275860786979
-1.01626830299246	0.731124793594598
-0.268617700571665	0.137383094548257
0.0586730762067555	0.0233010280801353
-0.400513563075863	0.199729099262418
0.598787043320876	0.365355326471793
0.083714317932502	0.0457271316416471
-0.792079152903842	0.632599435529008
1.50451738240719	1.26750919799834
0.545989552578564	0.399179722000677
-0.487326787931181	0.37368176141879
-0.765971833172031	0.664652954032887
0.396936146469818	0.2602327506778
0.598499320946426	0.365122738899988
0.393959851793225	0.242147071342183
-0.00597545784260671	0.00334394234187639
0.546146298287035	0.399938901295841
-1.2786405784213	0.904106788970841
-0.976470386658705	0.584506017782514
0.710005461501729	0.546536508014955
1.79290661413978	1.7773789623566
-0.429811544627333	0.24349758007301
-0.740262966664053	0.452575713375946
0.39693217152986	0.260242591337945
0.770148892099245	0.716319648605867
0.265031525302419	0.175344359155112
0.276896961355122	0.19429431225879
0.745393073383296	0.543751429172607
0.285998755684853	0.211899441312291
0.398113190104567	0.340712018332791
-0.237528955596091	0.139874316638003
-0.581849525599261	0.277576220823309
-0.0876302197595823	0.0399015975036765
1.06030790835729	0.577922126313517
-0.400279254651867	0.199611151597535
-0.980931656457031	0.893821755177487
-0.429938030218216	0.243568625526263
0.956983629109388	0.734621121449141
-0.0875026457018197	0.0398390244357153
-0.0875026457018197	0.0398390244357153
0.23052811985298	0.133680230051694
0.119980963262918	0.0538242500271638
-0.322157029323347	0.232754914383354
-0.0122727931927386	0.00575042631266952
-0.0122398914365767	0.00573275860786979
-0.829086369388326	0.606441524864473
-0.268617700571665	0.137383094548257
-0.795051885409414	0.42849796693951
0.844163062994518	0.546224354744882
0.378744180687792	0.200540698956173
0.170457853478971	0.084419753138902
-1.11070663736419	0.563156850939472
-0.0122398914365767	0.00573275860786979
-0.323768775804252	0.132906269597143
-0.795388566123818	0.429111941624914
0.388635641929205	0.222799330565912
-1.5184112689232	0.959430498339099
-0.453527147708742	0.286874832407521
0.789067188669125	0.543924706508862
0.709925736039286	0.546339306529608
-0.580266505812649	0.3222691862051
0.369516572123014	0.157905173750537
-0.5801177025606	0.32217404700399
0.533720104577383	0.413008842838689
-2.18909800438184	1.26985288518349
-1.11037257681918	0.5626800271598
0.16996730234134	0.0841624907926557
1.33422526798623	1.01901324732094
0.623132503431904	0.352217814060037
-0.104281369019888	0.0557650272938671
-0.400020822389192	0.199426194116488
1.06005677723729	0.577964964153784
0.770438655215179	0.350662431796396
0.120134631761478	0.0538964433430745
0.0587457894570351	0.0233313383669741
0.410684422475736	0.149950448704565
-2.3828476805324	1.52465326525564
-0.795391084685964	0.429117695674088
-4.86658534086399	2.66871546662572
-0.0122973225407363	0.0057607405665406
0.0587457894570351	0.0233313383669741
-0.429615122034217	0.24329729755557
-0.10435836928934	0.0558246704842912
1.30494154685251	0.824683815140182
-0.580476543617623	0.322432153035535
-0.00350347060307062	0.00119280760914839
0.62326240290656	0.352345581752505
0.230568482664177	0.133702810948979
0.369101416923485	0.157753649363207
-0.795306487339825	0.429040562996724
-0.884701326330879	0.588899170884722
-0.268719004618864	0.137442961534784
-1.14269266938048	1.02394842286845
0.546147884575247	0.399917127393887
-1.35318719370295	1.19037012647783
-0.740363553407265	0.452677488340356
-1.35317400380218	1.19033665870084
0.577933404864359	0.376418315640524
-0.320473330609048	0.185007486119419
0.0422784535101385	0.0213474939483703
1.15420901863633	1.11179327741843
0.365462810263777	0.175771126538925
0.170365107743381	0.084383949304422
-0.191763069164488	0.0841344545583103
0.398846314286367	0.277838106957553
-0.429868625622534	0.243546443419877
1.10714081553382	0.935863560197638
1.50442489963283	1.26732282797632
1.35557361117231	1.19641977300565
0.170253854508655	0.084308299304193
0.205126733349182	0.110389989862704
-1.13720321345906	0.878905550941361
0.378847621753956	0.200589252322247
0.230490012836691	0.133653431840519
0.560751521801676	0.388148097019165
0.533668738015448	0.412985803670079
1.30501217205153	0.824788016597256
-0.884588372446995	0.588819046433955
0.0422796254578924	0.0213471109845159
0.378621720444965	0.200461497743518
-0.174433756826449	0.091173995456772
-0.17468679281023	0.0913119091996085
-0.0876302197595823	0.0399015975036765
-0.323768775804252	0.132906269597143
-0.707483167259965	0.478381265464696
0.577962852066937	0.376462056263808
-0.0875247626795585	0.0398554643821223
-0.268709990012556	0.137422886733516
-0.581924444867391	0.277715453255469
-0.580244728564168	0.322288315069047
-1.95812751109893	1.00452497119926
0.788997378530188	0.543852581801781
0.844163062994518	0.546224354744882
-0.575321527408188	0.395445387250263
-0.580244728564168	0.322288315069047
0.668481033440034	0.343942560095741
-0.359379722216434	0.231174306033593
-0.284638301267164	0.186600808077093
-0.174741742456915	0.0913319681136905
1.6842743691681	2.0747159582743
-0.0873025425552024	0.039747500646423
-0.266039276987746	0.195215043174717
-0.829048768249721	0.606190172184367
0.116231496170181	0.0682392986693278
0.0835896232229875	0.0456627648321035
1.0359237496115	0.753843255594232
0.0836243033187161	0.0456856938071087
-1.74457191201773	1.58850997941244
-0.429557674905862	0.243216046341414
0.120775743654691	0.090070208208388
0.396970934399228	0.260254504755304
0.598480737929632	0.365218365480648
-0.171863365176674	0.103245804873814
1.61607868569294	1.67181489710959
-0.0873025425552024	0.039747500646423
0.0587412742586255	0.023322231337089
0.388565964607091	0.222757123212129
-0.579995825522594	0.321935655455757
2.23164418500352	1.82103749966626
2.0441208132209	1.5076784505798
-1.01643265829308	0.731047018038292
0.205100973330945	0.11036967785944
-0.82908313258926	0.606361585227221
1.03610915310578	0.754122517881413
0.578021980853289	0.376453245041543
-0.104356587212664	0.0558165072825962
-0.174020280862342	0.118103419033491
0.26505804255578	0.175376794799899
0.789194873519341	0.543959116050008
0.170272425689712	0.0843399388739337
-0.191683506242611	0.08409339741583
0.656785983310215	0.559447658001801
-0.322407610224705	0.232877847149382
1.35566230818251	1.19638380160201
0.378919403595689	0.200601275587499
0.0163753379504911	0.011050392140486
-0.359424999637583	0.231221859869823
0.560632673606397	0.38807023461074
0.0836139988449978	0.0456801177731202
0.560751521801676	0.388148097019165
-0.0495502533430002	0.0270872836979097
0.205207701750601	0.110416794371153
0.0581472546171007	0.0368291339804957
-1.54143510270942	1.52024863878452
0.845350148062054	0.716249150397792
-0.740171003604891	0.45253026277676
-1.13555209336582	0.742010647654425
-0.58022292583536	0.322227384173889
-0.320433206846562	0.18495150928958
0.710029975803891	0.546567476157879
-2.06934916722742	1.72482205735331
-0.174511025718575	0.09120848381818
-0.119050952730279	0.0729657719248745
1.10702287153373	0.935731496709681
-0.268719004618864	0.137442961534784
-0.0121457735954574	0.0056898242385988
-0.320551710599551	0.185068852829541
-0.884600971987052	0.588746834027671
0.249999051633764	0.155110314569276
0.0836937122363792	0.0457231254747843
0.0586024886115801	0.0232698011409825
-0.174628515728416	0.0913006915587617
1.33392667202045	1.01853741301503
-0.884726670104725	0.58868087490663
1.03620195042652	0.754167711587714
0.18104271718679	0.127792805614089
0.84434901377286	0.546409530474438
-1.2491446304489	1.03230307804519
0.668412566104476	0.343909313552279
0.116364528101487	0.0683239471829726
1.0359237496115	0.753843255594232
-0.1915979731707	0.0840529792646734
-0.575228160299009	0.395416533246711
0.378940602994957	0.200651612788855
0.23053041269172	0.13366829299905
1.24286798726151	1.14697072058084
-0.174573431544604	0.0912716571979923
0.369443988447083	0.157954068466191
-0.58058145281604	0.322389884842586
-0.795555037532711	0.429082398854794
1.5044158387548	1.26730366912119
-0.0122154413396054	0.00572317029003499
0.378810830526368	0.200509046834652
-0.174430007089212	0.091173747936002
-0.237487456853328	0.139823741683448
0.36935409343749	0.157893264397153
0.788857893240333	0.543561532109322
-0.320473887394135	0.184996236748731
-0.191594955374977	0.0840523906515105
-0.580244728564168	0.322288315069047
0.249950414270769	0.155064825728373
-1.33212138337084	0.762307389390523
-0.104278391852856	0.0557721044560038
1.03603507535643	0.753302396011021
0.577937107683428	0.376356644475187
-0.687624328798652	0.510560384911085
0.668339794470315	0.343828614069647
-0.580371561309725	0.322378988803852
0.956983629109388	0.734621121449141
0.578213781774443	0.376621340517449
-0.0875247626795585	0.0398554643821223
0.388738767178279	0.222853701932079
-0.884393111006139	0.588272402301927
0.369606368030708	0.158007050490895
1.8360052451632	2.17249344631411
0.378493961987734	0.200357375434109
0.956962109937197	0.734112159975774
-0.224032117734982	0.149465241808125
-1.74461438988546	1.5899800149813
0.0291612238467836	0.0173379441849525
-0.359424999637583	0.231221859869823
1.50460992872118	1.26759481849811
1.10702185510946	0.935885221644565
1.03612789015095	0.753558761764884
0.170078037123426	0.0842362332696313
-0.795386025330126	0.428889746027744
-0.580328075774064	0.322185368349542
0.668335602858392	0.343660829432261
0.522696083203824	0.425623370072649
0.681137843811647	0.552122863361016
-0.284637753148167	0.186595779542609
-0.575241891791028	0.395404439137203
1.50470253863688	1.26757955472315
-0.320552374954212	0.185067543761871
-1.13716389690442	0.878922923019374
-0.174547594798126	0.0912442955274002
0.560671511271766	0.388152242066617
-0.174544124873814	0.0912564848517119
-0.687544346030997	0.510452591945806
-0.795386025330126	0.428889746027744
-1.13555209336582	0.742010647654425
-0.472144204724895	0.330024458230868
-0.575293922597054	0.395428784130361
0.623026548869316	0.352133124979863
1.32343256698575	0.631253155849864
-1.27882282172847	0.903955643677358
0.771453181882331	0.351085847175968
0.378940602994957	0.200651612788855
-0.320551000801398	0.185059855634261
-0.581919931251469	0.277594706556918
-0.323679539396547	0.132867515469766
-0.40012660067552	0.199476376007637
0.249939913542968	0.1550659212329
-0.0121004029027061	0.00566746725900745
0.598879970311203	0.365418203215048
-0.0496407463451933	0.0271405434836126
0.169976433422897	0.0841776092708832
0.598582673007789	0.36530237473833
-0.191763069164488	0.0841344545583103
-0.740254218108245	0.452348895145515
0.745432002071474	0.543652400502029
0.0587435559436112	0.0233296694197922
-0.191515355135744	0.0839848152647417
2.82149151075357	3.08786105440219
-1.27853301138186	0.903936296677004
0.378493961987734	0.200357375434109
-0.171942958073269	0.103296434915017
0.205100973330945	0.11036967785944
-0.581924444867391	0.277715453255469
0.388508587019126	0.222685278769995
0.0836450010510917	0.0456897563034637
0.398872498945576	0.277846608081507
0.0423972358643515	0.0214067271227048
0.0587435559436112	0.0233296694197922
0.788927613401003	0.543735628832399
0.398792459602137	0.277731359816957
0.921407174037824	0.552510092381016
-0.511389888500117	0.185631904766345
-0.580498200950308	0.322444400471375
-1.34624963687459	0.491942491282243
1.32371794960321	0.631519863553089
-0.191594955374977	0.0840523906515105
-0.579370212238267	0.477104027772707
0.205181952499019	0.110420289382553
0.378727390829471	0.200531723202199
-1.33198231888363	0.762319293050376
0.205211481751657	0.110438490596475
-0.889492805536299	0.760377009652883
0.378744180687792	0.200540698956173
2.882647125939	2.1172911863019
0.36935409343749	0.157893264397153
1.83687648660533	1.20254338962645
-1.27834194596086	0.903560898454798
0.378516123801615	0.200369826875235
-1.13544780775655	0.74188588614203
0.928772166267562	1.04959892888534
0.805772583332292	0.878549542922655
-1.01626552658048	0.731105199010459
-0.171943462895184	0.103281952634237
-0.320512229568985	0.18504719516924
-0.268709990012556	0.137422886733516
-0.104280689831341	0.0557709933824023
-0.453526186148828	0.286869848352417
-0.487447913631627	0.373684765704035
0.921658921902614	0.552484351970126
-0.0400743475090419	0.0255028499782183
-1.06706530206429	1.0323420455103
-0.359421754793771	0.231175603419354
-0.174433756826449	0.091173995456772
-0.132204414463059	0.0912110263642647
0.0835446088839212	0.0456305775538592
-0.429969967247579	0.243538297787108
-0.224075412035243	0.149490608903112
0.142454010818911	0.0894054040397301
0.560591503119401	0.388022068629539
-1.13720321345906	0.878905550941361
-0.359366029703826	0.231147371654073
0.709984993960025	0.54647805044063
0.205130478099973	0.110380892749031
-0.829087361933432	0.606402072678441
0.533625086929812	0.412917619904508
1.03040272101607	0.912478079286337
0.142489319662021	0.089416780853008
0.369533728475468	0.157989232089938
0.894974427264456	0.723012047209108
-0.0876302197595823	0.0399015975036765
0.598675391106249	0.365365106671917
0.30000572208706	0.245380155120258
-0.0122973225407363	0.0057607405665406
-0.0124241753236879	0.00582014340182899
1.47110039987012	1.7641155082519
-0.0122398914365767	0.00573275860786979
-0.0121579779232437	0.00569550785644836
0.116284918076701	0.0682785512631978
0.956843336205729	0.734548363620484
1.18746197599816	1.28848387553292
0.058192094942331	0.0368566565791367
0.286135202165581	0.212070478802817
0.396911610810945	0.260226883174291
-0.0758916780971827	0.0474113408822057
0.397015905434803	0.260292076183669
-0.171942958073269	0.103296434915017
0.116311088160801	0.0682971565583205
-0.884531729589841	0.588722293116452
-0.0122276726897269	0.00572835891609193
0.844359650054471	0.546333326077149
-0.575247842369215	0.357512901650038
-1.33191007996814	0.762528663311124
0.378837053043127	0.200602993253842
0.917871945173998	0.888856609572414
-0.414013295475432	0.322157956826111
0.546122008530148	0.399847188396807
0.598480737929632	0.365218365480648
-0.0873025425552024	0.039747500646423
-0.976598104893979	0.584662631574268
0.16987499605727	0.0841114700759531
-0.268635789011379	0.137364741335883
0.546215912621286	0.400033984487797
-0.707479274121376	0.478327047470066
-1.01643508791037	0.731267857066174
-0.579256721874806	0.477004081347243
-0.58022292583536	0.322227384173889
-0.429729682244518	0.243410444866458
-0.320511550772078	0.185038220306322
-0.0123300335252873	0.00577717266429914
-0.740455350283803	0.452583296187809
-0.323178299118294	0.132626269521487
0.119875060412801	0.0537756254140837
1.35557734308983	1.19649920345641
0.771676530772431	0.351236854098783
0.365545538878326	0.175812862473331
-0.174683567543954	0.0913208124398447
-0.70748096742124	0.478435371653978
-0.171836068945693	0.10322097731699
0.249999051633764	0.155110314569276
0.844452767399357	0.546400878858197
-0.284637170880319	0.186569457026479
-0.5801177025606	0.32217404700399
-0.104357499932016	0.0558222115623603
0.116363450732812	0.0683232622059764
0.710015739658871	0.546500735713786
-1.24922107206878	1.03271728618912
1.50479521221639	1.26745147666955
0.0588184960278527	0.0233556454638202
-0.359515555831257	0.231225853301993
-0.268229409178249	0.137106756034587
1.83662755581056	1.20280584359077
-1.67982267380833	0.744085031591401
-0.795557467610568	0.429227305973378
-1.01643508791037	0.731267857066174
0.230608848596398	0.133708611959684
-1.13716189686811	0.878895305292996
-0.00190672948753378	0.000649411384947845
-1.51832895997772	0.959438617553198
0.378847621753956	0.200589252322247
-0.268525347797909	0.137326910041535
-0.434527907095381	0.36761384730543
1.5044339820317	1.26695825260079
-1.01632568858977	0.731113879108834
0.598582673007789	0.36530237473833
-5.1833501334145	3.25940376160252
-0.707442298978329	0.478332862516679
0.394077141483602	0.242247453289519
0.770020256836929	0.716298817338794
0.917707080063243	0.888624078105096
0.0293105991403497	0.0174314041483834
-0.898551800795039	0.946905137484349
-0.389554638051472	0.276976782703639
-0.174088487627084	0.118160352141472
0.399648360072255	0.294722245354068
-0.268608623749507	0.137354005666895
-1.45017766319489	1.3522539086962
0.546215912621286	0.400033984487797
-0.142854714991279	0.10924399933741
0.710074957426673	0.54658200687287
-0.104438344365117	0.0558578997968403
1.20505424918906	0.97078082792523
-0.575217747559456	0.395392146945716
0.195339919091003	0.145362053143436
0.0836732250012232	0.0457098608963882
0.230448835221244	0.133616924089533
0.398873579707818	0.277809233631792
-0.740162214758242	0.452442797394852
-1.52956420490388	1.23835359210986
0.230447403559343	0.133585039421953
1.3665179114106	1.36570546546908
-0.575335061941683	0.357592851898839
0.578018102972575	0.37654181246198
-0.320549444926696	0.185002418311521
0.36935409343749	0.157893264397153
0.205266784752764	0.110460669177488
0.0837079999509027	0.0457243799470305
-0.0495954996091126	0.0271153340901365
0.399593529583989	0.310596707796662
0.894974427264456	0.723012047209108
0.560672269912082	0.388121508634766
0.397005738637752	0.260260220107968
-0.722745141766029	0.778426008375485
-0.472143637345989	0.330029164907456
0.560670796042941	0.388152961154497
-0.0496302816821721	0.027135851275683
-0.174459521127491	0.0911992843731911
0.230448835221244	0.133616924089533
-0.389528428592558	0.276953055673641
-0.575276993342195	0.357560747477759
0.399638821119951	0.310493756054173
0.230448835221244	0.133616924089533
-1.2263277354054	1.32613788767141
0.205185767371981	0.110419404112476
-0.268312791713591	0.137144521650942
0.116418004700195	0.0683345368652343
-0.400384780578106	0.19966118834964
-0.472011115164623	0.329915445003355
-0.4534471860208	0.286796541603711
-0.57527646214444	0.395424069521758
0.042279016727012	0.0213478495403599
-0.171969657460476	0.10330401820569
0.54620015589901	0.399948254223703
0.512414209366749	0.437475764589889
0.560750168129779	0.388179645747097
1.24286684537688	1.14687673461941
-2.18010206836537	1.91941103141641
-0.575276993342195	0.357560747477759
-0.119224759805266	0.073076319421968
0.0586066080559193	0.0232695963511978
0.78893980475248	0.543791021826737
0.710074957426673	0.54658200687287
0.369947629246914	0.158137464148818
0.029371177674185	0.017466505112097
0.398739145837271	0.27756074440026
-0.576536407088361	0.435291615560201
1.3783438352029	2.05352331287356
-0.792054240815081	0.632593437784891
-0.414301748673091	0.322360704673827
0.042279016727012	0.0213478495403599
0.0423571659955781	0.0213870028203468
0.369533728475468	0.157989232089938
-0.0123792002568468	0.00579539781678623
-0.795475547334051	0.429156033723791
0.578021980853289	0.376453245041543
0.378847621753956	0.200589252322247
-0.0872920717273817	0.0397381772141896
0.578158381790198	0.376627328503049
-0.0059780527050773	0.00334487908149506
-1.24917788399699	1.03270342574167
0.378837053043127	0.200602993253842
-1.04541408558189	0.878645391324334
0.845461738803218	0.716336343011023
-0.707561374899847	0.478454287577905
0.378621720444965	0.200461497743518
1.05953573822857	0.57750968846383
0.397056868871953	0.260248115439972
-0.580371561309725	0.322378988803852
-0.191933678929107	0.0842065929843931
0.119851360032837	0.0537563736980319
0.249999051633764	0.155110314569276
-0.284612066321568	0.186571399929409
0.249950414270769	0.155064825728373
1.03046208170702	0.912389448503295
0.170170551402025	0.0842873863496133
-0.429994928475187	0.243602180977508
0.388508587019126	0.222685278769995
-0.740271693618544	0.452632126761163
0.398935474075101	0.325769813486602
0.956924349339691	0.734440773243813
-0.0759524292625344	0.047450400201703
1.06326319337579	1.24293034221115
-0.981035668205415	0.894234519686994
-0.0495881410646249	0.0271035524287825
0.578158381790198	0.376627328503049
-0.4534471860208	0.286796541603711
-0.472062723377013	0.329855658115391
0.617201009007859	0.575387423983224
0.956788078053275	0.73445417517158
-0.58022292583536	0.322227384173889
0.0587457894570351	0.0233313383669741
0.369606368030708	0.158007050490895
0.0587457894570351	0.0233313383669741
-0.0122276726897269	0.00572835891609193
-0.268626755667087	0.137386831811978
-0.268626755667087	0.137386831811978
-0.223971414872502	0.149358744164149
-0.429913148081275	0.243543922037474
1.06014605014811	0.577801994511259
-1.27844988038676	0.903465546558454
-1.04544624457929	0.878646931198408
0.656708113139096	0.559360678464583
0.163560042689512	0.109098501464748
0.956762326002398	0.734344329952799
0.11963988329625	0.0536532323596811
1.33421488170253	1.01926622253753
0.844545950702728	0.546418242589737
0.396936146469818	0.2602327506778
0.788952008697734	0.543735380200091
0.0826585716730167	0.0555204157740885
-0.171836647611099	0.103224835215403
-0.0400027603334257	0.0254568951329072
-0.500443614845886	0.417786723493656
-0.451830945591401	0.412705365537583
0.393920347644893	0.242075031362479
0.393997845165748	0.242199850872686
1.15410398694209	1.11158896076567
-0.237598315516228	0.139891634816411
-0.0757934956424255	0.0473413773814694
-0.320432590117121	0.184942586480465
0.635638370904621	0.567097629872837
-0.941325320078651	0.739833669250325
-0.352641638769217	0.278452938974389
-1.1355310372283	0.74165193188041
-4.18295556830153	1.58917766315039
-1.23391666518128	1.17431918584506
0.448916154342392	0.125894423720526
2.04419326660274	1.50855887779828
0.546146298287035	0.399938901295841
-0.413976562334533	0.322183535473497
0.0293451416337129	0.0174495301477605
0.163536921612174	0.109088421630178
1.86192869158131	2.57958295437953
-0.707482479345284	0.478426084681255
-0.941293807684783	0.739887785369521
0.63548607945549	0.566790239621449
0.396897485244899	0.260186996927845
0.789055063944555	0.543856648322334
0.396901374837233	0.260194980996735
0.512331901039849	0.437440876208648
0.578021980853289	0.376453245041543
-0.0964480013306475	0.0675798115435002
-0.747569924799991	0.701157323942139
0.250044286495274	0.155129883729938
0.205211481751657	0.110438490596475
0.546236794334105	0.399996529021582
-0.0495640032382869	0.0270937208482696
-0.0060016948213122	0.00335844422206687
-0.829044831175753	0.606283992456651
-0.0399416940925435	0.025416341786063
0.398037008615632	0.340597937248287
0.161321619736272	0.137671291381048
-0.320473330609048	0.185007486119419
0.388693203120202	0.222849389931697
-0.58898976940962	0.605707455174409
-0.500650989447044	0.418095790710633
1.03582192902147	0.753770484106199
0.250019935805811	0.15511641349221
-0.582404977627079	0.519650738045019
-1.13720417658415	0.878844760925168
0.29345942593072	0.228904040376851
0.249953816287964	0.155073709123128
-0.17813276780618	0.134481368261725
0.533668738015448	0.412985803670079
0.546226787922701	0.400011463327539
-0.42988102086544	0.243519815871298
1.0360071240707	0.754049538610323
-0.791998777062739	0.632348067265769
-0.237528955596091	0.139874316638003
-0.174657693246584	0.0913100721629379
0.533615667285273	0.412861872716771
0.0836937122363792	0.0457231254747843
-0.740262966664053	0.452575713375946
-0.223954263100011	0.149376089987957
-0.94125925561921	0.739830332272388
0.968850682963924	0.897732856226947
0.142480275374493	0.0894237326972331
0.0582076912231786	0.0368700656071609
-0.322217723159535	0.232800122100815
-0.104401087458651	0.05582530504479
-1.82070949259818	1.34281782363061
0.116312232557711	0.0682826331465019
0.399563464873255	0.310601214732448
0.804517070530045	0.71558439840519
0.119980963262918	0.0538242500271638
-0.580244728564168	0.322288315069047
-0.575280127168348	0.357541128183675
0.894934741024717	0.72300838649018
-0.284664528881426	0.186618002727203
-0.104359195281209	0.0558242971418694
1.73014511760646	1.91953277486054
1.65611422728174	1.51886573025681
0.37892999110995	0.200646545836412
-0.8291630429523	0.606447548597179
1.5624406458777	1.9952057074966
-0.268516230467572	0.137314152183712
-1.01637790533487	0.731279019263317
-0.359459710819283	0.231234615283526
0.394078485702876	0.242244126778131
0.120004743026815	0.0538382787021705
1.14111481814916	0.780226580309296
-1.95812751109893	1.00452497119926
0.170272425689712	0.0843399388739337
-0.359355529732364	0.231141735117536
-0.581992602634161	0.277694049871378
-1.35316337837052	1.19040351769354
0.668339794470315	0.343828614069647
-1.13720220521042	0.878917030944994
-1.82074868830389	1.34248250524602
-0.2687279974696	0.13743703950627
0.396921876373531	0.260242745186634
0.844338401804658	0.546357972005448
-0.0119728323770928	0.00560560717319621
-0.453526186148828	0.286869848352417
1.24266958632114	1.14724141082673
1.24266958632114	1.14724141082673
0.745275410292731	0.543439578947415
0.230490012836691	0.133653431840519
-0.687579023630957	0.510524309186091
0.71005458211204	0.546523631413221
-0.359390272612402	0.231190890343253
-0.320512862899764	0.185045864651848
2.18455232731688	1.03120713248554
0.120240788194207	0.0539451931203284
1.52014793989224	1.08660223194899
0.409379481895826	0.149355853828265
0.560671511271766	0.388152242066617
-0.00594815898577684	0.0033288897110876
-0.284665059208404	0.18661519669181
-0.191933678929107	0.0842065929843931
1.2047053970036	0.970495425550994
0.745392661819511	0.543732026195375
-0.00597545784260671	0.00334394234187639
1.15415623962501	1.11173707314671
0.681138336607406	0.552153881932358
1.6010510490733	0.907306853764938
-0.104400361555696	0.0558345003696772
0.394077992026695	0.242262483225049
-0.487344086887389	0.373664003374922
0.394077543950188	0.242263206421765
0.710099550434464	0.546544610800671
0.103194370131739	0.0731594095803135
1.29709133965842	1.66908380017979
-0.579119889403814	0.476791143039505
-0.104400361555696	0.0558345003696772
0.276940277170379	0.19433049055296
1.79298764738147	1.77767205964485
-0.19168054449394	0.0841002189352164
-0.320513993115958	0.185013055249382
0.709984993960025	0.54647805044063
1.50431446098914	1.26663501946895
0.398872498945576	0.277846608081507
1.35566230818251	1.19638380160201
0.286111829301329	0.211984252298202
-0.322928275464891	0.132467121045914
0.0587457894570351	0.0233313383669741
0.116258202546852	0.0682604551641289
0.789079325953716	0.543893240613633
0.388647842687885	0.222751798330428
-1.51840982581887	0.959105734342332
0.546215912621286	0.400033984487797
0.503604684569882	0.450199468347014
0.264997271316159	0.175306844527611
-0.284637753148167	0.186595779542609
-0.50036482298742	0.417517533329409
-0.792025578143499	0.632466121076982
-0.320551000801398	0.185059855634261
-0.829124767395153	0.606503723818148
0.249964238369874	0.155088974064584
-0.582341139854432	0.519590298353605
0.560670124227051	0.38812563402852
-1.14277307964891	1.02423253456261
-0.171969135860426	0.103312109320044
-0.174400414949544	0.0911424363464061
-0.174514740171446	0.091236144615508
0.230448835221244	0.133616924089533
-0.11914688158692	0.0730322934000676
-0.453528065982023	0.286864929800277
-0.687634944063166	0.51055249212413
-1.04543555296153	0.878689131956999
-0.472011115164623	0.329915445003355
-0.191848441999651	0.0841748012731843
1.50470253863688	1.26757955472315
1.15406690562148	1.11120781368123
0.16987499605727	0.0841114700759531
-0.582682621333919	0.519970781553537
0.972043333714332	1.05806910309604
0.59860138075405	0.365128279618709
-0.400384780578106	0.19966118834964
0.249950414270769	0.155064825728373
0.37882650870246	0.200579110731171
-0.501052000213921	0.418316243836301
0.546147384416748	0.399851936730825
-0.119137848815211	0.0730267568590352
-0.740271693618544	0.452632126761163
1.03581273641939	0.753757024221273
-1.13546888544982	0.741545415290854
0.874618758700017	0.882828886251141
0.378727390829471	0.200531723202199
-0.00619627127967471	0.00346284797048306
0.789137043859013	0.543954929220758
-0.472169787007076	0.329997991015278
0.804482833660612	0.715576677362051
-1.51849205749084	0.959097589656331
0.74523528271049	0.543368964031937
0.119980963262918	0.0538242500271638
1.08242648567332	1.0890169413817
-0.884588372446995	0.588819046433955
-0.320433206846562	0.18495150928958
-0.707559739241471	0.478463453528977
0.393997845165748	0.242199850872686
-0.0878628625028632	0.0399987686704148
0.170365107743381	0.084383949304422
0.70989102198339	0.546171422259603
-0.104399592297262	0.0558404234022689
-0.884688635613738	0.588740034808548
1.14132666656629	0.780469271001445
0.388738767178279	0.222853701932079
-1.33184073883393	0.762330697096292
0.623416485882467	0.352373168461279
0.286211203107427	0.212124483386834
0.0424373093427921	0.0214235517697407
-0.0125383368459206	0.00587393184648128
0.546200658028452	0.400007575079535
-0.980896720012673	0.893730686749597
1.18740935803067	1.2885948510357
2.03225873917034	2.31000955617787
4.87277068030386	2.84475105072556
-1.14266657706149	1.02388721349117
0.170068843650991	0.0842286987652546
-0.45344808773457	0.286801474904568
1.24274888728981	1.14736338565194
-0.268617700571665	0.137383094548257
0.398978258833985	0.277807850656602
0.0586752350175879	0.0233026661375095
-0.829085333646607	0.606448881785564
-0.0876302197595823	0.0399015975036765
1.14192974686826	0.78033595047293
0.709960466353092	0.546453636093704
-0.1190681724087	0.0729696779174989
-1.13521782225333	0.741292508213611
0.0587479747293442	0.0233295790834769
0.771092418292579	0.351048136725648
0.368938742259395	0.157633998891712
0.844142036023125	0.546193480334791
0.0836693107122105	0.0457090630379767
-1.13724250994339	0.878595360464549
-1.64079031604019	1.41150780173358
-1.11045946877855	0.562965619456525
0.894934078877069	0.722981050286936
-0.575225160111578	0.357442872376599
-0.889516586682116	0.760207572588184
0.635509061455864	0.566951367496272
-0.0121579779232437	0.00569550785644836
-2.97813504586116	0.636375479740286
-0.191683506242611	0.08409339741583
1.06021873399349	0.577924233695351
-0.575421581785912	0.357389879143112
0.265239984093465	0.175477747830737
0.894935446571742	0.722968334191717
-0.171836647611099	0.103224835215403
-0.171915097335951	0.103271348301382
0.622896982218685	0.351913003666181
0.398713844234512	0.277658917777453
1.3341221573524	1.01904968015896
-0.0122973225407363	0.0057607405665406
0.398792459602137	0.277731359816957
-0.104357499932016	0.0558222115623603
-0.0398843301152765	0.0253671143596303
1.20498438869504	0.970879883451579
-0.687589644821375	0.510540860097034
0.894854705698613	0.722832834186091
0.522579810632961	0.425498404100104
-0.359411288891954	0.231191559725985
0.0586752350175879	0.0233026661375095
-0.400173652945427	0.199527805530166
0.894933460129094	0.722886458228443
-1.96024881189791	1.00551217757229
-0.174514740171446	0.091236144615508
0.388623453802359	0.222807132021994
-0.17189007357759	0.103262278865495
-0.981035668205415	0.894234519686994
-0.674292566681031	0.547098429569545
-0.575221956505582	0.357508938560049
0.250009479618193	0.15511754145689
0.378682902718383	0.200360264376937
0.23049085052051	0.133641236131019
-0.88446244260996	0.588586753525836
0.205071546672453	0.110351538960765
-0.237463240563307	0.13982242209813
0.170179807255207	0.0842887264509299
0.0294144810082387	0.0174914454752473
0.265239984093465	0.175477747830737
-0.119103423183026	0.0730060951167675
-0.575293922597054	0.395428784130361
-0.795388566123818	0.429111941624914
-0.0758464216880609	0.0473817829266332
-0.674387699353954	0.547265912144821
1.24270784447341	1.14724435206929
-0.400150141167734	0.199526819273677
0.399685084470578	0.310705905757105
-1.04543283533289	0.878364535781938
-0.889548508745967	0.760500494402649
0.39395926482031	0.242165352884471
1.20509997005433	0.970785137661286
0.0837182057065204	0.0457320808593595
1.03034354724202	0.91223204668314
-1.14282664091194	1.02417759825111
-0.0875468540215103	0.039864629429921
0.388553749445873	0.222747063630089
0.577962852066937	0.376462056263808
-0.359334445236011	0.231096662407162
0.968744908523688	0.897674980669006
-0.171863365176674	0.103245804873814
0.398873021706968	0.277844831721069
0.578043836574162	0.376548516431563
0.365462810263777	0.175771126538925
-0.687634944063166	0.51055249212413
-1.67852612172773	1.153971021526
0.95689862688858	0.734589435516779
1.05946338007628	0.577310701954974
-0.119016517526199	0.0729451060333527
-1.52945509103051	1.23757015975341
-0.0123669275177168	0.00579257832326066
0.393997845165748	0.242199850872686
-0.429856217784491	0.243527269122507
0.623416485882467	0.352373168461279
-0.500980432117534	0.418282413730502
-1.14274483181515	1.02346426407155
0.844049245470728	0.54612619942835
0.578073386398327	0.376592353319862
-0.237508265376135	0.13986368143934
-0.740280398947646	0.452574775308571
0.249953816287964	0.155073709123128
0.598870483563842	0.365443873911522
-0.581851832882174	0.277688325692166
1.10702234056283	0.935869287440499
-1.5413567938731	1.52069460861488
-0.171783184977075	0.103167215866713
-0.237483943959794	0.139846828265212
1.10714164511722	0.935709673652524
-0.10435836928934	0.0558246704842912
1.08243589682404	1.08880499041213
-0.323841422703298	0.132878231071479
0.396921876373531	0.260242745186634
0.394038396008532	0.242246959131393
0.378516123801615	0.200369826875235
-0.579309560273829	0.477063146173297
-0.42990068806373	0.243455304135283
0.0836589996523523	0.0457057522339226
-0.400255793183877	0.199576929984158
-0.430051715681581	0.243618728457605
-0.174466670981315	0.091137167114307
0.170068843650991	0.0842286987652546
-1.4093047219653	1.0685818566917
1.10702234056283	0.935869287440499
0.0423185594731741	0.0213690212508505
-1.51840982581887	0.959105734342332
1.2049145732705	0.970896458378593
-1.52959404603554	1.23841088927481
0.170170551402025	0.0842873863496133
-0.400490230813015	0.199655097733053
0.39881913022081	0.277785652864851
0.204987095081449	0.110277608266342
-0.0121125550355883	0.00567193534323825
-1.5295378680566	1.23836981023354
-1.27864868235003	0.90364061395224
0.68116405237943	0.552107279465537
-0.268709990012556	0.137422886733516
-0.104318795135885	0.0558015566425405
-0.889437414067685	0.760463540772453
-0.0124813117514577	0.00584729622039226
0.788985226772879	0.543739643758407
0.772036795135306	0.351439684567354
-0.795388566123818	0.429111941624914
-0.58171654830888	0.277474256547608
-0.0875247626795585	0.0398554643821223
0.119980963262918	0.0538242500271638
0.845336444937576	0.716445527359605
0.205097333541243	0.110364406966335
-1.27863245309779	0.904117251927921
0.623581105337798	0.352328790053237
0.394078485702876	0.242244126778131
-0.284664528881426	0.186618002727203
-0.487179705955721	0.373436537881172
0.623474794709938	0.352403117388814
1.05996734987123	0.577966932312984
1.50462827682779	1.2667602061577
-0.268210822882036	0.137026314204032
0.0165985044239524	0.0112042010556072
-0.237483943959794	0.139846828265212
-1.35311823742973	1.19020606722363
0.598787043320876	0.365355326471793
1.21165823044625	1.46208251564501
0.27691422571419	0.194313899662351
-0.884770354939938	0.588923492607131
1.03590526157618	0.753863518623507
-0.0496302816821721	0.027135851275683
-0.580098557351089	0.32208988826458
0.230490012836691	0.133653431840519
-0.171916249530567	0.103284333532777
-1.23402463077108	1.17444450264814
1.49183094857053	1.43020256644836
-0.429557674905862	0.243216046341414
0.957098731918796	0.734384407639284
-0.104318795135885	0.0558015566425405
1.107101141716	0.935935134850516
0.170560103174057	0.0844662711572669
-0.84164330581693	0.366637138097607
0.560752263802728	0.38807904812616
-1.32020746681061	1.330002757956
-0.237494251281423	0.13984879736702
-0.575247842369215	0.357512901650038
-0.739876894528188	0.452101136070571
-0.237542907484709	0.139878710803409
0.399553293532461	0.29460024285172
0.116284918076701	0.0682785512631978
0.578073386398327	0.376592353319862
-0.0938482431519809	0.0269330261228933
-0.23751862527221	0.1398723323227
-1.64079530654397	1.41109567459072
1.35571373675241	1.19650970559799
0.546226339378666	0.400029781886946
-0.687634944063166	0.51055249212413
-0.453485720976542	0.286825894441277
-0.104318795135885	0.0558015566425405
0.396897485244899	0.260186996927845
0.265055288355798	0.175347226680754
0.388565964607091	0.222757123212129
0.265109424617169	0.175390599301755
-0.766006365190522	0.664912033093219
0.230449616124751	0.133620924510745
-2.18909800438184	1.26985288518349
-0.889463579566372	0.760377202422324
-0.237587939229765	0.139889618844876
-0.0876742818866323	0.0399207835370522
0.230528840720756	0.133684195378615
0.205152501413158	0.110394674120877
-0.400173652945427	0.199527805530166
-0.087441370809686	0.0398097097825643
-0.0400132692474068	0.0254608239228507
0.894854705698613	0.722832834186091
-0.0495954996091126	0.0271153340901365
1.10706107947149	0.935851350786674
-0.171862804969046	0.103246873333961
0.23064660802653	0.133694773783894
0.845377263377839	0.716505721388849
0.84434901377286	0.546409530474438
0.533773156700181	0.413078565518056
1.14122070426758	0.780386099658665
-1.13557312432465	0.741984670388943
-1.64079031604019	1.41150780173358
-0.740280398947646	0.452574775308571
0.968798809142533	0.897723233445736
0.170365107743381	0.084383949304422
0.560671511271766	0.388152242066617
0.0292672913633562	0.0174051502905043
0.0836937122363792	0.0457231254747843
-0.707560579726294	0.478472244119477
0.777719740096706	0.87861995709737
0.844152537341915	0.546273411772544
-0.172022544090708	0.103322322614595
0.250014782945648	0.155101270481126
-0.174683567543954	0.0913208124398447
-0.580707852044189	0.322455107796791
1.33441099968333	1.01935277897555
0.804551301463943	0.715430295734863
-0.58178160921078	0.277642461693518
1.10698177123066	0.935673808184974
0.921410321822283	0.552421724487917
0.378599511099908	0.200427507791295
-1.27892979719854	0.904273659674969
0.378837053043127	0.200602993253842
0.710050456446237	0.546540188914372
0.656638321964957	0.559275724725029
0.378744180687792	0.200540698956173
-0.0123995127023532	0.00580992648070169
0.12011077257807	0.0538869679431261
0.397046583565178	0.260289613432829
-0.740162214758242	0.452442797394852
0.163552344867898	0.109100232432363
0.635691498642958	0.567126216652758
0.598684774774916	0.365349678431694
-0.707521172971948	0.478490781085457
-1.2259589741581	1.32504210047191
-0.581784038930277	0.277651257807727
0.365631508218467	0.175855733280783
-0.174657693246584	0.0913100721629379
-0.575302897931052	0.357517752740987
0.170263129213505	0.0843313417776692
-0.884714004488368	0.588902910387814
-0.174485277419969	0.0912106313420276
-0.453486695923122	0.286846798923099
-0.579241136877173	0.476967790776985
-1.15497680391432	1.33434951917508
-0.434184137045194	0.367118967169788
0.533773156700181	0.413078565518056
0.623629233430165	0.352507387550781
-1.01646123753217	0.731064850879657
0.12019299748776	0.0538981778819222
-1.9499351882769	1.53400774588574
0.204932024437242	0.110207829359279
-0.687637637733511	0.510461189365532
0.0585629733999502	0.0437171259336171
1.14148035323186	0.780569854920254
0.84434901377286	0.546409530474438
0.0293972047593092	0.0174819582255646
0.163506931519429	0.10904834457923
0.265135943324068	0.175433362127375
0.265134513865625	0.175435748620203
-0.268516230467572	0.137314152183712
1.06005677723729	0.577964964153784
-0.400255793183877	0.199576929984158
-0.70756876175152	0.478249196438862
0.51261887757322	0.437882888474264
0.230569994594728	0.133686869744806
-0.23749787590423	0.139847890981541
-0.576641823744605	0.435436216930817
-0.171862209567395	0.103236624255682
0.845429539214823	0.716403505219283
0.0836243033187161	0.0456856938071087
-0.0025583228276369	0.000870770923181551
-0.284765392047388	0.186653096360029
-0.94125925561921	0.739830332272388
0.709960466353092	0.546453636093704
0.0292500203795323	0.0173948579542365
0.709970737948806	0.546462186417456
0.578128702372086	0.376615585739378
-0.575221956505582	0.357508938560049
-0.429925595459858	0.243580051469603
0.956953950129638	0.734577320632393
-0.400173652945427	0.199527805530166
-0.171862804969046	0.103246873333961
0.12011077257807	0.0538869679431261
0.745313372817002	0.543643055784517
0.845381693528394	0.71645952677223
0.745313846676038	0.5436625102872
-0.378392303181188	0.324076291948197
0.180831438170182	0.127660399419406
0.250019935805811	0.15511641349221
-0.687658996962842	0.510520044172739
-0.472064003814338	0.329987530330869
0.249950414270769	0.155064825728373
-0.237528955596091	0.139874316638003
-0.0495258877810843	0.0270687951714152
0.681111168410843	0.552038388846376
0.789009542854592	0.543863079094428
0.681217924966079	0.552145365865612
0.388623453802359	0.222807132021994
-0.352637960178196	0.27845206958993
0.396956601925935	0.260280489844571
0.710005461501729	0.546536508014955
-0.23751862527221	0.1398723323227
0.804465712998505	0.715513833770539
-0.399626121169407	0.368816553646392
0.0836937122363792	0.0457231254747843
0.0423180273406882	0.0213686808954471
0.560592278390452	0.388021399444073
0.142402398242811	0.0893691754404031
0.578103014416737	0.376604056005177
0.598582673007789	0.36530237473833
-0.320511550772078	0.185038220306322
-0.174488957080222	0.0912196505661504
1.33440052731901	1.01942425686405
0.0290313191832687	0.0172552275838337
-0.765971833172031	0.664652954032887
0.264987875123345	0.175288791857079
-0.132190008886074	0.0912218596977014
-0.575283575494184	0.39546427526981
-0.174020280862342	0.118103419033491
-0.38953741575754	0.27694709902892
2.40182365707787	2.14084639602564
-0.829124767395153	0.606503723818148
0.286324282468902	0.212196139825801
0.804534186738623	0.715529175169567
-0.171917260848363	0.103253051109838
-0.11917313767827	0.0730393602931805
0.249929441003308	0.155058665247787
0.560631139693429	0.388101630778108
-0.733921179366295	0.739532123410222
-1.23410322254368	1.1746499805901
0.522786025241743	0.42555412309195
0.299928780401585	0.245408409050852
0.116258202546852	0.0682604551641289
0.895013531327232	0.722940069524963
1.06339962204789	1.24308567223639
-1.51824651968381	0.959357860364367
0.481536371308824	0.485619543069808
0.116311088160801	0.0682971565583205
0.546146298287035	0.399938901295841
-0.579286263179301	0.476831381706448
-0.224040681754411	0.149453967253873
-0.320593121191992	0.185037357160839
-0.414052627618793	0.322226368680694
-0.579119889403814	0.476791143039505
-1.13716389690442	0.878922923019374
0.276795184947475	0.194188448572669
0.533651612856611	0.412931714320201
-0.707521172971948	0.478490781085457
-0.0123423441710936	0.00578321495826335
0.844256005489486	0.54634206000507
0.668414615793708	0.34385587193997
-0.10435836928934	0.0558246704842912
0.56078930232971	0.388124724122901
0.230567144449649	0.133687254625393
-0.0121004029027061	0.00566746725900745
0.598490018563699	0.365208208471015
0.170078037123426	0.0842362332696313
-0.268811190324651	0.137482691167831
0.533763759325351	0.413052800994542
-0.104317955751367	0.0557991159685809
0.68116405237943	0.552107279465537
-0.174544124873814	0.0912564848517119
0.546181097504613	0.399998591734954
0.745272885470008	0.543342747813494
-2.1800751201029	1.92010683368015
-1.6784015336866	1.15386732162851
0.709995212937178	0.546527977701222
0.205130478099973	0.110380892749031
0.265213741248573	0.17547568582309
0.0586730762067555	0.0233010280801353
0.029293325983083	0.0174211094865384
-0.320552374954212	0.185067543761871
0.598499320946426	0.365122738899988
0.635691498642958	0.567126216652758
-1.24921714724718	1.03267851520419
-0.224122540345607	0.149513077594898
-0.976852932436996	0.584831668326988
0.804507633896736	0.71535203934636
-0.889609248326742	0.760498249238514
0.119851360032837	0.0537563736980319
0.388820742451007	0.222906122652098
0.0825303680488827	0.0554304614358371
-0.487248926852307	0.373572714226693
-0.224109972065434	0.149513098109598
0.968773214137075	0.897340973892958
0.410032429213935	0.149677489118131
-0.889464876286863	0.760639829759838
-0.320552993853204	0.185056332829789
-1.13716389690442	0.878922923019374
-0.237452844481152	0.1397982931458
-0.829165276939393	0.606465936301729
-0.884670169842857	0.588584325021657
0.577907633653488	0.37634505805961
-0.575217747559456	0.395392146945716
0.710005461501729	0.546536508014955
0.84434901377286	0.546409530474438
-0.268534443406287	0.137314478717515
1.14135042570868	0.78055702486602
0.399700921716306	0.294737731667081
-0.0122973225407363	0.0057607405665406
0.388623453802359	0.222807132021994
0.65676879066673	0.559426634950054
0.788857893240333	0.543561532109322
0.709995212937178	0.546527977701222
0.37903365004806	0.200695229132283
-0.237449246408328	0.139810882843141
1.06021873399349	0.577924233695351
-0.47211689442755	0.330016837915447
-1.13720417658415	0.878844760925168
1.49183045337546	1.43013942626621
0.586386742301295	0.59252041288817
1.79301694329778	1.77782672458408
-0.26589615388978	0.195054223970827
-0.359414427010868	0.231205255371581
-0.941349427084676	0.739839943684221
-0.707482479345284	0.478426084681255
0.0293539036123117	0.0174570183041585
0.533712384989079	0.413029755323642
1.15434022020965	1.11089935395912
0.299781344580892	0.2452997001986
0.789079325953716	0.543893240613633
-0.320474864420393	0.184941144707064
-1.27854119798091	0.903987291667409
-1.51816553129795	0.95879786564237
0.230609596245056	0.133696357399747
0.249915677302009	0.155024547523558
0.230609596245056	0.133696357399747
0.57798860447689	0.376498020652567
-0.359435544098484	0.231227533097986
1.24278856746268	1.14731528241447
0.378493961987734	0.200357375434109
0.789067188669125	0.543924706508862
0.388960610647786	0.222864993139263
0.845272238967783	0.716251308638362
0.169976433422897	0.0841776092708832
-0.104359195281209	0.0558242971418694
0.230410887697015	0.133569562620841
-0.429913148081275	0.243543922037474
-0.576642941443871	0.43542643357362
-0.575273198865867	0.395479571147706
-0.049605941996654	0.027120013911584
0.0423576214530844	0.0213884261189087
0.399648360072255	0.294722245354068
0.24998516710157	0.15509510358789
-0.723311148411728	0.779155467802438
-0.104397923721841	0.0558438585660396
0.681137843811647	0.552122863361016
1.0304171084195	0.912436662335035
-0.104318795135885	0.0558015566425405
-0.0875026457018197	0.0398390244357153
-1.11104174051405	0.563092496834586
-0.453486695923122	0.286846798923099
0.522633394904736	0.42556669118332
-0.237573967425114	0.139884696422554
0.170078037123426	0.0842362332696313
-0.389598077276326	0.276999851571436
0.26505804255578	0.175376794799899
-0.268635789011379	0.137364741335883
0.598870483563842	0.365443873911522
0.956843336205729	0.734548363620484
-1.40922300434395	1.06895280811372
0.388762997440806	0.222873844908431
0.27675662823845	0.194086759637143
-0.70752193721132	0.478472790723747
0.378837053043127	0.200602993253842
-0.0124241753236879	0.00582014340182899
0.522640976531566	0.425575671036713
-0.389371970723103	0.276678189787277
-0.0122031973667483	0.00571711009301839
1.21146128195288	1.46185507401944
-0.687634944063166	0.51055249212413
0.369606368030708	0.158007050490895
-0.142927154222149	0.109301490219313
0.788812721348061	0.543546622971751
0.656681815208031	0.55936084063937
1.50471174243904	1.26752924438909
0.0587435559436112	0.0233296694197922
-0.976237354532631	0.584191915231461
0.37882650870246	0.200579110731171
0.745353938169583	0.543696369311969
-0.829087361933432	0.606402072678441
-0.320551000801398	0.185059855634261
0.894854705698613	0.722832834186091
-0.576642941443871	0.43542643357362
0.0587435559436112	0.0233296694197922
-0.580034303140646	0.32197737032381
-0.268700953674932	0.137362443339366
-0.17459926023523	0.0912855489687525
0.894934741024717	0.72300838649018
0.598684774774916	0.365349678431694
0.5781923677826	0.37638082194432
-0.740463975085828	0.452748151314771
0.37892999110995	0.200646545836412
0.39411807088477	0.242241986020776
-0.104476014322372	0.0558598037003838
0.745274814271535	0.543528445163776
0.921241742723202	0.552274221996466
-0.576482833612067	0.43514711259238
-0.320512862899764	0.185045864651848
-0.429994928475187	0.243602180977508
-0.976516074000812	0.584317029347254
-0.580603062995071	0.3224974752442
-0.42990068806373	0.243455304135283
-0.580393265830118	0.322334681429507
0.170068843650991	0.0842286987652546
1.0360071240707	0.754049538610323
-0.575293922597054	0.395428784130361
0.0586730762067555	0.0233010280801353
-0.581779227500152	0.277530332539387
0.042317099728294	0.0213645753710401
-0.0122850641813574	0.0057559911383436
0.668410467979929	0.343916625774154
0.0587457894570351	0.0233313383669741
0.170170551402025	0.0842873863496133
-0.740171003604891	0.45253026277676
-1.1371647257165	0.878646093685645
0.388681054646199	0.222839316744788
-1.01632041329865	0.731111715719173
-0.400255793183877	0.199576929984158
0.789055063944555	0.543856648322334
-0.581849525599261	0.277576220823309
-0.400279254651867	0.199611151597535
0.578043836574162	0.376548516431563
-0.389728417032867	0.276995546817826
0.789112861032958	0.543795507562315
1.24266748756557	1.14688182836546
0.169976433422897	0.0841776092708832
2.45888883101856	1.39979200466812
-0.429786795407442	0.243444148307166
-1.04549157856181	0.878496340529135
-1.51807958525018	0.95824336055736
-0.0124118503434449	0.00581552997654431
0.968744908523688	0.897674980669006
0.394037916789735	0.242247660525564
-0.510381448501776	0.185343391604108
0.578158381790198	0.376627328503049
-0.268626755667087	0.137386831811978
-1.13534344955888	0.741446547619461
-1.27853301138186	0.903936296677004
0.170263129213505	0.0843313417776692
0.286173979277038	0.21200244194503
0.029214786000095	0.0173726878868396
-0.707520363398452	0.478482018542316
1.60162944424993	0.907306148917365
-1.40934725150451	1.06912104559651
0.397040559197679	0.260247997115488
-0.581856591724575	0.277597221348804
0.578243590906974	0.37660105419106
-0.429925595459858	0.243580051469603
0.388681054646199	0.222839316744788
0.84434901377286	0.546409530474438
0.845402919295642	0.716319671804063
0.623286300486041	0.352340568865308
0.230569994594728	0.133686869744806
-1.52959404603554	1.23841088927481
-0.429754352431401	0.243433445629051
-0.740271693618544	0.452632126761163
0.0836589996523523	0.0457057522339226
1.81411609166176	0.680234581521496
0.533712384989079	0.413029755323642
0.577878237708533	0.376301376399475
-0.976214340179958	0.584028233561291
-0.00285025275782294	0.000970864932132848
-0.429856217784491	0.243527269122507
0.0587435559436112	0.0233296694197922
0.668483206398341	0.343935288943319
-0.237553290358037	0.139887377403942
-0.400173652945427	0.199527805530166
-1.01626552658048	0.731105199010459
0.365462810263777	0.175771126538925
0.265031525302419	0.175344359155112
-0.829124767395153	0.606503723818148
0.230526808360949	0.133648399255831
-0.82908313258926	0.606361585227221
0.378493961987734	0.200357375434109
-0.320512229568985	0.18504719516924
-0.0121125550355883	0.00567193534323825
1.48067602803522	1.59396944947553
-0.191763069164488	0.0841344545583103
-0.795391084685964	0.429117695674088
-0.884757637448667	0.588875300711064
0.36935409343749	0.157893264397153
0.393999376174225	0.242196655610477
-0.0123300335252873	0.00577717266429914
1.88366844352878	1.64375210655324
-0.42988102086544	0.243519815871298
-0.707520363398452	0.478482018542316
1.03639721619897	0.754108867969891
0.365631508218467	0.175855733280783
-0.4297991763118	0.243493611717284
-0.453489360946646	0.286816989972648
-0.575248897149481	0.395405491266938
-0.575247842369215	0.357512901650038
0.393998820278763	0.24221496570692
0.265160751090431	0.175456670823364
-0.174540515247827	0.0912397503894302
0.119980963262918	0.0538242500271638
1.05953573822857	0.57750968846383
-0.707561374899847	0.478454287577905
1.60076130506037	0.907036493899438
0.170365107743381	0.084383949304422
1.03590526157618	0.753863518623507
-0.174514740171446	0.091236144615508
0.394077543950188	0.242263206421765
0.966205550579862	0.365071432394427
-0.795475547334051	0.429156033723791
-0.976342465158624	0.584299149658856
0.0587435559436112	0.0233296694197922
0.205126733349182	0.110389989862704
-0.580244728564168	0.322288315069047
0.560631884952499	0.388100936597873
-1.51840982581887	0.959105734342332
-1.01621060763029	0.730957299211709
-0.0122850641813574	0.0057559911383436
0.205181952499019	0.110420289382553
-0.795301317146663	0.428726932259547
0.844359650054471	0.546333326077149
-0.884701326330879	0.588899170884722
-0.740171003604891	0.45253026277676
0.365294456714284	0.175642850880005
-0.400279254651867	0.199611151597535
0.388635641929205	0.222799330565912
0.745394033281706	0.543633103188281
0.378705133919478	0.200478927561889
-0.453486695923122	0.286846798923099
0.120004743026815	0.0538382787021705
0.709970737948806	0.546462186417456
0.745393073383296	0.543751429172607
1.14100900812223	0.779973658388234
0.119980963262918	0.0538242500271638
-0.740171003604891	0.45253026277676
-0.104359977904879	0.0558212020500924
-0.0876081502281548	0.0398767054314074
-0.237542907484709	0.139878710803409
0.714519113042834	0.722451663400135
-0.575276993342195	0.357560747477759
0.0588115719246944	0.0233482042366705
0.844452767399357	0.546400878858197
-0.791947866023476	0.632376985438541
1.0823126058919	1.0885571514316
0.0423977057639784	0.0214070367044068
-0.941269766308302	0.739849845050515
-0.575137634129499	0.357362692467294
1.0597155655144	0.577756640140593
0.170170551402025	0.0842873863496133
-0.580454860777739	0.322299416157362
1.81440261708572	0.680176970712483
-0.842929976512655	0.367307850802193
0.771453181882331	0.351085847175968
0.745353449875489	0.543725661610116
-0.0942522165733174	0.0270533171061642
0.12011077257807	0.0538869679431261
-0.840646133172398	0.366026539748054
-0.323267030849328	0.132664766624666
-0.707482479345284	0.478426084681255
0.598286523308632	0.364998220512253
-0.104359195281209	0.0558242971418694
2.23189132680627	1.82024650552185
0.37892999110995	0.200646545836412
-1.13557312432465	0.741984670388943
-0.687634944063166	0.51055249212413
-0.47211689442755	0.330016837915447
0.522696083203824	0.425623370072649
-0.79205302877093	0.632666361819491
0.0423592611971083	0.0213859834041211
-5.74607000705442	4.44960343859124
-0.57527646214444	0.395424069521758
0.788952008697734	0.543735380200091
-0.0025583228276369	0.000870770923181551
-0.0875468540215103	0.039864629429921
0.369696009095169	0.158067754520311
0.745393530540733	0.543722108365821
-0.191845547241302	0.0841467637805134
0.681112152324062	0.552106999105438
0.0423175407555787	0.0213672432919553
-0.268719004618864	0.137442961534784
0.398925904338448	0.277841625447756
0.205211481751657	0.110438490596475
-1.95011498884437	1.53437305087792
0.668483206398341	0.343935288943319
0.396907832998828	0.26016900833182
0.0163756329967921	0.011051864029278
-1.24917651944588	1.03256900421716
-0.0124813117514577	0.00584729622039226
-0.389528428592558	0.276953055673641
0.276957543704097	0.194350081764933
-1.95002511922446	1.53493871942332
-0.852489510307873	0.788714889740445
-1.24922229438622	1.03261870704203
-0.944056937240152	0.27675044454811
1.30493518989809	0.824586536199374
0.393958723380873	0.242166010414656
-0.829166329192802	0.606426553894009
0.598787043320876	0.365355326471793
2.45951466304551	1.40053088832648
0.788985226772879	0.543739643758407
-0.941224687403879	0.739667076733329
-0.0122850641813574	0.0057559911383436
1.50442489963283	1.26732282797632
0.668408321489857	0.343877341929885
-0.581856591724575	0.277597221348804
-1.13557312432465	0.741984670388943
-0.511674328431835	0.185815121044678
0.578069578210618	0.376488471114152
0.378847621753956	0.200589252322247
-0.581854188280408	0.277697073220254
0.448620351049491	0.125795452528351
0.788997378530188	0.543852581801781
-0.00125614142680821	0.000428435382610242
-0.795475547334051	0.429156033723791
-0.884588372446995	0.588819046433955
-0.884770354939938	0.588923492607131
-0.88943867815904	0.760548842598612
-0.191683506242611	0.08409339741583
0.0835999802839683	0.0456661028318998
-1.40920998348391	1.06841149743604
0.845430036590367	0.71650474668351
-0.981174197793759	0.894252126069508
0.956902566778186	0.734555045157672
0.789009542854592	0.543863079094428
-0.0497133853362127	0.0271740483697428
0.844245436694145	0.546340791689674
0.170263129213505	0.0843313417776692
0.399715012007732	0.310669266783653
0.265048650072239	0.175349097745977
-0.00592246809638425	0.00331457761061461
-0.453410883438706	0.286644550994903
-0.665746540696013	0.586139641955526
-0.576615023024312	0.435396115854758
0.142497480573903	0.0894313215603857
1.33450396417429	1.01938811384787
1.03038230068507	0.912471168640531
-0.104359195281209	0.0558242971418694
0.598582673007789	0.36530237473833
0.205075221343872	0.110332408266124
0.119745583702531	0.0537078184456366
0.578043836574162	0.376548516431563
0.844338401804658	0.546357972005448
-1.13532229991961	0.741731857047717
-0.320510826521617	0.185017428733123
-1.84148407243374	1.76995571755007
-0.191845547241302	0.0841467637805134
0.921404048782597	0.552431775441768
-0.575361020021202	0.357592442111619
-0.00190672948753378	0.000649411384947845
1.05980524645418	0.577754859072529
-0.191848441999651	0.0841748012731843
0.205185767371981	0.110419404112476
0.894973795185583	0.722984743706935
1.03590526157618	0.753863518623507
-0.0757624868056436	0.0473189678358762
0.170476674244241	0.0844252521338301
0.250033880806253	0.155122672155995
-0.941328343613218	0.739838356347261
0.78934688014554	0.543669326000341
0.578124823998584	0.376482385169237
-0.453561258296235	0.286611934922753
0.560631139693429	0.388101630778108
1.56268548967474	1.99649984073456
-0.453485720976542	0.286825894441277
-0.0874192319868208	0.0398048854826958
-0.320552993853204	0.185056332829789
-0.0120669288280108	0.00564559749261682
-0.191768903144085	0.0841252697608303
1.32343256698575	0.631253155849864
0.393997845165748	0.242199850872686
0.0837284410832234	0.0457376182476325
0.0422796254578924	0.0213471109845159
-0.576615616714452	0.435438733220694
-0.400513563075863	0.199729099262418
0.0423197603352864	0.0213662872995593
-0.400560141383932	0.199649143162986
-0.00321092368226869	0.00109246418514769
-2.3797675207966	2.31744111728077
0.170263129213505	0.0843313417776692
-1.11104174051405	0.563092496834586
-0.842573501506563	0.367295334988531
-0.580476543617623	0.322432153035535
-0.400044413240096	0.19944341681556
0.668478812223091	0.34390323454053
-0.0875468540215103	0.039864629429921
-0.0875247626795585	0.0398554643821223
0.365545538878326	0.175812862473331
0.410684422475736	0.149950448704565
-1.51816553129795	0.95879786564237
-0.941314845393856	0.739889310526513
-0.0402105974383419	0.0255874027190156
-0.0871992063586919	0.0396936425795753
-1.40933416517034	1.06897719510538
-0.284531767146644	0.186479248309792
0.250030420206014	0.155105697551881
0.170161317325234	0.0842725965010529
1.24282826744819	1.14718896584321
0.204987095081449	0.110277608266342
-0.104359195281209	0.0558242971418694
0.365545538878326	0.175812862473331
0.0587457894570351	0.0233313383669741
-1.35312058334798	1.19004136743334
-0.174433756826449	0.091173995456772
-0.795303913358609	0.428996144102514
1.14161048704622	0.780331063983133
-0.707520363398452	0.478482018542316
0.369606368030708	0.158007050490895
0.396956601925935	0.260280489844571
0.968850228031228	0.897582080718038
-0.429868625622534	0.243546443419877
-0.453409356613519	0.286710311945906
-1.13716291945289	0.878934444802947
-0.359424999637583	0.231221859869823
0.921407174037824	0.552510092381016
0.365717614542968	0.17587696046062
0.789124946179673	0.543928830463125
-1.52962043558558	1.23854340721279
-0.472118030867994	0.3299950821969
-0.576677453096397	0.435416615236481
0.142419603815384	0.0893858006289232
-0.0873136276015911	0.0397499196226352
-0.0400813328956379	0.0255043202404864
-0.171914468497503	0.103245541952485
-0.119137848815211	0.0730267568590352
0.265031525302419	0.175344359155112
0.0292835098007985	0.0174139982140426
-1.13555209336582	0.742010647654425
-0.104278391852856	0.0557721044560038
0.365800551476186	0.175897140276846
0.410684422475736	0.149950448704565
-0.509736421835564	0.18505595748735
-0.389684966786443	0.277010438037031
0.598592016021916	0.365255436252484
0.12011077257807	0.0538869679431261
0.894894382386493	0.72293105384348
0.39700159284157	0.260302023027962
-0.842573501506563	0.367295334988531
1.0597155655144	0.577756640140593
0.968692503557349	0.897547863560656
-0.941248715467279	0.73977141478231
-1.74465995304368	1.59015996802484
-0.580244728564168	0.322288315069047
1.32436602519462	0.631710688508099
1.5044158387548	1.26730366912119
0.0588162361047195	0.0233573777261437
-0.581646686658635	0.277332228828794
-0.191765997402019	0.0841406045300469
-1.51857415811462	0.958976291001312
0.522656111192511	0.425529112514875
-0.284691295871544	0.186632398557008
-0.0873025425552024	0.039747500646423
0.24998516710157	0.15509510358789
-0.104357499932016	0.0558222115623603
-1.27882282172847	0.903955643677358
-0.0122276726897269	0.00572835891609193
-0.359379722216434	0.231174306033593
0.745272885470008	0.543342747813494
0.388496332191838	0.222697111196915
0.365551881767153	0.175771484479818
-1.13557312432465	0.741984670388943
0.745393073383296	0.543751429172607
0.388681054646199	0.222839316744788
0.23052811985298	0.133680230051694
0.894935446571742	0.722968334191717
0.388693203120202	0.222849389931697
0.956813838104802	0.73441190289006
-0.889544073074504	0.760600087683271
-1.01635180096047	0.731290577813313
1.10698275884907	0.935748026301423
-0.941293807684783	0.739887785369521
1.355606935422	1.19630008070769
-0.487430617773606	0.373739041382788
-0.17456992674774	0.0912652369592895
0.393999376174225	0.242196655610477
0.24997468863786	0.15509621575848
0.120004743026815	0.0538382787021705
0.120004743026815	0.0538382787021705
-0.0123300335252873	0.00577717266429914
1.71239929108822	1.36398339516012
-0.884531729589841	0.588722293116452
0.396966874057929	0.260280317934537
-0.740171003604891	0.45253026277676
-0.268525347797909	0.137326910041535
-0.0123995127023532	0.00580992648070169
0.365628314361187	0.175832958137699
0.668408321489857	0.343877341929885
0.789067188669125	0.543924706508862
0.205241089187748	0.110449762702166
0.837436084950658	0.878954558010918
-0.0123095682902471	0.00576462947117763
-0.268608623749507	0.137354005666895
0.968745395432687	0.897740647520748
0.36935409343749	0.157893264397153
0.921407174037824	0.552510092381016
0.163385282848218	0.108949373811423
-0.359310265088106	0.231053850499405
0.120216878406035	0.0539296496159934
-0.884563135816909	0.588449565678774
0.23052811985298	0.133680230051694
-0.580454860777739	0.322299416157362
-0.453410141697293	0.286685443860728
-0.104399592297262	0.0558404234022689
-1.35318719370295	1.19037012647783
-0.575196062635016	0.357437611700666
-0.268617700571665	0.137383094548257
-1.40929168694041	1.06907240900377
-0.4534876275693	0.286851758282326
0.170170551402025	0.0842873863496133
-0.174492497004984	0.0911987002855928
0.668485331028372	0.343881888339176
0.394117191437341	0.242261105143043
0.966205550579862	0.365071432394427
0.396970934399228	0.260254504755304
0.578043836574162	0.376548516431563
0.205189722034872	0.110378982699387
2.17453026558424	2.2129651353343
0.966611652025928	0.36540950209132
-1.27873173123899	0.90423664025219
-0.268626755667087	0.137386831811978
0.578073386398327	0.376592353319862
-0.320552374954212	0.185067543761871
-0.320511550772078	0.185038220306322
-1.13530112512833	0.741647485097293
-0.320473887394135	0.184996236748731
1.08247014058638	1.08897829885134
0.388693203120202	0.222849389931697
-0.400150141167734	0.199526819273677
0.84434901377286	0.546409530474438
-0.119207551057469	0.073067983664619
-0.389545656023789	0.276943365752031
0.921576008172099	0.552528958374128
0.894895810166702	0.722918400089256
0.394037916789735	0.242247660525564
-0.581854188280408	0.277697073220254
0.0836693107122105	0.0457090630379767
0.57804767962632	0.376553475673062
1.14169286194149	0.780660352347053
-0.795219125684705	0.428833157596566
0.250065182514547	0.155118010427377
-1.33204640906765	0.762295394245592
-0.0876522636543796	0.0399151556854039
-0.472169787007076	0.329997991015278
-0.941193047192197	0.739350136087907
-0.320510826521617	0.185017428733123
-0.665662576987659	0.585905827196088
-0.174514740171446	0.091236144615508
1.10694319741214	0.935552061811469
1.35562886254034	1.19642011603424
0.369606368030708	0.158007050490895
0.0423586690649514	0.0213879798283963
0.95692825447083	0.734633189363389
0.95689862688858	0.734589435516779
0.710050456446237	0.546540188914372
0.142540946604567	0.0894530191286025
-0.453409356613519	0.286710311945906
-0.792079793190693	0.632687552037336
0.84434901377286	0.546409530474438
-0.4534471860208	0.286796541603711
0.170281743912202	0.0843350879613783
0.0423598988642098	0.0213823736170543
-0.26882014270592	0.137493109818912
-0.171995844549904	0.103319697906371
0.230450440407156	0.133617280023361
1.15413010947376	1.11169586260586
1.52023308903483	1.08716538684327
-1.13716189686811	0.878895305292996
-0.268617700571665	0.137383094548257
0.250019935805811	0.15511641349221
0.398793429534845	0.277791401936865
-0.171862804969046	0.103246873333961
-1.04551552530297	0.878267605154143
0.378643955473557	0.200452340941438
-0.707523329638753	0.478354372906709
-0.119224759805266	0.073076319421968
0.120240788194207	0.0539451931203284
0.745432002071474	0.543652400502029
0.399648360072255	0.294722245354068
0.388878599268322	0.222920598581283
-1.33211873878655	0.762623162135227
0.230489218546085	0.133657096820458
2.68395816897637	1.75280717112361
1.10706148824685	0.935941427611023
-0.84228614531331	0.36699626824262
0.598582673007789	0.36530237473833
-0.2687279974696	0.13743703950627
-0.237598315516228	0.139891634816411
-1.51832895997772	0.959438617553198
-1.01618459373513	0.730687292676172
0.804448590850661	0.715407555399986
-0.580244728564168	0.322288315069047
-0.269013093489388	0.137570479348443
-0.237449246408328	0.139810882843141
-0.57519351168376	0.395313397396323
-0.575280127168348	0.357541128183675
1.49179193179728	1.42992111448034
1.35566230818251	1.19638380160201
-0.320589644469703	0.185041515108274
0.598963433724807	0.365436865536314
0.789137043859013	0.543954929220758
-1.01632312024401	0.731272630481301
-0.323606841794993	0.132787041663478
-0.7400701483229	0.452397258194513
-1.33191007996814	0.762528663311124
-0.191594955374977	0.0840523906515105
0.578073386398327	0.376592353319862
0.170179807255207	0.0842887264509299
0.120240788194207	0.0539451931203284
-0.941269766308302	0.739849845050515
-0.0122727931927386	0.00575042631266952
0.399640248066152	0.294680736089589
-0.0123423441710936	0.00578321495826335
0.598777597268071	0.365412486093334
-0.453566648168422	0.286866712107399
0.195264974300603	0.145295231271095
0.68116405237943	0.552107279465537
-0.889411874048225	0.760475505173913
0.0423197603352864	0.0213662872995593
0.0422802796907504	0.0213451498379722
0.378621720444965	0.200461497743518
0.0837079999509027	0.0457243799470305
-1.1371236136296	0.878778131351214
0.116231496170181	0.0682392986693278
-0.7400701483229	0.452397258194513
0.388565964607091	0.222757123212129
-0.171916249530567	0.103284333532777
0.623002810171412	0.351997554742242
-0.429868625622534	0.243546443419877
0.369696009095169	0.158067754520311
-0.0123546421621991	0.00578834044022463
-0.7400701483229	0.452397258194513
0.623310226916259	0.352247296600144
0.230489218546085	0.133657096820458
-0.575293922597054	0.395428784130361
0.845430036590367	0.71650474668351
0.512429734476083	0.437634844153156
0.710099550434464	0.546544610800671
0.39395926482031	0.242165352884471
1.03040272101607	0.912478079286337
-0.976957468435797	0.584685575036545
-0.400255793183877	0.199576929984158
0.770438655215179	0.350662431796396
0.623735722189373	0.352516007090823
-0.842217165704752	0.366945966505995
-0.320511550772078	0.185038220306322
0.250009479618193	0.15511754145689
-0.575262792708149	0.395475278382787
-0.429742023619485	0.243444703250539
1.50479521221639	1.26745147666955
1.0303229756177	0.912420263666659
1.06333141726392	1.2430529281696
-0.829084254712108	0.60642326809271
0.656812272843198	0.559400626760588
-0.0496545327696726	0.0271489027461026
0.921324434956384	0.5524265305633
-3.15099443209165	2.85845789353215
0.656759683932093	0.559424550372942
0.0835896232229875	0.0456627648321035
0.681085449140647	0.552060302462675
-0.0122605095556772	0.00574388910137581
0.845377263377839	0.716505721388849
0.0836796513806659	0.045709786317908
0.578184050921728	0.37660955704405
0.393998820278763	0.24221496570692
0.0836346373861601	0.0456890182021036
0.230567791841672	0.133698864313426
1.35565840151789	1.19659624976322
-1.40940270657111	1.06909659425454
-0.934073422847579	0.917485759806958
0.399544194221795	0.294602121112722
0.578132720644533	0.376583680720049
-1.4095132884079	1.06876010057057
-0.707559739241471	0.478463453528977
0.598480737929632	0.365218365480648
-0.359379722216434	0.231174306033593
-0.10431959113781	0.0558011663734158
-0.740271693618544	0.452632126761163
-0.575297408923719	0.395494954102611
0.379044329487515	0.200678939785108
0.286127420092513	0.212053346049182
-1.14266727138528	1.0238193770642
-0.791973359484271	0.632523385274218
-0.707560579726294	0.478472244119477
-1.52975967061836	1.23724196623397
-1.40938958129043	1.06886726566063
-0.70748096742124	0.478435371653978
0.578018102972575	0.37654181246198
-0.087441370809686	0.0398097097825643
0.578154398334843	0.376565647581824
-0.320551710599551	0.185068852829541
0.917741437855724	0.888580957716606
-2.1887208303269	1.2693702277358
-0.171943462895184	0.103281952634237
0.399648360072255	0.294722245354068
0.56066891083653	0.387972536955752
-1.95003208437789	1.53411554644338
-0.237463240563307	0.13982242209813
-0.087441370809686	0.0398097097825643
-0.581992602634161	0.277694049871378
1.03582192902147	0.753770484106199
-0.322209986281287	0.232789308212538
0.116257202425565	0.0682483847776312
-0.889464244954327	0.760574825104186
-0.580414944818104	0.322167161571158
-0.884474976064581	0.588586594629875
-0.104361413039689	0.0558060534558525
2.93704265610911	3.40336235936856
-1.33197952685661	0.762634981562714
-0.320512229568985	0.18504719516924
-0.795475547334051	0.429156033723791
-1.110169684093	0.562673512171069
1.14148035323186	0.780569854920254
0.0583206999640605	0.0369421699714331
0.230607483632705	0.133708407209246
-0.580244728564168	0.322288315069047
-0.707560579726294	0.478472244119477
0.249988153877649	0.155066139969002
0.082594500055847	0.0554775625503415
0.365714364360966	0.175875869700692
0.95692825447083	0.734633189363389
-2.69140966658381	1.9943591144224
-0.177985206909693	0.134354969056989
0.249953816287964	0.155073709123128
-0.359390272612402	0.231190890343253
-0.453566648168422	0.286866712107399
-1.3531420395227	1.19035544272686
0.623156321552976	0.352260784925711
-0.237522053041442	0.139838739204885
0.378744180687792	0.200540698956173
-0.740372218460723	0.452702879152707
0.230567791841672	0.133698864313426
-0.575335061941683	0.357592851898839
0.578184050921728	0.37660955704405
2.13795523906698	2.58521481391025
0.170457853478971	0.084419753138902
-0.580328075774064	0.322185368349542
0.546250743648289	0.400046045111249
0.286098004008622	0.212004108676414
0.968744456897365	0.897481004378598
0.394037916789735	0.242247660525564
-0.0496120038581204	0.0271148252206863
0.276871486580536	0.194251629427606
-0.707520363398452	0.478482018542316
0.249999051633764	0.155110314569276
1.50459166664942	1.26657690556951
0.170078037123426	0.0842362332696313
-1.40929168694041	1.06907240900377
0.393998309938964	0.24221564521359
-0.580139552543401	0.322178443064124
-0.581784038930277	0.277651257807727
1.33450396417429	1.01938811384787
0.170170551402025	0.0842873863496133
0.388820742451007	0.222906122652098
-1.67852612172773	1.153971021526
0.656742495045896	0.559432637587792
-0.429811544627333	0.24349758007301
0.399334117334714	0.326088139243708
0.745314366085531	0.543633251735459
0.378621720444965	0.200461497743518
0.116312857511999	0.0682624392836684
0.0836589996523523	0.0457057522339226
0.205075221343872	0.110332408266124
-0.434526258999371	0.367640455056283
-0.0497798049440278	0.0272022367687127
-0.94125925561921	0.739830332272388
-0.4534471860208	0.286796541603711
-0.320472080549721	0.184999887675071
0.681243609426571	0.552113682501691
-0.707440758239958	0.478286831278548
1.83628959712708	1.20186314230777
-0.795555037532711	0.429082398854794
1.83678835771213	1.20249190202203
0.635562225748386	0.567019156974504
0.709950224334504	0.546403699666405
0.230567144449649	0.133687254625393
-0.400150141167734	0.199526819273677
-0.429729682244518	0.243410444866458
0.0587435559436112	0.0233296694197922
-0.400536866605911	0.1997271130363
0.709995212937178	0.546527977701222
-0.579135526614383	0.47682748123245
0.845272238967783	0.716251308638362
-0.414254821524046	0.322352191997529
-0.487378737817229	0.373708332643852
0.170170551402025	0.0842873863496133
0.681138864658812	0.552115965679492
0.578103014416737	0.376604056005177
0.276957543704097	0.194350081764933
0.205181952499019	0.110420289382553
1.33421488170253	1.01926622253753
-0.740363553407265	0.452677488340356
-0.575331997851687	0.357565550468974
-0.509453689852966	0.184873844488885
-0.58022292583536	0.322227384173889
-0.795470598735211	0.429005412207795
0.0588184960278527	0.0233556454638202
-1.01635180096047	0.731290577813313
0.844442087914834	0.546426797242726
-0.580244728564168	0.322288315069047
0.668341817602373	0.343821264073672
-0.429868625622534	0.243546443419877
-3.04839762526415	2.64286333291338
-0.487378737817229	0.373708332643852
0.116337265710945	0.0683120625139432
-1.40898650178273	1.06780206311018
-0.320631338422829	0.185033288614102
-1.13590627216881	0.741941123296807
-0.268912224783566	0.137532775591647
0.170365107743381	0.084383949304422
-1.62707707323741	1.69332253039997
0.399587681769864	0.294665274894848
0.560790508926747	0.388151172047753
0.522587369087313	0.425486084521892
-0.740078977484018	0.45240201762335
-0.852626302584876	0.78876974901485
-0.575297408923719	0.395494954102611
0.874687244184984	0.882886399824358
-1.13720220521042	0.878917030944994
-1.74461765898655	1.59018409630918
1.54309701445953	2.16371845470073
-0.429938030218216	0.243568625526263
0.394038920805071	0.242228624143532
0.0423581224798044	0.0213887511464096
0.95670345685068	0.734164461896624
2.04426090983629	1.50801376422545
0.921489960026533	0.552533647137428
0.623156321552976	0.352260784925711
-0.429868625622534	0.243546443419877
-0.400255793183877	0.199576929984158
0.120240788194207	0.0539451931203284
-0.884657543519209	0.588843512301589
0.0835792957447459	0.0456571767018195
-0.237598315516228	0.139891634816411
0.560710472183291	0.388178977785677
-0.174628515728416	0.0913006915587617
0.169976433422897	0.0841776092708832
-0.104476973486006	0.0558623130541682
-0.171783765360379	0.1031700918427
-0.0122850641813574	0.0057559911383436
-0.0873970675291552	0.0397928350708459
-0.0877795706067474	0.0399712524693087
0.264970751450314	0.175274839734157
0.956843336205729	0.734548363620484
-0.453567596354213	0.286856836341659
1.61952250074267	2.39902736600923
-0.174455736603005	0.0911793397790474
0.388705364199698	0.2228237408163
0.12034702103488	0.0539879293877707
-0.104360717158204	0.0558152634709309
-0.237553290358037	0.139887377403942
0.52270488115485	0.425573576419995
-0.884588372446995	0.588819046433955
-0.320552374954212	0.185067543761871
0.393918630103378	0.242078093314327
0.968693579756435	0.897323536853967
1.02258781627506	1.07077909732039
-1.82074868830389	1.34248250524602
0.54610104955066	0.399829435502291
-0.976620884568423	0.58466531707052
1.05996734987123	0.577966932312984
0.0423180273406882	0.0213686808954471
0.368848337638752	0.157573049895704
0.0588841927425728	0.0233766371160128
-0.976470386658705	0.584506017782514
0.250065182514547	0.155118010427377
-0.795306487339825	0.429040562996724
-0.42988102086544	0.243519815871298
-0.740280398947646	0.452574775308571
-1.01629436212397	0.731210863643357
0.217992557548897	0.17841440480488
1.20477507746586	0.970708427297487
-0.0875247626795585	0.0398554643821223
-4.44647192482678	1.97244344800376
0.623156321552976	0.352260784925711
-0.687523063626366	0.510339691510013
0.410684422475736	0.149950448704565
-1.14277435632175	1.02390171967308
-0.575332008958251	0.395469840289597
-1.11086680880368	0.563001129089156
0.745274263767946	0.543557664143171
0.623050316446066	0.352135083519687
0.0587435559436112	0.0233296694197922
-1.8205041069926	1.34246086170129
-0.191509229873972	0.0839961430022088
0.710029975803891	0.546567476157879
0.365462810263777	0.175771126538925
1.33401922241435	1.01887323534146
-1.2788308459052	0.904291918675756
-0.581856591724575	0.277597221348804
-0.0879066836925073	0.040019713981525
0.0292500203795323	0.0173948579542365
1.14100900812223	0.779973658388234
0.230407730855073	0.133537268707266
-0.389580857357101	0.276970170158891
0.578073386398327	0.376592353319862
1.0303229756177	0.912420263666659
0.398818679709694	0.277723788219259
-0.581854188280408	0.277697073220254
-0.104318795135885	0.0558015566425405
-0.487318128907588	0.3735492054945
-0.453483641199733	0.286721355637771
0.116258755452954	0.0682558216366892
-1.04540091106297	0.878624339051669
0.170263129213505	0.0843313417776692
-0.0876522636543796	0.0399151556854039
0.668410467979929	0.343916625774154
-0.00219804389106728	0.000749243310235947
-0.0124241753236879	0.00582014340182899
0.789067188669125	0.543924706508862
0.205322120318226	0.110472881952952
1.24262996549485	1.14706621381231
0.20515621128702	0.110408160639295
0.560592278390452	0.388021399444073
-0.941200567893317	0.739324791643339
0.894895810166702	0.722918400089256
1.20471767009673	0.970532442220279
1.65624124323753	1.51854395688775
0.0423571659955781	0.0213870028203468
-1.14271948192209	1.02409511905502
-1.35320851950387	1.19029670047554
-0.581784038930277	0.277651257807727
-0.79205302877093	0.632666361819491
-0.104438344365117	0.0558578997968403
-0.0875247626795585	0.0398554643821223
-0.0875247626795585	0.0398554643821223
-0.320511550772078	0.185038220306322
-0.0877356033066293	0.0399392080186297
0.0836589996523523	0.0457057522339226
0.598787043320876	0.365355326471793
-0.268617700571665	0.137383094548257
0.656751596641622	0.559375696683591
0.230608144391735	0.133712334356386
0.388693203120202	0.222849389931697
0.394116494514894	0.242212002155318
-0.575415941252815	0.357507028660629
-0.0496302816821721	0.027135851275683
0.378940602994957	0.200651612788855
0.560631884952499	0.388100936597873
0.170059671984345	0.0842063275246382
1.61599789489516	1.67210704534538
-0.581779227500152	0.277530332539387
0.394038920805071	0.242228624143532
-1.24913989310017	1.03258996950677
0.546226339378666	0.400029781886946
0.0422779358186762	0.0213460423590448
-1.35319787126132	1.19036350981952
0.598972961189324	0.365449669670106
-5.1833501334145	3.25940376160252
1.14137421358343	0.780410094648711
1.30493518989809	0.824586536199374
-0.191851314271925	0.0841724378088938
-1.51808124437622	0.958941346621866
0.39700159284157	0.260302023027962
0.578099101184153	0.37657170949161
0.844245436694145	0.546340791689674
-0.429742023619485	0.243444703250539
-0.575196062635016	0.357437611700666
0.57799237739116	0.376473680654714
0.163567731305025	0.109091295296511
-0.976748321602159	0.584724813841583
0.388565964607091	0.222757123212129
0.546226339378666	0.400029781886946
-0.829085333646607	0.606448881785564
1.35546679784883	1.19605901716091
0.623735722189373	0.352516007090823
1.1542095508317	1.11178512587609
-2.93872554251336	2.43009551408641
0.142315461908762	0.0893059044612401
0.533737223795196	0.412969997385545
-0.430039201840463	0.243590965816125
-0.17194241801976	0.103300002008729
0.623050316446066	0.352135083519687
0.577904035765963	0.376335233992761
-0.174430007089212	0.091173747936002
-0.472117480236258	0.33002701814581
0.230567791841672	0.133698864313426
0.398820137099835	0.277814185387544
-0.237542907484709	0.139878710803409
-0.57519351168376	0.395313397396323
0.277044169749406	0.194394574695119
0.378621720444965	0.200461497743518
-0.0871062752832628	0.039644736391682
-0.0496197888314195	0.0271299727345174
-0.23746978542982	0.139808115240825
-0.884449896676782	0.588369187550353
-0.740472578230699	0.452738938330306
-0.58591244602027	0.562971248276954
-1.40927863953749	1.06900153922817
0.230529605001091	0.133680510590328
0.205211481751657	0.110438490596475
-0.237494251281423	0.13984879736702
1.26776916097469	1.32094865123941
0.394037916789735	0.242247660525564
0.598787043320876	0.365355326471793
-0.453408528189076	0.286720278564197
-0.575286950296263	0.395470517468643
0.77003540292901	0.716319945838022
0.68108495801316	0.552022706161808
-0.171916249530567	0.103284333532777
-0.733846831928038	0.739515461531277
1.03621134876939	0.754084179341617
0.369874827624987	0.158094504412344
1.60040312737798	0.906314534082061
0.0836243033187161	0.0456856938071087
-0.359355529732364	0.231141735117536
-0.119294481524078	0.0731054372235142
-0.104279967239532	0.0557741192149482
-1.67827674680171	1.1536712482776
-0.178207175745063	0.134550389573874
0.286142975355978	0.212077640019108
0.205266784752764	0.110460669177488
-0.0025583228276369	0.000870770923181551
-1.27873173123899	0.90423664025219
-0.976470386658705	0.584506017782514
0.921241742723202	0.552274221996466
-0.400173652945427	0.199527805530166
0.598582673007789	0.36530237473833
-4.86677994140762	2.66953028542081
-0.26882014270592	0.137493109818912
-0.487439304643186	0.373760947376121
-0.453567596354213	0.286856836341659
-0.389502229031768	0.276897438560363
0.533668738015448	0.412985803670079
-0.453528065982023	0.286864929800277
-1.04545690815965	0.878561347924845
-0.665919521611151	0.58629902271706
0.968718702296086	0.897637138004513
0.668481033440034	0.343942560095741
0.8948554279299	0.722860221926672
0.170078037123426	0.0842362332696313
-0.740372218460723	0.452702879152707
-1.13578138472696	0.741904171244804
0.894934741024717	0.72300838649018
0.560791177416411	0.388120377343543
-0.687533718902542	0.510410406258138
0.57804767962632	0.376553475673062
-0.400279254651867	0.199611151597535
0.745312944518501	0.543574984138107
0.668410467979929	0.343916625774154
0.56066891083653	0.387972536955752
0.61692137399189	0.574988763323986
0.789042951759911	0.543678476941508
-0.320473887394135	0.184996236748731
0.398819616028579	0.277815329640886
-1.23397035939061	1.17463539668881
0.745353938169583	0.543696369311969
-0.323590457207612	0.13278129535799
0.163560042689512	0.109098501464748
0.956902566778186	0.734555045157672
-1.27873173123899	0.90423664025219
0.804456292999478	0.715521558347447
0.512626655127821	0.437902246353115
-0.829006407229337	0.606011767977316
-0.359369143638256	0.231145767097351
-0.581926773938707	0.277615561483504
0.921407174037824	0.552510092381016
1.5044339820317	1.26695825260079
0.745274263767946	0.543557664143171
-0.0121579779232437	0.00569550785644836
-0.795303913358609	0.428996144102514
-0.19168054449394	0.0841002189352164
-0.510381448501776	0.185343391604108
0.710085189501082	0.546546191806679
0.396977175798824	0.260262280706806
0.533625086929812	0.412917619904508
-1.01637790533487	0.731279019263317
-0.389563638808408	0.27692012049515
0.0837040002746334	0.0457264227156212
0.546121242988762	0.399824708536786
0.142540946604567	0.0894530191286025
-0.359462470535084	0.23113703547269
-0.320471387299354	0.184979124807724
0.265187505743766	0.175463990706954
1.0823126058919	1.0885571514316
1.03610915310578	0.754122517881413
-0.191768903144085	0.0841252697608303
0.789112861032958	0.543795507562315
-1.7446907684082	1.58920234205368
-0.0121457735954574	0.0056898242385988
0.598378969448173	0.365092189435562
-0.795393581006976	0.428915099435138
0.77079981160721	0.350840110911968
-0.0122605095556772	0.00574388910137581
0.116311642762167	0.0682935907870279
0.142393336926836	0.0893680462941138
0.398739576205207	0.277649982107566
1.06311659873134	1.24224402071415
0.120240788194207	0.0539451931203284
0.844152537341915	0.546273411772544
0.804395515067917	0.715369169399287
-0.0757702252060367	0.0473280540132409
1.20490239363088	0.970865504289273
0.378847621753956	0.200589252322247
0.388762997440806	0.222873844908431
-0.359446060402219	0.231222563721811
0.578043836574162	0.376548516431563
2.03214325566394	2.31161252262687
-0.359414427010868	0.231205255371581
-0.174488957080222	0.0912196505661504
-0.104317072987356	0.055793431428916
0.205152501413158	0.110394674120877
-0.707520363398452	0.478482018542316
0.230408455018106	0.133557500557427
0.379044329487515	0.200678939785108
-0.237449246408328	0.139810882843141
0.512505716325533	0.437786395093717
0.369606368030708	0.158007050490895
1.5203980031558	1.0871767114521
-0.579995825522594	0.321935655455757
0.771745171623263	0.351293543815406
-0.400431516798051	0.199643913265594
0.394037095127064	0.242198458278005
0.396946359398261	0.260264642197304
-0.320512862899764	0.185045864651848
-0.0759524292625344	0.047450400201703
0.399613969838884	0.294688810700674
0.398768394915405	0.277639469297583
0.265092298747584	0.175395495110731
-0.943915148975872	0.276710030090892
-0.389424342727476	0.276838214762351
0.845403397482506	0.716477278446178
0.745353449875489	0.543725661610116
0.142402398242811	0.0893691754404031
1.03033732039671	0.912314939032483
-0.191765997402019	0.0841406045300469
-0.0876742818866323	0.0399207835370522
-1.40923601283174	1.06895555446208
0.120240788194207	0.0539451931203284
0.546200658028452	0.400007575079535
0.0835896232229875	0.0456627648321035
-0.359366029703826	0.231147371654073
0.845357394981786	0.716264318065732
0.205270774822767	0.110453605323913
0.0588184960278527	0.0233556454638202
0.365294456714284	0.175642850880005
0.170170551402025	0.0842873863496133
-0.575196062635016	0.357437611700666
-0.119103423183026	0.0730060951167675
0.709946354836921	0.546312175029216
-0.0935556981413233	0.0268478444964544
0.12011077257807	0.0538869679431261
0.598787043320876	0.365355326471793
0.388878599268322	0.222920598581283
0.681217412014632	0.552162893124724
-0.0060294645189049	0.00337358051439809
0.560670796042941	0.388152961154497
0.0837246652137574	0.0457243692910913
-0.0123423441710936	0.00578321495826335
0.745393073383296	0.543751429172607
-1.52973066725944	1.23796188703595
0.205185767371981	0.110419404112476
-0.842573501506563	0.367295334988531
0.398820137099835	0.277814185387544
-0.575306066526481	0.357587683954408
-0.795391084685964	0.429117695674088
-0.842217165704752	0.366945966505995
0.230528840720756	0.133684195378615
-0.453526186148828	0.286869848352417
-0.884519156846644	0.588683549507875
-0.26842377376637	0.13725791720775
0.365465936752018	0.175750334952689
-0.0060016948213122	0.00335844422206687
-0.104477889336515	0.0558619909149075
-0.453405782898379	0.286655045447907
-0.884701326330879	0.588899170884722
-1.33204640906765	0.762295394245592
0.89501413331941	0.7229673356002
0.0423185594731741	0.0213690212508505
-0.707483167259965	0.478381265464696
0.369281560627773	0.157849816719288
0.956817602945034	0.73449782097703
0.365383221309839	0.175644838187833
-0.88446244260996	0.588586753525836
-0.429684759665462	0.243380527933264
0.120004743026815	0.0538382787021705
-1.51832895997772	0.959438617553198
-2.28309382198991	2.11584397704076
-1.11070663736419	0.563156850939472
0.57798860447689	0.376498020652567
0.598397427711216	0.36507558725869
0.170476674244241	0.0844252521338301
-0.580349831282464	0.322341566730602
-0.389476754562305	0.276862657049257
0.205292488330032	0.110454624519565
0.116283881027503	0.0682728259310458
-0.740463975085828	0.452748151314771
-0.323267030849328	0.132664766624666
-0.707481746061678	0.478444102656824
-0.429925595459858	0.243580051469603
0.921235649259864	0.552124828295716
-0.580603062995071	0.3224974752442
-0.171888954875426	0.103262528114191
1.49179136008629	1.43008822900997
-0.941238145850106	0.739668689417814
0.378643955473557	0.200452340941438
1.2852041955349	1.49616103786055
0.844152537341915	0.546273411772544
0.37882650870246	0.200579110731171
0.396956601925935	0.260280489844571
-0.104279967239532	0.0557741192149482
0.598573351737047	0.365281015830231
1.30486468137096	0.824125195871887
-0.429742023619485	0.243444703250539
0.388508587019126	0.222685278769995
0.560631884952499	0.388100936597873
-0.687520229381907	0.510338037259701
0.230531263789727	0.133644880434377
0.394117191437341	0.242261105143043
0.249999051633764	0.155110314569276
-0.453489360946646	0.286816989972648
-1.32001686383179	1.32973422059214
-0.453528065982023	0.286864929800277
0.635653679845723	0.567004683066437
0.23052811985298	0.133680230051694
-0.884519156846644	0.588683549507875
-1.13712456026234	0.87876657298231
0.681111642733935	0.552107188973364
-0.581854188280408	0.277697073220254
-0.707443658199716	0.478269996325902
-0.739986888238759	0.452140401415943
0.578073386398327	0.376592353319862
0.205185767371981	0.110419404112476
0.623050316446066	0.352135083519687
-0.429684759665462	0.243380527933264
3.0627176862587	2.47914138007666
0.378621720444965	0.200461497743518
0.0836243033187161	0.0456856938071087
1.77585650684839	2.32511494892837
-2.28305501991344	2.11674789280476
0.0423576214530844	0.0213884261189087
-0.707560579726294	0.478472244119477
-0.0875468540215103	0.039864629429921
-0.400279254651867	0.199611151597535
0.205241089187748	0.110449762702166
0.230491731594332	0.133617848163119
-0.268921114931938	0.137530879122937
-1.33184073883393	0.762330697096292
0.120004743026815	0.0538382787021705
-0.471983720538918	0.329803774497151
0.623156321552976	0.352260784925711
0.119745583702531	0.0537078184456366
-0.0496334179813041	0.0271330956337154
0.0835342879830215	0.0456228196682606
-0.453527147708742	0.286874832407521
0.845312134102629	0.716282121231874
-0.79555987545679	0.429146870875061
-0.174683567543954	0.0913208124398447
-0.575218613589162	0.357443211501799
-0.005974931279798	0.00334374083564817
1.71208267459955	1.36350371897319
0.804507633896736	0.71535203934636
-0.575221956505582	0.357508938560049
-0.740455350283803	0.452583296187809
1.03037825326825	0.912308947759393
0.788915434623596	0.543565502886135
3.52199665023985	3.54700813138808
0.250079109280363	0.155132176204358
-0.795641716677105	0.429218074573229
-0.57527646214444	0.395424069521758
0.205126733349182	0.110389989862704
0.142358931930559	0.0893394124720293
-0.284610968668376	0.186565346958041
-0.575280127168348	0.357541128183675
0.623522821357487	0.352458134850505
0.70990523550808	0.546195122866389
0.845371254868562	0.71651170385825
0.837490946701737	0.879348702818205
-0.740271693618544	0.452632126761163
0.170365107743381	0.084383949304422
-1.27862430640304	0.903655705374731
-0.0060016948213122	0.00335844422206687
0.533685861688125	0.413015889097383
0.394000624585323	0.242065310766637
-0.119164091334129	0.0730446137848314
0.84532399478612	0.716277544290757
0.845376767973602	0.716393414539704
-0.795557467610568	0.429227305973378
-0.0878015157368662	0.0399693124034044
-0.0122154413396054	0.00572317029003499
-1.94983813164553	1.53379618716286
0.0836103669312504	0.045666856274849
-0.429982454183801	0.243596650316567
-1.51833043539071	0.958870682315724
-0.707480143436695	0.478397987358348
-2.38285146634582	1.52477404740462
0.745353938169583	0.543696369311969
-0.58240867117599	0.519701301410268
-0.320512862899764	0.185045864651848
-0.707482479345284	0.478426084681255
-0.889464244954327	0.760574825104186
-0.171941842769072	0.103292339313764
-0.00609959066529759	0.00341188683804713
1.15420852281036	1.11162580776937
0.745393073383296	0.543751429172607
0.917854759899421	0.888901372402461
-0.472117480236258	0.33002701814581
0.398766246990826	0.27772283373175
0.0836139988449978	0.0456801177731202
0.388496332191838	0.222697111196915
-0.174683567543954	0.0913208124398447
-1.08487890788152	1.1907339456775
-0.268516230467572	0.137314152183712
-0.580244728564168	0.322288315069047
0.53380740996506	0.413071526569369
-0.575302897931052	0.357517752740987
-0.575276993342195	0.357560747477759
-0.400150141167734	0.199526819273677
0.546146298287035	0.399938901295841
-0.268608623749507	0.137354005666895
-0.976620884568423	0.58466531707052
0.388553749445873	0.222747063630089
-0.795303913358609	0.428996144102514
-0.0876522636543796	0.0399151556854039
-0.268617700571665	0.137383094548257
-0.85248168988723	0.788612979439917
0.0837040002746334	0.0457264227156212
-0.472037251876793	0.329944781713068
-1.33191294548162	0.762213136261659
0.844545950702728	0.546418242589737
0.0836487181970986	0.045700188709168
0.95689862688858	0.734589435516779
-0.453448946127104	0.286791526836624
-0.191594955374977	0.0840523906515105
-0.006001151876493	0.00335806255735303
-1.01637790533487	0.731279019263317
-0.284687485483476	0.186609201865116
0.0586752350175879	0.0233026661375095
-0.268626755667087	0.137386831811978
0.0587479747293442	0.0233295790834769
0.293455901748275	0.228895752868812
1.03583114331306	0.753586810070588
-0.26842377376637	0.13725791720775
1.48075549560036	1.59386262780574
0.0423576214530844	0.0213884261189087
-0.359366029703826	0.231147371654073
0.623050316446066	0.352135083519687
0.623050316446066	0.352135083519687
-0.580328075774064	0.322185368349542
-0.284585308684648	0.186549194271429
-0.884714004488368	0.588902910387814
0.205181952499019	0.110420289382553
-0.0122727931927386	0.00575042631266952
0.0582232519826571	0.0368768731450213
-0.707521172971948	0.478490781085457
0.917733398133438	0.88873338815086
0.205075221343872	0.110332408266124
0.12011077257807	0.0538869679431261
0.16996730234134	0.0841624907926557
1.20464806149762	0.970319578051898
-0.359352119582051	0.231055021458661
0.921238684730593	0.552324794055389
-1.33219107490084	0.762172974560522
0.966205550579862	0.365071432394427
0.578073386398327	0.376592353319862
-0.17180932375786	0.103189231028255
-0.359483789117477	0.231208438761709
-0.174573431544604	0.0912716571979923
1.03039249606123	0.912518503708076
0.577933404864359	0.376418315640524
1.12033485874164	1.26278613474069
-0.414029001688659	0.322249142891371
-0.174540515247827	0.0912397503894302
-2.17999440497816	1.92003282727069
0.120028551647769	0.0538416400422945
-0.237414532605328	0.139762196453711
1.10694319741214	0.935552061811469
-1.74469912925562	1.58951483703853
-0.174518314964367	0.0912348516528442
-0.10435836928934	0.0558246704842912
-0.453489360946646	0.286816989972648
0.116390687051258	0.0683388411885374
0.393958723380873	0.242166010414656
0.770438655215179	0.350662431796396
0.623498793602424	0.352474627314365
-0.829087361933432	0.606402072678441
0.844245436694145	0.546340791689674
-0.174518314964367	0.0912348516528442
-0.687637637733511	0.510461189365532
0.277035391987079	0.194387737059286
-0.707442298978329	0.478332862516679
-0.575221956505582	0.357508938560049
-0.0495954996091126	0.0271153340901365
-0.0497103073810723	0.0271767660161972
0.276957543704097	0.194350081764933
0.804587260220889	0.715597886499733
-0.575293922597054	0.395428784130361
0.745432717216464	0.543739764183929
0.39395926482031	0.242165352884471
1.036313711147	0.75383818477021
-0.884575760396575	0.588743079775032
-0.0059172843450083	0.00331084657642765
-0.707603643638737	0.477931619405027
0.230490012836691	0.133653431840519
-0.171836068945693	0.10322097731699
0.170272425689712	0.0843399388739337
1.83687648660533	1.20254338962645
0.365462810263777	0.175771126538925
1.05987776781758	0.577885042568082
0.205292488330032	0.110454624519565
-0.400044413240096	0.19944341681556
1.10706148824685	0.935941427611023
-0.323178299118294	0.132626269521487
0.894893128141141	0.722659772003715
0.170059671984345	0.0842063275246382
0.265108283975774	0.17540522549737
0.560630437830936	0.388074284865715
0.388693203120202	0.222849389931697
-0.322080835282473	0.232665105263614
0.956979653769688	0.734369174662345
0.120240788194207	0.0539451931203284
1.52040088773372	1.08726349047316
0.388866557100892	0.222888733927138
-0.171862804969046	0.103246873333961
1.79301694329778	1.77782672458408
-0.191763069164488	0.0841344545583103
1.79290661413978	1.7773789623566
0.378621720444965	0.200461497743518
-0.575276993342195	0.357560747477759
0.398846314286367	0.277838106957553
1.03629481154617	0.754146980180703
0.546191546545707	0.399994409087937
0.577907633653488	0.37634505805961
-0.575397929219746	0.395306511322362
0.533695257233642	0.412975657935759
0.745312944518501	0.543574984138107
0.369191566451795	0.1578145382159
0.249935880135386	0.15504472598293
-0.8291630429523	0.606447548597179
0.54615676959997	0.39993474012203
1.26777023866374	1.32068003002746
-0.0874192319868208	0.0398048854826958
0.369785495549136	0.158102799873415
0.394037916789735	0.242247660525564
-0.0124241753236879	0.00582014340182899
1.03580356553189	0.753459187563453
0.169884086577812	0.0841182875246922
-0.0122276726897269	0.00572835891609193
0.394038920805071	0.242228624143532
-0.104399592297262	0.0558404234022689
0.20515621128702	0.110408160639295
-2.18909800438184	1.26985288518349
-0.268829073303447	0.137474874094529
-0.191600968462381	0.0840252559426154
-0.0873025425552024	0.039747500646423
0.180831438170182	0.127660399419406
1.14135042570868	0.78055702486602
-0.976388308966963	0.584207226036347
0.170253854508655	0.084308299304193
0.577878237708533	0.376301376399475
-1.33197678245378	0.762263841197909
1.36658099962445	1.36613488460815
-0.00592137793584026	0.00331386531753274
0.396911610810945	0.260226883174291
0.656717204443404	0.559169329487844
0.170170551402025	0.0842873863496133
0.578043836574162	0.376548516431563
-0.575276993342195	0.357560747477759
-0.674205761063196	0.546865615756665
-0.237608662256333	0.139886971598541
1.20463576144653	0.970174679839973
0.560671511271766	0.388152242066617
0.230487760154232	0.133641469554507
0.394037916789735	0.242247660525564
0.668406126703993	0.343748672064122
1.06021873399349	0.577924233695351
-0.429913148081275	0.243543922037474
-0.237573967425114	0.139884696422554
0.0836487181970986	0.045700188709168
-0.0122973225407363	0.0057607405665406
-0.268525347797909	0.137326910041535
-0.0496334179813041	0.0271330956337154
0.378727390829471	0.200531723202199
0.250014782945648	0.155101270481126
0.972195259341674	1.05858838395181
-1.40927863953749	1.06900153922817
-0.575318237617244	0.395483995236497
-0.581713996592567	0.277573942253515
-1.01643508791037	0.731267857066174
-1.24921980676995	1.03276052609911
-0.687645531220509	0.510520092573715
-0.359379722216434	0.231174306033593
0.577937107683428	0.376356644475187
-0.17459926023523	0.0912855489687525
0.0423185594731741	0.0213690212508505
-1.5184112689232	0.959430498339099
0.170170551402025	0.0842873863496133
-0.323339890211829	0.132668745971559
-1.33183784740398	0.76195967435052
-0.580244728564168	0.322288315069047
-0.171916249530567	0.103284333532777
-0.889463579566372	0.760377202422324
-0.707482479345284	0.478426084681255
-0.740372218460723	0.452702879152707
0.681190268442902	0.552058092711094
-1.33197952685661	0.762634981562714
-0.500715362469742	0.418186791686408
-1.82062649121245	1.3425298079602
-0.576535215412935	0.435254049983466
0.0587457894570351	0.0233313383669741
0.170281743912202	0.0843350879613783
0.745313846676038	0.5436625102872
0.116390687051258	0.0683388411885374
0.623286300486041	0.352340568865308
0.365631508218467	0.175855733280783
0.230449616124751	0.133620924510745
-0.104397923721841	0.0558438585660396
-0.174683567543954	0.0913208124398447
-0.453484702733794	0.286786318132861
-0.884519156846644	0.588683549507875
0.745274263767946	0.543557664143171
0.921407174037824	0.552510092381016
0.0423581224798044	0.0213887511464096
-0.453484702733794	0.286786318132861
-0.0496302816821721	0.027135851275683
0.921238684730593	0.552324794055389
-0.0122276726897269	0.00572835891609193
0.560709830432059	0.388151674306149
-0.472169787007076	0.329997991015278
0.20515621128702	0.110408160639295
-1.11095419840965	0.563287274191042
-0.320511550772078	0.185038220306322
-1.40916725954337	1.06883587092141
0.394037916789735	0.242247660525564
-0.237508265376135	0.13986368143934
0.560670124227051	0.38812563402852
1.03034750926467	0.912449882956028
-0.00190672948753378	0.000649411384947845
0.578043836574162	0.376548516431563
-0.19168054449394	0.0841002189352164
0.623416485882467	0.352373168461279
0.369947629246914	0.158137464148818
0.917794079167711	0.888873202984741
-1.27873173123899	0.90423664025219
-0.0875468540215103	0.039864629429921
-0.268626755667087	0.137386831811978
-0.829164181524425	0.606473226288315
-0.400173652945427	0.199527805530166
-0.0495502533430002	0.0270872836979097
-0.19168054449394	0.0841002189352164
-0.171916249530567	0.103284333532777
0.205211481751657	0.110438490596475
0.265075171393988	0.175390756254714
1.24274961349588	1.14719051054955
-0.104357499932016	0.0558222115623603
-0.981113561951239	0.894366530520498
-1.68009156842078	0.744218155905003
0.369533728475468	0.157989232089938
-0.268626755667087	0.137386831811978
0.397060876249313	0.260295620428616
-0.575218613589162	0.357443211501799
-0.88946547353368	0.760587091874175
-2.06930914932304	1.72595109769969
-0.453527147708742	0.286874832407521
-0.191848441999651	0.0841748012731843
-0.889491680689948	0.760678091636314
-0.575247842369215	0.357512901650038
-0.740078977484018	0.45240201762335
-0.0124241753236879	0.00582014340182899
0.398820693400698	0.277780946825633
0.120028551647769	0.0538416400422945
0.894932884780421	0.722709805257089
-0.792079152903842	0.632599435529008
0.170161317325234	0.0842725965010529
0.249950414270769	0.155064825728373
1.60098274589515	0.90631524989093
-0.191845547241302	0.0841467637805134
0.0423982212440437	0.0214062491591895
-0.104320343754685	0.0557980556015589
-0.934217640516816	0.917761673779971
1.0359237496115	0.753843255594232
-0.174540515247827	0.0912397503894302
-0.829049644477101	0.606081330547411
-0.941338900067484	0.739857927489091
-0.284721778752584	0.186641819223279
-0.976852932436996	0.584831668326988
0.120240788194207	0.0539451931203284
-0.284638301267164	0.186600808077093
0.894894382386493	0.72293105384348
-0.284690749169628	0.186622122631434
-0.104439186947234	0.0558548380143883
0.789124946179673	0.543928830463125
0.365545538878326	0.175812862473331
-0.510381448501776	0.185343391604108
-0.0873970675291552	0.0397928350708459
0.956843336205729	0.734548363620484
0.578073386398327	0.376592353319862
-0.0496859935586384	0.0271630129061038
0.36935409343749	0.157893264397153
-0.268525347797909	0.137326910041535
0.378471825884376	0.200278867870119
2.23172580596379	1.82118701494867
-0.4297991763118	0.243493611717284
-0.400326091384667	0.199507059271734
-0.323267030849328	0.132664766624666
-0.795391084685964	0.429117695674088
-0.174433756826449	0.091173995456772
0.844234892233116	0.546210584782712
-0.829087361933432	0.606402072678441
-0.359424999637583	0.231221859869823
0.956983629109388	0.734621121449141
-0.576642941443871	0.43542643357362
0.410319402185388	0.149749375016411
-0.26842377376637	0.13725791720775
-0.84228614531331	0.36699626824262
0.116363971797762	0.0683270914761228
-0.174518314964367	0.0912348516528442
0.12034702103488	0.0539879293877707
0.170059671984345	0.0842063275246382
-0.0873970675291552	0.0397928350708459
0.598582673007789	0.36530237473833
0.668408321489857	0.343877341929885
1.83628959712708	1.20186314230777
-0.191851314271925	0.0841724378088938
1.10694379053617	0.935414436193971
0.560790508926747	0.388151172047753
-0.829126855391428	0.606456974810141
-0.320472080549721	0.184999887675071
0.56074898823795	0.388095054136209
0.393999376174225	0.242196655610477
-0.0875247626795585	0.0398554643821223
1.88357604575587	1.64352972569819
0.369533728475468	0.157989232089938
-1.35322164771661	1.18991841115085
1.20490239363088	0.970865504289273
-1.01623661359486	0.730952335251491
0.681005865482052	0.551768780177403
0.0588865751858242	0.0233783657021054
-1.51799840902895	0.9585752575256
0.170653017171548	0.0844853619183757
0.578132720644533	0.376583680720049
-0.740262966664053	0.452575713375946
0.36935409343749	0.157893264397153
1.355606935422	1.19630008070769
0.38842674464191	0.222615317705505
-0.0121701696544959	0.0057003464533006
-0.707521172971948	0.478490781085457
-0.323339890211829	0.132668745971559
0.578014364927905	0.376465316524239
-0.0496163561986371	0.0271235053217809
0.956872912425269	0.734592065785687
-0.0120882381999243	0.00566213416702119
1.20518203398711	0.970599872502992
0.205185767371981	0.110419404112476
1.14192974686826	0.78033595047293
-0.795391084685964	0.429117695674088
1.20490239363088	0.970865504289273
0.058820707747059	0.0233483982594972
0.12011077257807	0.0538869679431261
0.578018102972575	0.37654181246198
1.107101141716	0.935935134850516
0.399744392055642	0.29473487448364
1.10702234056283	0.935869287440499
0.169976433422897	0.0841776092708832
0.0292500203795323	0.0173948579542365
0.205207701750601	0.110416794371153
0.533746636034345	0.413067538467052
-0.389484999204693	0.276907121635781
0.39411807088477	0.242241986020776
-0.575280127168348	0.357541128183675
-0.0403435135691292	0.0256657888017985
0.265014399050589	0.175330401907475
-0.976470386658705	0.584506017782514
-0.576457195596744	0.434898150754609
0.957098731918796	0.734384407639284
-0.171969135860426	0.103312109320044
0.968692503557349	0.897547863560656
0.24997468863786	0.15509621575848
-1.51840982581887	0.959105734342332
0.396876878494454	0.260171257683474
-0.472116273477145	0.329958473410546
-0.0123546421621991	0.00578834044022463
-1.04530177999451	0.877658231921944
0.265055288355798	0.175347226680754
0.560630437830936	0.388074284865715
-0.472143034812452	0.329985654738787
-0.941200567893317	0.739324791643339
-0.389528428592558	0.276953055673641
-0.580349831282464	0.322341566730602
-1.40145141837461	1.48949975906094
0.058820707747059	0.0233483982594972
-0.359480816044885	0.231235355347662
0.230569216915851	0.133699107004068
0.170467253006703	0.0844304182125656
-0.429729682244518	0.243410444866458
-0.320513993115958	0.185013055249382
-0.7400701483229	0.452397258194513
-0.0124689471286401	0.0058422046791081
0.116390147511187	0.0683382847723855
-1.74465346754557	1.59009792176986
0.844142036023125	0.546193480334791
0.789322859716972	0.543883565212465
0.709995212937178	0.546527977701222
-1.35318719370295	1.19037012647783
-0.237508265376135	0.13986368143934
-0.119103423183026	0.0730060951167675
0.163613102134189	0.109138593624859
-0.00602792446630063	0.00337277124820236
-0.320552374954212	0.185067543761871
-0.104321052984697	0.055792102665587
0.533720104577383	0.413008842838689
0.116338984842372	0.0682905603279237
-0.320514489979456	0.184979565622572
-0.171863365176674	0.103245804873814
0.170272425689712	0.0843399388739337
0.0836282440820218	0.0456824762391885
0.170365107743381	0.084383949304422
0.39700159284157	0.260302023027962
0.0423185594731741	0.0213690212508505
-0.0496642755953508	0.0271477830020713
-0.268626755667087	0.137386831811978
0.396977175798824	0.260262280706806
-0.174628515728416	0.0913006915587617
0.170355770620737	0.0843670955703796
0.710085189501082	0.546546191806679
0.0836978238109579	0.0457144178606301
-0.268626755667087	0.137386831811978
0.230569216915851	0.133699107004068
-0.575318237617244	0.395483995236497
0.169865927375416	0.0840800460895946
0.39395926482031	0.242165352884471
-0.2687279974696	0.13743703950627
-0.47209074660014	0.330014700185048
0.388878599268322	0.222920598581283
0.560631139693429	0.388101630778108
0.533659327619197	0.412955385769674
-0.707520363398452	0.478482018542316
1.28524269562538	1.49611856384354
-0.237542907484709	0.139878710803409
-0.4534876275693	0.286851758282326
-0.0122973225407363	0.0057607405665406
0.398819616028579	0.277815329640886
0.546167269096049	0.399901540034206
-0.575262792708149	0.395475278382787
0.277113507100212	0.194369949390329
0.397015905434803	0.260292076183669
-0.255753456547691	0.207229692711149
-0.579423131759563	0.47709015983774
1.03029853386345	0.912243232163703
0.598397427711216	0.36507558725869
0.250033880806253	0.155122672155995
-0.104397923721841	0.0558438585660396
0.560708677218171	0.387998620395588
-0.740254218108245	0.452348895145515
-0.976342465158624	0.584299149658856
-0.580016262315733	0.322066841910722
0.745392661819511	0.543732026195375
1.0359237496115	0.753843255594232
-0.268608623749507	0.137354005666895
1.30508046895977	0.824575739632389
0.844256005489486	0.54634206000507
-1.35312886937511	1.19019937397542
-0.191512303756222	0.0840051241110584
0.0423592611971083	0.0213859834041211
0.894856193528215	0.722820244820785
0.804684546918659	0.715197900383282
0.845416497078957	0.716483579132327
-0.57525108074046	0.357535915462596
-0.359411288891954	0.231191559725985
-0.941283244654749	0.739828831087645
0.0835689978452454	0.0456494284522933
0.560630437830936	0.388074284865715
-0.829204701273401	0.606271763660929
-0.320512862899764	0.185045864651848
0.598777597268071	0.365412486093334
-0.389580857357101	0.276970170158891
0.230450440407156	0.133617280023361
0.369874827624987	0.158094504412344
-0.40036136937727	0.199570942819307
0.249884192894728	0.155003068803888
0.396981124268762	0.260286380908059
0.956677659228112	0.734069622881151
-0.575241891791028	0.395404439137203
-0.322088589032678	0.232690098035574
-0.580476543617623	0.322432153035535
-0.268719004618864	0.137442961534784
-1.70850726645478	1.8699972094141
0.230488467651288	0.133653113546507
-0.174463165959568	0.0911892241190449
0.205130478099973	0.110380892749031
-0.792000132916884	0.632605847321654
-0.32342872014596	0.132754800981013
0.745432336831889	0.543720392347431
0.578124823998584	0.376482385169237
0.37882650870246	0.200579110731171
-0.884770354939938	0.588923492607131
0.119769233618733	0.0537209607675883
1.50433248033585	1.26702409393016
0.393998820278763	0.24221496570692
-0.429742023619485	0.243444703250539
1.58610914963769	1.83101152462205
-0.10439877968516	0.0558435022103617
-0.00248972421612113	0.000848968227417177
0.578269214397211	0.376577997276523
-0.795473084150557	0.429189025577302
1.14179923117988	0.780574229555631
-0.400431516798051	0.199643913265594
0.119980963262918	0.0538242500271638
1.24263164121761	1.14640513989076
0.668481033440034	0.343942560095741
-1.6784015336866	1.15386732162851
-0.224032117734982	0.149465241808125
0.788997378530188	0.543852581801781
-1.40151194135361	1.48961431489165
0.709925736039286	0.546339306529608
0.745274263767946	0.543557664143171
-0.119077183004402	0.0729893994545596
0.27691422571419	0.194313899662351
0.95692825447083	0.734633189363389
-0.829088311278774	0.606329534231876
0.230450440407156	0.133617280023361
-0.0122973225407363	0.0057607405665406
0.120371010324869	0.0539982926783083
-0.00597437053769192	0.00334320528919528
-0.9412560623492	0.739612823495909
-0.400255793183877	0.199576929984158
0.598480737929632	0.365218365480648
-0.266110836881102	0.195268169545704
-1.67852612172773	1.153971021526
-0.740078977484018	0.45240201762335
-0.0124689471286401	0.0058422046791081
1.15420852281036	1.11162580776937
-0.429660143379213	0.243270390232642
0.522640976531566	0.425575671036713
0.388565964607091	0.222757123212129
0.578018102972575	0.37654181246198
-0.976388308966963	0.584207226036347
-0.687624328798652	0.510560384911085
-0.580371561309725	0.322378988803852
-0.429811544627333	0.24349758007301
0.265081519963287	0.175388771904212
-0.829086369388326	0.606441524864473
-0.191515355135744	0.0839848152647417
-0.0875689197015273	0.0398659159045397
-0.429786795407442	0.243444148307166
-0.049605941996654	0.027120013911584
-0.00594870335486252	0.00332924516804532
0.894974427264456	0.723012047209108
0.709981039126581	0.546426445722382
-0.884882724480233	0.58881605155802
-1.24918171972354	1.03274207099917
-1.13557312432465	0.741984670388943
1.2049145732705	0.970896458378593
-0.359526088458979	0.231209954139583
-0.453527147708742	0.286874832407521
1.56255557967612	1.99648749235713
-0.284721778752584	0.186641819223279
-0.0878847859419584	0.0400172638558478
0.0423586690649514	0.0213879798283963
0.578018102972575	0.37654181246198
0.668553738709177	0.343855559500313
1.15419221777161	1.11155259651657
-0.687624328798652	0.510560384911085
-0.707483809794263	0.478307623762849
0.399604873824898	0.2946743611885
0.20515621128702	0.110408160639295
-0.58178160921078	0.277642461693518
0.23052811985298	0.133680230051694
-0.0495850290263104	0.0271094689755234
-0.829166329192802	0.606426553894009
-0.174544124873814	0.0912564848517119
-0.889518476363683	0.76068246749169
0.205266784752764	0.110460669177488
0.277000858389162	0.194377257837477
0.709995212937178	0.546527977701222
0.837630774678996	0.879692504646918
-0.400384780578106	0.19966118834964
-0.268507091440049	0.137275421862829
-0.0760970557397686	0.0475366966638306
-1.52962043558558	1.23854340721279
-0.323606841794993	0.132787041663478
0.709981039126581	0.546426445722382
-0.173915247960461	0.118013207969083
-0.707519508503827	0.478444598517908
-0.389658739115324	0.277021996645502
0.37905503325571	0.200600469885003
-1.13720509457281	0.878733138277397
0.276957543704097	0.194350081764933
0.230567791841672	0.133698864313426
0.714583367809151	0.722524209493018
-0.320550245572636	0.185039040731163
-0.174657693246584	0.0913100721629379
-0.581994808915607	0.277702693030477
-0.00600057477221205	0.00335732581768998
-0.223997400649952	0.149417113869312
0.577959184122381	0.37641487267881
1.33430767166807	1.01938904096222
-0.320513993115958	0.185013055249382
0.845346905873374	0.716393381874769
-0.400255793183877	0.199576929984158
-0.580371561309725	0.322378988803852
-0.843863375788914	0.367829803784868
-1.45022307596246	1.35229662165663
0.533668738015448	0.412985803670079
-2.18010154575006	1.91779238775968
-0.580349831282464	0.322341566730602
-1.1372011518517	0.878877855828895
-1.04540091106297	0.878624339051669
-2.0693630330825	1.72595411557521
0.0836139988449978	0.0456801177731202
-0.976388308966963	0.584207226036347
1.32436602519462	0.631710688508099
1.14135042570868	0.78055702486602
0.398925379879744	0.27784571120507
0.745354472025364	0.543607393786942
-0.976598104893979	0.584662631574268
-0.0122398914365767	0.00573275860786979
-0.707483167259965	0.478381265464696
-0.707561374899847	0.478454287577905
-0.429754352431401	0.243433445629051
-0.171888954875426	0.103262528114191
0.0836937122363792	0.0457231254747843
0.771384657824967	0.351194621180954
0.388623453802359	0.222807132021994
0.709915470992916	0.546289369553832
-0.510665083637769	0.185396417332941
-0.429994928475187	0.243602180977508
-0.32351770392979	0.13279342860992
-0.976725620080584	0.584772285236741
0.0423581224798044	0.0213887511464096
-0.00190672948753378	0.000649411384947845
-0.7400701483229	0.452397258194513
0.623156321552976	0.352260784925711
0.394077141483602	0.242247453289519
0.393919157098396	0.242093915138356
1.61599789489516	1.67210704534538
-0.766196670455503	0.664951272625727
-0.0495881410646249	0.0271035524287825
-0.739986888238759	0.452140401415943
-0.829087361933432	0.606402072678441
-0.580244728564168	0.322288315069047
0.396977175798824	0.260262280706806
0.56078930232971	0.388124724122901
0.0423175407555787	0.0213672432919553
1.49183000363258	1.42984958407953
1.36659120174551	1.36647132366869
-0.32342872014596	0.132754800981013
0.37903365004806	0.200695229132283
1.33441099968333	1.01935277897555
1.50442489963283	1.26732282797632
0.378727390829471	0.200531723202199
0.546226339378666	0.400029781886946
-0.453528065982023	0.286864929800277
-0.740262966664053	0.452575713375946
1.6562658600108	1.51972600313093
0.894854705698613	0.722832834186091
0.577962852066937	0.376462056263808
-0.884783059865906	0.58874017749367
0.365714364360966	0.175875869700692
-0.580349831282464	0.322341566730602
-0.884895508072574	0.588736737689298
0.116230996942803	0.0682334655645666
-0.510381448501776	0.185343391604108
1.33431810097726	1.01922986342603
-0.941325320078651	0.739833669250325
-1.11037257681918	0.5626800271598
0.533702983875235	0.41302357964498
-0.104317955751367	0.0557991159685809
-1.13527992521096	0.741172204466083
1.61599789489516	1.67210704534538
0.623238534198675	0.352266810403192
-0.174683567543954	0.0913208124398447
3.38199586307426	3.19896385548288
1.79318268061791	1.77757219186152
-0.792107686861037	0.632486333749487
0.560673071961797	0.388052502845993
0.365374010466483	0.175640839643231
-0.268617700571665	0.137383094548257
0.0423982212440437	0.0214062491591895
-0.174518314964367	0.0912348516528442
-1.13544780775655	0.74188588614203
0.170365107743381	0.084383949304422
-0.453527147708742	0.286874832407521
0.789009542854592	0.543863079094428
0.921324434956384	0.5524265305633
0.396936146469818	0.2602327506778
0.53369356237937	0.412901819370207
-1.6784015336866	1.15386732162851
-0.320512229568985	0.18504719516924
-0.104317955751367	0.0557991159685809
-0.320591866789526	0.185070076583314
-0.359358536869882	0.231103002500519
-0.575137634129499	0.357362692467294
0.789009542854592	0.543863079094428
-0.79563934189504	0.429120616122865
-1.67829822317506	1.15315867650137
-0.580603062995071	0.3224974752442
1.30501426911843	0.824612267549947
-0.740472578230699	0.452738938330306
-0.174625080884339	0.0912854195393808
1.10698275884907	0.935748026301423
-0.429856217784491	0.243527269122507
0.378493961987734	0.200357375434109
0.396966874057929	0.260280317934537
0.365551881767153	0.175771484479818
0.369533728475468	0.157989232089938
2.04426571351631	1.50777232167954
0.0586045725612464	0.0232714078261316
0.170050522147843	0.0841594106637196
-0.976470386658705	0.584506017782514
-0.104397923721841	0.0558438585660396
-1.13557312432465	0.741984670388943
-0.429786795407442	0.243444148307166
-0.976725620080584	0.584772285236741
0.0586708691176024	0.0232936285877414
-1.33191007996814	0.762528663311124
0.365377058174033	0.17570635540703
-0.237553290358037	0.139887377403942
0.844173612960025	0.546036342341556
-0.237618979454194	0.139875124814223
-1.13716291945289	0.878934444802947
0.769974220431325	0.716239503703253
-0.575238543494442	0.395420803834069
-0.400044413240096	0.19944341681556
-0.580371561309725	0.322378988803852
-0.399785317193078	0.199222256708182
0.578128702372086	0.376615585739378
0.230608848596398	0.133708611959684
0.533729511255781	0.413059845750498
0.578132720644533	0.376583680720049
0.560711157363661	0.388178233889262
-0.400020822389192	0.199426194116488
0.398792926930983	0.277777135794923
0.409457465256804	0.149381108415224
1.33459699451987	1.01932961633801
0.623392508810783	0.352425458002545
-0.174488957080222	0.0912196505661504
0.546135855147718	0.399917021497062
0.598573351737047	0.365281015830231
0.119875060412801	0.0537756254140837
0.170486117165694	0.0843965988464245
-0.976620884568423	0.58466531707052
0.56078930232971	0.388124724122901
-0.359390272612402	0.231190890343253
-0.0873970675291552	0.0397928350708459
-0.0496197888314195	0.0271299727345174
0.394038920805071	0.242228624143532
-0.284584759141434	0.186548168598305
0.598480737929632	0.365218365480648
-0.237418215912341	0.139762411161649
0.205185767371981	0.110419404112476
0.396991343747782	0.260302212223515
0.170087252377099	0.0842292700614622
-0.884714004488368	0.588902910387814
-0.237428589011479	0.139786515433505
0.769882799207503	0.715916877376461
1.03562787655092	0.75332859099718
-0.576642399663144	0.435459503434215
1.03039249606123	0.912518503708076
-0.26842377376637	0.13725791720775
0.378847621753956	0.200589252322247
-0.174374704227733	0.0911280503588134
0.205181952499019	0.110420289382553
0.62326240290656	0.352345581752505
-0.976470386658705	0.584506017782514
-0.575286950296263	0.395470517468643
-0.453529772656167	0.286799252702398
1.33431810097726	1.01922986342603
0.745313846676038	0.5436625102872
-0.320472728323707	0.18500883783832
-0.82908313258926	0.606361585227221
0.617194130569556	0.575405767249152
0.845376767973602	0.716393414539704
-0.429868625622534	0.243546443419877
-0.268626755667087	0.137386831811978
0.116363971797762	0.0683270914761228
0.230489218546085	0.133657096820458
-0.104356587212664	0.0558165072825962
-0.320552993853204	0.185056332829789
0.388635641929205	0.222799330565912
0.769854779979748	0.715119122667105
0.249995673770185	0.155084404582313
-0.191933678929107	0.0842065929843931
-0.0497103073810723	0.0271767660161972
-0.941283244654749	0.739828831087645
-0.268719004618864	0.137442961534784
0.396936146469818	0.2602327506778
0.623026548869316	0.352133124979863
-2.54824416464142	1.76441987002863
-0.174602660202585	0.0912810692303503
-0.0938482431519809	0.0269330261228933
-0.174488957080222	0.0912196505661504
-0.10439877968516	0.0558435022103617
-0.323178299118294	0.132626269521487
1.20499655382979	0.970604570047391
-0.0121701696544959	0.0057003464533006
-0.580139552543401	0.322178443064124
0.0294405025615783	0.0175061454391566
-1.52962043558558	1.23854340721279
-0.191848441999651	0.0841748012731843
0.449161679976785	0.125968053773896
0.745274263767946	0.543557664143171
0.921318274271045	0.552148273695748
-1.45022108362178	1.35222759602779
-0.575304240178868	0.395371119072592
0.668339794470315	0.343828614069647
-0.687600237888207	0.510532942612147
-0.575332008958251	0.395469840289597
-0.174683567543954	0.0913208124398447
0.921156072870382	0.552172581688307
1.0825137913988	1.08881513108269
-0.84164330581693	0.366637138097607
0.205211481751657	0.110438490596475
-0.400513563075863	0.199729099262418
0.0586066080559193	0.0232695963511978
1.30501002656905	0.824855468544757
-0.84228614531331	0.36699626824262
0.623368560595867	0.352394665675771
0.0836346373861601	0.0456890182021036
-0.268507091440049	0.137275421862829
0.668341817602373	0.343821264073672
-0.4534471860208	0.286796541603711
0.0587435559436112	0.0233296694197922
0.388553749445873	0.222747063630089
-1.11120215275118	0.563348609619044
0.745392661819511	0.543732026195375
0.668485331028372	0.343881888339176
0.845219457970412	0.715953254916703
0.789067188669125	0.543924706508862
0.394038920805071	0.242228624143532
0.577962852066937	0.376462056263808
0.0423571659955781	0.0213870028203468
0.082526796361491	0.0554303130984818
1.03609981704083	0.754094632826625
1.10702185510946	0.935885221644565
-0.300806976718868	0.240689917952381
0.399578572231696	0.294605018168037
-1.52959235860103	1.23848521961995
0.709995212937178	0.546527977701222
-1.45017766319489	1.3522539086962
-1.01618459373513	0.730687292676172
0.0422388999443572	0.0213245448072465
0.894936987859492	0.722545886134908
-1.24917920556393	1.03277338400394
-3.49384431182303	0.93610490497344
-1.08515209054121	1.19147072114432
-1.11111451347642	0.563062303687304
-1.35310757614286	1.1901513919354
-1.27853301138186	0.903936296677004
-0.171862804969046	0.103246873333961
-0.430007390140373	0.243532022871694
-0.581638953062479	0.27731083153181
-1.82023890994271	1.34247982951609
-0.976237354532631	0.584191915231461
-1.67852612172773	1.153971021526
1.33431810097726	1.01922986342603
0.23053041269172	0.13366829299905
-0.429925595459858	0.243580051469603
-1.68070949459512	0.744632683673561
-0.674422803190176	0.547254191761443
0.205296443575086	0.110471969951527
0.163354629328689	0.108946590257297
0.0423972358643515	0.0214067271227048
-0.0873970675291552	0.0397928350708459
-0.2687279974696	0.13743703950627
-0.453486695923122	0.286846798923099
0.388808660668062	0.222896051552016
0.119980963262918	0.0538242500271638
1.37794250222381	1.88369102875329
0.0423581224798044	0.0213887511464096
1.20496009589364	0.970744195528323
0.205296443575086	0.110471969951527
-0.580476543617623	0.322432153035535
-0.707560579726294	0.478472244119477
0.409379481895826	0.149355853828265
-0.0122276726897269	0.00572835891609193
0.668412566104476	0.343909313552279
-0.842217165704752	0.366945966505995
-0.429925595459858	0.243580051469603
-2.18887464496301	1.26943367833825
0.170365107743381	0.084383949304422
0.389018611964667	0.222879572850115
0.84434901377286	0.546409530474438
0.388693203120202	0.222849389931697
0.394037483159254	0.242231885268213
-0.5801177025606	0.32217404700399
-0.76595451536823	0.664752726021564
0.397011871554962	0.260283967448686
0.397036327893221	0.260307683516976
0.804412629089121	0.71539232069371
0.745433614820863	0.543621401408319
-0.005974931279798	0.00334374083564817
-1.27834194596086	0.903560898454798
0.623368560595867	0.352394665675771
-0.429627384409317	0.243299293054793
0.365545538878326	0.175812862473331
-0.0122031973667483	0.00571711009301839
0.394037916789735	0.242247660525564
-0.0878847859419584	0.0400172638558478
-0.32051005683072	0.184980830983559
-0.0874192319868208	0.0398048854826958
-0.740280398947646	0.452574775308571
0.396842162436403	0.260092200322743
1.60076130506037	0.907036493899438
0.623392508810783	0.352425458002545
-0.191512303756222	0.0840051241110584
-0.430064216872108	0.243565519688309
1.83592679693862	2.17307044802823
0.0292672913633562	0.0174051502905043
0.369696009095169	0.158067754520311
0.917828446365388	0.888830059566311
0.578018102972575	0.37654181246198
0.0423185594731741	0.0213690212508505
0.120240788194207	0.0539451931203284
-0.268322033479146	0.137179227635239
-0.414029001688659	0.322249142891371
0.399585818262745	0.310536682150585
0.578021980853289	0.376453245041543
-2.38285146634582	1.52477404740462
-0.472118030867994	0.3299950821969
-1.04537948796259	0.878580667548643
0.388553749445873	0.222747063630089
-1.13716571635565	0.878750408636961
-0.42967245780055	0.243361499868568
0.120028551647769	0.0538416400422945
0.956902566778186	0.734555045157672
1.52031837389016	1.08720177898495
-0.359390272612402	0.231190890343253
-1.01635180096047	0.731290577813313
0.788882342572252	0.543663401868141
-0.795388566123818	0.429111941624914
-0.58178160921078	0.277642461693518
-1.3457744601924	0.491657802566864
0.844163062994518	0.546224354744882
1.30501002656905	0.824855468544757
-1.04543555296153	0.878689131956999
0.623759880288565	0.352451969685443
1.49179136008629	1.43008822900997
0.204932024437242	0.110207829359279
-0.32047439866804	0.184974644576425
-0.359386945138899	0.231126405674509
-0.5856910162847	0.562615601925205
0.170078037123426	0.0842362332696313
-0.284478777161049	0.186386308222674
-1.13532229991961	0.741731857047717
-0.268525347797909	0.137326910041535
0.365545538878326	0.175812862473331
-0.112403445342955	0.0870337324181371
-0.237487456853328	0.139823741683448
-0.104437458448881	0.0558582391050228
0.393998820278763	0.24221496570692
-1.04539250596125	0.878414161276193
1.88367847536346	1.6428033006748
0.20515621128702	0.110408160639295
0.394077992026695	0.242262483225049
0.142376135117648	0.0893560334310867
-0.575262792708149	0.395475278382787
-0.707560579726294	0.478472244119477
-0.323679539396547	0.132867515469766
-0.581786516589405	0.277551473252916
-1.13555209336582	0.742010647654425
-1.23402337265042	1.17477650596271
-0.320473330609048	0.185007486119419
-0.389493977862551	0.276912706180395
-0.740262966664053	0.452575713375946
-0.76595451536823	0.664752726021564
-0.487188363700733	0.37342915024203
0.265118813379176	0.175428622585859
0.24985697909503	0.154941585888995
-0.941296497605947	0.739521034533196
0.205100973330945	0.11036967785944
0.142488412305605	0.0894060016809689
-0.142846787168996	0.109227165773975
1.03582192902147	0.753770484106199
0.180831438170182	0.127660399419406
-0.472091849544993	0.329938525951699
1.33430767166807	1.01938904096222
0.396977175798824	0.260262280706806
0.522656111192511	0.425529112514875
0.578043836574162	0.376548516431563
0.560673071961797	0.388052502845993
0.388681054646199	0.222839316744788
-1.33184367767742	0.762015428988325
-1.67838010608547	1.15328082189318
0.623050316446066	0.352135083519687
1.26530101460634	0.354164747749272
0.365377058174033	0.17570635540703
2.68395816897637	1.75280717112361
-1.1106194968633	0.562870946942689
-1.27854119798091	0.903987291667409
-2.18966790174718	1.27012956245085
-0.1915979731707	0.0840529792646734
-0.581854188280408	0.277697073220254
0.170263129213505	0.0843313417776692
-0.0875468540215103	0.039864629429921
0.230529605001091	0.133680510590328
0.170560103174057	0.0844662711572669
0.0837040002746334	0.0457264227156212
-0.0122276726897269	0.00572835891609193
0.265065773360698	0.175344205786213
1.242668843415	1.14726089408217
-0.57525108074046	0.357535915462596
-0.487499871693701	0.373771199743377
-1.40138244423707	1.48928872527514
-0.740472578230699	0.452738938330306
0.623132503431904	0.352217814060037
0.28624044131621	0.212114456527478
-0.508810168966331	0.184537952872337
-0.795393581006976	0.428915099435138
-1.33197952685661	0.762634981562714
-0.740262966664053	0.452575713375946
-0.191512303756222	0.0840051241110584
1.33459699451987	1.01932961633801
1.14145651481394	0.780640318755813
-0.453486695923122	0.286846798923099
-0.575196062635016	0.357437611700666
0.62326240290656	0.352345581752505
1.20478732358831	0.97066318043682
-0.581849525599261	0.277576220823309
1.50423114441033	1.26681890289088
1.52023308903483	1.08716538684327
0.668339794470315	0.343828614069647
1.8363619537467	1.20219405785639
0.956813838104802	0.73441190289006
0.917716213462671	0.88863679933488
1.0304272807277	0.912483966401826
-0.104399592297262	0.0558404234022689
-1.64079530654397	1.41109567459072
-0.941359924667713	0.739784347387271
-0.26882014270592	0.137493109818912
0.142428651476056	0.0893731682621914
-0.687568374308914	0.51048208880273
-0.284637753148167	0.186595779542609
0.180627021214862	0.127482437881252
0.92132134334832	0.552408279546252
-0.35950499507081	0.231230783576538
-0.576588825025321	0.435398633028466
-0.32351770392979	0.13279342860992
-0.284612066321568	0.186571399929409
-0.792000758207755	0.632580193184753
-1.27892979719854	0.904273659674969
1.33431810097726	1.01922986342603
-0.581784038930277	0.277651257807727
-0.26842377376637	0.13725791720775
-0.19168054449394	0.0841002189352164
-0.795309039080444	0.428876705357968
0.369191566451795	0.1578145382159
1.32343256698575	0.631253155849864
-0.472038964158267	0.329851361535068
1.0362207687271	0.753731339120052
-0.581851832882174	0.277688325692166
-1.51824651968381	0.959357860364367
0.0585338018629582	0.0232353698760014
0.956813838104802	0.73441190289006
-0.575335061941683	0.357592851898839
0.398900314755499	0.277772891463931
-0.453566648168422	0.286866712107399
0.844131559058828	0.545911466600303
0.120134631761478	0.0538964433430745
-0.269004243765711	0.137540981534814
-0.400279254651867	0.199611151597535
-0.0873025425552024	0.039747500646423
-1.6784015336866	1.15386732162851
0.397046583565178	0.260289613432829
1.32465049916257	0.631860044369222
1.32371794960321	0.631519863553089
-0.884757637448667	0.588875300711064
0.170179807255207	0.0842887264509299
-0.581851832882174	0.277688325692166
0.788882342572252	0.543663401868141
2.18522815081712	1.03171966467941
0.770731512231836	0.350809203466032
0.410684422475736	0.149950448704565
0.598777597268071	0.365412486093334
-1.110169684093	0.562673512171069
0.393998309938964	0.24221564521359
0.74547277621256	0.543656879654026
0.560593097039498	0.38799073490125
0.205126733349182	0.110389989862704
-0.0876522636543796	0.0399151556854039
-0.576616176275967	0.435424630602126
-0.224023395472545	0.149456678003061
0.205100973330945	0.11036967785944
-1.54130082074686	1.51979673863342
0.170068843650991	0.0842286987652546
0.116362964940938	0.0683122413063474
0.042279016727012	0.0213478495403599
-1.51832895997772	0.959438617553198
-1.51840982581887	0.959105734342332
0.365542401306716	0.175768098348355
-0.359414427010868	0.231205255371581
0.398846853823364	0.277820918046262
-0.580244728564168	0.322288315069047
-0.191930840094509	0.084187060728103
-0.0876522636543796	0.0399151556854039
1.33440052731901	1.01942425686405
0.656785983310215	0.559447658001801
0.0835999802839683	0.0456661028318998
-0.320512229568985	0.18504719516924
0.789124946179673	0.543928830463125
-0.575221956505582	0.357508938560049
1.33441099968333	1.01935277897555
-0.237539256351892	0.139869620270601
0.956843336205729	0.734548363620484
0.393958227486122	0.24215020025454
0.170170551402025	0.0842873863496133
-0.575247842369215	0.357512901650038
-0.359480816044885	0.231235355347662
0.205211481751657	0.110438490596475
-0.707522656104184	0.478427995182554
1.14122070426758	0.780386099658665
-0.829165276939393	0.606465936301729
0.546076747504109	0.399726406370251
-0.171837191060019	0.103216922573153
1.10702185510946	0.935885221644565
1.03589605010998	0.75350409281795
0.714533069710808	0.722057975789746
-0.0495853736185484	0.0271034571641484
-0.00154684176698365	0.000527981901671777
0.365380128458397	0.175707559308492
-1.40916725954337	1.06883587092141
0.170365107743381	0.084383949304422
0.205266784752764	0.110460669177488
2.45916267875384	1.40009990624383
0.369533728475468	0.157989232089938
0.95689862688858	0.734589435516779
0.598582673007789	0.36530237473833
0.788952008697734	0.543735380200091
-0.581786516589405	0.277551473252916
2.04418851543674	1.50847502111692
-0.10431959113781	0.0558011663734158
0.365294456714284	0.175642850880005
-0.352634292998849	0.278435615876594
1.33469009078984	1.01915134817106
-0.581854188280408	0.277697073220254
1.50433248033585	1.26702409393016
-0.976598104893979	0.584662631574268
1.20509997005433	0.970785137661286
-1.51816394787249	0.959194058305068
3.94875088346	1.35346277181599
-0.174573431544604	0.0912716571979923
0.681112697148001	0.552035634176793
-0.23749787590423	0.139847890981541
-0.00952890305604536	0.00616738031963868
-0.82904260338687	0.606117849583234
-0.0875026457018197	0.0398390244357153
1.36659120174551	1.36647132366869
-0.389658739115324	0.277021996645502
1.71265772444418	1.36351743813113
0.369785495549136	0.158102799873415
0.249939913542968	0.1550659212329
1.33430767166807	1.01938904096222
-0.0123546421621991	0.00578834044022463
0.163491571137908	0.109057293172897
-0.453408528189076	0.286720278564197
-0.575238543494442	0.395420803834069
0.0823984054071923	0.0553281225288273
0.635463465816249	0.566791603978691
0.0580868027722383	0.0367868867094116
0.28605141262111	0.211925880134822
-0.119164091334129	0.0730446137848314
-0.119182202622306	0.0730123835021838
0.0835653393931238	0.0456395289170309
0.0293799272299701	0.0174716600227109
0.710040201323559	0.546575985920525
-0.237463240563307	0.13982242209813
-0.687589644821375	0.510540860097034
-0.575262792708149	0.395475278382787
1.15422700818235	1.11160639485655
0.495471171252716	0.462052635695269
0.503747292433599	0.450220202544994
-0.707522656104184	0.478427995182554
-0.580006056009966	0.322045537779173
-0.575221956505582	0.357508938560049
1.30493947629717	0.824751306985012
-1.34624963687459	0.491942491282243
0.170161317325234	0.0842725965010529
0.0587457894570351	0.0233313383669741
-0.0945452117596051	0.0271462991052748
0.745432002071474	0.543652400502029
-0.0122850641813574	0.0057559911383436
0.378621720444965	0.200461497743518
1.7121648932046	1.36318552916065
-0.0876522636543796	0.0399151556854039
0.230412726280503	0.133534094475846
0.365377058174033	0.17570635540703
0.844245436694145	0.546340791689674
-0.0122850641813574	0.0057559911383436
0.205211481751657	0.110438490596475
-0.119164091334129	0.0730446137848314
0.95686907746069	0.734452920465337
0.399613969838884	0.294688810700674
-0.224075412035243	0.149490608903112
0.533625086929812	0.412917619904508
0.546226787922701	0.400011463327539
-1.95030821924494	1.53447683339699
-1.9590152341516	1.00513822787385
-0.00219804389106728	0.000749243310235947
-0.707483167259965	0.478381265464696
-0.884657543519209	0.588843512301589
0.668410467979929	0.343916625774154
1.83611187050588	1.20130334321723
-1.95002511922446	1.53493871942332
-0.687546991239867	0.510306174804898
-0.174573431544604	0.0912716571979923
-0.581854188280408	0.277697073220254
0.205322120318226	0.110472881952952
-0.740363553407265	0.452677488340356
-0.453528065982023	0.286864929800277
0.39399997761381	0.242155860783954
-1.13724350386681	0.878534666622549
0.560672269912082	0.388121508634766
-0.842217165704752	0.366945966505995
-1.33197678245378	0.762263841197909
0.142393336926836	0.0893680462941138
-0.104357499932016	0.0558222115623603
-0.268525347797909	0.137326910041535
-0.889464244954327	0.760574825104186
-0.575335061941683	0.357592851898839
1.20525205698473	0.970146336232953
-0.171862209567395	0.103236624255682
-0.429868625622534	0.243546443419877
-0.687520229381907	0.510338037259701
-0.829124767395153	0.606503723818148
0.710034325202871	0.546278576912374
-0.0873025425552024	0.039747500646423
0.0293062623478429	0.017419067941887
0.249995673770185	0.155084404582313
1.48075441407765	1.59397460976847
0.369606368030708	0.158007050490895
-0.707519508503827	0.478444598517908
-0.740564231799896	0.452784120644182
-0.976319500712996	0.583883137906684
-0.0873025425552024	0.039747500646423
-0.795391084685964	0.429117695674088
-0.0121004029027061	0.00566746725900745
0.378621720444965	0.200461497743518
0.378744180687792	0.200540698956173
-1.11045946877855	0.562965619456525
0.396970934399228	0.260254504755304
-0.510381448501776	0.185343391604108
-0.0124813117514577	0.00584729622039226
-0.429938030218216	0.243568625526263
0.967309813891396	0.365498022573177
0.170263129213505	0.0843313417776692
0.57804767962632	0.376553475673062
0.844152537341915	0.546273411772544
0.710119938835837	0.546517251784068
-0.087095693903069	0.0396362625807089
-0.400513563075863	0.199729099262418
-0.0122398914365767	0.00573275860786979
-1.11111451347642	0.563062303687304
0.789149154091133	0.543878511799998
-0.32342872014596	0.132754800981013
-0.795557467610568	0.429227305973378
-1.33211873878655	0.762623162135227
0.120086942258199	0.0538668745057729
0.598592016021916	0.365255436252484
0.668481033440034	0.343942560095741
0.0587457894570351	0.0233313383669741
-0.359424999637583	0.231221859869823
-1.51849205749084	0.959097589656331
-0.191594955374977	0.0840523906515105
-0.432356925502191	0.0981422305445414
0.170078037123426	0.0842362332696313
1.0596257295169	0.577674605165275
-1.35318937084352	1.18954976778832
0.399709038062299	0.294748688877609
1.03591449475179	0.753942920815292
0.250054720394824	0.155128740837758
0.0835896232229875	0.0456627648321035
0.656725304781844	0.559411616515847
0.378744180687792	0.200540698956173
0.0423987822934224	0.0214042356315897
-0.320473330609048	0.185007486119419
2.93698819084147	3.40313429140245
0.623286300486041	0.352340568865308
-0.580498200950308	0.322444400471375
0.623156321552976	0.352260784925711
0.365465936752018	0.175750334952689
0.0422784535101385	0.0213474939483703
0.365462810263777	0.175771126538925
-0.0121701696544959	0.0057003464533006
0.680979668232414	0.551649304652265
0.378847621753956	0.200589252322247
0.623498793602424	0.352474627314365
-0.320551710599551	0.185068852829541
0.389006623962212	0.22291617421081
-0.104439186947234	0.0558548380143883
-0.0875247626795585	0.0398554643821223
0.956762326002398	0.734344329952799
-0.237463240563307	0.13982242209813
0.845312134102629	0.716282121231874
0.844059703677712	0.546155801156035
0.39700159284157	0.260302023027962
-0.0495258877810843	0.0270687951714152
1.26784876511008	1.32142213668428
-0.174628515728416	0.0913006915587617
0.598675391106249	0.365365106671917
-1.82038153549035	1.34229056866581
0.623180168539243	0.352214767231186
0.388762997440806	0.222873844908431
1.03610915310578	0.754122517881413
-2.3829153563534	1.52474168466502
-0.237528955596091	0.139874316638003
-0.237542907484709	0.139878710803409
-0.400279254651867	0.199611151597535
1.20472995573463	0.970197681019838
-1.6785047704879	1.1534766271046
-0.829165276939393	0.606465936301729
0.394037095127064	0.242198458278005
0.120004743026815	0.0538382787021705
-0.884519156846644	0.588683549507875
-1.95002511922446	1.53493871942332
0.0586730762067555	0.0233010280801353
0.410684422475736	0.149950448704565
-0.191594955374977	0.0840523906515105
0.921404048782597	0.552431775441768
-1.27873173123899	0.90423664025219
0.546250743648289	0.400046045111249
-0.70752193721132	0.478472790723747
-0.17459926023523	0.0912855489687525
-1.11000712185328	0.562333501617952
0.388439026483589	0.222625331869707
0.116258202546852	0.0682604551641289
1.83662755581056	1.20280584359077
1.83628959712708	1.20186314230777
-0.884714004488368	0.588902910387814
-2.3828476805324	1.52465326525564
-0.26843293162844	0.137254509896172
-0.510381448501776	0.185343391604108
-1.13530112512833	0.741647485097293
-0.00350347060307062	0.00119280760914839
-0.795391084685964	0.429117695674088
-1.64079530654397	1.41109567459072
-0.575228160299009	0.395416533246711
-0.284584759141434	0.186548168598305
0.276974808962132	0.194360109506673
-0.1190681724087	0.0729696779174989
1.15407681743352	1.11118522486524
0.116337265710945	0.0683120625139432
0.0587412742586255	0.023322231337089
-1.40927863953749	1.06900153922817
0.170272425689712	0.0843399388739337
-0.707520363398452	0.478482018542316
-0.359470277506759	0.231240306415592
0.0835689978452454	0.0456494284522933
-0.389441573574805	0.276848884457398
0.365380128458397	0.175707559308492
0.709984993960025	0.54647805044063
-0.487248926852307	0.373572714226693
0.804534186738623	0.715529175169567
-0.47209131567218	0.329997648951972
-0.00602792446630063	0.00337277124820236
0.968719206004407	0.897651365403019
1.15418289043711	1.11181599616954
-0.400490230813015	0.199655097733053
-0.389520194837014	0.276897047295669
-0.766032303572918	0.664858333801437
1.355606935422	1.19630008070769
-0.300733247468859	0.240617167991669
-0.575286950296263	0.395470517468643
-0.191765997402019	0.0841406045300469
-1.01145158924315	1.05199940680737
-0.434184137045194	0.367118967169788
-1.6786505111417	1.15397171771567
0.394077141483602	0.242247453289519
1.6019867405053	0.90761319649506
-0.104240323570983	0.0557422972711465
-0.0760363107864016	0.0475010220115904
0.249939913542968	0.1550659212329
-0.576669173874805	0.435461314962273
0.578217975373885	0.376547504169748
-0.00609022997363264	0.00340671392082021
-0.284691295871544	0.186632398557008
0.560791177416411	0.388120377343543
0.80460438309432	0.715582455978929
1.36656667985615	1.36648325535776
0.230569216915851	0.133699107004068
-0.429856217784491	0.243527269122507
-0.268709990012556	0.137422886733516
0.0836693107122105	0.0457090630379767
-0.389415386362963	0.276767134185299
0.230490012836691	0.133653431840519
0.207882388479636	0.16248640105191
-0.576641823744605	0.435436216930817
2.40236764719	2.14281704856152
-0.0881167998726854	0.0401030457438677
-0.0871062752832628	0.039644736391682
0.84532399478612	0.716277544290757
-0.359424999637583	0.231221859869823
-0.941280247537448	0.739831798298128
0.142332662718343	0.0893225200421159
-0.579454182278711	0.477003029233199
-0.94130434126359	0.73990733004916
0.710074957426673	0.54658200687287
0.265170198754687	0.175412471617024
-1.74465839565609	1.59027302509823
-0.0122398914365767	0.00573275860786979
0.0423586690649514	0.0213879798283963
-0.575328607690282	0.395448525801882
-0.575335061941683	0.357592851898839
0.250067550761215	0.155124149629797
-0.4534876275693	0.286851758282326
0.029222375591522	0.017376308028414
-0.500919377959946	0.41832129978555
0.672015548013985	0.731934928754161
-0.174521749981493	0.0912006453321512
0.398846314286367	0.277838106957553
0.120873670107701	0.0901456212928004
-0.0961502380328393	0.0673609277823441
0.398846853823364	0.277820918046262
-0.575321527408188	0.395445387250263
-0.509736421835564	0.18505595748735
-1.64087120138993	1.41100461009765
-0.674318149557766	0.547011148497133
-1.01643508791037	0.731267857066174
-0.174518314964367	0.0912348516528442
2.23148108067683	1.82013806778984
1.32436602519462	0.631710688508099
2.04419091510948	1.50859841746199
0.250009479618193	0.15511754145689
1.3233545451629	0.630955343798237
0.0422796254578924	0.0213471109845159
0.388738767178279	0.222853701932079
0.623026548869316	0.352133124979863
0.170170551402025	0.0842873863496133
-0.268617700571665	0.137383094548257
1.22969217213234	1.63466099427309
0.522696083203824	0.425623370072649
-0.322020148361353	0.232602024258088
-0.674353215160564	0.547253277290427
-2.82051182978635	2.21262045482313
-0.429856217784491	0.243527269122507
0.29993031442676	0.245430969724442
1.02290129905655	1.07145608178839
0.388832836805505	0.222876542155152
-0.453523041791517	0.286744325804288
0.293527201868422	0.228987220017428
-0.472037857822702	0.32995818075441
0.578073386398327	0.376592353319862
-0.575335061941683	0.357592851898839
-0.45352413318537	0.286809315799847
0.0836589996523523	0.0457057522339226
0.170170551402025	0.0842873863496133
1.10694319741214	0.935552061811469
-0.4141050522082	0.322322569008563
0.512308754003285	0.437382040620314
-0.0875247626795585	0.0398554643821223
-0.0496334179813041	0.0271330956337154
0.170170551402025	0.0842873863496133
-0.740271693618544	0.452632126761163
0.804482833660612	0.715576677362051
-0.00603882147963894	0.0033785439809195
-0.352641638769217	0.278452938974389
0.0421993666262815	0.0212978073615841
1.12026637953776	1.26275378518057
0.169865927375416	0.0840800460895946
-0.852655745125895	0.788482658014334
0.142549987506844	0.0894500794249551
0.0583285185226905	0.0369480253245761
-0.112182217282724	0.0868395615228659
-0.487361387120037	0.373609744910313
-0.00605595616184998	0.00338810510091568
-0.829084254712108	0.60642326809271
0.709981039126581	0.546426445722382
-0.400384780578106	0.19966118834964
0.0423581224798044	0.0213887511464096
0.230488467651288	0.133653113546507
0.956872912425269	0.734592065785687
0.95692825447083	0.734633189363389
-2.18887464496301	1.26943367833825
-0.174463165959568	0.0911892241190449
0.921404048782597	0.552431775441768
1.6010510490733	0.907306853764938
-0.191848441999651	0.0841748012731843
0.788870111606042	0.543674142964954
0.0588162361047195	0.0233573777261437
0.921324434956384	0.5524265305633
-2.18887464496301	1.26943367833825
-0.58178160921078	0.277642461693518
1.30500783274078	0.824827623389173
0.365548699035189	0.175813952012173
-0.58178160921078	0.277642461693518
0.120240788194207	0.0539451931203284
1.15410398694209	1.11158896076567
-0.766075554864748	0.664873621666668
0.668269012686201	0.34364177755545
0.804543608584364	0.715627237565021
-0.792133294631468	0.632642008001801
-0.471984971010848	0.329858934046868
-0.472064591324512	0.329985339812347
0.388762997440806	0.222873844908431
0.623286300486041	0.352340568865308
0.804517070530045	0.71558439840519
1.30508268921092	0.824508400656851
-0.580349831282464	0.322341566730602
-0.323768775804252	0.132906269597143
1.33440052731901	1.01942425686405
0.546200658028452	0.400007575079535
1.3666709892816	1.36665718417588
0.894934741024717	0.72300838649018
1.50434152231202	1.2665121372412
-0.0496545327696726	0.0271489027461026
0.399190935968338	0.326088500524847
0.0836732250012232	0.0457098608963882
1.5044339820317	1.26695825260079
0.378837053043127	0.200602993253842
-0.581851832882174	0.277688325692166
1.33440052731901	1.01942425686405
-2.1894304441681	1.27005874633258
-1.33197952685661	0.762634981562714
0.844338401804658	0.546357972005448
1.35563266451659	1.19658288270597
-0.674240256901015	0.546975319065093
0.393998820278763	0.24221496570692
0.769844275585187	0.715947141499686
-0.104279201245991	0.0557745263714602
-0.0870850882329602	0.0396160491756056
0.205071546672453	0.110351538960765
-0.740171003604891	0.45253026277676
-1.13724250994339	0.878595360464549
0.740439658020737	0.718547382974114
-1.23405020697422	1.17479544103165
-0.707560579726294	0.478472244119477
-0.171916772816248	0.103274374076982
-0.0758993995958106	0.0474180581622748
-0.765885256911437	0.664476038539287
0.546181097504613	0.399998591734954
1.49187055735481	1.43022320646088
1.28506672868836	1.49553502613688
-0.218800937915651	0.162936311758121
-0.0496197888314195	0.0271299727345174
0.598777597268071	0.365412486093334
-0.429615122034217	0.24329729755557
-0.580139552543401	0.322178443064124
0.844452767399357	0.546400878858197
0.265134513865625	0.175435748620203
-0.0123423441710936	0.00578321495826335
0.917776893508538	0.888825238326872
1.35563266451659	1.19658288270597
-0.94130434126359	0.73990733004916
-0.320511550772078	0.185038220306322
0.0292500203795323	0.0173948579542365
0.57798860447689	0.376498020652567
1.33430767166807	1.01938904096222
-1.2789218342897	0.904010808104235
0.249935880135386	0.15504472598293
-0.173847053688153	0.117948054891266
-1.43637868127588	1.79882823601709
0.399709038062299	0.294748688877609
0.598480737929632	0.365218365480648
0.230529605001091	0.133680510590328
0.116363971797762	0.0683270914761228
0.874641624274512	0.882597276266183
1.12033485874164	1.26278613474069
-0.707482479345284	0.478426084681255
0.837542020340528	0.8786582085745
0.0423563918280617	0.0213800658817072
0.398819616028579	0.277815329640886
0.398846853823364	0.277820918046262
0.250044286495274	0.155129883729938
0.0422784535101385	0.0213474939483703
0.533659327619197	0.412955385769674
1.61611767296985	1.67176008870757
-0.453489360946646	0.286816989972648
0.0422779358186762	0.0213460423590448
-0.42988102086544	0.243519815871298
-0.400173652945427	0.199527805530166
0.600967028586896	0.584018992172419
0.396981124268762	0.260286380908059
1.15414695557536	1.11162196389094
-0.575207305272533	0.395345755769592
0.163560042689512	0.109098501464748
-0.329536616073273	0.285482443154577
-0.104439986192503	0.05584893198215
-0.320588812890704	0.185004878824087
0.0825196187898426	0.0554231027209738
-0.575318237617244	0.395483995236497
0.249929441003308	0.155058665247787
0.277035391987079	0.194387737059286
0.293726836411217	0.229172299939679
0.142401452215178	0.0893427225284234
-0.174072871058267	0.118132681671559
1.29716293510917	1.66939764032498
-0.119077183004402	0.0729893994545596
-0.976702890166401	0.584516803880515
0.546252457739588	0.399879261116743
0.0423576214530844	0.0213884261189087
0.623156321552976	0.352260784925711
-0.580498200950308	0.322444400471375
0.62326240290656	0.352345581752505
-0.451745988138745	0.412629375090505
0.770088305986674	0.716359462774082
0.205211481751657	0.110438490596475
-0.88949041946282	0.760488467510168
0.745433143216058	0.543710420139799
1.48072827777197	1.59406298863138
-0.792053652357926	0.632677865462564
-1.14285277205297	1.02408406401094
-0.58058145281604	0.322389884842586
-1.04550478941788	0.878309683090917
0.710109729823419	0.546553077950813
0.0836384663419645	0.0456924625707961
-0.389598077276326	0.276999851571436
-0.0496407463451933	0.0271405434836126
0.578099101184153	0.37657170949161
-0.739876894528188	0.452101136070571
-0.174080674902106	0.118149647262321
0.0584045444657097	0.0369917808973365
-0.941224687403879	0.739667076733329
-0.88951788053511	0.760686453768118
-0.976493244523567	0.584555562455094
-0.841574104040948	0.366537844891767
-0.0120427162386852	0.00563902996727752
0.49562072458035	0.462208920685678
0.0423180273406882	0.0213686808954471
-0.884882724480233	0.58881605155802
-0.400770514264388	0.199782028757238
1.52023029364311	1.08666376039989
0.411335463891534	0.150170640765866
0.668483206398341	0.343935288943319
4.34629070750669	1.83849509413068
0.388611278287772	0.222779199110245
-0.884575760396575	0.588743079775032
0.845324488226291	0.716408101876152
-1.33204640906765	0.762295394245592
-0.172021469047877	0.103321061565498
-0.320551710599551	0.185068852829541
0.894933460129094	0.722886458228443
0.304992433043026	0.261082531038845
-0.255595831314127	0.207073709508308
0.668478812223091	0.34390323454053
1.79299108493401	1.77743020942842
1.12019026166236	1.26245937502179
0.207585107557678	0.162236481721672
-0.884714004488368	0.588902910387814
-0.707483167259965	0.478381265464696
-0.582682621333919	0.519970781553537
0.180834913749392	0.127663244408338
0.163552344867898	0.109100232432363
-0.0874192319868208	0.0398048854826958
-0.268534443406287	0.137314478717515
0.546279557483176	0.400028065309832
0.378621720444965	0.200461497743518
-0.575280127168348	0.357541128183675
-0.320511550772078	0.185038220306322
-0.005974931279798	0.00334374083564817
0.710074957426673	0.54658200687287
0.276862428815622	0.194222633663274
-0.359393197227555	0.231133904553374
1.49175123452462	1.42981026669857
0.163567731305025	0.109091295296511
1.10702185510946	0.935885221644565
0.487770117616313	0.473268731341888
-0.17414888457398	0.118202425873135
0.365545538878326	0.175812862473331
-0.976365401250023	0.584398859616745
-0.178207175745063	0.134550389573874
0.299631844959855	0.245139892606456
-0.72290948721265	0.778733894852368
-0.981130820546333	0.894246806773281
0.293858567270392	0.229232313905405
-0.119094398900084	0.0729977419848567
-0.174514740171446	0.091236144615508
-0.171862209567395	0.103236624255682
-0.722833116734365	0.778484985008926
-0.665738639920519	0.586140449756349
-1.01632312024401	0.731272630481301
-0.284637170880319	0.186569457026479
-1.40918022913308	1.06877036607226
-0.320550245572636	0.185039040731163
-0.434318363584711	0.367380928972961
0.54622630300168	0.399927784166589
1.03639721619897	0.754108867969891
0.968744908523688	0.897674980669006
0.116363450732812	0.0683232622059764
0.265135943324068	0.175433362127375
0.0423571659955781	0.0213870028203468
-1.1371236136296	0.878778131351214
0.623156321552976	0.352260784925711
1.1414327051341	0.78047614602948
0.205207701750601	0.110416794371153
1.58616055340116	1.8307618204529
0.623498793602424	0.352474627314365
-0.57527646214444	0.395424069521758
-1.14889381646894	1.17730479293117
-0.472170920068407	0.330006237601996
-0.429868625622534	0.243546443419877
-0.981165821242237	0.894249845318138
0.39395926482031	0.242165352884471
-1.13720509457281	0.878733138277397
0.277018125827072	0.194387287080806
0.388854527457091	0.222792402590502
0.745393530540733	0.543722108365821
0.41039768616025	0.149826752222597
0.921407174037824	0.552510092381016
-0.884644904679083	0.588878517612653
-0.191600968462381	0.0840252559426154
1.5046190920332	1.26744350671332
0.771092418292579	0.351048136725648
0.0586045725612464	0.0232714078261316
0.968850682963924	0.897732856226947
0.0423581224798044	0.0213887511464096
0.029327871023565	0.0174408901805193
2.17446090539467	2.21275374727039
-0.11892962686434	0.0728706442128529
0.170078037123426	0.0842362332696313
-0.575196062635016	0.357437611700666
-0.765963122713495	0.66484182800643
-0.104436529201929	0.0558557454081821
-0.119094398900084	0.0729977419848567
-1.27834194596086	0.903560898454798
0.95692825447083	0.734633189363389
-0.23751862527221	0.1398723323227
0.745393073383296	0.543751429172607
0.0294405025615783	0.0175061454391566
0.656803174572888	0.55943957449011
-0.237577533393308	0.139880937804697
-0.57525108074046	0.357535915462596
0.26493649966371	0.175216735750179
0.804526486818056	0.715604070763454
-0.0876081502281548	0.0398767054314074
0.709936030652373	0.546347876220399
0.230567791841672	0.133698864313426
0.142497480573903	0.0894313215603857
-0.829043738882068	0.606222373957831
0.26529297050565	0.17546533518006
0.205152501413158	0.110394674120877
0.116363971797762	0.0683270914761228
0.230568482664177	0.133702810948979
0.378493961987734	0.200357375434109
1.107101141716	0.935935134850516
-0.707562829262929	0.4783359551326
0.170078037123426	0.0842362332696313
1.50431446098914	1.26663501946895
0.205097333541243	0.110364406966335
-0.429811544627333	0.24349758007301
-0.400302687392056	0.199595859940072
0.119980963262918	0.0538242500271638
-0.191848441999651	0.0841748012731843
0.578103014416737	0.376604056005177
-3.04843142484512	2.64283959366004
-1.27843340599359	0.903691037125141
-0.1915979731707	0.0840529792646734
0.250014782945648	0.155101270481126
0.845451316536306	0.716465476262939
0.0422796254578924	0.0213471109845159
0.874702002190239	0.88241238031378
-0.23739392123619	0.139737872154465
-0.500715362469742	0.418186791686408
-0.429786795407442	0.243444148307166
-0.131915697837842	0.0910089174111435
0.163430780991281	0.109009995928942
-0.237508265376135	0.13986368143934
-0.171863365176674	0.103245804873814
0.533729511255781	0.413059845750498
1.24270851402553	1.14735824964831
0.161384670425728	0.137699311534935
0.250009479618193	0.15511754145689
-0.575214202570672	0.395302322791315
1.30508046895977	0.824575739632389
-0.509736421835564	0.18505595748735
-1.11045946877855	0.562965619456525
1.48070214909317	1.59406123668821
0.388750876020199	0.222881622076993
0.116311088160801	0.0682971565583205
-0.268617700571665	0.137383094548257
0.230607483632705	0.133708407209246
0.265213741248573	0.17547568582309
-0.352574079691055	0.27836629958309
-0.389493977862551	0.276912706180395
0.299780103619781	0.24529790744025
-0.740564231799896	0.452784120644182
0.656664625939597	0.559309909537951
0.399555803367186	0.310608112167447
0.398983127444017	0.325918186866682
0.770104140288869	0.716309076571649
0.170383847185987	0.0843739347281054
0.968798285312757	0.897808886265986
-0.284612066321568	0.186571399929409
1.4917903529413	1.42973521682158
0.396991343747782	0.260302212223515
-4.67322833578469	2.32666976484948
-0.976852932436996	0.584831668326988
0.18049404215487	0.127340370301342
0.533729511255781	0.413059845750498
-0.0652748947870786	0.0463937643175441
-0.414036868118326	0.322262802250047
-0.45348851591146	0.286841831680638
0.116442521357726	0.0683469170734584
0.0581023139898649	0.0367936665241812
-0.576660294513749	0.435353507469711
-0.359480816044885	0.231235355347662
-0.0655136453826924	0.0465774656117719
-0.487482582704157	0.373760341664359
-1.23399583181187	1.17446457450618
-0.575311016345418	0.395398929328031
0.656759683932093	0.559424550372942
-1.24913860123246	1.0325200816944
0.845291195858324	0.716326018412538
-0.453528065982023	0.286864929800277
0.396911610810945	0.260226883174291
-0.104278391852856	0.0557721044560038
0.116311088160801	0.0682971565583205
0.399054722908245	0.32600875984328
-1.54132849287833	1.52081856507467
0.170059671984345	0.0842063275246382
0.369606368030708	0.158007050490895
-0.10439877968516	0.0558435022103617
0.39686630637654	0.354690499209021
1.83653917569843	1.20275414765063
0.120371010324869	0.0539982926783083
-0.268525347797909	0.137326910041535
-4.18319141451025	1.58885515081398
0.668339794470315	0.343828614069647
-0.976493244523567	0.584555562455094
-1.33212138337084	0.762307389390523
-0.581849525599261	0.277576220823309
5.695366659032	4.93945450724358
0.598777597268071	0.365412486093334
0.62360515494983	0.352483156517297
0.120323060599792	0.0539609961344996
-0.829126855391428	0.606456974810141
0.378727390829471	0.200531723202199
-0.889438063151247	0.760566473291652
-0.575192754444671	0.357461056491999
-0.268617700571665	0.137383094548257
0.170263129213505	0.0843313417776692
-0.512137630582875	0.462470807586925
-0.284704631378556	0.186631614055454
-0.581784038930277	0.277651257807727
-0.852679089467091	0.788804489493133
0.598582673007789	0.36530237473833
0.396966874057929	0.260280317934537
-0.174217093599977	0.118245033085874
-0.26882014270592	0.137493109818912
0.956813838104802	0.73441190289006
-0.268525347797909	0.137326910041535
0.668337722865696	0.343789391545551
0.745353007153523	0.543706231076692
-0.795391084685964	0.429117695674088
1.15413010947376	1.11169586260586
-0.580244728564168	0.322288315069047
-0.00597437053769192	0.00334320528919528
0.39681779720874	0.259976001187797
0.788997378530188	0.543852581801781
-0.174544124873814	0.0912564848517119
-0.32351770392979	0.13279342860992
0.578158381790198	0.376627328503049
0.119745583702531	0.0537078184456366
0.399570488339335	0.294640933948354
-1.14279919228592	1.0241389419404
0.142540946604567	0.0894530191286025
-0.97683028062557	0.584626302691587
0.163673842890124	0.109171859115128
-0.329058561028598	0.28487843938353
0.142419603815384	0.0893858006289232
-1.45019942928392	1.35237281094304
0.745432336831889	0.543720392347431
-1.01629436212397	0.731210863643357
0.0582603064206482	0.0369038600074208
0.37892999110995	0.200646545836412
0.578103014416737	0.376604056005177
0.623629233430165	0.352507387550781
0.398792926930983	0.277777135794923
-1.33190726197346	0.762157524770616
0.0836589996523523	0.0457057522339226
0.745392661819511	0.543732026195375
0.394038920805071	0.242228624143532
-0.00594815898577684	0.0033288897110876
-0.104279967239532	0.0557741192149482
-0.57525108074046	0.357535915462596
0.103493195871408	0.0733673373553277
-0.359480816044885	0.231235355347662
1.30501002656905	0.824855468544757
0.578154398334843	0.376565647581824
0.365545538878326	0.175812862473331
-0.510381448501776	0.185343391604108
0.77079981160721	0.350840110911968
-0.174485277419969	0.0912106313420276
1.15423515446059	1.11170469218798
0.276863919655315	0.194259116644964
-0.00595155962002393	0.00333058547286571
-0.430051715681581	0.243618728457605
-0.791974003188081	0.632529374040272
2.68361222128	1.75216996525566
0.668410467979929	0.343916625774154
1.65633555960593	1.51973031777427
-0.191512303756222	0.0840051241110584
-0.795725831524902	0.42910697797795
0.771092418292579	0.351048136725648
0.668412566104476	0.343909313552279
0.120028551647769	0.0538416400422945
-0.840646133172398	0.366026539748054
0.0836139988449978	0.0456801177731202
-0.580707852044189	0.322455107796791
0.0586024886115801	0.0232698011409825
0.230488467651288	0.133653113546507
-0.825225629475964	0.82180646247643
-0.429938030218216	0.243568625526263
0.968798285312757	0.897808886265986
-0.0871886681145759	0.0396808346246086
-0.320511550772078	0.185038220306322
0.845377263377839	0.716505721388849
0.393998309938964	0.24221564521359
0.788997378530188	0.543852581801781
-0.707481746061678	0.478444102656824
0.522799991419622	0.425613023718541
-0.580328075774064	0.322185368349542
-0.707480143436695	0.478397987358348
0.0422784535101385	0.0213474939483703
-0.0496439894741144	0.0271417412631816
-0.829124767395153	0.606503723818148
0.972172042974199	1.05848065931986
-0.320472728323707	0.18500883783832
-0.119077183004402	0.0729893994545596
0.0423576214530844	0.0213884261189087
-0.0873025425552024	0.039747500646423
-0.2687279974696	0.13743703950627
-0.687589644821375	0.510540860097034
-0.795391084685964	0.429117695674088
1.0360164195216	0.754015797721942
0.116416853460594	0.0683500279560176
0.230528840720756	0.133684195378615
0.388623453802359	0.222807132021994
0.656759683932093	0.559424550372942
-1.3531394719817	1.19013250205415
0.398846314286367	0.277838106957553
-0.237473607055047	0.139838194143414
0.844256005489486	0.54634206000507
-0.389502229031768	0.276897438560363
0.388738767178279	0.222853701932079
-2.37984281753308	2.31762857367711
-0.104397923721841	0.0558438585660396
-0.0875026457018197	0.0398390244357153
-1.35322972805283	1.18997423947294
-0.829087361933432	0.606402072678441
0.0825232132751776	0.055427881267055
-0.57525235701754	0.395450864272708
-1.67817331367911	1.15296261253942
0.598694180155987	0.365261024783485
-0.889464244954327	0.760574825104186
-0.795221755124498	0.428924725702898
0.388623453802359	0.222807132021994
-0.152576175903837	0.127885607723331
0.397887482667062	0.340372590028492
-0.00190672948753378	0.000649411384947845
-0.0875247626795585	0.0398554643821223
1.14145651481394	0.780640318755813
-0.0121457735954574	0.0056898242385988
0.27691422571419	0.194313899662351
-0.884701326330879	0.588899170884722
-0.575328607690282	0.395448525801882
-1.62721001005556	1.69366699377784
0.972202980383706	1.05852412398097
0.635554552083256	0.566966511542197
0.578043836574162	0.376548516431563
0.522730930370633	0.425489918539902
0.249926228470997	0.155013889998617
-0.322928275464891	0.132467121045914
-0.829124767395153	0.606503723818148
-1.93238212254014	1.95500113100214
0.230368832096485	0.133484152828458
0.388635641929205	0.222799330565912
0.394037916789735	0.242247660525564
-0.453527147708742	0.286874832407521
-0.707520363398452	0.478482018542316
-0.359403898297986	0.231103471729385
1.03630425054237	0.754129475284206
0.681192316792457	0.551994587110888
-1.64075119707737	1.41076462036488
0.789009542854592	0.543863079094428
-0.268617700571665	0.137383094548257
0.180831438170182	0.127660399419406
-0.659696152449409	0.62640878371221
0.0836796513806659	0.045709786317908
0.286006521844967	0.211927448511261
0.560671511271766	0.388152242066617
0.394078485702876	0.242244126778131
-0.472011704383286	0.329901650302179
-1.14279919228592	1.0241389419404
0.205211481751657	0.110438490596475
-0.359483789117477	0.231208438761709
-0.665798918451399	0.586215709382854
0.393997052359417	0.242110431025504
1.58610861564577	1.83114948833727
1.18747003905013	1.28862069303199
-0.0121125550355883	0.00567193534323825
0.378538311299969	0.200316489979973
0.578043836574162	0.376548516431563
-0.0496892608524587	0.027166145527787
0.265213844403383	0.175441817458598
-0.941269766308302	0.739849845050515
-0.740078977484018	0.45240201762335
-0.687554945019591	0.510469115091673
0.369264043213546	0.157791315274953
0.396956601925935	0.260280489844571
-2.38291907034792	1.52486226582066
-1.40905544094371	1.06839190034454
0.0586773454804471	0.0233008804750109
-0.400150141167734	0.199526819273677
2.18503331597268	1.03164513819189
-0.510019488188717	0.185108792567341
-0.842929976512655	0.367307850802193
0.668483206398341	0.343935288943319
-2.69152693914315	1.99487341437542
0.578018102972575	0.37654181246198
-0.795393581006976	0.428915099435138
-1.35315272361151	1.19041017579904
0.195263321501517	0.145284651484963
-0.884588372446995	0.588819046433955
-0.0872920717273817	0.0397381772141896
0.546200658028452	0.400007575079535
0.119980963262918	0.0538242500271638
-0.10427753906291	0.0557664408524749
-0.829081967283119	0.606256974947098
0.388738767178279	0.222853701932079
0.844245436694145	0.546340791689674
1.20477507746586	0.970708427297487
-0.576589402367532	0.435403871292486
-0.174459521127491	0.0911992843731911
-0.792000132916884	0.632605847321654
-0.359438492963076	0.231189414986532
-1.51824651968381	0.959357860364367
0.668483206398341	0.343935288943319
0.623050316446066	0.352135083519687
1.03591449475179	0.753942920815292
1.24270998313979	1.14716588651425
0.0423180273406882	0.0213686808954471
0.388623453802359	0.222807132021994
1.03581273641939	0.753757024221273
0.837572669583764	0.87938632295525
-1.82048438090692	1.34311704053731
-0.26882014270592	0.137493109818912
0.894895810166702	0.722918400089256
-0.237459530713773	0.13981283712089
-0.429742023619485	0.243444703250539
-0.45356462199367	0.286840755973713
0.205181952499019	0.110420289382553
-0.237449246408328	0.139810882843141
0.265065773360698	0.175344205786213
-0.174595720600663	0.0912599637275144
-0.792133294631468	0.632642008001801
0.0423571659955781	0.0213870028203468
0.0422779358186762	0.0213460423590448
0.397015905434803	0.260292076183669
-0.795303913358609	0.428996144102514
-0.575238543494442	0.395420803834069
-0.687565515876591	0.510461176450006
0.668483206398341	0.343935288943319
0.745314931034749	0.543544321920657
0.789124946179673	0.543928830463125
1.48091275927528	1.59222236966362
-0.006001151876493	0.00335806255735303
-0.674327052908448	0.547208197514885
-0.359424999637583	0.231221859869823
-1.32017290568447	1.33008684249602
-0.976725620080584	0.584772285236741
0.789240796433689	0.54367420529474
-0.119164091334129	0.0730446137848314
-1.74462224256798	1.58984292718188
0.560672269912082	0.388121508634766
-1.51816394787249	0.959194058305068
0.560672269912082	0.388121508634766
-0.174625080884339	0.0912854195393808
-0.58178160921078	0.277642461693518
-1.24926165689137	1.03224294008204
-1.13546888544982	0.741545415290854
-1.35318719370295	1.19037012647783
-0.829084254712108	0.60642326809271
-0.576668615728061	0.435456996649804
2.04419556984704	1.50835659052295
0.205126733349182	0.110389989862704
-0.268811190324651	0.137482691167831
-0.174485277419969	0.0912106313420276
1.32371794960321	0.631519863553089
-0.580603062995071	0.3224974752442
-1.34596633931712	0.491729044914134
-0.32342872014596	0.132754800981013
-0.00285025275782294	0.000970864932132848
0.369443988447083	0.157954068466191
-0.0125383368459206	0.00587393184648128
1.79279329036883	1.77596198246297
0.917863873252207	0.888805486325902
1.03036797569468	0.91245684227107
0.12011077257807	0.0538869679431261
-0.174628515728416	0.0913006915587617
0.205322120318226	0.110472881952952
-0.237573967425114	0.139884696422554
0.560669495824864	0.388068262474947
0.789079325953716	0.543893240613633
0.0422383511678333	0.0213230796516601
0.378837053043127	0.200602993253842
-0.2687279974696	0.13743703950627
-1.13724250994339	0.878595360464549
-0.171915097335951	0.103271348301382
0.365548699035189	0.175813952012173
-0.0399311719815804	0.0254090120101026
1.05995028406596	0.577358205564012
-0.889597081050091	0.760323556554459
0.788857893240333	0.543561532109322
-1.01623949404177	0.731062986346385
-0.47209074660014	0.330014700185048
0.394117608350336	0.242260360238849
0.921404048782597	0.552431775441768
0.249999051633764	0.155110314569276
1.10698275884907	0.935748026301423
1.52032124731778	1.08657462671375
-0.359550279772692	0.231168535447768
-1.1355310372283	0.74165193188041
-0.7400701483229	0.452397258194513
-0.941235175189046	0.739686552561918
0.503543952010439	0.450075450251503
-1.40923601283174	1.06895555446208
0.378727390829471	0.200531723202199
0.205266784752764	0.110460669177488
0.560632673606397	0.38807023461074
1.61615804945285	1.67117092182105
0.745353449875489	0.543725661610116
-1.40927863953749	1.06900153922817
-0.487370053892021	0.373726787195225
-0.174712693958413	0.0913301620983544
-0.320512229568985	0.18504719516924
0.142419603815384	0.0893858006289232
0.577852447704279	0.376145682135264
-1.64086849420372	1.41104987691718
0.0836693107122105	0.0457090630379767
0.394077543950188	0.242263206421765
0.17056956509288	0.0844693638396542
-1.13567729072396	0.742109314725345
0.668412566104476	0.343909313552279
0.623050316446066	0.352135083519687
-1.5184112689232	0.959430498339099
0.965708155966886	0.36469686787148
0.265014399050589	0.175330401907475
-0.0496092677838992	0.0271228251111568
-0.687576058610729	0.510428737659488
0.39700159284157	0.260302023027962
-0.687576058610729	0.510428737659488
-0.00594870335486252	0.00332924516804532
0.116230996942803	0.0682334655645666
-0.0873848714595538	0.0397782837000225
0.0836796513806659	0.045709786317908
1.83592733836913	2.17352612717136
0.956762326002398	0.734344329952799
1.49187055735481	1.43022320646088
-0.429754352431401	0.243433445629051
-2.1887208303269	1.2693702277358
-0.359446060402219	0.231222563721811
0.205016392440772	0.110303116653591
2.17446090539467	2.21275374727039
-0.0025583228276369	0.000870770923181551
-2.18966790174718	1.27012956245085
-0.581786516589405	0.277551473252916
1.20484480287447	0.970839273891237
-0.23746978542982	0.139808115240825
-0.579810540767496	0.321790309332033
-0.0496964241532648	0.0271652473265563
0.250019935805811	0.15511641349221
-0.17459926023523	0.0912855489687525
0.0423592611971083	0.0213859834041211
0.804420286635065	0.715036751638182
0.205042198106717	0.110325991467597
-0.389615298566888	0.27701051282046
-1.14290631538983	1.02382888659533
0.0293105991403497	0.0174314041483834
1.65613897630138	1.51943823476646
0.0836732250012232	0.0457098608963882
-0.268118053776295	0.136969966887397
0.250009479618193	0.15511754145689
1.1071404691228	0.935773583234462
-1.95002511922446	1.53493871942332
0.788997378530188	0.543852581801781
0.533858778692273	0.412859625068191
-0.453528065982023	0.286864929800277
-0.0496545327696726	0.0271489027461026
0.710015739658871	0.546500735713786
-1.33204640906765	0.762295394245592
0.598490018563699	0.365208208471015
0.956872912425269	0.734592065785687
-0.223893555673758	0.149326775940113
0.844338401804658	0.546357972005448
-1.82038153549035	1.34229056866581
0.44822613403937	0.125635469819146
-0.943915148975872	0.276710030090892
-1.95717194400029	1.00342135116854
0.623180168539243	0.352214767231186
0.369191566451795	0.1578145382159
0.0586730762067555	0.0233010280801353
-1.11095419840965	0.563287274191042
0.388484090009371	0.222665206631935
0.369696009095169	0.158067754520311
0.388611278287772	0.222779199110245
-0.320513993115958	0.185013055249382
-1.67852612172773	1.153971021526
0.0836346373861601	0.0456890182021036
0.0390250791632646	0.0277474487060311
-2.18834424285025	1.26872549798424
-1.68105833366304	0.744808525742298
-0.829081967283119	0.606256974947098
-0.0757779728133876	0.0473347835396149
0.388496332191838	0.222697111196915
-0.284643871126821	0.186589672476718
-0.47209131567218	0.329997648951972
-1.01643737890383	0.731018868055903
0.95686907746069	0.734452920465337
0.365634724659639	0.175835138801182
0.170560103174057	0.0844662711572669
-1.51816394787249	0.959194058305068
-0.2687279974696	0.13743703950627
-0.707443001284619	0.478314823263817
-1.82058715504602	1.34264782504552
0.24997468863786	0.15509621575848
0.230529605001091	0.133680510590328
1.20483259624617	0.970734582695714
-1.14279848471837	1.02370415823435
0.77079981160721	0.350840110911968
-0.453526186148828	0.286869848352417
-1.2785493632128	0.903585086704532
0.843922430318822	0.545806582412932
0.560631884952499	0.388100936597873
-1.68070949459512	0.744632683673561
0.0835999802839683	0.0456661028318998
1.83645064175416	1.20255680724847
1.50460992872118	1.26759481849811
1.03611851081783	0.753977377386706
0.388705364199698	0.2228237408163
0.844245436694145	0.546340791689674
0.503543952010439	0.450075450251503
0.388635641929205	0.222799330565912
0.142515560565323	0.0894115280331442
0.12011077257807	0.0538869679431261
0.745353007153523	0.543706231076692
1.03028823981607	0.912283562583338
0.394037916789735	0.242247660525564
0.119875060412801	0.0537756254140837
1.24274961349588	1.14719051054955
-0.359459710819283	0.231234615283526
-0.581924444867391	0.277715453255469
-0.10431959113781	0.0558011663734158
0.119405239976688	0.0535087710592151
0.411049301966975	0.150047166521462
-0.580349831282464	0.322341566730602
1.20490239363088	0.970865504289273
-1.33197952685661	0.762634981562714
0.533771457780374	0.412796948114416
-0.174518314964367	0.0912348516528442
0.57799237739116	0.376473680654714
-0.0872202098935879	0.0396925932505551
0.710099550434464	0.546544610800671
0.205407250175542	0.110475096834978
1.83637822902329	1.20191504598454
-0.268617700571665	0.137383094548257
-0.795470598735211	0.429005412207795
-0.00291874396302509	0.000991954112497254
-1.1106194968633	0.562870946942689
0.365714364360966	0.175875869700692
1.05987776781758	0.577885042568082
-0.429742023619485	0.243444703250539
-2.54793662767654	1.76400174846487
-0.429925595459858	0.243580051469603
0.788882342572252	0.543663401868141
-0.707483809794263	0.478307623762849
-1.01635180096047	0.731290577813313
-0.57530047576779	0.395326283405003
-0.320591866789526	0.185070076583314
0.205211481751657	0.110438490596475
-1.01632041329865	0.731111715719173
1.33420451960828	1.01921230707526
-0.171968579050833	0.103308832832877
-0.174573431544604	0.0912716571979923
-0.429684759665462	0.243380527933264
0.116337803549992	0.0683121911720951
1.18740935803067	1.2885948510357
0.598573351737047	0.365281015830231
-0.223928254422334	0.14937310962485
0.205042198106717	0.110325991467597
-0.740280398947646	0.452574775308571
1.28517299946695	1.49503913501467
-1.01623949404177	0.731062986346385
0.397015905434803	0.260292076183669
0.16996730234134	0.0841624907926557
0.560631139693429	0.388101630778108
0.397020360639008	0.260124845521553
0.894974427264456	0.723012047209108
0.378727390829471	0.200531723202199
-0.792079793190693	0.632687552037336
0.546095109184523	0.399773198177896
-2.01807530564098	2.14620777843677
-0.453486695923122	0.286846798923099
-0.119077183004402	0.0729893994545596
-1.2786405784213	0.904106788970841
0.393998309938964	0.24221564521359
0.656838552478282	0.559268784665549
1.02284770047486	1.07145178666917
-0.575293922597054	0.395428784130361
0.369101416923485	0.157753649363207
0.956872912425269	0.734592065785687
-0.237587939229765	0.139889618844876
-0.132054634542926	0.0911255405130199
-0.359390272612402	0.231190890343253
-0.453529772656167	0.286799252702398
1.47114285477821	1.7647571319712
-0.224075412035243	0.149490608903112
-1.40614002667956	1.94869111398085
-0.237567098003677	0.139865118799138
-0.104360717158204	0.0558152634709309
0.393918148641891	0.24204464052798
-0.237528955596091	0.139874316638003
-0.268534443406287	0.137314478717515
0.230488467651288	0.133653113546507
0.681137386304532	0.552022823467714
-0.575247842369215	0.357512901650038
-1.2491804841411	1.03278535988771
-0.0495853736185484	0.0271034571641484
0.87466428450606	0.882854283319127
0.230490012836691	0.133653431840519
1.35549259110812	1.19634193366407
-1.35312058334798	1.19004136743334
-0.268414594212216	0.137235508430333
-0.472118030867994	0.3299950821969
-0.118999301999105	0.0729288051592891
0.265048650072239	0.175349097745977
-0.0398701178045718	0.0253698211940895
0.730198513352225	0.881250725275372
-0.0497450640910127	0.027191879597114
0.205211481751657	0.110438490596475
0.116363971797762	0.0683270914761228
0.546279557483176	0.400028065309832
0.205181952499019	0.110420289382553
-0.320552374954212	0.185067543761871
-0.0497239730911766	0.027181235394223
-1.13540557686061	0.741442945452827
-0.00607309232632234	0.00339749545493146
0.577962852066937	0.376462056263808
-1.13720005339703	0.878783264435031
-0.580371561309725	0.322378988803852
0.956983629109388	0.734621121449141
-0.320513993115958	0.185013055249382
2.6834032063741	1.75158764605389
-1.2786405784213	0.904106788970841
-1.11054651250717	0.562770546181268
1.08238282667856	1.0889579102222
-0.359424999637583	0.231221859869823
0.0836796513806659	0.045709786317908
-0.575361020021202	0.357592442111619
-0.453449761195745	0.286766668269298
-1.27854119798091	0.903987291667409
1.03043748262447	0.912443525259986
1.15413010947376	1.11169586260586
0.398820137099835	0.277814185387544
-1.52945509103051	1.23757015975341
-0.00607309232632234	0.00339749545493146
0.0836553943168606	0.0456870258651299
-0.580266505812649	0.3222691862051
-0.581854188280408	0.277697073220254
1.10702185510946	0.935885221644565
0.0422796254578924	0.0213471109845159
-0.429913148081275	0.243543922037474
0.394156859268203	0.242236474373332
0.84434901377286	0.546409530474438
0.250019935805811	0.15511641349221
-0.174433756826449	0.091173995456772
0.205296443575086	0.110471969951527
-0.323267030849328	0.132664766624666
-0.575241891791028	0.395404439137203
-0.119111616177512	0.0730016435163451
-0.429868625622534	0.243546443419877
-0.400408163058232	0.199679139220261
1.60076130506037	0.907036493899438
0.388878599268322	0.222920598581283
-0.581851832882174	0.277688325692166
0.0586752350175879	0.0233026661375095
-1.6784015336866	1.15386732162851
0.623108714196451	0.352046458796775
0.0587435559436112	0.0233296694197922
-1.40918022913308	1.06877036607226
-0.58178160921078	0.277642461693518
0.740166724707074	0.718423592362873
0.378727390829471	0.200531723202199
-0.359435544098484	0.231227533097986
0.512587678487057	0.437548020997683
0.142419603815384	0.0893858006289232
2.4022631079363	2.14290114144998
-0.400513563075863	0.199729099262418
-0.98104407724952	0.894120761087462
-0.430051715681581	0.243618728457605
-0.191768903144085	0.0841252697608303
0.398899197057204	0.277853325909737
-0.104439186947234	0.0558548380143883
1.15410169288289	1.11148491281121
-0.389624302641974	0.276981661337578
0.249929441003308	0.155058665247787
-0.740271693618544	0.452632126761163
0.119875060412801	0.0537756254140837
0.560711885972035	0.388147474403836
-0.104397024410346	0.0558413819324387
-0.575283575494184	0.39546427526981
0.522633394904736	0.42556669118332
-1.04540330980514	0.878555749995105
0.205296443575086	0.110471969951527
0.0586752350175879	0.0233026661375095
-0.581849525599261	0.277576220823309
0.170272425689712	0.0843399388739337
-0.00607309232632234	0.00339749545493146
-0.707521172971948	0.478490781085457
0.39966555312206	0.294716052552105
-0.26882014270592	0.137493109818912
0.399753561014207	0.310711648991431
-0.581922163948477	0.277706756599217
0.635516703734987	0.566947202060518
-0.0496545327696726	0.0271489027461026
0.195188294718077	0.145212528035756
0.205241089187748	0.110449762702166
-1.2491804841411	1.03278535988771
-1.13544780775655	0.74188588614203
-0.45352894096537	0.286840111372119
-0.575247842369215	0.357512901650038
0.668339794470315	0.343828614069647
-0.104397923721841	0.0558438585660396
0.921489960026533	0.552533647137428
0.378516123801615	0.200369826875235
-0.0874192319868208	0.0398048854826958
0.264944220875821	0.175222444176219
-0.842573501506563	0.367295334988531
0.804621504478623	0.715527253685001
0.393997425969371	0.242166407812664
-0.171916249530567	0.103284333532777
0.0826621856692719	0.0555228698462527
-0.174628515728416	0.0913006915587617
0.57804767962632	0.376553475673062
1.83687648660533	1.20254338962645
-0.45356462199367	0.286840755973713
1.79304631687858	1.77758954909223
-0.237418215912341	0.139762411161649
1.24270851402553	1.14735824964831
0.20515621128702	0.110408160639295
0.0422796254578924	0.0213471109845159
0.230528840720756	0.133684195378615
-0.104360717158204	0.0558152634709309
0.0422774636633629	0.0213433618669291
0.369191566451795	0.1578145382159
-0.0876742818866323	0.0399207835370522
-1.33184073883393	0.762330697096292
-1.01634919800968	0.731217314444919
1.30500559063638	0.824690551359012
0.0836139988449978	0.0456801177731202
1.05987776781758	0.577885042568082
0.119851360032837	0.0537563736980319
-0.884588372446995	0.588819046433955
-0.32351770392979	0.13279342860992
0.388866557100892	0.222888733927138
0.745471470782247	0.543471722523363
0.78893980475248	0.543791021826737
-0.0123669275177168	0.00579257832326066
0.393997845165748	0.242199850872686
0.844152537341915	0.546273411772544
0.745274263767946	0.543557664143171
-1.01640653529459	0.731296908478309
0.119875060412801	0.0537756254140837
0.37903365004806	0.200695229132283
0.393998820278763	0.24221496570692
1.14111481814916	0.780226580309296
-0.79563934189504	0.429120616122865
-0.0872097202919863	0.0396986290401776
0.120004743026815	0.0538382787021705
0.844256005489486	0.54634206000507
0.788894586158484	0.54347151380226
0.170272425689712	0.0843399388739337
0.116390147511187	0.0683382847723855
-0.174455736603005	0.0911793397790474
0.745314931034749	0.543544321920657
1.79296176249817	1.77766741706154
0.388878599268322	0.222920598581283
0.745433143216058	0.543710420139799
0.0585317929331506	0.0232337954342891
1.36661169451326	1.36661397734987
1.24274820443617	1.14738294395687
-0.320552993853204	0.185056332829789
0.789055063944555	0.543856648322334
-0.23749787590423	0.139847890981541
-0.359411288891954	0.231191559725985
0.250019935805811	0.15511641349221
0.0588115719246944	0.0233482042366705
-1.13544780775655	0.74188588614203
-0.740363553407265	0.452677488340356
0.598295700956373	0.364991769480157
-1.45026647290346	1.35200382873575
0.365634724659639	0.175835138801182
0.042356756117408	0.0213843480987584
-0.0496092677838992	0.0271228251111568
0.522572242651094	0.425489438665856
-1.14282664091194	1.02417759825111
-0.487422014758526	0.373723338087226
0.710144518526154	0.546483916292128
-0.40036136937727	0.199570942819307
0.710029975803891	0.546567476157879
0.394077992026695	0.242262483225049
-0.665746540696013	0.586139641955526
-0.0760893549054508	0.0475346286161415
0.286300824306992	0.212143694140009
-0.57525235701754	0.395450864272708
-0.359435544098484	0.231227533097986
0.789137043859013	0.543954929220758
0.396981124268762	0.260286380908059
-0.0060016948213122	0.00335844422206687
0.388681054646199	0.222839316744788
0.163620813002107	0.109136870115789
0.656794057574267	0.559315469963729
0.120216878406035	0.0539296496159934
0.84396677894642	0.545976603034212
-1.33184367767742	0.762015428988325
1.0597155655144	0.577756640140593
-0.0758012708607271	0.0473407973093391
-0.224183648914107	0.149539990407034
0.0837593249868663	0.0457388204378818
0.163560042689512	0.109098501464748
1.12028163784138	1.26265258001622
0.399691842634944	0.294754881185682
-0.472038428594962	0.32992879543917
0.656803174572888	0.55943957449011
0.710095451193974	0.546453888752434
-0.359341698223482	0.231070991941979
1.10706107947149	0.935851350786674
-0.414097189345744	0.32232938802377
0.394038920805071	0.242228624143532
-0.359435544098484	0.231227533097986
-0.766092860127357	0.664969852995709
-1.14862829341526	1.17636685017211
-1.94992816313755	1.5347271317717
0.205045767855467	0.110321221907016
0.230490012836691	0.133653431840519
-1.11095419840965	0.563287274191042
-1.68009156842078	0.744218155905003
0.378754706254768	0.200505425341965
-0.104439186947234	0.0558548380143883
-0.576562024592509	0.435337941266279
0.399373290439726	0.310336036366071
0.277070204656928	0.194380556211629
-0.707521172971948	0.478490781085457
-0.320551000801398	0.185059855634261
0.578188139453014	0.376606994001504
0.276974808962132	0.194360109506673
0.393959851793225	0.242147071342183
-0.268829073303447	0.137474874094529
-0.575286950296263	0.395470517468643
0.116416853460594	0.0683500279560176
-0.104278391852856	0.0557721044560038
0.399631948182005	0.310638972648191
-0.795473084150557	0.429189025577302
0.0836346373861601	0.0456890182021036
-0.320552993853204	0.185056332829789
-0.829124767395153	0.606503723818148
-0.884519156846644	0.588683549507875
-0.707443001284619	0.478314823263817
1.33439007914414	1.01918869315137
2.04425591386329	1.50756791007354
-0.472118030867994	0.3299950821969
0.956953950129638	0.734577320632393
-0.389389885179534	0.276758509460697
-0.580034303140646	0.32197737032381
-0.320512862899764	0.185045864651848
0.369696009095169	0.158067754520311
-0.581713996592567	0.277573942253515
-0.00226675917502309	0.000770578967515132
0.12034702103488	0.0539879293877707
0.0586066080559193	0.0232695963511978
-1.67982267380833	0.744085031591401
0.388681054646199	0.222839316744788
-0.4297991763118	0.243493611717284
0.23053041269172	0.13366829299905
-1.0162995682089	0.730654662485934
-0.0121701696544959	0.0057003464533006
-0.795557467610568	0.429227305973378
0.286324282468902	0.212196139825801
0.398188170278312	0.340795237780609
-0.581854188280408	0.277697073220254
0.623026548869316	0.352133124979863
-0.0152578499850009	0.0111432281118648
0.503675987778119	0.450232439937044
0.0293453683262473	0.0174484109871114
0.789009542854592	0.543863079094428
-0.049665047876336	0.0271547943089435
-0.981009551900245	0.894246027856386
0.656795076427762	0.559349696011474
1.83645064175416	1.20255680724847
0.142298259723399	0.089284004119108
-1.01646356320489	0.73118383061582
0.623156321552976	0.352260784925711
1.91776215275323	2.04139077985502
0.397105846850206	0.2602595136997
0.249995673770185	0.155084404582313
0.394037916789735	0.242247660525564
0.249929441003308	0.155058665247787
0.398899738292864	0.277833137389053
-0.510743547432265	0.185419327634832
0.745313846676038	0.5436625102872
-0.453527147708742	0.286874832407521
0.249939913542968	0.1550659212329
0.710026047413324	0.546408476904265
0.205241089187748	0.110449762702166
0.116284918076701	0.0682785512631978
0.397011871554962	0.260283967448686
-1.3200774770071	1.32978183654708
0.286195640783449	0.212119843513304
-0.94127265217132	0.739726063502999
0.286263862110025	0.212166872965943
-0.472145233880317	0.329884618698345
-0.0122276726897269	0.00572835891609193
-0.00594870335486252	0.00332924516804532
1.20490239363088	0.970865504289273
-0.581922163948477	0.277706756599217
1.10706148824685	0.935941427611023
1.10694319741214	0.935552061811469
-0.0121701696544959	0.0057003464533006
0.894972661273094	0.72271358029237
0.956953950129638	0.734577320632393
0.365551881767153	0.175771484479818
0.0588115719246944	0.0233482042366705
0.8948554279299	0.722860221926672
0.0422388999443572	0.0213245448072465
0.546122008530148	0.399847188396807
-1.01626830299246	0.731124793594598
0.560630437830936	0.388074284865715
-0.191594955374977	0.0840523906515105
-0.00285025275782294	0.000970864932132848
0.365462810263777	0.175771126538925
-0.976748321602159	0.584724813841583
0.668343792191946	0.343767807424399
-1.06714317522837	1.0326506683909
0.398113739090082	0.340698176105552
1.61587893642245	1.67157166373218
-0.575254179763192	0.357423185783393
-1.13544780775655	0.74188588614203
0.844142036023125	0.546193480334791
0.623368560595867	0.352394665675771
0.598861018517101	0.36538933531321
-1.40933416517034	1.06897719510538
0.388681054646199	0.222839316744788
-0.581784038930277	0.277651257807727
-0.581854188280408	0.277697073220254
-0.174544124873814	0.0912564848517119
-0.191765997402019	0.0841406045300469
0.205152501413158	0.110394674120877
-0.575247842369215	0.357512901650038
-0.237528955596091	0.139874316638003
-0.174485277419969	0.0912106313420276
-1.13716389690442	0.878922923019374
0.142393336926836	0.0893680462941138
0.369606368030708	0.158007050490895
-0.576535215412935	0.435254049983466
-0.173967739792105	0.118063616279414
0.623180168539243	0.352214767231186
0.560670796042941	0.388152961154497
-1.13557312432465	0.741984670388943
-0.429925595459858	0.243580051469603
0.394038396008532	0.242246959131393
-1.13578138472696	0.741904171244804
-0.268617700571665	0.137383094548257
0.0586066080559193	0.0232695963511978
0.804422058326491	0.71543556829675
1.35563266451659	1.19658288270597
0.635562225748386	0.567019156974504
0.533720104577383	0.413008842838689
0.398740041870163	0.277698898915624
1.02284014046179	1.07149423588855
-0.579241136877173	0.476967790776985
0.578103014416737	0.376604056005177
-0.707480143436695	0.478397987358348
0.804473408112876	0.715506117232359
0.388623453802359	0.222807132021994
0.578018102972575	0.37654181246198
0.116311642762167	0.0682935907870279
0.578073386398327	0.376592353319862
-0.389675959405441	0.277012298866188
0.170560103174057	0.0844662711572669
0.205185767371981	0.110419404112476
-0.320470648585448	0.184942561125947
0.205075221343872	0.110332408266124
-0.0122276726897269	0.00572835891609193
-0.0879899279722201	0.0400547300286531
-0.976365401250023	0.584398859616745
-1.8205041069926	1.34246086170129
0.378727390829471	0.200531723202199
-0.00321092368226869	0.00109246418514769
-1.01638040429431	0.731261580326361
0.74523528271049	0.543368964031937
0.365462810263777	0.175771126538925
0.388565964607091	0.222757123212129
-0.237483943959794	0.139846828265212
0.249988153877649	0.155066139969002
1.15418237740186	1.11171436938527
-2.69177077645692	1.99515513331164
0.0836243033187161	0.0456856938071087
0.546250743648289	0.400046045111249
-1.01635426527844	0.731030001447839
-1.04541408558189	0.878645391324334
-0.575262792708149	0.395475278382787
-0.791974003188081	0.632529374040272
-0.237483943959794	0.139846828265212
-0.191933678929107	0.0842065929843931
-0.576615023024312	0.435396115854758
-1.24918171972354	1.03274207099917
0.578124823998584	0.376482385169237
1.03591449475179	0.753942920815292
-1.27834194596086	0.903560898454798
-0.453602935234686	0.286728936229875
-0.191765997402019	0.0841406045300469
-0.0120548287946296	0.00564303419225124
0.205123128476221	0.11035959863149
0.230451308065575	0.133605108553681
1.33449344872523	1.01936561703256
1.50422218592423	1.26644907004953
-0.792000132916884	0.632605847321654
-0.26842377376637	0.13725791720775
-0.941293807684783	0.739887785369521
-1.52967484389062	1.23807894945633
-0.57538996445978	0.357597568636075
-1.74466146776466	1.58996110682198
-0.0875247626795585	0.0398554643821223
0.95689862688858	0.734589435516779
-0.576589945561203	0.435352430352937
0.533695257233642	0.412975657935759
0.95689862688858	0.734589435516779
0.533702983875235	0.41302357964498
0.598675391106249	0.365365106671917
0.710064754965551	0.546573518162947
0.0836487181970986	0.045700188709168
0.205266784752764	0.110460669177488
0.668553738709177	0.343855559500313
-0.58178160921078	0.277642461693518
1.03602573662546	0.753804775358798
0.577933404864359	0.376418315640524
-0.104359195281209	0.0558242971418694
-0.191848441999651	0.0841748012731843
-0.67439662495425	0.547304924511479
0.745312944518501	0.543574984138107
-0.429811544627333	0.24349758007301
-0.707560579726294	0.478472244119477
-0.0400813328956379	0.0255043202404864
-0.237563643670217	0.139889377318265
0.388681054646199	0.222839316744788
-0.323768775804252	0.132906269597143
0.23052744239938	0.133668602137409
-0.665791038976747	0.586171603265856
-0.049665047876336	0.0271547943089435
-0.0872920717273817	0.0397381772141896
-0.0879899279722201	0.0400547300286531
1.83671578232145	1.2026905210236
-0.0025583228276369	0.000870770923181551
-0.324020247320629	0.133003472761622
-0.740179770854738	0.452503944476729
0.84434901377286	0.546409530474438
0.205100973330945	0.11036967785944
-0.268229409178249	0.137106756034587
-0.575280127168348	0.357541128183675
-2.37980853777568	2.31877557812695
-0.0496439894741144	0.0271417412631816
-0.320552993853204	0.185056332829789
-0.792080398370247	0.632669952314614
-1.01618459373513	0.730687292676172
-0.795473084150557	0.429189025577302
-0.32342872014596	0.132754800981013
0.23052811985298	0.133680230051694
-0.941224687403879	0.739667076733329
-1.74465515290125	1.59024566701728
0.378810830526368	0.200509046834652
0.230488467651288	0.133653113546507
-0.707522656104184	0.478427995182554
0.205045767855467	0.110321221907016
1.20485702201356	0.970720282769377
-2.28301430500433	2.11558873626435
0.668483206398341	0.343935288943319
0.170068843650991	0.0842286987652546
0.968770687451542	0.897417287368081
-0.980905548669264	0.893861087704421
-0.795473084150557	0.429189025577302
-0.00597545784260671	0.00334394234187639
-0.884575760396575	0.588743079775032
-0.795475547334051	0.429156033723791
1.30500559063638	0.824690551359012
0.0588889096012758	0.0233766615912257
0.921407174037824	0.552510092381016
1.49179136008629	1.43008822900997
1.03039249606123	0.912518503708076
-0.510381448501776	0.185343391604108
-0.0947477274635641	0.0271987917649854
0.398872498945576	0.277846608081507
0.378493961987734	0.200357375434109
-0.323606841794993	0.132787041663478
0.365551881767153	0.175771484479818
-0.580139552543401	0.322178443064124
-0.324092787545708	0.132945786827349
-1.13569824977844	0.742021850109875
0.26510168194708	0.17541465777122
-0.429811544627333	0.24349758007301
0.276879695722599	0.194264477441635
-0.740262966664053	0.452575713375946
-0.237587939229765	0.139889618844876
0.0836037239607611	0.0456723801774988
0.0423576214530844	0.0213884261189087
0.921324434956384	0.5524265305633
-0.00154684176698365	0.000527981901671777
-0.740363553407265	0.452677488340356
-0.707561374899847	0.478454287577905
0.598471479069243	0.365154751464456
1.24274756493478	1.14726908390912
0.083714317932502	0.0457271316416471
0.68105875510583	0.551975821568346
-2.82028237135764	2.21217523873637
-0.0121368216714908	0.00567755164470438
0.116337265710945	0.0683120625139432
1.65593049653279	1.51831344003887
0.921156072870382	0.552172581688307
0.365377058174033	0.17570635540703
-0.284557974950084	0.186508621539616
-0.359456548557912	0.231206621682295
0.205211481751657	0.110438490596475
-0.576587568013795	0.435203291223495
-0.82904784880335	0.606262707543503
0.163597652775617	0.109126763570233
0.59876817292181	0.365396418954223
1.33440052731901	1.01942425686405
0.0423175407555787	0.0213672432919553
-0.429742023619485	0.243444703250539
0.788997378530188	0.543852581801781
1.15413065688962	1.11166788834906
-0.581784038930277	0.277651257807727
-0.510381448501776	0.185343391604108
0.369281560627773	0.157849816719288
0.788812721348061	0.543546622971751
0.393960484287744	0.242106313459953
-0.575306066526481	0.357587683954408
-0.268635789011379	0.137364741335883
0.205071546672453	0.110351538960765
-0.10439877968516	0.0558435022103617
-0.707560579726294	0.478472244119477
-0.829122506699366	0.606416348519176
-1.01623661359486	0.730952335251491
-0.359449115974057	0.231217993302278
-1.01634919800968	0.731217314444919
0.57799237739116	0.376473680654714
-0.580349831282464	0.322341566730602
2.40228537646207	2.1417479628863
1.35566230818251	1.19638380160201
0.0422802796907504	0.0213451498379722
-1.45021027041808	1.3523329461065
0.378837053043127	0.200602993253842
0.399527003158527	0.29457778785494
0.533615667285273	0.412861872716771
0.560593097039498	0.38799073490125
0.52267882295091	0.42560419311399
0.789067188669125	0.543924706508862
-0.79205302877093	0.632666361819491
-0.0122398914365767	0.00573275860786979
1.26784778815742	1.32119253232882
-0.453486695923122	0.286846798923099
1.14153882005977	0.78038981555394
-1.13708232061463	0.878208654411123
0.116363971797762	0.0683270914761228
0.894934741024717	0.72300838649018
1.88357604575587	1.64352972569819
0.399631165644799	0.294713157142637
-0.487456138975882	0.3736645503676
1.0360164195216	0.754015797721942
0.0835999802839683	0.0456661028318998
0.771092418292579	0.351048136725648
1.91764415234455	2.04103226543729
-0.119120635310023	0.0730184164425326
-0.575262792708149	0.395475278382787
0.170457853478971	0.084419753138902
-0.840646133172398	0.366026539748054
-0.432195795413815	0.0981239072789159
1.35546320592378	1.19616602715711
1.36662198517264	1.36641767515701
1.14169286194149	0.780660352347053
-0.320550245572636	0.185039040731163
0.546330813313669	0.399989099870355
0.89489507458496	0.722958418196703
1.49179083379803	1.43002505804072
0.0422784535101385	0.0213474939483703
-0.941293807684783	0.739887785369521
0.205207701750601	0.110416794371153
-0.359400794834614	0.231196545368216
2.13802461316895	2.58580286266073
-0.171888954875426	0.103262528114191
0.26510168194708	0.17541465777122
0.546202023777459	0.399961179471182
0.249988651842657	0.155095063483007
0.0423197603352864	0.0213662872995593
-0.119033734436334	0.0729574274360317
0.396981124268762	0.260286380908059
-0.119207551057469	0.073067983664619
0.207512182919375	0.1621778996852
1.15415623962501	1.11173707314671
0.170374466606941	0.0843863554800559
-0.171995306183406	0.103320945805045
-0.976620884568423	0.58466531707052
-0.00415769966103373	0.00141486239971352
0.598490018563699	0.365208208471015
1.49191066488771	1.42998279559144
-0.976260340524774	0.584050537039019
2.23156260992701	1.82070463993709
0.845351136894809	0.716491994850677
-1.13555209336582	0.742010647654425
1.20503001040664	0.970801529945006
-0.580371561309725	0.322378988803852
0.205326180631825	0.110475840885606
0.083690021661278	0.0457070393827141
-0.453525181306195	0.286848918425536
-0.174628515728416	0.0913006915587617
-0.389528428592558	0.276953055673641
-0.00592194011114654	0.00331440094543435
-0.266246880238984	0.195373332195862
-0.82495191917787	0.821604182809726
0.16360538205818	0.109135222249421
-0.429868625622534	0.243546443419877
-0.429729682244518	0.243410444866458
0.120134631761478	0.0538964433430745
0.205185767371981	0.110419404112476
-0.740179770854738	0.452503944476729
0.388611278287772	0.222779199110245
1.33441099968333	1.01935277897555
1.20477507746586	0.970708427297487
-0.580161377046775	0.322068153605651
-0.42967245780055	0.243361499868568
0.844059703677712	0.546155801156035
-0.976725620080584	0.584772285236741
0.169884086577812	0.0841182875246922
-0.400408163058232	0.199679139220261
0.771092418292579	0.351048136725648
0.844070186217798	0.546045193585038
0.560670124227051	0.38812563402852
-0.740254218108245	0.452348895145515
1.03599785029839	0.753908516007888
0.230489218546085	0.133657096820458
1.15419221777161	1.11155259651657
-0.268617700571665	0.137383094548257
-0.707441551292643	0.478324166306425
-0.320472728323707	0.18500883783832
0.205262934581655	0.110428954297862
-1.64079031604019	1.41150780173358
-0.119181302456655	0.0730529519471356
0.0423180273406882	0.0213686808954471
-0.687621339685587	0.510442303288347
0.681111168410843	0.552038388846376
-0.17194241801976	0.103300002008729
0.39395926482031	0.242165352884471
-1.64080101572284	1.41123531072883
-0.413992346769303	0.322147145456777
0.709981039126581	0.546426445722382
-0.218651702323561	0.162818393365648
-0.049664773758187	0.0271420230743897
-1.51824651968381	0.959357860364367
-0.268322033479146	0.137179227635239
-0.97683028062557	0.584626302691587
0.84529784914502	0.716263798147259
0.0293366282731886	0.0174467216580498
-0.0123095682902471	0.00576462947117763
-0.0873025425552024	0.039747500646423
0.770731512231836	0.350809203466032
0.230489218546085	0.133657096820458
-0.174514740171446	0.091236144615508
0.681085449140647	0.552060302462675
0.410684422475736	0.149950448704565
-0.400384780578106	0.19966118834964
1.10706071625299	0.93564105367822
-1.13532229991961	0.741731857047717
-0.322331449240639	0.23285303554432
0.264919371548888	0.17516743358217
-0.4297991763118	0.243493611717284
1.10702102079297	0.93558480377848
0.394038396008532	0.242246959131393
-0.400020822389192	0.199426194116488
0.0587457894570351	0.0233313383669741
0.393921011172682	0.242034320899895
0.119875060412801	0.0537756254140837
-1.67982267380833	0.744085031591401
1.33439007914414	1.01918869315137
0.0586045725612464	0.0232714078261316
0.0423175407555787	0.0213672432919553
-0.575276993342195	0.357560747477759
-0.65982460431009	0.626531188143502
-0.580139552543401	0.322178443064124
0.378744180687792	0.200540698956173
0.409379481895826	0.149355853828265
0.921324434956384	0.5524265305633
-0.791999472522922	0.632533037448192
-1.14277435632175	1.02390171967308
-0.0121579779232437	0.00569550785644836
0.399587681769864	0.294665274894848
-0.323267030849328	0.132664766624666
0.120134631761478	0.0538964433430745
0.204932024437242	0.110207829359279
0.0423180273406882	0.0213686808954471
0.293741111097681	0.229145537563904
-0.0496302816821721	0.027135851275683
0.393959851793225	0.242147071342183
1.9178017531553	2.04120647337572
1.24270998313979	1.14716588651425
-1.13567729072396	0.742109314725345
-0.237463240563307	0.13982242209813
-0.453604043054611	0.286768542877452
-0.237438932508922	0.139802266515279
0.393998309938964	0.24221564521359
-0.284664528881426	0.186618002727203
0.578103014416737	0.376604056005177
0.546146298287035	0.399938901295841
-0.795555037532711	0.429082398854794
-2.18010206836537	1.91941103141641
-0.4297991763118	0.243493611717284
0.0423581224798044	0.0213887511464096
-0.26842377376637	0.13725791720775
-0.575306066526481	0.357587683954408
-1.13569824977844	0.742021850109875
0.0836243033187161	0.0456856938071087
-0.487248926852307	0.373572714226693
0.230487760154232	0.133641469554507
0.59876817292181	0.365396418954223
1.08248726023951	1.08897586324593
-0.889609248326742	0.760498249238514
-0.268525347797909	0.137326910041535
1.20496009589364	0.970744195528323
-1.27872364579987	0.903836429245258
1.30493947629717	0.824751306985012
0.409091592525933	0.149231863416538
0.771092418292579	0.351048136725648
0.378727390829471	0.200531723202199
-1.82038153549035	1.34229056866581
0.804499952837585	0.715599841120465
0.623238534198675	0.352266810403192
-0.884688635613738	0.588740034808548
-0.88946547353368	0.760587091874175
0.116232030628555	0.06823772309015
0.600667538575377	0.583452301731199
0.394195975445205	0.24211300011712
-0.884701326330879	0.588899170884722
0.170068843650991	0.0842286987652546
-0.0761501292188393	0.0475684905742358
-0.575283121610636	0.357370124931737
-0.575352883531087	0.395458931705319
0.546146298287035	0.399938901295841
-0.0758993995958106	0.0474180581622748
0.522663664222606	0.425470790948635
0.805398659556438	0.877829460656747
0.0826621856692719	0.0555228698462527
0.37903365004806	0.200695229132283
-0.320473330609048	0.185007486119419
0.205211481751657	0.110438490596475
-0.581854188280408	0.277697073220254
0.894895810166702	0.722918400089256
0.16360538205818	0.109135222249421
0.399570488339335	0.294640933948354
-0.94130434126359	0.73990733004916
-0.0025583228276369	0.000870770923181551
1.03580356553189	0.753459187563453
-0.453489360946646	0.286816989972648
-0.284663964396472	0.186599893629163
-0.740171003604891	0.45253026277676
0.388369510758407	0.222543616611062
0.394116820155748	0.242245377382797
-0.119112466215253	0.0729952295462966
-1.95011498884437	1.53437305087792
1.33439007914414	1.01918869315137
-0.795388566123818	0.429111941624914
0.120371010324869	0.0539982926783083
0.745353449875489	0.543725661610116
-0.510665083637769	0.185396417332941
-0.884714004488368	0.588902910387814
0.968850228031228	0.897582080718038
0.264970751450314	0.175274839734157
-1.2788308459052	0.904291918675756
-0.284584759141434	0.186548168598305
-0.049605941996654	0.027120013911584
0.265118813379176	0.175428622585859
0.399422834111412	0.29435872850547
0.249929441003308	0.155058665247787
-0.0496092677838992	0.0271228251111568
0.956894826724732	0.734113126240101
0.39954813266193	0.310600119394099
0.956872912425269	0.734592065785687
-0.575286950296263	0.395470517468643
0.393959851793225	0.242147071342183
-0.2687279974696	0.13743703950627
-1.52953962433012	1.23774301714975
-1.29963319209512	1.47993612121344
1.37865272777509	2.05319552574499
-0.0123546421621991	0.00578834044022463
0.399692762809694	0.310683680170343
-1.14279919228592	1.0241389419404
-0.579913489290264	0.321944638127045
-0.00190672948753378	0.000649411384947845
0.598870483563842	0.365443873911522
-0.581851832882174	0.277688325692166
-0.976598104893979	0.584662631574268
-2.3829153563534	1.52474168466502
-0.323089720868296	0.132540400004644
2.68368086371306	1.75232141251981
-0.976852932436996	0.584831668326988
-1.04545943728127	0.878623755982339
-0.1915979731707	0.0840529792646734
0.0423204290408281	0.0213626964358949
2.23156062189726	1.8200965139779
-0.581924444867391	0.277715453255469
-1.95778543332321	1.00412011001723
1.48062323655745	1.59357895856227
0.656725304781844	0.559411616515847
-1.74465679560679	1.59030214578938
-0.884519156846644	0.588683549507875
0.740234957013196	0.718573887463357
1.15412959839384	1.11154858242105
-0.171941842769072	0.103292339313764
0.921489960026533	0.552533647137428
0.921156072870382	0.552172581688307
-0.32062984034983	0.185025523061388
0.921576008172099	0.552528958374128
-0.17459926023523	0.0912855489687525
1.05946338007628	0.577310701954974
0.394037916789735	0.242247660525564
0.170068843650991	0.0842286987652546
-0.389502975289118	0.276821007493501
1.14145651481394	0.780640318755813
0.623392508810783	0.352425458002545
-0.429913148081275	0.243543922037474
-1.95812751109893	1.00452497119926
0.169884086577812	0.0841182875246922
-0.320590430654897	0.185062347151589
0.0835896232229875	0.0456627648321035
-0.429994928475187	0.243602180977508
0.681138864658812	0.552115965679492
0.668337722865696	0.343789391545551
-0.687568374308914	0.51048208880273
0.36935409343749	0.157893264397153
0.265108843216896	0.17537102944944
0.0836103669312504	0.045666856274849
0.12011077257807	0.0538869679431261
0.681137843811647	0.552122863361016
1.93420222524901	2.43704226206093
-0.00594870335486252	0.00332924516804532
0.845403912063723	0.716533200039396
0.170179807255207	0.0842887264509299
0.181103722286751	0.127823741622739
-1.01151938909696	1.05214748035674
0.681085975513536	0.552026657242208
0.399624282868213	0.310661207363019
-0.191594955374977	0.0840523906515105
-0.884588372446995	0.588819046433955
0.522572242651094	0.425489438665856
-0.976643635842879	0.584376641750099
0.365459706351774	0.175748040889583
1.14158656932169	0.780653256939168
-0.268617700571665	0.137383094548257
0.399071925995685	0.325912588585713
-0.0495397768279468	0.0270801657264626
0.623026548869316	0.352133124979863
-0.432356925502191	0.0981422305445414
-0.976319500712996	0.583883137906684
1.03591449475179	0.753942920815292
-0.268525347797909	0.137326910041535
0.894934741024717	0.72300838649018
-0.268617700571665	0.137383094548257
0.042356756117408	0.0213843480987584
-0.171863365176674	0.103245804873814
1.03042325968448	0.911951444655227
-0.171942958073269	0.103296434915017
0.95692825447083	0.734633189363389
-0.191851314271925	0.0841724378088938
-1.95003208437789	1.53411554644338
2.04418851543674	1.50847502111692
-2.382716565801	1.52410533003464
1.30508046895977	0.824575739632389
-0.70752193721132	0.478472790723747
-0.400020822389192	0.199426194116488
2.23172788131627	1.8201186679476
0.578043836574162	0.376548516431563
-0.581711492709736	0.277565100121143
1.50460992872118	1.26759481849811
-0.320473330609048	0.185007486119419
-0.45352413318537	0.286809315799847
-0.795557467610568	0.429227305973378
0.378837053043127	0.200602993253842
-0.884588372446995	0.588819046433955
-1.27853301138186	0.903936296677004
-0.58171654830888	0.277474256547608
0.623416485882467	0.352373168461279
-0.320511550772078	0.185038220306322
-0.174544124873814	0.0912564848517119
-0.575166887313808	0.357410598881356
0.845403912063723	0.716533200039396
0.745314366085531	0.543633251735459
-1.24913989310017	1.03258996950677
0.249935880135386	0.15504472598293
-0.707562124749412	0.478409531627859
0.388668918757911	0.222793542187364
-0.4534471860208	0.286796541603711
-0.10439877968516	0.0558435022103617
-0.174625080884339	0.0912854195393808
0.393999376174225	0.242196655610477
1.03630425054237	0.754129475284206
-0.575311016345418	0.395398929328031
0.533685861688125	0.413015889097383
-0.94125925561921	0.739830332272388
0.0836346373861601	0.0456890182021036
-0.26842377376637	0.13725791720775
1.50440679942334	1.26672036127882
-0.0496092677838992	0.0271228251111568
1.33470071666267	1.01895501542848
0.119875060412801	0.0537756254140837
0.170467253006703	0.0844304182125656
-0.580519832750385	0.322368003722153
1.79299108493401	1.77743020942842
-0.268719004618864	0.137442961534784
0.598480737929632	0.365218365480648
0.119745583702531	0.0537078184456366
0.709995212937178	0.546527977701222
-0.104362065548542	0.0557924541322597
-0.0758464216880609	0.0473817829266332
-0.884714004488368	0.588902910387814
-0.359446060402219	0.231222563721811
1.83687648660533	1.20254338962645
-0.320511550772078	0.185038220306322
-0.976748321602159	0.584724813841583
0.120264726831324	0.0539494870265262
-1.3469181289708	0.492217275549371
1.03609981704083	0.754094632826625
-0.171837191060019	0.103216922573153
0.522661561421659	0.425563140322423
0.681085449140647	0.552060302462675
-0.00611672424579643	0.00342127588536024
0.250019935805811	0.15511641349221
-0.884714004488368	0.588902910387814
-0.0760816632578143	0.0475301988765892
0.578128702372086	0.376615585739378
1.14169286194149	0.780660352347053
-0.0121004029027061	0.00566746725900745
-0.0496334179813041	0.0271330956337154
-0.119207551057469	0.073067983664619
0.681192316792457	0.551994587110888
-0.0119849178936445	0.00561010534234279
0.396981124268762	0.260286380908059
0.0423972358643515	0.0214067271227048
-0.575283575494184	0.39546427526981
0.0588139280471816	0.0233556784550016
-0.17456992674774	0.0912652369592895
-0.359390272612402	0.231190890343253
-1.5295378680566	1.23836981023354
-0.224040681754411	0.149453967253873
-0.0874192319868208	0.0398048854826958
0.378837053043127	0.200602993253842
0.205233459056348	0.110393825448928
0.546306383118467	0.39999621142448
1.20483259624617	0.970734582695714
-0.94127265217132	0.739726063502999
0.0423581224798044	0.0213887511464096
-0.576483413822844	0.435113266967815
0.921662193387077	0.55235454498175
-0.323679539396547	0.132867515469766
-1.95874230208418	1.00497575293314
-0.0025583228276369	0.000870770923181551
0.393998820278763	0.24221496570692
1.52031837389016	1.08720177898495
-0.576615023024312	0.435396115854758
-0.174459521127491	0.0911992843731911
-0.795306487339825	0.429040562996724
-0.359424999637583	0.231221859869823
0.195265498201328	0.145286443192332
0.710040201323559	0.546575985920525
0.398767250514172	0.277751417262796
-0.104279967239532	0.0557741192149482
-0.049605941996654	0.027120013911584
0.163354629328689	0.108946590257297
0.378705133919478	0.200478927561889
0.230490012836691	0.133653431840519
-0.941269766308302	0.739849845050515
0.399122839161765	0.326057242657888
-0.429786795407442	0.243444148307166
0.635493854335989	0.566316381959588
0.142385191288702	0.0893472609315053
0.116283881027503	0.0682728259310458
0.623026548869316	0.352133124979863
-0.829046886140212	0.606302173283558
1.4918700932737	1.43016010723581
0.804526486818056	0.715604070763454
0.396918210343629	0.260127605874734
-0.284690749169628	0.186622122631434
-0.237643340857963	0.139861793218822
-0.40012660067552	0.199476376007637
2.04426090983629	1.50801376422545
-1.13530112512833	0.741647485097293
0.623368560595867	0.352394665675771
-0.191683506242611	0.08409339741583
-1.33211873878655	0.762623162135227
0.788812721348061	0.543546622971751
-0.740372218460723	0.452702879152707
-1.13569824977844	0.742021850109875
0.0292067114825184	0.0173679690405924
0.789276889556125	0.543868265236105
0.120004743026815	0.0538382787021705
0.0294837969994757	0.0175294220118381
0.578099101184153	0.37657170949161
0.578128702372086	0.376615585739378
0.0423581224798044	0.0213887511464096
-0.320512862899764	0.185045864651848
-1.33191007996814	0.762528663311124
-0.414210048790277	0.32241284136923
-0.119268220841723	0.0730967072731347
-0.747505583791802	0.701185238313606
-0.829043738882068	0.606222373957831
0.388414475451369	0.222536592464917
-0.707442298978329	0.478332862516679
0.116311088160801	0.0682971565583205
-0.580603062995071	0.3224974752442
0.120453330372405	0.0540193192820077
0.378951239229763	0.200616521437487
1.83628959712708	1.20186314230777
-0.976875555844577	0.584720261590735
-0.977080148849288	0.584658143635915
-0.707522656104184	0.478427995182554
-1.64082802489493	1.41151345780104
0.365631508218467	0.175855733280783
-0.0875247626795585	0.0398554643821223
-0.740078977484018	0.45240201762335
1.83687648660533	1.20254338962645
-0.400255793183877	0.199576929984158
-0.104318795135885	0.0558015566425405
-0.581856591724575	0.277597221348804
-0.171836647611099	0.103224835215403
0.560670124227051	0.38812563402852
-0.707521172971948	0.478490781085457
0.205126733349182	0.110389989862704
0.180620131571257	0.127459191950083
-0.707519508503827	0.478444598517908
0.895013531327232	0.722940069524963
-0.487300826475475	0.373603444660506
0.205075221343872	0.110332408266124
0.399683719750596	0.294697026464476
0.533754341529315	0.412902814470648
-0.795725831524902	0.42910697797795
0.578043836574162	0.376548516431563
0.956843336205729	0.734548363620484
0.393999376174225	0.242196655610477
0.622920670421795	0.35200755441296
0.0423185594731741	0.0213690212508505
0.265257485930659	0.175462037009897
-1.33197678245378	0.762263841197909
-0.472090142363915	0.329989660400954
-0.26843293162844	0.137254509896172
1.83662755581056	1.20280584359077
-1.04539021354356	0.878624137014173
-0.740472578230699	0.452738938330306
-0.429868625622534	0.243546443419877
0.0422796254578924	0.0213471109845159
-1.01632312024401	0.731272630481301
0.578021980853289	0.376453245041543
-0.0496163561986371	0.0271235053217809
-1.13594792797392	0.741752497791271
0.789021719765927	0.543765482461679
0.250009479618193	0.15511754145689
0.388541546903607	0.222697290635901
-0.0761047657593918	0.0475360521048769
1.03034354724202	0.91223204668314
1.10706244243292	0.935787622712917
0.0423581224798044	0.0213887511464096
-0.707481746061678	0.478444102656824
-0.795391084685964	0.429117695674088
-0.191848441999651	0.0841748012731843
-0.174628515728416	0.0913006915587617
0.845350148062054	0.716249150397792
-0.740664323651973	0.452774631468804
-0.740061297594254	0.452275085596835
0.78893980475248	0.543791021826737
-0.174437366794998	0.0911351784834163
0.388681054646199	0.222839316744788
1.26779489332637	1.32079717746477
1.03033324664792	0.912379894382633
0.804560728863526	0.715611798193099
0.598388187690383	0.365124289578113
0.668481033440034	0.343942560095741
-0.322149279419821	0.232744089564935
0.230489218546085	0.133657096820458
-0.119077183004402	0.0729893994545596
-0.119103423183026	0.0730060951167675
-1.52959235860103	1.23848521961995
0.369785495549136	0.158102799873415
-0.472011115164623	0.329915445003355
0.230489218546085	0.133657096820458
0.205241089187748	0.110449762702166
0.789067188669125	0.543924706508862
-0.575192754444671	0.357461056491999
0.0587435559436112	0.0233296694197922
-0.10431959113781	0.0558011663734158
0.769490035187837	0.349938143186336
-1.84150566448347	1.76955940668694
0.170263129213505	0.0843313417776692
0.276848757227263	0.194245371711501
0.249988651842657	0.155095063483007
0.789137043859013	0.543954929220758
-1.13532229991961	0.741731857047717
-0.104359195281209	0.0558242971418694
-0.320473887394135	0.184996236748731
-0.174573431544604	0.0912716571979923
-0.580139552543401	0.322178443064124
-0.707521172971948	0.478490781085457
-0.575318237617244	0.395483995236497
-0.740463975085828	0.452748151314771
0.119980963262918	0.0538242500271638
-1.01648973946624	0.731035786569664
0.598286523308632	0.364998220512253
-0.941283244654749	0.739828831087645
1.36656667985615	1.36648325535776
0.0836384663419645	0.0456924625707961
-0.884701326330879	0.588899170884722
-0.268626755667087	0.137386831811978
-0.58058145281604	0.322389884842586
-1.11095419840965	0.563287274191042
-0.174514740171446	0.091236144615508
-1.33198231888363	0.762319293050376
-3.15101838202454	2.8585757569334
-1.52967484389062	1.23807894945633
-0.320552993853204	0.185056332829789
0.0582603064206482	0.0369038600074208
0.74547277621256	0.543656879654026
-0.707521172971948	0.478490781085457
-0.35949132644256	0.231219432026524
-0.359424999637583	0.231221859869823
-0.472197626269251	0.329970547217327
-0.218577750487416	0.1627359920468
0.394156859268203	0.242236474373332
-0.352979706877111	0.278736518793135
1.03043748262447	0.912443525259986
0.533773156700181	0.413078565518056
-1.04542222194909	0.878496506208953
-0.941293807684783	0.739887785369521
1.03039249606123	0.912518503708076
2.03683798118428	1.92897047259975
0.546226787922701	0.400011463327539
0.205237204149976	0.110442438968594
0.917784943919239	0.888738205345669
0.598490018563699	0.365208208471015
0.0588162361047195	0.0233573777261437
1.14124441291442	0.780397358047567
0.710029975803891	0.546567476157879
-0.223902254728416	0.149354276836368
-0.23749787590423	0.139847890981541
0.598582673007789	0.36530237473833
1.20476284386134	0.970521508582964
-0.429868625622534	0.243546443419877
1.7932418128307	1.7764762279232
0.0836658171863343	0.0456762899875472
-0.10439877968516	0.0558435022103617
1.03590526157618	0.753863518623507
-0.174518314964367	0.0912348516528442
1.37659165149388	1.71119959095338
0.921407174037824	0.552510092381016
-0.509453689852966	0.184873844488885
-0.687554945019591	0.510469115091673
-0.79205302877093	0.632666361819491
0.230488467651288	0.133653113546507
-0.0495954996091126	0.0271153340901365
0.26510168194708	0.17541465777122
-1.67817331367911	1.15296261253942
0.170272425689712	0.0843399388739337
-1.01623661359486	0.730952335251491
0.533773156700181	0.413078565518056
-0.79563934189504	0.429120616122865
-0.237369534691577	0.139677685315996
-0.223971544281825	0.14940996813829
-0.237553290358037	0.139887377403942
0.163483877144822	0.109053939598613
0.142219415866067	0.0892088820231676
0.205016392440772	0.110303116653591
0.029371177674185	0.017466505112097
-0.792079152903842	0.632599435529008
0.250054720394824	0.155128740837758
-0.268617700571665	0.137383094548257
0.365294456714284	0.175642850880005
-0.707481746061678	0.478444102656824
0.396991343747782	0.260302212223515
-0.171969135860426	0.103312109320044
-1.13720321345906	0.878905550941361
0.378754706254768	0.200505425341965
0.28608250905869	0.212019199650666
-0.747241440393461	0.700631834979022
-0.218507747463986	0.162672684368295
-0.0096051684801569	0.00621910491051498
-0.57930178539424	0.477027308542958
-0.687613685418675	0.510543809311169
-0.941214170144383	0.739608215550221
1.71229367635148	1.36394954299998
2.11221024209384	2.97975362770692
-0.119164091334129	0.0730446137848314
-0.266100218536513	0.195265201004662
0.398993471573175	0.325952257848132
0.681216934350824	0.552104746754535
-0.171916772816248	0.103274374076982
0.399682744795043	0.294693432377201
-1.62715697922715	1.69377804257266
-0.0876522636543796	0.0399151556854039
0.845245072057088	0.715986599015395
-0.766231278651787	0.664826124016209
-0.511987730615515	0.462245431839821
-1.35320015910973	1.18974352164455
0.0293366282731886	0.0174467216580498
0.709950224334504	0.546403699666405
0.533720104577383	0.413008842838689
-0.487231622665285	0.373375517534319
0.230490012836691	0.133653431840519
-0.119112466215253	0.0729952295462966
-0.284665059208404	0.18661519669181
-1.01623949404177	0.731062986346385
1.6562535454424	1.51945477894097
-0.976770994712148	0.58437229044447
-0.582618702821182	0.519914647190218
0.230410033441319	0.133573185724858
0.399616608350131	0.310668095702081
-0.320552374954212	0.185067543761871
0.546167269096049	0.399901540034206
-0.174348985524992	0.0910900078066665
-0.0122850641813574	0.0057559911383436
-0.0123669275177168	0.00579257832326066
-0.941301121629627	0.73968088390324
-0.707443001284619	0.478314823263817
-0.0758464216880609	0.0473817829266332
-0.687634944063166	0.51055249212413
0.560750168129779	0.388179645747097
0.522518627210353	0.425397900960594
0.968693024053404	0.897505771901564
0.789149154091133	0.543878511799998
-0.42988102086544	0.243519815871298
-0.576616701679889	0.435354227735248
0.399613969838884	0.294688810700674
0.276848757227263	0.194245371711501
-0.00611672424579643	0.00342127588536024
-0.119033734436334	0.0729574274360317
0.0836103669312504	0.045666856274849
0.469276931464535	0.508119579210492
-0.4534876275693	0.286851758282326
0.577959184122381	0.37641487267881
1.52023590673376	1.08702803190715
-0.400279254651867	0.199611151597535
-0.0496755348028971	0.0271594987077226
-0.237563643670217	0.139889377318265
0.789206944140957	0.54394025488045
0.0586708691176024	0.0232936285877414
-0.795388566123818	0.429111941624914
-0.580371561309725	0.322378988803852
-0.829046886140212	0.606302173283558
0.844256005489486	0.54634206000507
0.752457242006967	0.879188003698991
-0.575262792708149	0.395475278382787
-0.575273198865867	0.395479571147706
-1.29956552462523	1.4797278153915
0.116338376605539	0.0683053528732125
-0.17459926023523	0.0912855489687525
-0.471985543490373	0.32981194190378
0.264963011397042	0.175222942605481
1.24274820443617	1.14738294395687
0.398873579707818	0.277809233631792
0.956791877663734	0.734307242828757
0.0422809794129208	0.0213415786053331
0.299779663816156	0.245277010717898
-0.707404128906416	0.478037655196025
0.635448216394981	0.566827679139245
-0.453450532938475	0.286725775200083
-0.429742023619485	0.243444703250539
-0.224049399286018	0.14948080868398
-0.487274898711952	0.373567025351344
-0.23751862527221	0.1398723323227
-0.237424793880722	0.139764136391825
0.0294665150649869	0.017519122146378
0.230528840720756	0.133684195378615
0.365800551476186	0.175897140276846
-0.803814644017402	0.856988303209495
0.399540452758821	0.310576822333149
1.37322057695767	1.53916459337745
0.681112152324062	0.552106999105438
-0.45344624098908	0.286775668100434
0.170179807255207	0.0842887264509299
-0.268442067773453	0.137211724852862
-0.674465589285944	0.54703494239109
0.207659810858133	0.162324328356677
0.681139427932065	0.552002549987008
-0.472144736914368	0.329976856815283
-0.575231397025982	0.395331818685513
0.394117191437341	0.242261105143043
0.399570488339335	0.294640933948354
-0.889624488084792	0.760510248726769
1.03609981704083	0.754094632826625
0.788997378530188	0.543852581801781
-0.580371561309725	0.322378988803852
-0.70748096742124	0.478435371653978
-0.284643871126821	0.186589672476718
-1.13712158490888	0.878644561672757
0.710119938835837	0.546517251784068
0.578099101184153	0.37657170949161
-0.11919851495529	0.073056845674997
-0.707520363398452	0.478482018542316
-0.359400794834614	0.231196545368216
0.0422383511678333	0.0213230796516601
-0.0759148701878795	0.0474246136474354
0.560750823243541	0.388178877146149
-0.4534876275693	0.286851758282326
-0.45352894096537	0.286840111372119
-1.5295359744736	1.23814626760269
-0.575306066526481	0.357587683954408
-0.57527646214444	0.395424069521758
0.11963988329625	0.0536532323596811
-0.359421754793771	0.231175603419354
0.522594918012156	0.425451833323787
-0.580266505812649	0.3222691862051
0.249908580450366	0.155019728615873
1.03038230068507	0.912471168640531
-1.74470217509351	1.58902600992703
0.38842674464191	0.222615317705505
-0.687501668601722	0.510081605418639
0.393998309938964	0.24221564521359
0.397105846850206	0.2602595136997
0.265179583782921	0.17546271038214
0.533777050042285	0.413015689942851
1.49183207528281	1.4294234851381
0.394037483159254	0.242231885268213
0.250014782945648	0.155101270481126
-0.171968579050833	0.103308832832877
0.365637963674233	0.175752205851643
0.578213781774443	0.376621340517449
-0.575166887313808	0.357410598881356
-0.829084254712108	0.60642326809271
0.398713844234512	0.277658917777453
-0.178207175745063	0.134550389573874
0.745314366085531	0.543633251735459
1.33430767166807	1.01938904096222
0.956843336205729	0.734548363620484
0.917898252680113	0.88885508187877
-0.284638301267164	0.186600808077093
0.0586730762067555	0.0233010280801353
1.14113847634247	0.780144258178932
0.0587435559436112	0.0233296694197922
0.388738767178279	0.222853701932079
-0.687613685418675	0.510543809311169
0.398768394915405	0.277639469297583
-0.580244728564168	0.322288315069047
-0.740372218460723	0.452702879152707
-0.414036868118326	0.322262802250047
0.249999051633764	0.155110314569276
-0.284638301267164	0.186600808077093
0.956813838104802	0.73441190289006
0.623156321552976	0.352260784925711
0.844245436694145	0.546340791689674
1.35568801851757	1.19658333932911
-0.0122276726897269	0.00572835891609193
1.8363619537467	1.20219405785639
-0.171835455099453	0.103204869310422
-0.581924444867391	0.277715453255469
-0.976748321602159	0.584724813841583
-0.829167338280826	0.606354088126575
0.546215912621286	0.400033984487797
0.388529356960754	0.222582889973725
-0.0496163561986371	0.0271235053217809
-0.740171003604891	0.45253026277676
-0.841574104040948	0.366537844891767
-0.0873136276015911	0.0397499196226352
-0.284637753148167	0.186595779542609
0.710005461501729	0.546536508014955
-0.740372218460723	0.452702879152707
-0.687645531220509	0.510520092573715
-1.01629436212397	0.731210863643357
-0.237570132532919	0.13968311196831
0.560670796042941	0.388152961154497
-0.00226675917502309	0.000770578967515132
-1.1355310372283	0.74165193188041
0.804378399566924	0.715306359470088
0.394077141483602	0.242247453289519
-0.1920187801277	0.0842208244416015
0.921404048782597	0.552431775441768
0.365380128458397	0.175707559308492
-1.04539021354356	0.878624137014173
0.398986587271914	0.325944794418626
-0.0873025425552024	0.039747500646423
0.560711885972035	0.388147474403836
0.116232030628555	0.06823772309015
0.714447805130154	0.722363935926019
0.804465712998505	0.715513833770539
-0.707560579726294	0.478472244119477
-0.0123095682902471	0.00576462947117763
-1.04541158052871	0.878582111313379
-0.740280398947646	0.452574775308571
0.142307314094009	0.0892432209600591
-0.579143359000655	0.476790081733805
-0.453526186148828	0.286869848352417
0.23049085052051	0.133641236131019
0.24997468863786	0.15509621575848
1.93404463981522	2.43391977614007
1.6562535454424	1.51945477894097
-0.575342460998206	0.395474177594278
0.956729262501029	0.733990322849811
0.230528840720756	0.133684195378615
0.230489218546085	0.133657096820458
-0.218652146384521	0.162816073711055
-0.237542907484709	0.139878710803409
0.170272425689712	0.0843399388739337
-0.359432192549867	0.231147601428986
1.50451738240719	1.26750919799834
-0.576669173874805	0.435461314962273
0.546147884575247	0.399917127393887
0.578073386398327	0.376592353319862
-0.575166887313808	0.357410598881356
-0.174072871058267	0.118132681671559
-0.580244728564168	0.322288315069047
-0.453407656426313	0.286715372830678
0.0422809794129208	0.0213415786053331
0.710029975803891	0.546567476157879
-2.18010206836537	1.91941103141641
0.894856193528215	0.722820244820785
0.598480737929632	0.365218365480648
0.0584045444657097	0.0369917808973365
-0.575363979608531	0.35757305379245
-1.40916725954337	1.06883587092141
-0.268719004618864	0.137442961534784
-0.0495362855820517	0.0270734494642443
-0.171889531829943	0.103267851984991
-0.0757250541528548	0.0472947105650786
0.0422796254578924	0.0213471109845159
-1.14272083210379	1.02395666864551
-1.13712456026234	0.87876657298231
0.598397427711216	0.36507558725869
0.397050702908702	0.260279827862638
-0.224075412035243	0.149490608903112
-0.45344808773457	0.286801474904568
-0.174544124873814	0.0912564848517119
0.116336763122957	0.0683051812231938
0.0292327481238893	0.0173837261691827
1.15415623962501	1.11173707314671
0.551531450312703	0.619948918321515
1.03041297555539	0.912330161729054
-0.0122520975997214	0.00573627803064002
0.577878237708533	0.376301376399475
-0.26842377376637	0.13725791720775
-0.58178160921078	0.277642461693518
-0.389719401271153	0.277011397704308
0.365377058174033	0.17570635540703
-0.580476543617623	0.322432153035535
-0.400408163058232	0.199679139220261
0.560632673606397	0.38807023461074
-0.284532318121239	0.18647632440641
-0.739978018739677	0.452268965773811
-0.429868625622534	0.243546443419877
0.0836693107122105	0.0457090630379767
-0.320552374954212	0.185067543761871
-0.576562619715103	0.435363784393989
-0.57992373851397	0.321874824648446
-0.941179608673449	0.739246592488684
-0.707562124749412	0.478409531627859
0.54617401642555	0.399944354941404
0.0582914775905864	0.0369173779231127
1.03609050264872	0.753887619893022
-0.0871886681145759	0.0396808346246086
-0.359435544098484	0.231227533097986
-0.453489360946646	0.286816989972648
0.956872912425269	0.734592065785687
-0.765945810927848	0.664745601106462
-0.32047439866804	0.184974644576425
0.560671511271766	0.388152242066617
-0.389528428592558	0.276953055673641
-1.06735047403743	1.03258717467423
0.617197575684274	0.575409737981344
0.710050456446237	0.546540188914372
0.14242773641472	0.0893785962341768
-1.10977577361948	0.562162100433039
0.230567791841672	0.133698864313426
1.33430767166807	1.01938904096222
0.205100973330945	0.11036967785944
-0.766084229657476	0.664964679631637
-0.941269766308302	0.739849845050515
-0.889572041536575	0.760588122076118
0.837627364887655	0.879668919251151
-1.01640653529459	0.731296908478309
-0.104280689831341	0.0557709933824023
1.08245301944809	1.08892230828012
0.20515621128702	0.110408160639295
0.27691422571419	0.194313899662351
-1.05523188402801	1.3734554669773
1.14137421358343	0.780410094648711
-0.174315339082279	0.0910578242755064
-1.14865206778892	1.17671245777449
0.788985226772879	0.543739643758407
0.12011077257807	0.0538869679431261
0.968772097713885	0.897771056651447
0.205097333541243	0.110364406966335
-0.429938030218216	0.243568625526263
-1.67852612172773	1.153971021526
-0.472117480236258	0.33002701814581
0.59856405223488	0.365185921295606
0.205185767371981	0.110419404112476
-1.5295096639518	1.2382381219491
0.249894659522818	0.155018355715204
0.745394033281706	0.543633103188281
0.119957212376391	0.0537989379879724
-0.976748321602159	0.584724813841583
0.623132503431904	0.352217814060037
1.35546679784883	1.19605901716091
-0.829043738882068	0.606222373957831
0.0836487181970986	0.045700188709168
2.32864483890882	3.15354179481583
0.163248312529044	0.108840761793671
-0.174518314964367	0.0912348516528442
0.398898691083153	0.277838999302462
0.265135943324068	0.175433362127375
0.0423563918280617	0.0213800658817072
0.745313372817002	0.543643055784517
-0.400431516798051	0.199643913265594
0.398924890704718	0.277812843748901
-0.00594870335486252	0.00332924516804532
0.394077992026695	0.242262483225049
-0.575286950296263	0.395470517468643
-0.6743098091064	0.547177578829796
0.0586730762067555	0.0233010280801353
-0.284637753148167	0.186595779542609
-1.01638040429431	0.731261580326361
-0.104400361555696	0.0558345003696772
0.394038396008532	0.242246959131393
-0.575306066526481	0.357587683954408
0.378599511099908	0.200427507791295
1.58602951828873	1.83051298407296
-0.359390272612402	0.231190890343253
0.205100973330945	0.11036967785944
-1.13716482920954	0.878862085226381
0.388750876020199	0.222881622076993
0.205266784752764	0.110460669177488
0.845351136894809	0.716491994850677
0.577878237708533	0.376301376399475
-1.35308616553615	1.18983750760139
-0.575170160743172	0.357257334003503
1.28521172611516	1.49606086356584
-0.976493244523567	0.584555562455094
-0.70752193721132	0.478472790723747
1.24270784447341	1.14724435206929
0.0586708691176024	0.0232936285877414
-0.00226675917502309	0.000770578967515132
1.06012940531189	0.577842537391584
-0.191765997402019	0.0841406045300469
0.788952008697734	0.543735380200091
0.116310568788396	0.0682939752654957
1.06021873399349	0.577924233695351
-1.40919318639397	1.06813855699155
-0.509736421835564	0.18505595748735
-0.0873025425552024	0.039747500646423
0.393960484287744	0.242106313459953
0.396946359398261	0.260264642197304
0.560711157363661	0.388178233889262
0.546181097504613	0.399998591734954
0.0583889091190093	0.0369849319833999
0.11628438193158	0.0682790642668379
0.598203277664667	0.364776758202055
-0.0873025425552024	0.039747500646423
1.20477507746586	0.970708427297487
0.205071546672453	0.110351538960765
0.745353938169583	0.543696369311969
-0.97683028062557	0.584626302691587
0.0587457894570351	0.0233313383669741
0.745352610013427	0.543638173626064
0.37892999110995	0.200646545836412
-1.24921575303435	1.03254406709422
-1.82062649121245	1.3425298079602
0.170161317325234	0.0842725965010529
1.71239929108822	1.36398339516012
-0.57525108074046	0.357535915462596
1.14153882005977	0.78038981555394
0.0837631862053656	0.0457484287117161
0.546226339378666	0.400029781886946
0.92132134334832	0.552408279546252
-0.429742023619485	0.243444703250539
-0.795557467610568	0.429227305973378
-1.13530112512833	0.741647485097293
-0.323267030849328	0.132664766624666
-0.0122398914365767	0.00573275860786979
0.379022994958611	0.200668768396603
0.230449616124751	0.133620924510745
0.169884086577812	0.0841182875246922
0.598573351737047	0.365281015830231
0.710029975803891	0.546567476157879
1.14122070426758	0.780386099658665
-0.795641716677105	0.429218074573229
1.24270922691438	1.14733872737884
-2.82041321711467	2.2122896986472
-0.0122276726897269	0.00572835891609193
-0.57541883118866	0.357577733034769
0.681138864658812	0.552115965679492
0.0423191371419603	0.0213682662442981
-1.45014315378393	1.35202299147094
-0.575238543494442	0.395420803834069
-0.171969135860426	0.103312109320044
-1.51857415811462	0.958976291001312
0.968797796743646	0.897766270089067
0.365377058174033	0.17570635540703
0.0423191371419603	0.0213682662442981
-0.0873848714595538	0.0397782837000225
-0.575286950296263	0.395470517468643
0.546181097504613	0.399998591734954
-1.11070663736419	0.563156850939472
0.388693203120202	0.222849389931697
0.37903365004806	0.200695229132283
-0.0124689471286401	0.0058422046791081
-1.110169684093	0.562673512171069
-0.0495954996091126	0.0271153340901365
0.119745583702531	0.0537078184456366
-0.842861219755843	0.367305958459751
0.230608144391735	0.133712334356386
0.24997468863786	0.15509621575848
-0.237542907484709	0.139878710803409
0.365711136771531	0.175812385426095
-2.18919336135836	1.26985540555962
-1.24921714724718	1.03267851520419
0.522594918012156	0.425451833323787
1.49179136008629	1.43008822900997
-0.48751716194615	0.373753433310198
1.2678749555445	1.3215022364633
-0.224049399286018	0.14948080868398
0.546170676644428	0.399976726180858
0.230528840720756	0.133684195378615
-1.82048438090692	1.34311704053731
0.681085975513536	0.552026657242208
-1.01629436212397	0.731210863643357
0.378493961987734	0.200357375434109
0.681137843811647	0.552122863361016
0.0835689978452454	0.0456494284522933
-0.174576796600837	0.0912462021193837
0.388832836805505	0.222876542155152
0.277052656870177	0.19437788836498
0.546181097504613	0.399998591734954
1.0359237496115	0.753843255594232
0.623156321552976	0.352260784925711
-0.42967245780055	0.243361499868568
-0.829166329192802	0.606426553894009
1.6842743691681	2.0747159582743
1.71231699927715	1.36387533336544
-0.323267030849328	0.132664766624666
0.789137043859013	0.543954929220758
-0.237528955596091	0.139874316638003
0.120004743026815	0.0538382787021705
0.844152537341915	0.546273411772544
-1.11128994488949	0.563154088333
1.20483259624617	0.970734582695714
-0.57650962472728	0.435230951509108
-0.884531729589841	0.588722293116452
0.598471479069243	0.365154751464456
0.378727390829471	0.200531723202199
-1.135823184275	0.741978305186248
1.03031273414609	0.912372885505207
1.32343256698575	0.631253155849864
-1.40929168694041	1.06907240900377
-0.268507091440049	0.137275421862829
0.598397427711216	0.36507558725869
-0.575361020021202	0.357592442111619
-0.0875247626795585	0.0398554643821223
0.365551881767153	0.175771484479818
0.770731512231836	0.350809203466032
-5.18336964727261	3.25955276280976
-0.0124689471286401	0.0058422046791081
-0.174573431544604	0.0912716571979923
-1.11079392999874	0.562961892534568
-0.795388566123818	0.429111941624914
-0.191512303756222	0.0840051241110584
-0.00314254953332322	0.0010707871322457
-5.1833501334145	3.25940376160252
-0.320513993115958	0.185013055249382
0.623416485882467	0.352373168461279
-1.33184367767742	0.762015428988325
0.0836693107122105	0.0457090630379767
-0.00592137793584026	0.00331386531753274
0.745472381391947	0.543686241026447
0.0422408192462711	0.0213222505918147
0.956732852403354	0.734300745697998
0.205241089187748	0.110449762702166
-0.453486695923122	0.286846798923099
0.365711136771531	0.175812385426095
-0.453410141697293	0.286685443860728
-0.0872920717273817	0.0397381772141896
0.668551491075725	0.343862785069857
-0.581851832882174	0.277688325692166
-1.33197952685661	0.762634981562714
0.393997845165748	0.242199850872686
-0.0122398914365767	0.00573275860786979
-0.224109972065434	0.149513098109598
0.249894659522818	0.155018355715204
0.042279016727012	0.0213478495403599
-0.104279967239532	0.0557741192149482
-0.795303913358609	0.428996144102514
1.35557361117231	1.19641977300565
0.0423204290408281	0.0213626964358949
-0.581786516589405	0.277551473252916
1.05944559141604	0.577189531245985
-0.400536866605911	0.1997271130363
-0.19159191508531	0.0840304489728049
-0.0121004029027061	0.00566746725900745
0.369533728475468	0.157989232089938
-1.34644190675536	0.492013982411103
-1.68009156842078	0.744218155905003
-0.00285025275782294	0.000970864932132848
-0.174657693246584	0.0913100721629379
-0.174628515728416	0.0913006915587617
-0.0398701178045718	0.0253698211940895
-1.40940270657111	1.06909659425454
0.656708113139096	0.559360678464583
0.163339247418012	0.108912500734584
-0.320591866789526	0.185070076583314
1.20476284386134	0.970521508582964
-0.576669173874805	0.435461314962273
1.10698224228693	0.935763922650651
-0.0496511828299678	0.027144046289517
0.968903110590508	0.897424443041887
0.120240788194207	0.0539451931203284
1.7126342223749	1.36396851822526
0.396991343747782	0.260302212223515
-0.740363553407265	0.452677488340356
0.170087252377099	0.0842292700614622
0.789137043859013	0.543954929220758
-0.389684966786443	0.277010438037031
-0.400302687392056	0.199595859940072
-0.191851314271925	0.0841724378088938
-0.82904784880335	0.606262707543503
0.365545538878326	0.175812862473331
-0.580707852044189	0.322455107796791
0.84434901377286	0.546409530474438
-0.0025583228276369	0.000870770923181551
-0.941325320078651	0.739833669250325
-0.795386025330126	0.428889746027744
1.24263078170474	1.1468935243081
0.26505804255578	0.175376794799899
-0.740372218460723	0.452702879152707
0.369281560627773	0.157849816719288
-0.795388566123818	0.429111941624914
-0.0877795706067474	0.0399712524693087
0.769981765549915	0.716195722852475
-0.0123095682902471	0.00576462947117763
-0.840360593112077	0.365729499864132
1.56263183123629	1.99622094728112
-0.174433756826449	0.091173995456772
0.546250743648289	0.400046045111249
-0.0875026457018197	0.0398390244357153
-0.829126855391428	0.606456974810141
0.378940602994957	0.200651612788855
0.119980963262918	0.0538242500271638
0.622896982218685	0.351913003666181
-1.14279986483749	1.02422891428749
0.0837182057065204	0.0457320808593595
0.0581394733183086	0.0368233075857979
-1.51808124437622	0.958941346621866
-1.14272017453687	1.02412724767804
0.396960774133377	0.260204679686534
-0.359470277506759	0.231240306415592
0.398820137099835	0.277814185387544
-0.119059968489727	0.0729770777774155
-1.51849205749084	0.959097589656331
1.30494154685251	0.824683815140182
0.0836796513806659	0.045709786317908
-0.0496163561986371	0.0271235053217809
-0.1915979731707	0.0840529792646734
-0.23751862527221	0.1398723323227
-0.792079793190693	0.632687552037336
0.83769210755376	0.879683062318649
0.250030420206014	0.155105697551881
-0.57650962472728	0.435230951509108
-0.118973070311446	0.072909852392994
-0.0399523223369553	0.025412224633485
-0.171969135860426	0.103312109320044
-0.26882014270592	0.137493109818912
0.512589435475007	0.437788782470985
-1.84149671536099	1.77093284240617
0.393999376174225	0.242196655610477
0.393998309938964	0.24221564521359
-0.389519460239995	0.276861805323255
1.65613897630138	1.51943823476646
-2.18002127579131	1.918993788212
-0.575196062635016	0.357437611700666
-0.429868625622534	0.243546443419877
0.163423100014615	0.109006651238271
0.0837182057065204	0.0457320808593595
-0.0878015157368662	0.0399693124034044
0.249953816287964	0.155073709123128
1.08233147430676	1.08859905407784
-0.359355529732364	0.231141735117536
0.894974427264456	0.723012047209108
-0.320511550772078	0.185038220306322
-1.64082941507658	1.41161338940413
0.578213781774443	0.376621340517449
0.709950224334504	0.546403699666405
0.844049245470728	0.54612619942835
-1.74465679560679	1.59030214578938
0.0294577810058596	0.0175156327956739
0.598480737929632	0.365218365480648
-1.13712262184062	0.87873904757024
0.195338323750561	0.145351515884447
-0.268525347797909	0.137326910041535
0.378837053043127	0.200602993253842
-2.93881577739526	2.43014244474394
-1.01629436212397	0.731210863643357
-0.429868625622534	0.243546443419877
-0.268238669855315	0.137082671816658
-1.54135534005682	1.52090531730521
0.388484090009371	0.222665206631935
-0.00960726002425565	0.00622005720117855
1.20484480287447	0.970839273891237
-0.0122398914365767	0.00573275860786979
0.745313846676038	0.5436625102872
-1.74465515290125	1.59024566701728
-1.67865538366573	1.15311095507784
-0.575342460998206	0.395474177594278
-1.01629155118255	0.730958922030256
-0.0873848714595538	0.0397782837000225
0.0836384663419645	0.0456924625707961
-0.2687279974696	0.13743703950627
-0.320434303761083	0.184938872669422
-0.23746978542982	0.139808115240825
0.230490012836691	0.133653431840519
0.745393073383296	0.543751429172607
-0.359427841778773	0.231146608983805
-0.472037857822702	0.32995818075441
1.15413010947376	1.11169586260586
0.0422802796907504	0.0213451498379722
0.577959184122381	0.37641487267881
0.393960484287744	0.242106313459953
1.46228599723601	1.93398978751916
-0.0872097202919863	0.0396986290401776
0.0836693107122105	0.0457090630379767
0.116364528101487	0.0683239471829726
-0.389598077276326	0.276999851571436
-1.51832895997772	0.959438617553198
-1.01629436212397	0.731210863643357
0.12011077257807	0.0538869679431261
-0.237494251281423	0.13984879736702
0.142410537358923	0.0893756334158816
-0.400150141167734	0.199526819273677
-0.0123995127023532	0.00580992648070169
-0.575335061941683	0.357592851898839
0.205185767371981	0.110419404112476
0.0292500203795323	0.0173948579542365
-0.237477008220666	0.139788229916141
-0.414097189345744	0.32232938802377
0.142436808007148	0.089397816024869
-0.0497207883959072	0.0271802915998118
0.546200658028452	0.400007575079535
-0.0123423441710936	0.00578321495826335
-0.575332008958251	0.395469840289597
-0.104318795135885	0.0558015566425405
-0.389467770758099	0.276896453709954
-0.104317955751367	0.0557991159685809
0.668553738709177	0.343855559500313
1.15418237740186	1.11171436938527
-0.17456992674774	0.0912652369592895
0.142358931930559	0.0893394124720293
-0.79563934189504	0.429120616122865
1.71205948036522	1.36302875890498
0.029371177674185	0.017466505112097
-0.829005388007745	0.60598626384049
-0.400618887533942	0.199722915320189
0.396991343747782	0.260302212223515
-1.01131978153379	1.05160305411558
1.10706194257041	0.935925458227292
-3.49399226331735	0.93632805156968
-0.104359195281209	0.0558242971418694
-2.93890962078103	2.42932266767074
0.0587479747293442	0.0233295790834769
0.388565964607091	0.222757123212129
-0.320552993853204	0.185056332829789
0.365714364360966	0.175875869700692
-0.707562829262929	0.4783359551326
-0.0121004029027061	0.00566746725900745
0.62326240290656	0.352345581752505
0.789124946179673	0.543928830463125
-0.268617700571665	0.137383094548257
-1.01621060763029	0.730957299211709
-0.575273198865867	0.395479571147706
0.709981039126581	0.546426445722382
-0.576562619715103	0.435363784393989
-0.4534876275693	0.286851758282326
0.116258202546852	0.0682604551641289
-0.575286950296263	0.395470517468643
0.170365107743381	0.084383949304422
-0.575166887313808	0.357410598881356
0.116284918076701	0.0682785512631978
0.789206944140957	0.54394025488045
-0.268626755667087	0.137386831811978
-0.323606841794993	0.132787041663478
1.48075493667426	1.59407443975006
-0.829123658632418	0.606478073255778
-0.268626755667087	0.137386831811978
-0.0873970675291552	0.0397928350708459
1.0597155655144	0.577756640140593
0.378621720444965	0.200461497743518
0.170281743912202	0.0843350879613783
-0.414165376401363	0.322377050776627
0.560791177416411	0.388120377343543
0.230448835221244	0.133616924089533
0.029327871023565	0.0174408901805193
0.0836346373861601	0.0456890182021036
-0.67458753070793	0.547305096880833
-0.510019488188717	0.185108792567341
0.598963433724807	0.365436865536314
-1.5295378680566	1.23836981023354
0.789009542854592	0.543863079094428
-0.191512303756222	0.0840051241110584
-0.434389313676262	0.367465651859165
0.845381693528394	0.71645952677223
0.205126733349182	0.110389989862704
0.265081519963287	0.175388771904212
0.195339919091003	0.145362053143436
0.378643955473557	0.200452340941438
-0.575338948252917	0.395390882133958
0.921404048782597	0.552431775441768
1.03590526157618	0.753863518623507
-0.32342872014596	0.132754800981013
-0.174573431544604	0.0912716571979923
0.59876817292181	0.365396418954223
-0.0879899279722201	0.0400547300286531
1.06005677723729	0.577964964153784
-0.429697048993561	0.243352246851155
-0.665806806792134	0.586214883858626
0.396911610810945	0.260226883174291
0.601041993154809	0.584077524513372
-0.576641823744605	0.435436216930817
-1.95012191488657	1.5350464079897
-0.575306066526481	0.357587683954408
-0.575444834750897	0.357512120477374
0.26510168194708	0.17541465777122
0.668339794470315	0.343828614069647
-1.34644190675536	0.492013982411103
-0.576588825025321	0.435398633028466
1.28519665544187	1.49618758641928
-0.0400097544895298	0.0254606644995953
-0.487248926852307	0.373572714226693
0.844463471175679	0.546180181207016
1.10698224228693	0.935763922650651
1.21146899991174	1.46193278311168
-0.829126855391428	0.606456974810141
0.393997425969371	0.242166407812664
0.00532910687830929	0.00397854935101616
0.299928364153957	0.245376606670305
-0.453448946127104	0.286791526836624
0.396901374837233	0.260194980996735
-0.47211689442755	0.330016837915447
-0.889492260175374	0.760591457259811
0.398898691083153	0.277838999302462
0.230529605001091	0.133680510590328
-0.429766668699718	0.24337459339476
-0.884826594921017	0.588899553734
-0.400044413240096	0.19944341681556
0.0836937122363792	0.0457231254747843
0.709984993960025	0.54647805044063
-0.665746540696013	0.586139641955526
-0.0759071302932135	0.0474225141389394
1.01452138889419	1.2276187025215
0.681190727615145	0.552153951286809
0.503747292433599	0.450220202544994
0.533712384989079	0.413029755323642
-0.37817012261184	0.323906007053155
0.635668399508905	0.56696492576826
-0.575361020021202	0.357592442111619
0.293594959936361	0.229060981691385
0.163666109748066	0.109168478830797
0.0836139988449978	0.0456801177731202
-1.13534344955888	0.741446547619461
0.20515621128702	0.110408160639295
-1.01632568858977	0.731113879108834
-0.453604043054611	0.286768542877452
-0.740162214758242	0.452442797394852
-0.453529772656167	0.286799252702398
-0.237473607055047	0.139838194143414
-0.320472728323707	0.18500883783832
0.394077543950188	0.242263206421765
0.18084526973856	0.127637392275572
0.37903365004806	0.200695229132283
-0.0877795706067474	0.0399712524693087
0.617044021542905	0.57494611455204
0.116258202546852	0.0682604551641289
-0.707480143436695	0.478397987358348
0.560670124227051	0.38812563402852
-1.74465995304368	1.59015996802484
0.598582673007789	0.36530237473833
0.745432717216464	0.543739764183929
0.533642208015981	0.41294769709394
0.396936146469818	0.2602327506778
1.2116131792873	1.4619754989804
0.399648360072255	0.294722245354068
-1.33191294548162	0.762213136261659
-0.687610802839961	0.510500518357591
0.578158381790198	0.376627328503049
0.533598550258268	0.412854185596486
0.672024205810232	0.732072709231001
0.598694180155987	0.365261024783485
1.02284770047486	1.07145178666917
0.116258755452954	0.0682558216366892
-0.104359195281209	0.0558242971418694
-0.359470277506759	0.231240306415592
0.23052744239938	0.133668602137409
-0.0121579779232437	0.00569550785644836
-0.575196062635016	0.357437611700666
-0.0125507284368688	0.00587794461597797
0.623132503431904	0.352217814060037
0.894856193528215	0.722820244820785
1.3240029948815	0.631669573381819
-0.268921114931938	0.137530879122937
-0.453448946127104	0.286791526836624
0.53380740996506	0.413071526569369
0.533777050042285	0.413015689942851
0.0423175407555787	0.0213672432919553
-0.665798918451399	0.586215709382854
-0.00601232576299889	0.00336418907014556
0.170263129213505	0.0843313417776692
0.163544637841626	0.109096869962899
-0.575328794521389	0.357362913168909
0.120028551647769	0.0538416400422945
-0.00605414678288969	0.00338690160653253
0.617201009007859	0.575387423983224
-0.976470386658705	0.584506017782514
0.388553749445873	0.222747063630089
-0.005974931279798	0.00334374083564817
0.205185767371981	0.110419404112476
-0.0124241753236879	0.00582014340182899
0.0422401339956056	0.0213241934971351
-0.659973698209052	0.626857269830898
-1.11120215275118	0.563348609619044
-0.323679539396547	0.132867515469766
0.623368560595867	0.352394665675771
0.805546947283065	0.87833128881377
0.39399997761381	0.242155860783954
1.14111481814916	0.780226580309296
-0.852428947050964	0.788631039745039
1.33430767166807	1.01938904096222
0.250030420206014	0.155105697551881
-0.57525108074046	0.357535915462596
-0.216615891979844	0.177546323283562
0.399527003158527	0.29457778785494
-0.00960467940529309	0.00621826208722414
0.299855458886388	0.245379785806598
0.681138336607406	0.552153881932358
-0.320592516713302	0.185058889412806
0.0583363281919605	0.0369522564412998
1.61599789489516	1.67210704534538
-1.04537690067048	0.878388728457478
0.546226339378666	0.400029781886946
-0.429938030218216	0.243568625526263
-0.740380861860938	0.45261093027897
0.745274814271535	0.543528445163776
-0.576722173497842	0.435441259170787
-1.24910178021112	1.032082977272
-0.119137848815211	0.0730267568590352
-0.0122154413396054	0.00572317029003499
1.8836484516035	1.64285736343775
1.35574340512024	1.19649686599624
0.62326240290656	0.352345581752505
1.91772257264751	2.0414428259611
-0.00594870335486252	0.00332924516804532
-1.13555209336582	0.742010647654425
0.230487096056227	0.13362125268022
-0.707523329638753	0.478354372906709
-1.33197952685661	0.762634981562714
0.250019935805811	0.15511641349221
0.205100973330945	0.11036967785944
0.378643955473557	0.200452340941438
-0.884575760396575	0.588743079775032
0.378919403595689	0.200601275587499
0.365465936752018	0.175750334952689
-1.27854119798091	0.903987291667409
0.170078037123426	0.0842362332696313
0.600966477618309	0.584029689167256
-0.791972680691229	0.632414961106222
-0.98102681389	0.894240454183366
0.180838377537588	0.127660535387965
-0.980879450828621	0.893736228395744
0.488162729103965	0.474000921373802
-0.0760363107864016	0.0475010220115904
-1.5295359744736	1.23814626760269
-0.0122850641813574	0.0057559911383436
0.70989102198339	0.546171422259603
0.205241089187748	0.110449762702166
0.365462810263777	0.175771126538925
-0.174544124873814	0.0912564848517119
0.921153070974331	0.552041462692966
0.578128702372086	0.376615585739378
0.388878599268322	0.222920598581283
0.0423581224798044	0.0213887511464096
0.668410467979929	0.343916625774154
0.142463068792217	0.0894117153705967
0.230568482664177	0.133702810948979
-0.5801177025606	0.32217404700399
0.71005458211204	0.546523631413221
0.250009479618193	0.15511754145689
-0.581992602634161	0.277694049871378
-0.005974931279798	0.00334374083564817
1.73021460002174	1.91966117759799
0.394037916789735	0.242247660525564
0.804570135857766	0.715574719033785
-0.0124241753236879	0.00582014340182899
0.116232030628555	0.06823772309015
-0.237463240563307	0.13982242209813
-0.104359977904879	0.0558212020500924
-0.579119889403814	0.476791143039505
-0.300732534103134	0.240637331097922
0.37882650870246	0.200579110731171
-1.01640653529459	0.731296908478309
0.623026548869316	0.352133124979863
0.956843336205729	0.734548363620484
-0.400431516798051	0.199643913265594
0.844059703677712	0.546155801156035
-0.707481746061678	0.478444102656824
-0.223945539061783	0.149397320306612
-0.00605468831058989	0.00338734248617692
0.249953816287964	0.155073709123128
-0.0121579779232437	0.00569550785644836
0.710040201323559	0.546575985920525
0.249905154322182	0.155025625410401
-0.968764404038779	1.07725726172245
0.265108283975774	0.17540522549737
-1.04548873076405	0.877996841693344
0.369191566451795	0.1578145382159
-0.98102681389	0.894240454183366
-0.884714004488368	0.588902910387814
-0.795221755124498	0.428924725702898
-0.0496755348028971	0.0271594987077226
-0.268322033479146	0.137179227635239
3.06278303621933	2.47948812813395
-1.2785493632128	0.903585086704532
0.845186842274691	0.715521235105357
1.24274888728981	1.14736338565194
-1.40934725150451	1.06912104559651
2.03206493925306	2.31155259016581
-0.575273198865867	0.395479571147706
-0.580349831282464	0.322341566730602
-0.268525347797909	0.137326910041535
-0.10439877968516	0.0558435022103617
0.369264043213546	0.157791315274953
-0.104359977904879	0.0558212020500924
0.623238534198675	0.352266810403192
-0.389580857357101	0.276970170158891
0.578043836574162	0.376548516431563
-0.576562619715103	0.435363784393989
0.120861037214257	0.0901450767496484
-0.320472080549721	0.184999887675071
0.116337803549992	0.0683121911720951
0.293591405006265	0.229052660702895
-0.47209234818425	0.329830580554586
1.24274820443617	1.14738294395687
-0.0121823488088752	0.00570437601024726
0.546200658028452	0.400007575079535
0.894854705698613	0.722832834186091
-0.576642399663144	0.435459503434215
-0.0873848714595538	0.0397782837000225
0.394037916789735	0.242247660525564
-0.580603062995071	0.3224974752442
0.789079325953716	0.543893240613633
-0.472170920068407	0.330006237601996
1.03027797531706	0.912236172831184
-0.934262027051218	0.917822545898018
0.956872912425269	0.734592065785687
0.956847205934777	0.734460761323295
-0.006001151876493	0.00335806255735303
0.120775743654691	0.090070208208388
-0.173959902189874	0.118052898168857
0.656689874439113	0.559250583495891
-0.981052926445422	0.894328504826762
-1.01629703450164	0.731142799198732
-0.707441551292643	0.478324166306425
0.396956601925935	0.260280489844571
1.12033485874164	1.26278613474069
0.0586045725612464	0.0232714078261316
-0.575221956505582	0.357508938560049
-0.00617749274035041	0.00345411822976685
1.32436602519462	0.631710688508099
-0.0497103073810723	0.0271767660161972
0.205181952499019	0.110420289382553
0.560670796042941	0.388152961154497
-0.453565656713505	0.28686170496249
0.710109729823419	0.546553077950813
-0.0400708724861187	0.025500426622631
-0.237508265376135	0.13986368143934
0.394037916789735	0.242247660525564
-1.01635180096047	0.731290577813313
0.142358931930559	0.0893394124720293
-0.977079088781605	0.584676291046289
-1.40934725150451	1.06912104559651
0.170170551402025	0.0842873863496133
1.48067549018604	1.59385699483893
0.84434901377286	0.546409530474438
-1.82062649121245	1.3425298079602
-1.5295659954108	1.23842806979028
0.230448835221244	0.133616924089533
-0.740564231799896	0.452784120644182
0.230487760154232	0.133641469554507
0.230528840720756	0.133684195378615
0.230488467651288	0.133653113546507
-0.3593765015028	0.231142371792747
-1.40143406568872	1.48919552699303
1.91780230815428	2.04108031881476
0.62326240290656	0.352345581752505
-0.765876647838956	0.664611698201925
-0.0120427162386852	0.00563902996727752
1.26787446624224	1.32141775555332
-0.841001455818523	0.366229916339387
-0.191765997402019	0.0841406045300469
0.745313846676038	0.5436625102872
0.844370310628058	0.546062390925027
0.623735722189373	0.352516007090823
0.142323579401948	0.0893047396584425
-1.13542670488496	0.7418567226406
1.03039249606123	0.912518503708076
-0.191677560250301	0.0840866628137423
0.120371010324869	0.0539982926783083
-0.320553567284933	0.185034774686656
-0.284704631378556	0.186631614055454
0.378599511099908	0.200427507791295
0.396901374837233	0.260194980996735
1.15420901863633	1.11179327741843
-1.40911140509099	1.06865061179304
1.20476284386134	0.970521508582964
0.394037095127064	0.242198458278005
-0.284717525203166	0.18663652521604
-0.0495853736185484	0.0271034571641484
1.03610915310578	0.754122517881413
0.265134513865625	0.175435748620203
0.399527003158527	0.29457778785494
-0.472223263982737	0.329977267999927
-1.52959235860103	1.23848521961995
0.745354472025364	0.543607393786942
-2.69184802528041	1.99542374494356
0.379044329487515	0.200678939785108
-0.26842377376637	0.13725791720775
0.365462810263777	0.175771126538925
-0.585912620454882	0.562942313616722
0.388693203120202	0.222849389931697
1.61599862638025	1.67218275321416
0.170365107743381	0.084383949304422
-0.17456992674774	0.0912652369592895
-1.01640653529459	0.731296908478309
0.396887167078154	0.26018713186142
-0.0124241753236879	0.00582014340182899
-0.580476543617623	0.322432153035535
-0.0759601377313814	0.0474571107947096
0.598490018563699	0.365208208471015
-0.284611534579334	0.186578592719199
0.20788218776708	0.162492422050585
1.61603828877498	1.67215060395899
-1.35319787126132	1.19036350981952
-0.0495050075394139	0.0270558562971147
-0.47209131567218	0.329997648951972
0.503729388761882	0.450199071119164
-1.13712262184062	0.87873904757024
0.394037916789735	0.242247660525564
1.49190975350954	1.4300869710178
-0.171969657460476	0.10330401820569
-0.191677560250301	0.0840866628137423
-1.32019897155874	1.32977654019708
0.24997468863786	0.15509621575848
-0.575192754444671	0.357461056491999
-0.284610968668376	0.186565346958041
0.388717537904337	0.222754427446415
-0.429615122034217	0.24329729755557
0.230566540488742	0.133667069437491
-0.320472728323707	0.18500883783832
1.30501217205153	0.824788016597256
-0.268912224783566	0.137532775591647
-1.95812751109893	1.00452497119926
-0.740179770854738	0.452503944476729
-0.0875247626795585	0.0398554643821223
0.448374456830095	0.125721295027461
0.0422383511678333	0.0213230796516601
0.369785495549136	0.158102799873415
-0.580244728564168	0.322288315069047
-0.119164091334129	0.0730446137848314
0.0293972047593092	0.0174819582255646
-0.795391084685964	0.429117695674088
0.789219027308069	0.543806476291773
1.3233545451629	0.630955343798237
-0.171941842769072	0.103292339313764
0.771384657824967	0.351194621180954
-0.32047439866804	0.184974644576425
-0.580371561309725	0.322378988803852
-0.829161861228045	0.606385804968966
0.170253854508655	0.084308299304193
-0.429856217784491	0.243527269122507
-0.191677560250301	0.0840866628137423
-0.0868988559572146	0.0395224950106029
-0.576562024592509	0.435337941266279
0.119898789663274	0.0537835419180417
-0.976725620080584	0.584772285236741
0.396991343747782	0.260302212223515
0.968770287992735	0.897015507875834
-0.191768903144085	0.0841252697608303
0.369191566451795	0.1578145382159
0.560749556461197	0.38815237075861
0.560593097039498	0.38799073490125
0.170078037123426	0.0842362332696313
-0.581784038930277	0.277651257807727
-0.665618129192812	0.585919511110312
0.394037916789735	0.242247660525564
-0.320473330609048	0.185007486119419
0.844234892233116	0.546210584782712
0.170272425689712	0.0843399388739337
0.205130478099973	0.110380892749031
-0.45352894096537	0.286840111372119
0.142540946604567	0.0894530191286025
-0.389407113262614	0.276808538795822
2.0441253187011	1.50743682382601
-1.27873173123899	0.90423664025219
-0.707518608301749	0.478373617995054
0.397026101851446	0.260307889214928
-0.320512229568985	0.18504719516924
-0.268626755667087	0.137386831811978
-0.132257723023031	0.0912655442756984
0.533685861688125	0.413015889097383
0.394077992026695	0.242262483225049
-0.576669173874805	0.435461314962273
-0.268608623749507	0.137354005666895
-0.359459710819283	0.231234615283526
0.394038396008532	0.242246959131393
-0.0496197888314195	0.0271299727345174
0.533659327619197	0.412955385769674
-0.67436215101854	0.54708732309485
-0.284643871126821	0.186589672476718
0.399563464873255	0.310601214732448
0.23053041269172	0.13366829299905
-0.575311016345418	0.395398929328031
0.578018102972575	0.37654181246198
1.49187106690052	1.4300559927535
-0.171916249530567	0.103284333532777
-0.976620884568423	0.58466531707052
-0.884644904679083	0.588878517612653
0.560670124227051	0.38812563402852
1.03590526157618	0.753863518623507
-1.27833363683775	0.903371779446893
-0.284584759141434	0.186548168598305
0.0587435559436112	0.0233296694197922
0.250054720394824	0.155128740837758
-1.11095419840965	0.563287274191042
2.03664524427717	1.9279198255628
0.396911610810945	0.260226883174291
0.845324488226291	0.716408101876152
-1.13557312432465	0.741984670388943
0.398188700106466	0.34078137165146
0.388762997440806	0.222873844908431
-0.00597437053769192	0.00334320528919528
-2.47050403260472	2.51934488968244
-0.174602660202585	0.0912810692303503
-0.174540515247827	0.0912397503894302
1.26798074211232	1.32119628181055
-0.70748096742124	0.478435371653978
0.57799237739116	0.376473680654714
0.393998309938964	0.24221564521359
0.396977175798824	0.260262280706806
1.5048044565309	1.26751412482029
1.05978803084369	0.577720231178301
0.265179583782921	0.17546271038214
0.394038396008532	0.242246959131393
0.398846830539583	0.325746054791537
-0.429742023619485	0.243444703250539
-0.0122850641813574	0.0057559911383436
-0.765945810927848	0.664745601106462
-1.27873173123899	0.90423664025219
-1.14277307964891	1.02423253456261
-0.687603013915394	0.510501564263782
1.77599503623258	2.32494711310139
-0.766023676062519	0.664947509998775
0.78893980475248	0.543791021826737
0.142367060213387	0.0893421159888673
-0.707481746061678	0.478444102656824
-0.119059968489727	0.0729770777774155
-0.884701326330879	0.588899170884722
0.378744180687792	0.200540698956173
2.03703115303923	1.92887689069056
0.142332662718343	0.0893225200421159
-0.284721778752584	0.186641819223279
0.39399997761381	0.242155860783954
0.276940277170379	0.19433049055296
1.20498438869504	0.970879883451579
-0.575306066526481	0.357587683954408
-0.575335061941683	0.357592851898839
-0.47209234818425	0.329830580554586
0.0422408192462711	0.0213222505918147
0.681165586147454	0.552082858182599
-0.174602660202585	0.0912810692303503
-1.01637790533487	0.731279019263317
-0.0873025425552024	0.039747500646423
-0.0760893549054508	0.0475346286161415
0.265179583782921	0.17546271038214
-0.707481746061678	0.478444102656824
-0.119033734436334	0.0729574274360317
-0.320552374954212	0.185067543761871
0.577959184122381	0.37641487267881
-0.104396081754456	0.0558356591055073
-0.119190343682071	0.0730556648152293
-0.453490162672525	0.28677610879887
0.745353449875489	0.543725661610116
1.15410345866652	1.11150737043363
1.24274888728981	1.14736338565194
0.116258202546852	0.0682604551641289
0.37892999110995	0.200646545836412
0.656638321964957	0.559275724725029
1.15407740966181	1.11115351101489
-0.174488957080222	0.0912196505661504
-0.580834058619984	0.322488160602313
-0.174430007089212	0.091173747936002
-0.323089720868296	0.132540400004644
-0.0123669275177168	0.00579257832326066
1.68424014055608	2.07508617030188
-0.575276993342195	0.357560747477759
1.03599785029839	0.753908516007888
0.844152537341915	0.546273411772544
-0.0873970675291552	0.0397928350708459
0.119980963262918	0.0538242500271638
-0.453525181306195	0.286848918425536
0.0294405025615783	0.0175061454391566
-0.795473084150557	0.429189025577302
-1.40922300434395	1.06895280811372
1.03038230068507	0.912471168640531
-0.171916249530567	0.103284333532777
1.01452309025548	1.22755929445884
0.394116494514894	0.242212002155318
0.681138336607406	0.552153881932358
-0.320472728323707	0.18500883783832
-0.400044413240096	0.19944341681556
-0.453490921087415	0.286716369176147
0.668335602858392	0.343660829432261
-0.581994808915607	0.277702693030477
-0.707442298978329	0.478332862516679
-0.389493977862551	0.276912706180395
-0.70752193721132	0.478472790723747
-0.237504529024248	0.139844087330484
0.37892999110995	0.200646545836412
-0.829087361933432	0.606402072678441
-0.0399311719815804	0.0254090120101026
-0.739978018739677	0.452268965773811
1.50452650525141	1.26725704656624
0.119980963262918	0.0538242500271638
-0.852497339895798	0.788742770089492
0.0836658171863343	0.0456762899875472
0.895014778742743	0.722927234924248
-0.580371561309725	0.322378988803852
0.396901374837233	0.260194980996735
0.39399997761381	0.242155860783954
-0.268617700571665	0.137383094548257
-1.2788308459052	0.904291918675756
-1.13716389690442	0.878922923019374
0.968692503557349	0.897547863560656
-0.359414427010868	0.231205255371581
0.0422779358186762	0.0213460423590448
-0.284611534579334	0.186578592719199
-1.24921849849432	1.03274850818744
1.79318268061791	1.77757219186152
-0.575192754444671	0.357461056491999
1.51990115744975	1.08551441143935
-0.8291630429523	0.606447548597179
0.789091475818272	0.543750715492541
-0.453528065982023	0.286864929800277
0.0422784535101385	0.0213474939483703
-0.268516230467572	0.137314152183712
-0.792000132916884	0.632605847321654
0.917750581432528	0.888781343667634
-0.934254127127329	0.917702314030297
-0.104356587212664	0.0558165072825962
0.0835999802839683	0.0456661028318998
-0.26843293162844	0.137254509896172
-0.119077183004402	0.0729893994545596
0.0836937122363792	0.0457231254747843
-1.64083206113243	1.41156798034885
0.399593529583989	0.310596707796662
0.249964238369874	0.155088974064584
0.399517890355083	0.294531631189215
0.0836243033187161	0.0456856938071087
-0.174488957080222	0.0912196505661504
-0.174514740171446	0.091236144615508
-1.35313132610204	1.19023525607688
-0.00597545784260671	0.00334394234187639
1.15416795906072	1.11095575177303
1.71208267459955	1.36350371897319
-0.733475857893198	0.738849099383786
0.230489218546085	0.133657096820458
-0.359480816044885	0.231235355347662
1.14122070426758	0.780386099658665
0.968692503557349	0.897547863560656
-0.2687279974696	0.13743703950627
-1.95751366086138	1.00395907264506
0.0588139280471816	0.0233556784550016
-1.13565630646569	0.741805655621152
-0.976598104893979	0.584662631574268
0.770731512231836	0.350809203466032
0.668339794470315	0.343828614069647
0.388623453802359	0.222807132021994
0.379126762983442	0.200717512701271
0.844152537341915	0.546273411772544
-0.174573431544604	0.0912716571979923
0.205181952499019	0.110420289382553
0.0588889096012758	0.0233766615912257
0.205185767371981	0.110419404112476
2.04419556984704	1.50835659052295
-0.237528955596091	0.139874316638003
0.369264043213546	0.157791315274953
-1.51824804908304	0.958878652330473
1.36661169451326	1.36661397734987
-0.0122727931927386	0.00575042631266952
0.394038396008532	0.242246959131393
-1.64079163088207	1.41152462135051
0.560591503119401	0.388022068629539
-0.941328343613218	0.739838356347261
-0.580371561309725	0.322378988803852
-0.237508265376135	0.13986368143934
-1.54127557055946	1.52073221975665
0.393998820278763	0.24221496570692
0.844256005489486	0.54634206000507
-0.322278433440018	0.232836540761441
-0.359379722216434	0.231174306033593
0.57804767962632	0.376553475673062
-0.237573967425114	0.139884696422554
0.546330813313669	0.399989099870355
-0.429843797332302	0.243460857863157
0.170078037123426	0.0842362332696313
-0.707443658199716	0.478269996325902
1.30501217205153	0.824788016597256
0.681033084384878	0.55186041399203
-0.740280398947646	0.452574775308571
-0.10431959113781	0.0558011663734158
-2.18002138539429	1.9201720707914
-0.104359195281209	0.0558242971418694
1.61591936092073	1.67193756873
0.578154398334843	0.376565647581824
0.396911610810945	0.260226883174291
0.845430036590367	0.71650474668351
0.710005461501729	0.546536508014955
1.35546320592378	1.19616602715711
-0.57527646214444	0.395424069521758
0.0836243033187161	0.0456856938071087
-0.320552993853204	0.185056332829789
-0.11914688158692	0.0730322934000676
0.249929441003308	0.155058665247787
-0.324020247320629	0.133003472761622
-0.323178299118294	0.132626269521487
0.788882342572252	0.543663401868141
-0.0122398914365767	0.00573275860786979
0.265002290711022	0.175265968151937
0.804395515067917	0.715369169399287
1.10702141518319	0.935795118052283
0.95689862688858	0.734589435516779
-0.174514740171446	0.091236144615508
0.205211481751657	0.110438490596475
-0.4297991763118	0.243493611717284
-0.747652238968947	0.701288695132118
0.396876878494454	0.260171257683474
-0.453485720976542	0.286825894441277
0.142463068792217	0.0894117153705967
-1.27852480343949	0.903410737212595
-1.35312886937511	1.19019937397542
-0.320513450752505	0.185034633111104
1.10710076411242	0.935845100022388
0.398846853823364	0.277820918046262
0.029371177674185	0.017466505112097
-1.13720417658415	0.878844760925168
0.844152537341915	0.546273411772544
-0.174547594798126	0.0912442955274002
0.388565964607091	0.222757123212129
-0.300509948811267	0.240412684775865
0.0586752350175879	0.0233026661375095
-0.268414594212216	0.137235508430333
1.83662755581056	1.20280584359077
-0.510098148612271	0.185160854762058
0.169976433422897	0.0841776092708832
-0.4297991763118	0.243493611717284
0.770027834647173	0.716327481018392
-0.576695398977988	0.435458819694957
0.388635641929205	0.222799330565912
-2.38291907034792	1.52486226582066
0.0836693107122105	0.0457090630379767
-0.359432192549867	0.231147601428986
0.398187626924666	0.340794321861707
0.230569994594728	0.133686869744806
0.0424364774527387	0.0214218641512491
0.250019935805811	0.15511641349221
-0.472116273477145	0.329958473410546
-0.575228160299009	0.395416533246711
0.398846853823364	0.277820918046262
0.24997468863786	0.15509621575848
-0.884644904679083	0.588878517612653
-0.472118030867994	0.3299950821969
-0.320552993853204	0.185056332829789
-0.94125925561921	0.739830332272388
0.917845627905623	0.888736493671078
-0.414141851723161	0.322336117669304
0.378744180687792	0.200540698956173
0.120028551647769	0.0538416400422945
0.396946359398261	0.260264642197304
0.388623453802359	0.222807132021994
-0.359424999637583	0.231221859869823
-1.9497409143865	1.53348070488333
-0.0873970675291552	0.0397928350708459
0.394157676367875	0.242217320623445
-0.795557467610568	0.429227305973378
-0.320631338422829	0.185033288614102
-0.19168054449394	0.0841002189352164
0.119875060412801	0.0537756254140837
0.57804767962632	0.376553475673062
-1.13724350386681	0.878534666622549
0.388866557100892	0.222888733927138
0.119957212376391	0.0537989379879724
0.789137043859013	0.543954929220758
-1.13532229991961	0.741731857047717
-0.472117480236258	0.33002701814581
0.656716189618618	0.559373770285448
0.365380128458397	0.175707559308492
-0.26842377376637	0.13725791720775
0.286066978594424	0.211994931791177
0.116258755452954	0.0682558216366892
0.37892999110995	0.200646545836412
-1.04534220499325	0.877954212534039
-1.35313132610204	1.19023525607688
0.0423977057639784	0.0214070367044068
-0.46663693587998	0.457580391148733
2.23172580596379	1.82118701494867
0.396946359398261	0.260264642197304
-1.54130241760562	1.52089364342851
0.365548699035189	0.175813952012173
-0.320470648585448	0.184942561125947
-1.27873979527957	0.904162189875354
1.14113847634247	0.780144258178932
0.205296443575086	0.110471969951527
0.142402398242811	0.0893691754404031
-0.237473607055047	0.139838194143414
-0.792079152903842	0.632599435529008
0.119851360032837	0.0537563736980319
-0.74018851648354	0.452313239030648
0.57804767962632	0.376553475673062
0.623498793602424	0.352474627314365
-1.82060683537853	1.34328728713377
-0.320432590117121	0.184942586480465
0.365545538878326	0.175812862473331
0.365462810263777	0.175771126538925
0.276863919655315	0.194259116644964
-1.24909929893789	1.03200134474842
1.08243416573169	1.08877205575271
1.03609981704083	0.754094632826625
0.668412566104476	0.343909313552279
-0.429697048993561	0.243352246851155
1.36659120174551	1.36647132366869
-1.13716291945289	0.878934444802947
-0.284743747208589	0.186623978376868
0.788927613401003	0.543735628832399
1.4918700932737	1.43016010723581
-0.320553567284933	0.185034774686656
0.378744180687792	0.200540698956173
-0.119137848815211	0.0730267568590352
-0.70740470937637	0.477964076922156
0.230567144449649	0.133687254625393
0.0827370778507906	0.0555640691445785
0.369191566451795	0.1578145382159
-1.27835023377402	0.903284532657857
0.398794540433267	0.277722547814095
0.170179807255207	0.0842887264509299
0.0836732250012232	0.0457098608963882
0.598684774774916	0.365349678431694
0.365545538878326	0.175812862473331
0.369443988447083	0.157954068466191
-0.94130434126359	0.73990733004916
-1.14890170747609	1.1771205202168
-1.67920618160724	0.743565005829687
-0.0124118503434449	0.00581552997654431
0.20515621128702	0.110408160639295
-0.829084254712108	0.60642326809271
-0.0060016948213122	0.00335844422206687
0.448768346526961	0.125881279019047
0.169884086577812	0.0841182875246922
-0.70748096742124	0.478435371653978
-0.580498200950308	0.322444400471375
0.378621720444965	0.200461497743518
-2.18887464496301	1.26943367833825
0.789079325953716	0.543893240613633
-0.32393075771785	0.132964596123413
0.369623313755493	0.157981087510768
-0.400279254651867	0.199611151597535
0.37882650870246	0.200579110731171
-0.0120305911399652	0.00563406783484734
-0.400408163058232	0.199679139220261
1.5044158387548	1.26730366912119
0.378919403595689	0.200601275587499
-0.580016262315733	0.322066841910722
-0.320512229568985	0.18504719516924
0.119875060412801	0.0537756254140837
-0.320591171432568	0.185071363929284
-0.400020822389192	0.199426194116488
-0.4297991763118	0.243493611717284
-0.575276993342195	0.357560747477759
-0.0872097202919863	0.0396986290401776
-0.510098148612271	0.185160854762058
0.598378969448173	0.365092189435562
-0.766066919696178	0.664990047838034
-1.33204907972189	0.762666443275466
-0.320591866789526	0.185070076583314
-0.171837191060019	0.103216922573153
0.789194873519341	0.543959116050008
-0.11921660580599	0.0730597546255188
-0.389467770758099	0.276896453709954
-0.359435544098484	0.231227533097986
0.083554959352691	0.0456361772829623
0.845324488226291	0.716408101876152
-0.320551000801398	0.185059855634261
-0.0757779728133876	0.0473347835396149
0.578018102972575	0.37654181246198
-0.829124767395153	0.606503723818148
1.65620855919006	1.51955240277114
-0.268543517268109	0.137262033846553
-0.174573431544604	0.0912716571979923
-0.472064591324512	0.329985339812347
-0.576616701679889	0.435354227735248
-0.104360717158204	0.0558152634709309
0.745473216659937	0.5435678653794
0.57799237739116	0.376473680654714
-0.707559739241471	0.478463453528977
-0.884770354939938	0.588923492607131
0.230490012836691	0.133653431840519
-1.04546754371116	0.878429393817584
0.265118813379176	0.175428622585859
1.1542346758565	1.1114649722696
0.230569216915851	0.133699107004068
0.578213781774443	0.376621340517449
1.2047053970036	0.970495425550994
-1.67852612172773	1.153971021526
-0.581779227500152	0.277530332539387
-1.64079163088207	1.41152462135051
0.709950224334504	0.546403699666405
-0.00605595616184998	0.00338810510091568
-0.237514777193066	0.13983219381169
0.623132503431904	0.352217814060037
0.844266598598067	0.546215553189946
-0.171836068945693	0.10322097731699
-1.13567729072396	0.742109314725345
-0.429856217784491	0.243527269122507
2.03675457666139	1.92882971304904
-0.320473330609048	0.185007486119419
0.0836589996523523	0.0457057522339226
0.681111642733935	0.552107188973364
0.393919729616072	0.242093279686786
-0.487447913631627	0.373684765704035
1.4711691601923	1.76460066667206
-0.8291630429523	0.606447548597179
0.250044286495274	0.155129883729938
-1.22622338845694	1.32617576865473
0.0584995559067885	0.043671029789833
0.54615676959997	0.39993474012203
-0.941314845393856	0.739889310526513
-0.174217093599977	0.118245033085874
-0.976620884568423	0.58466531707052
-0.191765997402019	0.0841406045300469
-0.10431959113781	0.0558011663734158
-0.171915691025506	0.103283513926992
-0.400279254651867	0.199611151597535
0.388820742451007	0.222906122652098
0.393958723380873	0.242166010414656
0.398819616028579	0.277815329640886
-0.119181302456655	0.0730529519471356
0.388623453802359	0.222807132021994
0.042356756117408	0.0213843480987584
1.0304272807277	0.912483966401826
-1.27873979527957	0.904162189875354
0.397046583565178	0.260289613432829
-0.707561374899847	0.478454287577905
0.968798809142533	0.897723233445736
-0.400150141167734	0.199526819273677
1.20511205619371	0.97080729738955
-0.237473607055047	0.139838194143414
-0.429684759665462	0.243380527933264
-0.322278433440018	0.232836540761441
-0.0495502533430002	0.0270872836979097
-0.4297991763118	0.243493611717284
0.0836243033187161	0.0456856938071087
-0.359400794834614	0.231196545368216
-0.575166887313808	0.357410598881356
-0.0873970675291552	0.0397928350708459
-1.95031502534065	1.53490875287205
-1.2994978768081	1.47945878566477
0.560710472183291	0.388178977785677
0.577904035765963	0.376335233992761
0.966905011225973	0.365415640853152
-0.795473084150557	0.429189025577302
-2.18966790174718	1.27012956245085
-1.13716291945289	0.878934444802947
-0.191763069164488	0.0841344545583103
0.788997378530188	0.543852581801781
0.370036862699425	0.158172385562895
0.365542401306716	0.175768098348355
-2.18982332198521	1.27004899303449
0.560670796042941	0.388152961154497
0.230528840720756	0.133684195378615
-0.0122973225407363	0.0057607405665406
-0.884519156846644	0.588683549507875
-0.829166329192802	0.606426553894009
1.24270998313979	1.14716588651425
0.394077992026695	0.242262483225049
0.23052811985298	0.133680230051694
0.399691842634944	0.294754881185682
0.029371177674185	0.017466505112097
0.598675391106249	0.365365106671917
-0.23751862527221	0.1398723323227
-0.171943462895184	0.103281952634237
-0.453526186148828	0.286869848352417
0.394077543950188	0.242263206421765
0.083714317932502	0.0457271316416471
0.622920670421795	0.35200755441296
-0.429856217784491	0.243527269122507
-1.51840982581887	0.959105734342332
-1.06718637734555	1.03280832484855
-0.268921114931938	0.137530879122937
-0.487326787931181	0.37368176141879
0.388775131460005	0.222826400470331
0.365548699035189	0.175813952012173
0.393998820278763	0.24221496570692
-0.400279254651867	0.199611151597535
1.10706107947149	0.935851350786674
0.0423581224798044	0.0213887511464096
-0.429811544627333	0.24349758007301
0.119769233618733	0.0537209607675883
0.16998558631475	0.0841768411984164
0.956872912425269	0.734592065785687
-0.00601232576299889	0.00336418907014556
0.378951239229763	0.200616521437487
-0.104399592297262	0.0558404234022689
-0.005974931279798	0.00334374083564817
-1.32016413315183	1.3299867469638
-0.049699798202934	0.0271720496482323
-0.171889531829943	0.103267851984991
-1.27863245309779	0.904117251927921
0.394037095127064	0.242198458278005
0.265092298747584	0.175395495110731
-0.429766668699718	0.24337459339476
0.0423586690649514	0.0213879798283963
0.0423185594731741	0.0213690212508505
-1.67815176085879	1.15338270046085
-0.359390272612402	0.231190890343253
0.560750168129779	0.388179645747097
-0.0496439894741144	0.0271417412631816
0.0837593249868663	0.0457388204378818
-0.1718099208786	0.103198949749752
-0.487532467009138	0.373749381329002
0.388820742451007	0.222906122652098
-0.359427841778773	0.231146608983805
-1.04549402550399	0.878309378323251
-2.38298677712539	1.52480996919281
0.968824987433207	0.897761050436654
1.32278297094327	0.630538650677177
0.119980963262918	0.0538242500271638
-0.575415941252815	0.357507028660629
0.54617401642555	0.399944354941404
0.0836243033187161	0.0456856938071087
-0.829126855391428	0.606456974810141
0.789206944140957	0.54394025488045
-0.884714004488368	0.588902910387814
0.0836282440820218	0.0456824762391885
-0.359432192549867	0.231147601428986
-1.33204640906765	0.762295394245592
0.388553749445873	0.222747063630089
0.205042198106717	0.110325991467597
2.55622412283899	2.45896988690337
1.88366844352878	1.64375210655324
-0.581713996592567	0.277573942253515
-0.00248972421612113	0.000848968227417177
-0.5801177025606	0.32217404700399
0.789009542854592	0.543863079094428
-0.0122520975997214	0.00573627803064002
-0.884575760396575	0.588743079775032
0.0824626309315046	0.0553813337167732
0.286158495085926	0.212062561088055
-0.224109972065434	0.149513098109598
0.230569216915851	0.133699107004068
1.0597155655144	0.577756640140593
0.365380128458397	0.175707559308492
0.265118813379176	0.175428622585859
-0.579913489290264	0.321944638127045
0.170374466606941	0.0843863554800559
-1.01629155118255	0.730958922030256
-0.84164330581693	0.366637138097607
-1.64079031604019	1.41150780173358
0.388439026483589	0.222625331869707
-1.13557312432465	0.741984670388943
-0.884714004488368	0.588902910387814
-0.659834181992894	0.62672110240036
-0.82908313258926	0.606361585227221
0.956762326002398	0.734344329952799
0.578103014416737	0.376604056005177
-0.237404241725255	0.139753599166704
-0.0758993995958106	0.0474180581622748
-0.23753249504683	0.139862904500148
0.249964238369874	0.155088974064584
0.286090260973263	0.212016651008543
0.710015739658871	0.546500735713786
-0.453528065982023	0.286864929800277
-2.17999419418768	1.91862335059641
0.205097333541243	0.110364406966335
0.23052811985298	0.133680230051694
-0.70752193721132	0.478472790723747
-0.320512862899764	0.185045864651848
0.84434901377286	0.546409530474438
-1.52959235860103	1.23848521961995
-0.581854188280408	0.277697073220254
-0.237577533393308	0.139880937804697
-0.579256721874806	0.477004081347243
-2.1887208303269	1.2693702277358
-1.40940270657111	1.06909659425454
-1.78544577710837	2.04898657576192
0.230488467651288	0.133653113546507
-0.941235175189046	0.739686552561918
0.230449616124751	0.133620924510745
-0.284744292500587	0.186643086689261
-0.687656090279379	0.510461902209215
0.656785983310215	0.559447658001801
0.230488467651288	0.133653113546507
0.170161317325234	0.0842725965010529
-0.580371561309725	0.322378988803852
-0.324272119326104	0.133071250186811
0.205071546672453	0.110351538960765
-0.487370053892021	0.373726787195225
0.0836834538134724	0.0457175748200456
-0.740262966664053	0.452575713375946
0.0586730762067555	0.0233010280801353
-0.740271693618544	0.452632126761163
-1.27872364579987	0.903836429245258
-1.64078895641047	1.41140793786086
0.204987095081449	0.110277608266342
1.08250437840805	1.08891493958251
-0.284809009437137	0.186655169591327
-0.575196062635016	0.357437611700666
0.745353449875489	0.543725661610116
0.709960466353092	0.546453636093704
-0.0873970675291552	0.0397928350708459
0.681165586147454	0.552082858182599
-0.049665047876336	0.0271547943089435
-0.576615616714452	0.435438733220694
0.560710472183291	0.388178977785677
0.142376135117648	0.0893560334310867
-0.0123095682902471	0.00576462947117763
-0.268912224783566	0.137532775591647
-0.575192754444671	0.357461056491999
0.398767805122141	0.277715796239038
0.394612650352957	0.382284870148421
-0.4534876275693	0.286851758282326
0.845211139504042	0.715861086388352
0.533625086929812	0.412917619904508
-0.173883865481588	0.117956603510376
0.265065773360698	0.175344205786213
1.03619257372466	0.754073805053677
-0.429615122034217	0.24329729755557
1.46233472343062	1.93408615505551
0.0588184960278527	0.0233556454638202
1.15405067575788	1.11107839538136
-1.13708607411613	0.87826957780173
0.399500703020334	0.294522548780948
0.560711157363661	0.388178233889262
0.0835896232229875	0.0456627648321035
-0.575218613589162	0.357443211501799
0.0292500203795323	0.0173948579542365
-0.884600971987052	0.588746834027671
-1.9502185502244	1.53504277273395
-0.174514740171446	0.091236144615508
0.0587435559436112	0.0233296694197922
-0.795221755124498	0.428924725702898
-0.320592516713302	0.185058889412806
0.103343725253705	0.073270972141622
0.378940602994957	0.200651612788855
-0.581856591724575	0.277597221348804
-0.191686445486513	0.084057163485459
0.874740425297962	0.882948205506119
0.369696009095169	0.158067754520311
2.03656190466438	1.92847590105237
0.170087252377099	0.0842292700614622
0.169976433422897	0.0841776092708832
0.388693203120202	0.222849389931697
-0.191930840094509	0.084187060728103
-0.00601232576299889	0.00336418907014556
0.804361282585464	0.715200137963353
1.1071404691228	0.935773583234462
-1.54127557055946	1.52073221975665
-0.575273198865867	0.395479571147706
-0.0759071302932135	0.0474225141389394
0.378621720444965	0.200461497743518
-0.400255793183877	0.199576929984158
0.399380913014173	0.310329120687181
0.276983589672344	0.194357664287847
-0.792078477545814	0.632324339340268
-1.23410384950334	1.17467560600287
0.116259343543614	0.0682427302566693
0.276879695722599	0.194264477441635
0.0828504225514244	0.0556195149545462
0.369696009095169	0.158067754520311
0.398925904338448	0.277841625447756
-0.359390272612402	0.231190890343253
0.921489960026533	0.552533647137428
-0.322240988908114	0.232737834735135
0.546135855147718	0.399917021497062
-0.889544685235352	0.760690843745992
1.36663620317732	1.36668101803728
1.08239224708294	1.08884361620175
-0.359414427010868	0.231205255371581
1.14098542907508	0.779786174713427
0.0423576214530844	0.0213884261189087
0.116390687051258	0.0683388411885374
0.789055063944555	0.543856648322334
-0.852421113607313	0.788529121838228
0.393920347644893	0.242075031362479
-0.17456992674774	0.0912652369592895
-0.48751716194615	0.373753433310198
-0.400408163058232	0.199679139220261
1.6562658600108	1.51972600313093
-0.0760285969485862	0.0474989435903123
0.249905154322182	0.155025625410401
0.399051246914407	0.325982132018603
-0.237483943959794	0.139846828265212
0.120004743026815	0.0538382787021705
-0.765893965291823	0.664647164326695
0.205071546672453	0.110351538960765
-1.13716189686811	0.878895305292996
0.789112861032958	0.543795507562315
-0.453525181306195	0.286848918425536
-0.359369143638256	0.231145767097351
-0.740655822631701	0.452689742148209
0.968772097713885	0.897771056651447
0.0422784535101385	0.0213474939483703
-0.10431959113781	0.0558011663734158
-0.119120635310023	0.0730184164425326
-0.575221956505582	0.357508938560049
-0.174518314964367	0.0912348516528442
-0.740271693618544	0.452632126761163
1.0360071240707	0.754049538610323
0.956762326002398	0.734344329952799
-0.829085333646607	0.606448881785564
-0.0496892608524587	0.027166145527787
0.365634724659639	0.175835138801182
-1.32009476671124	1.3292345750647
0.0168203690551715	0.0113512996693415
0.968877875165218	0.897601248053599
-0.049665047876336	0.0271547943089435
2.32864543969153	3.15318089381379
-0.579438638676954	0.477126357645594
0.0586730762067555	0.0233010280801353
-0.171995306183406	0.103320945805045
-0.1915979731707	0.0840529792646734
0.265048650072239	0.175349097745977
0.0423180273406882	0.0213686808954471
-0.58178160921078	0.277642461693518
0.120134631761478	0.0538964433430745
-1.68009156842078	0.744218155905003
-0.575273198865867	0.395479571147706
-0.429823900373269	0.243455736202764
0.170272425689712	0.0843399388739337
-0.740280398947646	0.452574775308571
0.205241089187748	0.110449762702166
0.745314366085531	0.543633251735459
1.37319578559241	1.53967952129036
-0.00154684176698365	0.000527981901671777
-0.237483943959794	0.139846828265212
-0.10439877968516	0.0558435022103617
-0.131922978674643	0.0910212321638487
0.577823102981339	0.376102076641475
-0.32342872014596	0.132754800981013
-0.0874192319868208	0.0398048854826958
-0.580371561309725	0.322378988803852
-0.26842377376637	0.13725791720775
-1.11086680880368	0.563001129089156
0.956953950129638	0.734577320632393
0.029293325983083	0.0174211094865384
-0.284611534579334	0.186578592719199
0.264953626297302	0.175251293008819
-0.740463975085828	0.452748151314771
0.398873021706968	0.277844831721069
0.0423581224798044	0.0213887511464096
0.120004743026815	0.0538382787021705
0.116257684859797	0.0682579104908087
-0.852505178649334	0.788696528043239
0.0836346373861601	0.0456890182021036
-0.487352758396561	0.373715921399116
1.03034750926467	0.912449882956028
-0.579196115953673	0.476925694052005
-0.173959902189874	0.118052898168857
0.623522821357487	0.352458134850505
-0.359369143638256	0.231145767097351
1.35549259110812	1.19634193366407
-0.687624328798652	0.510560384911085
-0.84128759981306	0.366527746446311
-0.2687279974696	0.13743703950627
0.681085449140647	0.552060302462675
0.837555759881838	0.87947031554915
-0.249688177681197	0.220931282865998
-0.389589086762666	0.27697775175688
0.560671511271766	0.388152242066617
-0.224122540345607	0.149513077594898
-0.579022256421552	0.476525678045642
0.195487733860186	0.145453427075689
-0.45348851591146	0.286841831680638
1.83661163929862	1.20193259965012
0.398921864226317	0.325877176793967
-0.10435836928934	0.0558246704842912
0.249918996642399	0.155043388295526
0.205292488330032	0.110454624519565
0.286271651257199	0.212164350137041
0.394117608350336	0.242260360238849
0.396956601925935	0.260280489844571
0.0836487181970986	0.045700188709168
-0.581990444681347	0.277582089341596
0.388750876020199	0.222881622076993
-0.453523041791517	0.286744325804288
0.844152537341915	0.546273411772544
0.635562225748386	0.567019156974504
0.745313372817002	0.543643055784517
-0.191594955374977	0.0840523906515105
0.380210454264993	0.0703919958833987
0.170059671984345	0.0842063275246382
0.365469085806459	0.175665956638447
0.874527392536161	0.882064803462026
-0.575276993342195	0.357560747477759
-0.512211396425773	0.462619130751874
-0.740564231799896	0.452784120644182
-0.171730885074917	0.103100826304928
-1.13720321345906	0.878905550941361
-1.51832895997772	0.959438617553198
-1.33204907972189	0.762666443275466
-0.580371561309725	0.322378988803852
-1.2788308459052	0.904291918675756
0.789194873519341	0.543959116050008
-1.40922300434395	1.06895280811372
-0.453528065982023	0.286864929800277
-0.300583418196327	0.240500562456008
-0.400279254651867	0.199611151597535
0.533729511255781	0.413059845750498
-0.0962260596717798	0.0674044595162383
-0.665814703997958	0.586165971054321
0.276983589672344	0.194357664287847
-1.01131978153379	1.05160305411558
0.968693024053404	0.897505771901564
-0.191683506242611	0.08409339741583
-0.0964480013306475	0.0675798115435002
0.77003540292901	0.716319945838022
1.68430258011938	2.07461285381473
-0.0400027603334257	0.0254568951329072
-1.82046463034753	1.34238046031
0.170161317325234	0.0842725965010529
0.399657447637657	0.294721441330255
0.600892595975415	0.583893287635054
-0.132190008886074	0.0912218596977014
0.714440766428508	0.722291320089722
-1.13532229991961	0.741731857047717
0.0423576214530844	0.0213884261189087
0.598777597268071	0.365412486093334
0.495100000468798	0.46136776493054
0.365374010466483	0.175640839643231
-0.191768903144085	0.0841252697608303
-2.18002138539429	1.9201720707914
0.0588889096012758	0.0233766615912257
-1.95812751109893	1.00452497119926
-0.324020247320629	0.133003472761622
0.12011077257807	0.0538869679431261
0.668412566104476	0.343909313552279
0.0586752350175879	0.0233026661375095
-0.575318237617244	0.395483995236497
-0.320512862899764	0.185045864651848
0.27691422571419	0.194313899662351
-0.359355529732364	0.231141735117536
0.180964099493099	0.12774565073409
-0.968690082931837	1.07711312378925
-0.848482990647248	1.01409610848556
1.05987776781758	0.577885042568082
0.578069578210618	0.376488471114152
-0.472064003814338	0.329987530330869
-0.898555646211928	0.946971689988143
0.180909978356055	0.12770167975108
-0.300658114676015	0.240576932456233
-0.104439186947234	0.0558548380143883
-0.803666981527029	0.856573590827531
-0.329777912563657	0.285673981039542
0.0422408192462711	0.0213222505918147
1.30486881791975	0.824289642966207
-0.323089720868296	0.132540400004644
-0.174540515247827	0.0912397503894302
0.617255313564883	0.575339654806946
-0.399797451711814	0.369070454801936
0.845429539214823	0.716403505219283
-0.359411288891954	0.231191559725985
-0.898626561023912	0.947046930680651
0.598787043320876	0.365355326471793
-0.0654284400212417	0.0465170881398583
-0.576535828315392	0.435303100740969
-0.38945880580531	0.27683921048795
0.399587681769864	0.294665274894848
-1.54130163661808	1.52065714111871
0.170161317325234	0.0842725965010529
-0.0496511828299678	0.027144046289517
0.805698693446974	0.878422620068958
0.616992988670361	0.575143142413535
-0.576669173874805	0.435461314962273
-0.451657064792712	0.412497895949098
0.14230638370502	0.0892971544498863
-1.54130316367164	1.52073358561693
0.398766731125854	0.27775320365002
0.560711885972035	0.388147474403836
-0.829085333646607	0.606448881785564
-0.47203661079325	0.329886834871931
-0.0122973225407363	0.0057607405665406
-0.049605941996654	0.027120013911584
-1.64079290092214	1.4114622891159
-1.24921714724718	1.03267851520419
-0.884588372446995	0.588819046433955
0.163544637841626	0.109096869962899
-0.10431959113781	0.0558011663734158
0.0422401339956056	0.0213241934971351
-0.049665047876336	0.0271547943089435
0.917854759899421	0.888901372402461
-0.487266225448737	0.373610322693689
0.388623453802359	0.222807132021994
-0.795555037532711	0.429082398854794
0.560631884952499	0.388100936597873
0.745432336831889	0.543720392347431
-0.659841868762283	0.626620343676158
-0.884575760396575	0.588743079775032
0.546200658028452	0.400007575079535
-0.131915697837842	0.0910089174111435
-1.8415076068771	1.7709587318705
-0.575304240178868	0.395371119072592
0.917681840002654	0.888270175225602
-1.13720321345906	0.878905550941361
0.398792459602137	0.277731359816957
-0.429766668699718	0.24337459339476
1.26790024378424	1.32098484268944
0.170087252377099	0.0842292700614622
-3.1510466959053	2.85878885476165
-0.414194417094414	0.322321691350226
0.0588889096012758	0.0233766615912257
-0.0496859935586384	0.0271630129061038
-0.359400794834614	0.231196545368216
-0.359449115974057	0.231217993302278
-0.47198436334829	0.329855394093538
0.709901339600042	0.546180010435375
-0.174514740171446	0.091236144615508
0.398845341000969	0.277778065636219
-0.941269766308302	0.739849845050515
-0.94130434126359	0.73990733004916
0.956902566778186	0.734555045157672
0.533773156700181	0.413078565518056
0.894973795185583	0.722984743706935
-0.177911602593539	0.134265119526756
0.029222375591522	0.017376308028414
-0.765963122713495	0.66484182800643
-0.792106548476854	0.632679651941505
0.710085189501082	0.546546191806679
-0.740179770854738	0.452503944476729
-0.740463975085828	0.452748151314771
0.142349862152941	0.0893345297990725
-0.104399592297262	0.0558404234022689
-0.32342872014596	0.132754800981013
-0.0025583228276369	0.000870770923181551
-0.581856591724575	0.277597221348804
0.578018102972575	0.37654181246198
1.32436602519462	0.631710688508099
-1.9499351882769	1.53400774588574
-0.28458417543874	0.186525793686448
-0.576668615728061	0.435456996649804
1.60140883922882	0.907211457837158
-0.792052370089996	0.632548583397729
-0.934314392534562	0.917703093140855
0.894934078877069	0.722981050286936
0.0835446088839212	0.0456305775538592
-0.576536951702132	0.435213933303645
0.163491571137908	0.109057293172897
-0.852194754731225	0.787972502879942
0.829147439742182	1.03516917238262
0.195339400836571	0.145364553141189
0.0837079999509027	0.0457243799470305
-0.575248897149481	0.395405491266938
-0.884701326330879	0.588899170884722
-0.471958228475575	0.329798908829624
0.41039768616025	0.149826752222597
-1.95002511922446	1.53493871942332
-0.171836647611099	0.103224835215403
-0.674526876583796	0.547319589810699
0.265187505743766	0.175463990706954
-0.352840793165623	0.278651366988051
-0.687579023630957	0.510524309186091
0.0835792957447459	0.0456571767018195
-0.104278391852856	0.0557721044560038
-0.0398736531849888	0.0253711807858922
0.845381693528394	0.71645952677223
1.02271022847188	1.07129807857697
0.163711300779953	0.109173179217923
0.180903030217341	0.127712801313429
0.369606368030708	0.158007050490895
-0.174540515247827	0.0912397503894302
1.37320346712731	1.53938662878896
1.10702185510946	0.935885221644565
0.745353449875489	0.543725661610116
0.142419603815384	0.0893858006289232
-1.13716082916392	0.878800742734912
0.0586773454804471	0.0233008804750109
-0.795391084685964	0.429117695674088
-0.707404128906416	0.478037655196025
-0.512509423948435	0.462730173199208
-0.0121004029027061	0.00566746725900745
2.03657050855707	1.92802803758296
0.369443988447083	0.157954068466191
0.92149314149832	0.552505338452732
0.622896982218685	0.351913003666181
0.170383847185987	0.0843739347281054
0.399133244924644	0.326046367574684
0.522640976531566	0.425575671036713
-0.119050952730279	0.0729657719248745
0.533803276853068	0.413054847856146
0.957013386292613	0.734584209866301
-1.40916725954337	1.06883587092141
1.33459699451987	1.01932961633801
0.560670124227051	0.38812563402852
-2.06916055414538	1.72415102275511
0.745354472025364	0.543607393786942
0.304740676552231	0.260792732986305
0.63567610842383	0.567049956151483
-0.174654363192555	0.0913057007302436
-0.0873970675291552	0.0397928350708459
-1.6270763207592	1.69338974049906
0.276992072945487	0.194360558828875
-0.472064003814338	0.329987530330869
-0.707478359489269	0.478210480352184
-1.40929168694041	1.06907240900377
-0.400197135988387	0.199458927531394
-0.104321718826675	0.0557828798203067
0.0423180273406882	0.0213686808954471
-0.479849999219663	0.502995196688339
0.399709038062299	0.294748688877609
-0.268617700571665	0.137383094548257
0.388796591436508	0.222846343871888
-0.0496092677838992	0.0271228251111568
0.971853310215996	1.21475487035885
1.91760395394132	2.04080557409759
-0.119120635310023	0.0730184164425326
0.365717614542968	0.17587696046062
1.05978803084369	0.577720231178301
1.49194876706441	1.42891153920034
0.533750283190429	0.413042745634562
-1.82062649121245	1.3425298079602
-1.13546888544982	0.741545415290854
0.448620351049491	0.125795452528351
3.40034954748204	0.88949631152943
0.965708155966886	0.36469686787148
-3.49394311921891	0.936574346211166
-0.191763069164488	0.0841344545583103
-0.0935556981413233	0.0268478444964544
-2.38285146634582	1.52477404740462
0.578099101184153	0.37657170949161
-0.284687485483476	0.186609201865116
-0.237480010561496	0.139796213071681
1.36650755177928	1.36590145874406
-0.237563643670217	0.139889377318265
-0.00945451270387407	0.0061202514325318
0.250054720394824	0.155128740837758
3.2289796293833	2.83755920958179
-0.0876302197595823	0.0399015975036765
1.80555235872848	2.73005895943834
-0.500572265829779	0.417968543727074
-0.224046215893559	0.149436605217341
-1.14883335446451	1.17723028429814
1.24274888728981	1.14736338565194
-0.320510826521617	0.185017428733123
-0.665670472465549	0.585998052950712
-0.575335061941683	0.357592851898839
-0.510743547432265	0.185419327634832
-1.67920618160724	0.743565005829687
1.71218813755133	1.36379252078282
-0.174514740171446	0.091236144615508
-0.94130434126359	0.73990733004916
-0.884632253303745	0.58876380922075
-0.191848441999651	0.0841748012731843
0.740462881129703	0.718127258099512
-0.359494406168952	0.231225074914111
0.170179807255207	0.0842887264509299
-0.320514489979456	0.184979565622572
-0.792105926586736	0.632620636325113
0.169976433422897	0.0841776092708832
-1.78523932229911	2.04889020113821
1.24274756493478	1.14726908390912
0.956872912425269	0.734592065785687
-0.174246424251035	0.118222156518135
0.24993538414465	0.155015115326538
-0.0654242515397067	0.0465144974927129
-0.284612066321568	0.186571399929409
0.29386941749183	0.229257944437114
-0.97683028062557	0.584626302691587
-1.95874230208418	1.00497575293314
-0.581786516589405	0.277551473252916
-0.0123546421621991	0.00578834044022463
0.745432002071474	0.543652400502029
0.62326240290656	0.352345581752505
-0.119103423183026	0.0730060951167675
0.142419603815384	0.0893858006289232
0.170170551402025	0.0842873863496133
0.265153071782378	0.175428464210712
-0.119077183004402	0.0729893994545596
0.230487760154232	0.133641469554507
-0.0875247626795585	0.0398554643821223
1.83587511207879	2.17305499610587
-0.0656757261334359	0.0466926993585133
0.398793429534845	0.277791401936865
0.378471825884376	0.200278867870119
0.710015739658871	0.546500735713786
-1.13720417658415	0.878844760925168
0.769897928866505	0.716092331345813
-0.119129673214218	0.0730159882121183
-1.95751366086138	1.00395907264506
0.388553749445873	0.222747063630089
-0.829046886140212	0.606302173283558
-0.11917313767827	0.0730393602931805
-0.104318795135885	0.0558015566425405
-0.0123423441710936	0.00578321495826335
0.365548699035189	0.175813952012173
0.26505804255578	0.175376794799899
0.0836346373861601	0.0456890182021036
0.205016392440772	0.110303116653591
-0.889412472720336	0.760363970170551
0.205097333541243	0.110364406966335
-0.765963122713495	0.66484182800643
-1.54124871442533	1.5204893258484
-0.707522656104184	0.478427995182554
-0.70748096742124	0.478435371653978
0.398873021706968	0.277844831721069
-0.575217747559456	0.395392146945716
-0.500715362469742	0.418186791686408
0.399585818262745	0.310536682150585
0.029293325983083	0.0174211094865384
0.116390687051258	0.0683388411885374
-0.224023395472545	0.149456678003061
-0.580266505812649	0.3222691862051
-1.29977606833251	1.47988570908668
-0.48736144703444	0.373642072153904
-1.23407764323035	1.17460648942136
2.04418606765394	1.50815224100883
-0.432195795413815	0.0981239072789159
-0.0935556981413233	0.0268478444964544
0.170272425689712	0.0843399388739337
-0.323355916292695	0.132658305502656
-0.32351770392979	0.13279342860992
0.365459706351774	0.175748040889583
1.79295842911741	1.77684820872533
-1.34720195310537	0.492218760641814
-1.95874230208418	1.00497575293314
-0.792053652357926	0.632677865462564
-0.322096351977725	0.232700933060966
0.681112152324062	0.552106999105438
-0.487499871693701	0.373771199743377
-0.119112466215253	0.0729952295462966
-0.579180504865215	0.476889378185738
-1.06735921934582	1.03299168340696
0.399674645826999	0.294745791076352
-0.88943867815904	0.760548842598612
0.681058282442154	0.551895958462896
0.265135943324068	0.175433362127375
0.0836384663419645	0.0456924625707961
-0.580603062995071	0.3224974752442
0.378621720444965	0.200461497743518
-0.581784038930277	0.277651257807727
-0.510665083637769	0.185396417332941
0.029214786000095	0.0173726878868396
-0.399938609312184	0.199306405863636
-0.487387350659907	0.373709022535033
-0.173899538932719	0.117997745888163
0.116311088160801	0.0682971565583205
0.388693203120202	0.222849389931697
-0.174683567543954	0.0913208124398447
-0.665714990819295	0.585850474977212
-0.322027915165929	0.232627021067413
0.393997425969371	0.242166407812664
0.656681815208031	0.55936084063937
0.276836378783498	0.19421954784437
-1.01640893026767	0.73117760288339
0.560789883897686	0.388151965213491
0.195413827516967	0.145422633938608
0.249962013195185	0.155059924155677
0.844452767399357	0.546400878858197
-0.104357499932016	0.0558222115623603
0.59876817292181	0.365396418954223
0.560592278390452	0.388021399444073
0.249884192894728	0.155003068803888
0.170078037123426	0.0842362332696313
0.967309813891396	0.365498022573177
0.598480737929632	0.365218365480648
-0.575307838029623	0.395499269125434
1.08230493532903	1.08863435461847
0.0423185594731741	0.0213690212508505
-4.67261933866694	2.32564504003048
0.369101416923485	0.157753649363207
-2.28309186851362	2.11588456803398
0.195413827516967	0.145422633938608
0.398899197057204	0.277853325909737
-0.352972515503471	0.27871934381684
-1.14271948192209	1.02409511905502
-0.0875247626795585	0.0398554643821223
-0.00586895095755799	0.00328473272308927
-0.237528955596091	0.139874316638003
-0.580244728564168	0.322288315069047
0.546305693041265	0.399979496389495
-0.0399487677976287	0.0254153097015118
0.51255065418599	0.437795305807584
0.635569890216232	0.567042714789555
0.116470292881836	0.0683605889313887
-0.740179770854738	0.452503944476729
0.396977175798824	0.260262280706806
-0.119155063699346	0.0730306543138387
-0.58022292583536	0.322227384173889
-0.0120882381999243	0.00566213416702119
-0.1744261177054	0.0911404636841805
0.205126733349182	0.110389989862704
-0.67457857642187	0.547254731796818
0.170365107743381	0.084383949304422
-0.265967715986941	0.195143794781227
0.299631844959855	0.245139892606456
0.843944591812304	0.545998305661356
-0.171836068945693	0.10322097731699
0.894894382386493	0.72293105384348
0.277087477765006	0.194400149318421
-0.0123095682902471	0.00576462947117763
-0.707481746061678	0.478444102656824
0.142271988196815	0.0892685393739953
1.32371794960321	0.631519863553089
0.598194140587528	0.364865830215773
0.365462810263777	0.175771126538925
-0.687624328798652	0.510560384911085
0.365628314361187	0.175832958137699
-0.0942522165733174	0.0270533171061642
-0.42988102086544	0.243519815871298
-0.0123546421621991	0.00578834044022463
-2.38291907034792	1.52486226582066
-0.976470386658705	0.584506017782514
0.771384657824967	0.351194621180954
0.169976433422897	0.0841776092708832
-0.0759148701878795	0.0474246136474354
1.0304272807277	0.912483966401826
-0.472037857822702	0.32995818075441
0.0585357622306114	0.0232335338147792
-0.237508265376135	0.13986368143934
-0.85255790663668	0.788795143609753
-0.766084229657476	0.664964679631637
0.957013386292613	0.734584209866301
0.0423982212440437	0.0214062491591895
0.396043576986692	0.368990122019973
1.21159000463288	1.46215094466471
-0.171863365176674	0.103245804873814
-0.852436789664913	0.788658937107064
1.61603758729791	1.67207494504311
1.37651554827112	1.711647833518
-0.941235175189046	0.739686552561918
-0.70752193721132	0.478472790723747
0.396991343747782	0.260302212223515
0.921410321822283	0.552421724487917
0.205152501413158	0.110394674120877
-0.0058962254990532	0.00329972056486994
0.533763759325351	0.413052800994542
0.142540946604567	0.0894530191286025
0.681112152324062	0.552106999105438
0.28608250905869	0.212019199650666
-0.0759755822535758	0.0474636470660511
-0.171863890155145	0.103233387901618
0.512528921294568	0.43771950966121
1.03609981704083	0.754094632826625
0.0836834538134724	0.0457175748200456
-0.104400361555696	0.0558345003696772
0.0586045725612464	0.0232714078261316
1.02277140843908	1.07143116957772
-1.06719492154575	1.03281964167899
-1.23399719341836	1.1747074029004
-0.93384868303426	0.916799333052772
0.39693217152986	0.260242591337945
-1.14272017453687	1.02412724767804
-0.0399416940925435	0.025416341786063
0.388693203120202	0.222849389931697
1.49179136008629	1.43008822900997
-1.32006018866403	1.32992829174441
-0.57525108074046	0.357535915462596
0.205126733349182	0.110389989862704
-0.26842377376637	0.13725791720775
0.533746636034345	0.413067538467052
-0.585838528878984	0.562902690095298
0.533777050042285	0.413015689942851
0.169893198912992	0.084100507159735
-0.049571121746021	0.0270978021723179
-0.320512862899764	0.185045864651848
-0.0496302816821721	0.027135851275683
-0.237508265376135	0.13986368143934
-0.747652238968947	0.701288695132118
-0.487309490250497	0.373670893306532
-0.0122850641813574	0.0057559911383436
0.533763759325351	0.413052800994542
-0.579499310471043	0.477128353814988
-0.580476543617623	0.322432153035535
-2.38278396490241	1.52453549315549
-0.23746978542982	0.139808115240825
0.560711885972035	0.388147474403836
0.622896982218685	0.351913003666181
-0.400279254651867	0.199611151597535
0.512437483722046	0.437675795663744
0.598369773009247	0.36494152529736
0.169994760992526	0.0841528614349276
-0.174514740171446	0.091236144615508
-0.1915979731707	0.0840529792646734
-0.580244728564168	0.322288315069047
0.57798860447689	0.376498020652567
-0.400618887533942	0.199722915320189
-1.24921849849432	1.03274850818744
-0.268617700571665	0.137383094548257
-0.320513993115958	0.185013055249382
-0.472090142363915	0.329989660400954
0.16998558631475	0.0841768411984164
-1.24921980676995	1.03276052609911
-0.429823900373269	0.243455736202764
0.546250743648289	0.400046045111249
0.598777597268071	0.365412486093334
0.789124946179673	0.543928830463125
0.39411807088477	0.242241986020776
0.264927099773906	0.175208498258474
0.205241089187748	0.110449762702166
0.745393530540733	0.543722108365821
0.777349369924997	0.878057627530943
0.617194130569556	0.575405767249152
-0.400408163058232	0.199679139220261
0.205100973330945	0.11036967785944
0.771745171623263	0.351293543815406
-0.0123423441710936	0.00578321495826335
-0.400384780578106	0.19966118834964
-0.842217165704752	0.366945966505995
-0.400150141167734	0.199526819273677
-0.580371561309725	0.322378988803852
0.398766246990826	0.27772283373175
-0.104438344365117	0.0558578997968403
0.771092418292579	0.351048136725648
0.710050456446237	0.546540188914372
0.142332662718343	0.0893225200421159
0.116337265710945	0.0683120625139432
-1.62715547852646	1.69281263457136
0.522518627210353	0.425397900960594
0.533724054660687	0.412979576740409
0.0293193516558267	0.017435582952973
-0.582671725960028	0.519815093153682
-0.237428589011479	0.139786515433505
-0.434752996156395	0.36773643143601
0.230569216915851	0.133699107004068
-0.174540515247827	0.0912397503894302
-0.32047439866804	0.184974644576425
-2.93863515577895	2.42988477293541
-0.842861219755843	0.367305958459751
-0.47211689442755	0.330016837915447
1.2049145732705	0.970896458378593
0.0423977057639784	0.0214070367044068
1.15410398694209	1.11158896076567
-1.54140900717459	1.52086641158527
-0.320472728323707	0.18500883783832
1.88376090667841	1.64383819775375
-0.575137634129499	0.357362692467294
-1.6784015336866	1.15386732162851
-0.707481746061678	0.478444102656824
-0.171942958073269	0.103296434915017
0.398792926930983	0.277777135794923
-0.359390272612402	0.231190890343253
-0.389528428592558	0.276953055673641
0.0290313191832687	0.0172552275838337
-0.0873136276015911	0.0397499196226352
-0.26842377376637	0.13725791720775
0.598378969448173	0.365092189435562
-0.359331248694768	0.231076003512585
0.921235649259864	0.552124828295716
-0.237494251281423	0.13984879736702
-0.174514740171446	0.091236144615508
-0.429742023619485	0.243444703250539
-0.841574104040948	0.366537844891767
0.956762326002398	0.734344329952799
0.14251468439121	0.0894342832782798
-0.284691295871544	0.186632398557008
0.57807733445384	0.376533066519482
0.249939913542968	0.1550659212329
0.116364528101487	0.0683239471829726
0.388693203120202	0.222849389931697
0.399640248066152	0.294680736089589
0.844163062994518	0.546224354744882
1.35543738597737	1.19607214723192
-1.13712262184062	0.87873904757024
0.116390687051258	0.0683388411885374
0.522717286834186	0.42558319723393
0.53369356237937	0.412901819370207
0.714519113042834	0.722451663400135
0.533750283190429	0.413042745634562
-0.00602792446630063	0.00337277124820236
0.170179807255207	0.0842887264509299
-0.237483943959794	0.139846828265212
-0.400384780578106	0.19966118834964
0.249995673770185	0.155084404582313
0.578103014416737	0.376604056005177
0.0423972358643515	0.0214067271227048
0.249804150068298	0.154842864171973
0.0580634694161707	0.036763945735398
-0.829087361933432	0.606402072678441
-0.795641716677105	0.429218074573229
-0.829127834617353	0.606384459555384
-1.27863245309779	0.904117251927921
0.57798860447689	0.376498020652567
0.0294144810082387	0.0174914454752473
-0.389467770758099	0.276896453709954
-1.64082802489493	1.41151345780104
0.95700930595665	0.734505729779252
-0.320512862899764	0.185045864651848
0.0422388999443572	0.0213245448072465
0.393998820278763	0.24221496570692
0.681216934350824	0.552104746754535
-0.389441573574805	0.276848884457398
0.448620351049491	0.125795452528351
0.378366397897479	0.200208848118728
-0.0875247626795585	0.0398554643821223
-0.575361020021202	0.357592442111619
0.0586045725612464	0.0232714078261316
0.12034702103488	0.0539879293877707
-0.472064591324512	0.329985339812347
-0.00226675917502309	0.000770578967515132
-0.320512229568985	0.18504719516924
0.623498793602424	0.352474627314365
0.956813838104802	0.73441190289006
-0.284791867218783	0.186644970325698
0.393959851793225	0.242147071342183
0.598582673007789	0.36530237473833
-1.15517756431397	1.33500109641462
-0.787222533001612	0.894352946085151
-0.172022544090708	0.103322322614595
-0.171915097335951	0.103271348301382
-0.00975669863895138	0.0063165529385112
-0.687610802839961	0.510500518357591
0.0166714205685084	0.0112485629217254
-0.79200134835938	0.632448921698025
0.230490012836691	0.133653431840519
0.120134631761478	0.0538964433430745
0.39871336176496	0.277626046660424
1.03582192902147	0.753770484106199
-0.049605941996654	0.027120013911584
0.0423191371419603	0.0213682662442981
-0.829124767395153	0.606503723818148
0.560709830432059	0.388151674306149
-0.889491680689948	0.760678091636314
0.0836553943168606	0.0456870258651299
-0.268903312847488	0.137490969469136
-0.300658114676015	0.240576932456233
1.6562658600108	1.51972600313093
0.740265861365051	0.718406553094588
0.745353007153523	0.543706231076692
-0.119155063699346	0.0730306543138387
-0.0122276726897269	0.00572835891609193
-0.320551710599551	0.185068852829541
-0.94127265217132	0.739726063502999
0.623286300486041	0.352340568865308
1.10714081553382	0.935863560197638
-0.941245633502971	0.739668487314814
1.03581273641939	0.753757024221273
-0.707562829262929	0.4783359551326
0.116311642762167	0.0682935907870279
-0.576641213717449	0.435347856759094
-0.10435836928934	0.0558246704842912
0.788800463373908	0.543500128836329
-0.429982454183801	0.243596650316567
0.0836384663419645	0.0456924625707961
-0.359390272612402	0.231190890343253
-0.0122850641813574	0.0057559911383436
-0.284638301267164	0.186600808077093
-0.792079793190693	0.632687552037336
-0.453529772656167	0.286799252702398
0.0836553943168606	0.0456870258651299
-0.173975586283346	0.118068345441366
-0.57650962472728	0.435230951509108
1.68434621013719	2.07374324781981
0.396946359398261	0.260264642197304
-0.429938030218216	0.243568625526263
-0.884418111829745	0.588406072983859
0.163529196181068	0.109074522496971
-0.575273720240365	0.357448114099571
-0.740463975085828	0.452748151314771
-0.581856591724575	0.277597221348804
0.0422779358186762	0.0213460423590448
-1.01621060763029	0.730957299211709
-0.57525108074046	0.357535915462596
0.120028551647769	0.0538416400422945
-1.01640653529459	0.731296908478309
0.844049245470728	0.54612619942835
-1.24918171972354	1.03274207099917
-0.322202258591174	0.232764330330933
-2.0989590713504	2.34019890397602
-1.11070663736419	0.563156850939472
-0.359414427010868	0.231205255371581
-1.32019018557127	1.33014925858448
-0.429856217784491	0.243527269122507
-0.582404977627079	0.519650738045019
-0.104397923721841	0.0558438585660396
0.394116820155748	0.242245377382797
0.163544637841626	0.109096869962899
0.205211481751657	0.110438490596475
0.205123128476221	0.11035959863149
-1.24926286595624	1.03208632095206
-0.320511550772078	0.185038220306322
-0.740171003604891	0.45253026277676
0.379044329487515	0.200678939785108
-1.27863245309779	0.904117251927921
-0.174683567543954	0.0913208124398447
-0.674413863978564	0.547335544405106
0.0423586690649514	0.0213879798283963
0.388623453802359	0.222807132021994
-0.581711492709736	0.277565100121143
-1.13716291945289	0.878934444802947
1.60040312737798	0.906314534082061
0.789206944140957	0.54394025488045
-0.707440758239958	0.478286831278548
1.61599789489516	1.67210704534538
2.03210450997497	2.31184347465472
-0.359424999637583	0.231221859869823
-0.84128759981306	0.366527746446311
0.276925074009431	0.194318669704258
-0.707441551292643	0.478324166306425
-0.884544289848043	0.588611212599592
1.0823126058919	1.0885571514316
-0.791947866023476	0.632376985438541
-0.451657064792712	0.412497895949098
0.170272425689712	0.0843399388739337
0.17009648938727	0.0841990997014658
-1.13716482920954	0.878862085226381
0.205241089187748	0.110449762702166
-0.976598104893979	0.584662631574268
0.120028551647769	0.0538416400422945
0.205181952499019	0.110420289382553
0.249964238369874	0.155088974064584
-0.575302897931052	0.357517752740987
-0.687680243763684	0.510479816795063
0.789055063944555	0.543856648322334
-0.132125912431391	0.0911792007208255
0.0582154760434513	0.0368742811637209
-1.45013225086011	1.35185654436749
1.14897587508328	1.4354347743094
0.249988651842657	0.155095063483007
0.276856343203549	0.194257026192505
0.74527329935711	0.543470117704628
0.388808660668062	0.222896051552016
1.35554782872336	1.19651223683715
-0.740363553407265	0.452677488340356
-0.575166887313808	0.357410598881356
-0.237553290358037	0.139887377403942
-0.268617700571665	0.137383094548257
-0.0025583228276369	0.000870770923181551
0.656881044667754	0.55930454423992
0.546252925439519	0.39999097414578
-0.389389885179534	0.276758509460697
-0.575262792708149	0.395475278382787
-0.237563643670217	0.139889377318265
0.230528840720756	0.133684195378615
-1.33204640906765	0.762295394245592
-0.320513993115958	0.185013055249382
0.0423576214530844	0.0213884261189087
0.369533728475468	0.157989232089938
-0.11917313767827	0.0730393602931805
0.1954897344669	0.145479711263832
1.26795404592013	1.32140198834536
0.769836738642772	0.715918546319006
-0.487352758396561	0.373715921399116
-0.359435544098484	0.231227533097986
0.394038920805071	0.242228624143532
-0.453525181306195	0.286848918425536
0.80460438309432	0.715582455978929
-0.359446060402219	0.231222563721811
-0.884474976064581	0.588586594629875
-0.171942958073269	0.103296434915017
-0.687656090279379	0.510461902209215
-0.284637753148167	0.186595779542609
0.142393336926836	0.0893680462941138
-0.00945451270387407	0.0061202514325318
-0.471957602371808	0.329774470886655
1.03580356553189	0.753459187563453
1.03043172279423	0.911965768056575
-0.580371561309725	0.322378988803852
2.32864543969153	3.15318089381379
0.681138864658812	0.552115965679492
0.623286300486041	0.352340568865308
0.397085516702749	0.260243980179117
0.399691842634944	0.294754881185682
-0.889411241280044	0.760455199707797
0.789124946179673	0.543928830463125
0.379044329487515	0.200678939785108
-2.4705384394047	2.52016145764708
1.0596257295169	0.577674605165275
0.0587435559436112	0.0233296694197922
-2.54801369606555	1.76433535194584
-0.191765997402019	0.0841406045300469
0.668412566104476	0.343909313552279
-1.11045946877855	0.562965619456525
0.142410537358923	0.0893756334158816
-1.13712712909702	0.878426572726841
0.560593959063844	0.38792182219978
0.163513717720095	0.109025258022079
-0.320473887394135	0.184996236748731
0.917985227165787	0.888355619342187
0.0827262236465987	0.0555636100022022
-1.01635180096047	0.731290577813313
-0.119077183004402	0.0729893994545596
0.136188112631862	0.106504598880516
-0.766066919696178	0.664990047838034
-0.0496545327696726	0.0271489027461026
-1.5297027938894	1.23806165166262
-0.0494806542963464	0.0270339049680306
0.845336444937576	0.716445527359605
0.503536917274688	0.450127990067861
0.230569216915851	0.133699107004068
-0.707522656104184	0.478427995182554
0.116338376605539	0.0683053528732125
-0.400513563075863	0.199729099262418
0.163552344867898	0.109100232432363
-0.00603882147963894	0.0033785439809195
0.170170551402025	0.0842873863496133
-0.47206566075023	0.329848792598347
0.399738169040088	0.310740727067887
-0.359403826210116	0.231176694081903
-1.6785047704879	1.1534766271046
-0.131990605104145	0.0910769702408111
-0.57525235701754	0.395450864272708
0.181049706556706	0.127769716364367
-0.47211689442755	0.330016837915447
-0.884474976064581	0.588586594629875
-0.359386945138899	0.231126405674509
-0.884600971987052	0.588746834027671
-0.171861579007593	0.103213679921229
-0.487473888208923	0.373754039245239
0.250019935805811	0.15511641349221
1.2049145732705	0.970896458378593
1.08233147430676	1.08859905407784
-0.487422014758526	0.373723338087226
-0.674335975125147	0.54717411483154
1.48072881756409	1.59407269704666
-0.389476754562305	0.276862657049257
-0.884531729589841	0.588722293116452
-0.104438344365117	0.0558578997968403
0.560630437830936	0.388074284865715
0.230450440407156	0.133617280023361
-0.237573967425114	0.139884696422554
0.205016392440772	0.110303116653591
-0.429938030218216	0.243568625526263
-0.687680243763684	0.510479816795063
0.0294057219700907	0.0174828073879628
-0.575189769854593	0.395073396701133
-0.389493977862551	0.276912706180395
-0.47206566075023	0.329848792598347
-0.57519351168376	0.395313397396323
-0.174065076096328	0.118108509815101
-0.487300826475475	0.373603444660506
-0.687725543930228	0.510258551443259
0.0836139988449978	0.0456801177731202
0.560629164299471	0.387921171704481
-1.2788308459052	0.904291918675756
0.249964238369874	0.155088974064584
0.230529605001091	0.133680510590328
-1.13716482920954	0.878862085226381
-3.0484472900219	2.6430980146359
-1.27873173123899	0.90423664025219
0.249918996642399	0.155043388295526
0.170457853478971	0.084419753138902
-0.740179770854738	0.452503944476729
-0.487422014758526	0.373723338087226
0.205126733349182	0.110389989862704
-0.453405782898379	0.286655045447907
-0.575342460998206	0.395474177594278
0.84434901377286	0.546409530474438
0.57798860447689	0.376498020652567
-2.2831131355439	2.11584781802777
-0.322270709570535	0.232825738534295
-1.04537690067048	0.878388728457478
-0.575283575494184	0.39546427526981
0.399718122297001	0.294762082365456
-0.00602168827910236	0.00336879326112131
-1.04543555296153	0.878689131956999
0.170087252377099	0.0842292700614622
1.52031837389016	1.08720177898495
0.388635641929205	0.222799330565912
-0.487283525322826	0.373621192992724
-0.472143637345989	0.330029164907456
-1.13716389690442	0.878922923019374
0.0836937122363792	0.0457231254747843
-0.580244728564168	0.322288315069047
0.369533728475468	0.157989232089938
-0.575335061941683	0.357592851898839
-0.049699798202934	0.0271720496482323
-0.00594815898577684	0.0033288897110876
-0.898555646211928	0.946971689988143
-0.268617700571665	0.137383094548257
2.40238996512208	2.14184944149847
0.598582673007789	0.36530237473833
0.230529605001091	0.133680510590328
0.286339876759904	0.212181114337355
-0.0495850290263104	0.0271094689755234
-0.579074953901481	0.476707645547534
0.11628438193158	0.0682790642668379
-0.453486695923122	0.286846798923099
0.0292327481238893	0.0173837261691827
1.3732129023972	1.53970825295587
0.0580945628167748	0.0367910863235469
1.46227423739226	1.93415907160506
-0.268617700571665	0.137383094548257
-0.575247842369215	0.357512901650038
0.789264846004561	0.54394451038598
0.369443988447083	0.157954068466191
0.410032429213935	0.149677489118131
-0.0016157804387986	0.00054955076095408
-0.47209131567218	0.329997648951972
0.398846314286367	0.277838106957553
0.845508938055369	0.716271029930627
-0.766066919696178	0.664990047838034
0.0582076912231786	0.0368700656071609
-1.13716189686811	0.878895305292996
-0.0496755348028971	0.0271594987077226
0.740340349151974	0.718528594287866
-0.268617700571665	0.137383094548257
-0.323355916292695	0.132658305502656
-1.67827674680171	1.1536712482776
-1.01629703450164	0.731142799198732
1.05987776781758	0.577885042568082
0.120004743026815	0.0538382787021705
0.394038396008532	0.242246959131393
0.0293598316341293	0.0174556321014227
0.681244637010705	0.552057062919639
0.598480737929632	0.365218365480648
-0.981052926445422	0.894328504826762
-0.0877575997881977	0.039961229689291
-0.400173652945427	0.199527805530166
0.623132503431904	0.352217814060037
0.378837053043127	0.200602993253842
0.804605880517613	0.715093366631162
0.874534991576882	0.882515690112355
0.681112697148001	0.552035634176793
-0.320512229568985	0.18504719516924
0.598185025322727	0.364785237992556
0.388681054646199	0.222839316744788
-0.581849525599261	0.277576220823309
-0.941193047192197	0.739350136087907
0.205126733349182	0.110389989862704
-0.104437458448881	0.0558582391050228
0.668341817602373	0.343821264073672
-0.0123095682902471	0.00576462947117763
1.03572942681715	0.753514147878826
-0.37817050148167	0.323876952313607
0.205181952499019	0.110420289382553
1.33402949854778	1.01871366796661
-0.104359195281209	0.0558242971418694
-1.24917920556393	1.03277338400394
-0.707481746061678	0.478444102656824
-0.687546991239867	0.510306174804898
0.533659327619197	0.412955385769674
-1.67982267380833	0.744085031591401
0.393959851793225	0.242147071342183
0.0293366282731886	0.0174467216580498
-0.47209074660014	0.330014700185048
-0.58178160921078	0.277642461693518
-0.795224362324753	0.428799566664676
0.170078037123426	0.0842362332696313
-0.943915148975872	0.276710030090892
0.789194873519341	0.543959116050008
-0.581779227500152	0.277530332539387
2.18455232731688	1.03120713248554
1.06021873399349	0.577924233695351
-0.237473607055047	0.139838194143414
-0.400044413240096	0.19944341681556
-0.268331253583185	0.137185477385768
-0.321930051274903	0.232458685704876
-0.852239484088995	0.7880743912389
0.397015905434803	0.260292076183669
0.195490200753254	0.145470862964522
0.0423987822934224	0.0214042356315897
0.844234892233116	0.546210584782712
1.91780230815428	2.04108031881476
-0.0758155019190112	0.0473497136261989
-0.0123423441710936	0.00578321495826335
-0.576562619715103	0.435363784393989
0.207733887167984	0.162386363368793
0.0587457894570351	0.0233313383669741
-1.04545690815965	0.878561347924845
0.586459873158913	0.592574859878317
0.921404048782597	0.552431775441768
0.365631508218467	0.175855733280783
0.042279016727012	0.0213478495403599
0.170281743912202	0.0843350879613783
0.116283881027503	0.0682728259310458
-1.35315272361151	1.19041017579904
0.398899197057204	0.277853325909737
-0.005974931279798	0.00334374083564817
-0.237553290358037	0.139887377403942
-1.01632312024401	0.731272630481301
-0.352912057109431	0.278699304435619
-0.359456548557912	0.231206621682295
-1.64079290092214	1.4114622891159
0.276925074009431	0.194318669704258
-0.511027416637717	0.185602242202858
0.656585684841186	0.559005354913787
-0.284559075458792	0.186506721174197
-0.740271693618544	0.452632126761163
-0.0122850641813574	0.0057559911383436
-0.579248924784718	0.477003640311121
0.399623047111686	0.294620863023599
-0.791921111129694	0.632294601865452
2.03636966662709	1.92695684496225
-1.27844165385962	0.903806240418973
-0.740481159695056	0.452601650070292
-0.359529085697987	0.2311677142389
0.709984993960025	0.54647805044063
0.286187846290151	0.212102697497672
-0.500647396185377	0.41811134629459
-0.0122154413396054	0.00572317029003499
0.286029767088028	0.211949132648626
-1.40906833279174	1.06816670410501
0.2767876126053	0.194176809122483
0.843944591812304	0.545998305661356
-1.64082941507658	1.41161338940413
0.119980963262918	0.0538242500271638
0.205071546672453	0.110351538960765
0.921324434956384	0.5524265305633
-0.0123669275177168	0.00579257832326066
0.396921876373531	0.260242745186634
-0.58178160921078	0.277642461693518
0.396977175798824	0.260262280706806
0.170170551402025	0.0842873863496133
-0.268921114931938	0.137530879122937
0.0586752350175879	0.0233026661375095
-0.119137848815211	0.0730267568590352
-0.104315177336453	0.0557634522120531
-0.0871062752832628	0.039644736391682
-1.82060683537853	1.34328728713377
1.03620195042652	0.754167711587714
0.54620015589901	0.399948254223703
0.249964238369874	0.155088974064584
0.39395737237231	0.242060770380942
0.623522821357487	0.352458134850505
0.16987499605727	0.0841114700759531
-0.268719004618864	0.137442961534784
0.844049245470728	0.54612619942835
-2.54793767211377	1.76373833815762
-0.429729682244518	0.243410444866458
0.163575410713025	0.109077654020944
-0.400618887533942	0.199722915320189
0.398846314286367	0.277838106957553
-0.268811190324651	0.137482691167831
0.397963743296331	0.340488060263204
-0.320513450752505	0.185034633111104
0.119898789663274	0.0537835419180417
-1.82060683537853	1.34328728713377
0.365459706351774	0.175748040889583
-0.581919931251469	0.277594706556918
-0.575302897931052	0.357517752740987
-0.174796659836075	0.091333732680537
-0.284690749169628	0.186622122631434
-0.0122727931927386	0.00575042631266952
-2.38298313510273	1.52468961577432
-0.173839191138504	0.117937326826834
0.956732852403354	0.734300745697998
-0.174514740171446	0.091236144615508
-0.45344808773457	0.286801474904568
0.709984993960025	0.54647805044063
-0.795475547334051	0.429156033723791
0.656681815208031	0.55936084063937
0.39954813266193	0.310600119394099
0.0759375707398521	0.0593629046415401
0.393919729616072	0.242093279686786
0.205075221343872	0.110332408266124
0.399682744795043	0.294693432377201
1.79304280950461	1.77771081118664
0.0586752350175879	0.0233026661375095
0.397050702908702	0.260279827862638
0.119875060412801	0.0537756254140837
-1.01652028192639	0.730691895368246
0.56078930232971	0.388124724122901
-0.792026255215612	0.632615510131616
0.0836243033187161	0.0456856938071087
-0.389467770758099	0.276896453709954
0.205126733349182	0.110389989862704
0.205296443575086	0.110471969951527
0.788812721348061	0.543546622971751
1.65613897630138	1.51943823476646
0.57798860447689	0.376498020652567
0.119769233618733	0.0537209607675883
1.15407787202397	1.11141015118868
0.230488467651288	0.133653113546507
-0.981287102550384	0.89414432425875
0.560670124227051	0.38812563402852
0.0581998975225489	0.0368642292795172
-0.0497103073810723	0.0271767660161972
0.116178110865956	0.0681865371002926
0.681138336607406	0.552153881932358
-0.237587939229765	0.139889618844876
-0.96891281087431	1.07739173654321
0.87450463219966	0.882439535890912
-0.707483167259965	0.478381265464696
1.20472995573463	0.970197681019838
1.71231699927715	1.36387533336544
-0.284557974950084	0.186508621539616
-0.300584031932267	0.24050484970697
0.0837182057065204	0.0457320808593595
0.116337265710945	0.0683120625139432
-0.740463975085828	0.452748151314771
0.116336763122957	0.0683051812231938
0.0836834538134724	0.0457175748200456
-0.575166887313808	0.357410598881356
-0.581851832882174	0.277688325692166
0.398713844234512	0.277658917777453
-1.04544624457929	0.878646931198408
0.804526486818056	0.715604070763454
0.89489507458496	0.722958418196703
-0.829126855391428	0.606456974810141
0.788927613401003	0.543735628832399
-0.740472578230699	0.452738938330306
0.397060876249313	0.260295620428616
0.116283881027503	0.0682728259310458
0.681165586147454	0.552082858182599
-0.45352894096537	0.286840111372119
-0.9412560623492	0.739612823495909
0.393960484287744	0.242106313459953
1.03621134876939	0.754084179341617
0.656820364455563	0.559401498499599
0.560710472183291	0.388178977785677
1.61592019558246	1.67173947776944
-0.453567596354213	0.286856836341659
0.956843336205729	0.734548363620484
-0.104397024410346	0.0558413819324387
0.844152537341915	0.546273411772544
-0.0060294645189049	0.00337358051439809
-0.453526186148828	0.286869848352417
0.0837182057065204	0.0457320808593595
0.398872498945576	0.277846608081507
0.0423185594731741	0.0213690212508505
-1.84156537035488	1.77031697348649
0.142454010818911	0.0894054040397301
-0.389441573574805	0.276848884457398
-0.268525347797909	0.137326910041535
-0.674353215160564	0.547253277290427
-0.0495987185310005	0.027114194361977
-0.119050952730279	0.0729657719248745
0.398187070046679	0.340778916917413
-0.575207305272533	0.395345755769592
1.52015070189972	1.08699171306418
-1.3698141014094	1.63830510147777
-0.766075554864748	0.664873621666668
-0.674526876583796	0.547319589810699
0.0423191371419603	0.0213682662442981
-0.791972680691229	0.632414961106222
-0.88951788053511	0.760686453768118
0.142340773728588	0.0893077056950226
0.398845810001017	0.27782383840063
-1.06716904388349	1.0328172351646
-0.23749787590423	0.139847890981541
-0.674413863978564	0.547335544405106
-0.829125832982878	0.606496399181627
-0.174602660202585	0.0912810692303503
0.546226787922701	0.400011463327539
-0.665662576987659	0.585905827196088
-0.10439877968516	0.0558435022103617
-0.265964155891922	0.195132197154454
-0.287227574359902	0.251521641966835
-0.00594870335486252	0.00332924516804532
-1.13716291945289	0.878934444802947
0.39399997761381	0.242155860783954
0.0837182057065204	0.0457320808593595
-0.104476973486006	0.0558623130541682
0.230410033441319	0.133573185724858
0.11628438193158	0.0682790642668379
0.119663482791595	0.053654701130152
1.91776161201422	2.04106185130457
-0.104397923721841	0.0558438585660396
-0.359379722216434	0.231174306033593
0.894934078877069	0.722981050286936
0.365631508218467	0.175855733280783
-0.884575760396575	0.588743079775032
0.388820742451007	0.222906122652098
-0.747573511127044	0.701263923295738
0.560750823243541	0.388178877146149
0.83776370633149	0.879770553404609
0.617269182299636	0.57541155323709
-0.487387350659907	0.373709022535033
-0.45344808773457	0.286801474904568
-0.191848441999651	0.0841748012731843
0.598684774774916	0.365349678431694
1.60069311904779	0.906447303544458
-0.575280127168348	0.357541128183675
-1.11054651250717	0.562770546181268
0.845371254868562	0.71651170385825
0.745393530540733	0.543722108365821
-0.740162214758242	0.452442797394852
0.917689899115926	0.888576138242209
-0.429811544627333	0.24349758007301
0.533746636034345	0.413067538467052
-1.67873532379599	1.15356006644858
2.03674589251125	1.92895273831291
-1.14277307964891	1.02423253456261
0.142523739009639	0.0894454294671014
0.119827688543262	0.0537202859687412
-0.740171003604891	0.45253026277676
0.577848919830505	0.376218379403821
1.10714081553382	0.935863560197638
-0.575225160111578	0.357442872376599
-0.0757406215595715	0.0472962767080599
-0.581924444867391	0.277715453255469
0.119980963262918	0.0538242500271638
0.396966874057929	0.260280317934537
0.204987095081449	0.110277608266342
-1.51816553129795	0.95879786564237
-1.01629703450164	0.731142799198732
0.65676879066673	0.559426634950054
-0.429811544627333	0.24349758007301
0.837828378120112	0.879659786903428
-1.0163752678127	0.730879948991791
1.15415676985689	1.11177479222723
-0.265974871574847	0.195135255991868
0.163415409841905	0.108998225380229
1.4710478090944	1.76483810484982
0.617190673664239	0.575374980945102
-0.47193147677554	0.329718018779545
1.03582192902147	0.753770484106199
1.03027797531706	0.912236172831184
0.546279557483176	0.400028065309832
-0.174602660202585	0.0912810692303503
0.0423576214530844	0.0213884261189087
-0.429856217784491	0.243527269122507
-0.79205302877093	0.632666361819491
0.598666029175516	0.365312255321971
-0.10431959113781	0.0558011663734158
0.399540452758821	0.310576822333149
-0.472009831282645	0.329805891048164
-0.0495534480158746	0.0270830963842478
-1.67838010608547	1.15328082189318
-0.119059968489727	0.0729770777774155
-0.0962243227370516	0.0674150815209027
0.394076784636599	0.242214048759041
0.0423576214530844	0.0213884261189087
0.205016392440772	0.110303116653591
-0.171969135860426	0.103312109320044
1.03045193248023	0.912342182172087
0.745393073383296	0.543751429172607
0.170078037123426	0.0842362332696313
-0.320434303761083	0.184938872669422
0.710064754965551	0.546573518162947
0.116336763122957	0.0683051812231938
-0.792026255215612	0.632615510131616
0.89489507458496	0.722958418196703
0.230489218546085	0.133657096820458
-0.429868625622534	0.243546443419877
0.277018125827072	0.194387287080806
0.39399997761381	0.242155860783954
-0.224198865876117	0.149547702668538
0.0422784535101385	0.0213474939483703
0.378951239229763	0.200616521437487
-0.0876302197595823	0.0399015975036765
-0.471958228475575	0.329798908829624
-1.47862363674191	1.65397753703979
-0.580519832750385	0.322368003722153
0.668410467979929	0.343916625774154
0.397046583565178	0.260289613432829
0.265135056733239	0.175412561001622
0.205130478099973	0.110380892749031
-0.579127703414829	0.476827006373991
-1.1485837251504	1.17645716890346
0.709925736039286	0.546339306529608
-0.17456992674774	0.0912652369592895
0.116283415398023	0.0682596029090124
-0.0876522636543796	0.0399151556854039
-0.0875468540215103	0.039864629429921
-0.174657693246584	0.0913100721629379
-0.580266505812649	0.3222691862051
0.968718702296086	0.897637138004513
0.170272425689712	0.0843399388739337
0.120134631761478	0.0538964433430745
-1.13557312432465	0.741984670388943
0.265082061415599	0.175363684931853
-1.2339441818734	1.17438691930266
-0.104320343754685	0.0557980556015589
0.393958227486122	0.24215020025454
-0.579377983282081	0.477104436823337
0.0586066080559193	0.0232695963511978
0.623286300486041	0.352340568865308
-0.284691295871544	0.186632398557008
1.60076130506037	0.907036493899438
-0.453485720976542	0.286825894441277
-1.01627094076852	0.730738360154811
-0.174488957080222	0.0912196505661504
1.10714081553382	0.935863560197638
-0.581713996592567	0.277573942253515
-0.104278391852856	0.0557721044560038
-0.429868625622534	0.243546443419877
-0.580266505812649	0.3222691862051
0.23049085052051	0.133641236131019
-1.14258686183776	1.02318392962254
0.398740041870163	0.277698898915624
1.1542095508317	1.11178512587609
-0.674335975125147	0.54717411483154
0.276896961355122	0.19429431225879
0.264987875123345	0.175288791857079
0.042279016727012	0.0213478495403599
0.522663664222606	0.425470790948635
-0.359369143638256	0.231145767097351
-0.0125507284368688	0.00587794461597797
-0.224092691415775	0.149506174294528
-0.284638301267164	0.186600808077093
1.48077782406407	1.59318876291396
0.845371254868562	0.71651170385825
1.3666709892816	1.36665718417588
-0.265899730237068	0.195065830240333
-0.320553567284933	0.185034774686656
-0.67439662495425	0.547304924511479
0.635440577897846	0.566804161096853
0.10327030995343	0.0732156231778245
0.84532399478612	0.716277544290757
0.0294925184645188	0.0175299827715319
-1.64087372949945	1.41063852683181
-0.687565515876591	0.510461176450006
-0.0400743475090419	0.0255028499782183
-0.0399346675579546	0.0254125510266739
1.48074305695579	1.59308211932324
0.804456292999478	0.715521558347447
-0.884531729589841	0.588722293116452
-0.88949041946282	0.760488467510168
-2.31886027654005	2.94248485654418
-1.04545943728127	0.878623755982339
0.844152537341915	0.546273411772544
-0.889464244954327	0.760574825104186
1.24270851402553	1.14735824964831
-0.580476543617623	0.322432153035535
0.546120762000461	0.399721113237736
-0.171914468497503	0.103245541952485
-0.359424999637583	0.231221859869823
0.0587457894570351	0.0233313383669741
1.49190975350954	1.4300869710178
-0.740472578230699	0.452738938330306
0.788915434623596	0.543565502886135
-0.429856217784491	0.243527269122507
0.170272425689712	0.0843399388739337
0.512679311615031	0.437904685475725
-2.69177077645692	1.99515513331164
-0.005974931279798	0.00334374083564817
0.116416853460594	0.0683500279560176
-0.23753249504683	0.139862904500148
-0.00415769966103373	0.00141486239971352
0.598582673007789	0.36530237473833
-0.829008315985766	0.605964905078295
0.409091592525933	0.149231863416538
-1.51824804908304	0.958878652330473
0.844059703677712	0.546155801156035
0.788915434623596	0.543565502886135
-1.51816394787249	0.959194058305068
1.65639304340089	1.51957354788367
-0.487257569443425	0.373526110551989
-1.40906833279174	1.06816670410501
0.119980963262918	0.0538242500271638
-1.13724350386681	0.878534666622549
0.0423191371419603	0.0213682662442981
0.398873021706968	0.277844831721069
-0.576615023024312	0.435396115854758
0.0836346373861601	0.0456890182021036
0.789206944140957	0.54394025488045
0.250113947984747	0.15512124777764
0.0836346373861601	0.0456890182021036
-0.32342872014596	0.132754800981013
0.230486475357879	0.133589749176959
-0.104279967239532	0.0557741192149482
-0.510743547432265	0.185419327634832
-0.576642941443871	0.43542643357362
-0.26843293162844	0.137254509896172
0.598286523308632	0.364998220512253
-1.01646356320489	0.73118383061582
1.37643944388675	1.711602593177
0.378493961987734	0.200357375434109
-0.23749787590423	0.139847890981541
0.522640976531566	0.425575671036713
0.578073386398327	0.376592353319862
-1.03598758891975	1.21226287614486
0.388693203120202	0.222849389931697
-0.579188305816667	0.47692523634252
0.788985226772879	0.543739643758407
-0.579332939982158	0.47694029599068
0.204961270626047	0.110233290670014
-1.82025877655425	1.3420229479848
0.0836589996523523	0.0457057522339226
0.230607483632705	0.133708407209246
0.533780881129388	0.413013951833887
-0.580266505812649	0.3222691862051
0.65676879066673	0.559426634950054
-1.13555209336582	0.742010647654425
-0.171835455099453	0.103204869310422
0.956902566778186	0.734555045157672
1.79284830426454	1.77640116942864
-0.00592246809638425	0.00331457761061461
1.33420451960828	1.01921230707526
0.286127420092513	0.212053346049182
0.399683719750596	0.294697026464476
0.745353007153523	0.543706231076692
-1.110169684093	0.562673512171069
0.623050316446066	0.352135083519687
-1.11045946877855	0.562965619456525
0.042279016727012	0.0213478495403599
-0.171888954875426	0.103262528114191
0.265134513865625	0.175435748620203
1.30487081338944	0.82422218775868
0.16987499605727	0.0841114700759531
0.77079981160721	0.350840110911968
-0.104478761870185	0.0558589477539558
0.23052744239938	0.133668602137409
-0.323679539396547	0.132867515469766
0.874481789195508	0.882407580810525
1.61599789489516	1.67210704534538
0.23049085052051	0.133641236131019
0.874565519074244	0.882648364919465
0.365545538878326	0.175812862473331
-0.0875468540215103	0.039864629429921
-0.88446244260996	0.588586753525836
0.142410537358923	0.0893756334158816
-0.223988826737222	0.149434181804037
-1.01621060763029	0.730957299211709
0.265055288355798	0.175347226680754
-0.575137634129499	0.357362692467294
-0.88943867815904	0.760548842598612
-0.687624328798652	0.510560384911085
0.844028011001346	0.54588499654929
0.205071546672453	0.110351538960765
0.895014778742743	0.722927234924248
-0.174514740171446	0.091236144615508
-0.32351770392979	0.13279342860992
0.378810830526368	0.200509046834652
0.396956601925935	0.260280489844571
0.276896961355122	0.19429431225879
-0.884657543519209	0.588843512301589
-0.359438492963076	0.231189414986532
1.26803267916636	1.32070100348943
0.16996730234134	0.0841624907926557
0.54615676959997	0.39993474012203
-0.740171003604891	0.45253026277676
0.578103014416737	0.376604056005177
0.710085189501082	0.546546191806679
-0.0123995127023532	0.00580992648070169
-0.132122312703927	0.0911751734034916
-0.171836068945693	0.10322097731699
1.14111481814916	0.780226580309296
-0.580244728564168	0.322288315069047
-0.795557467610568	0.429227305973378
-0.0122850641813574	0.0057559911383436
0.0423180273406882	0.0213686808954471
0.378705133919478	0.200478927561889
0.119898789663274	0.0537835419180417
-0.174518314964367	0.0912348516528442
0.250067550761215	0.155124149629797
0.917889129073426	0.888763048811111
1.21165048434036	1.46207319283759
-0.174488957080222	0.0912196505661504
-0.707483167259965	0.478381265464696
1.24262996549485	1.14706621381231
-0.378022011005288	0.323695839325265
0.388439026483589	0.222625331869707
-1.1371236136296	0.878778131351214
-0.889491067109136	0.760648193519635
-0.981217578749085	0.894218518243308
0.205126733349182	0.110389989862704
-1.01145900218063	1.05195555609153
-0.400279254651867	0.199611151597535
0.277000858389162	0.194377257837477
0.533824534362896	0.41303268165465
1.14132666656629	0.780469271001445
-0.580393265830118	0.322334681429507
-0.174625080884339	0.0912854195393808
0.84434901377286	0.546409530474438
0.388623453802359	0.222807132021994
-1.04544624457929	0.878646931198408
0.769851803007813	0.715939570277091
0.681086537098297	0.551916090905204
0.546147884575247	0.399917127393887
0.533642208015981	0.41294769709394
-1.45023396708433	1.35232221619469
-0.733846831928038	0.739515461531277
-0.57926452814574	0.476966626613594
-0.0399311719815804	0.0254090120101026
-0.848475531717489	1.0140709662974
0.249929441003308	0.155058665247787
-0.378022133487429	0.32372547366941
-0.178058987667494	0.13442333695492
-0.00226675917502309	0.000770578967515132
0.71457270036764	0.722362339468644
0.276923009359977	0.194300649689781
-0.284584759141434	0.186548168598305
0.399561383912549	0.294611205471543
0.0836834538134724	0.0457175748200456
0.205178277537349	0.110381689107772
-0.576589945561203	0.435352430352937
-2.18887464496301	1.26943367833825
0.577929841890931	0.376247169992393
-0.237542907484709	0.139878710803409
0.0586003562767165	0.0232624426274616
-1.01638040429431	0.731261580326361
0.163483877144822	0.109053939598613
0.39959677265368	0.294648110270251
-0.414270428453022	0.322443313134425
-0.453530561052405	0.286739534665592
-0.76590256961363	0.664646387864377
-0.389493977862551	0.276912706180395
-0.320551710599551	0.185068852829541
2.04426090983629	1.50801376422545
-0.976702890166401	0.584516803880515
-0.580371561309725	0.322378988803852
-0.0873025425552024	0.039747500646423
0.399661994211238	0.310681439605538
1.60111934269334	0.906805351634796
-0.10435836928934	0.0558246704842912
0.120323060599792	0.0539609961344996
1.10702185510946	0.935885221644565
-0.43203426040785	0.0980548642108346
0.0837284410832234	0.0457376182476325
-0.7400701483229	0.452397258194513
-2.93890586052251	2.43001014282531
0.276749098077161	0.194104535998081
0.956843336205729	0.734548363620484
-1.24925639099865	1.03230252839001
-0.174104139717133	0.118163526524318
-0.174514740171446	0.091236144615508
-0.976620884568423	0.58466531707052
-0.5801177025606	0.32217404700399
0.546111514957289	0.399851326373672
0.16998558631475	0.0841768411984164
-0.45352894096537	0.286840111372119
-0.0875468540215103	0.039864629429921
0.170476674244241	0.0844252521338301
-0.268719004618864	0.137442961534784
0.41039768616025	0.149826752222597
-1.40916725954337	1.06883587092141
-0.0124118503434449	0.00581552997654431
0.304988199590716	0.261072498670508
-0.472010490785593	0.329884715637835
-0.4534471860208	0.286796541603711
0.0423968115556395	0.021405318458516
-0.707480143436695	0.478397987358348
-0.981243711888097	0.89426364393616
-1.2786405784213	0.904106788970841
0.0824019235398176	0.0553233285800837
0.598777597268071	0.365412486093334
-0.580139552543401	0.322178443064124
0.365631508218467	0.175855733280783
0.116337265710945	0.0683120625139432
0.0423191371419603	0.0213682662442981
-0.665806806792134	0.586214883858626
0.740137066576287	0.718248007188941
0.845403912063723	0.716533200039396
-1.24921980676995	1.03276052609911
-0.237435025556225	0.139759404884096
-0.453410141697293	0.286685443860728
1.18744478661765	1.28831787066411
0.804509363564023	0.715541224437198
0.265135056733239	0.175412561001622
0.789137043859013	0.543954929220758
1.30494356888525	0.824508049490796
1.10702102079297	0.93558480377848
-0.174028106017063	0.118114130902551
0.29353073002704	0.228985597544691
0.0292500203795323	0.0173948579542365
0.24998516710157	0.15509510358789
-0.224049399286018	0.14948080868398
1.5044158387548	1.26730366912119
-4.86658534086399	2.66871546662572
-0.575309095809477	0.357521379838328
0.116258202546852	0.0682604551641289
0.681165039636409	0.55216283923334
-0.174020280862342	0.118103419033491
-1.27833363683775	0.903371779446893
-0.579248924784718	0.477003640311121
-0.50071179719277	0.418174771953316
0.388738767178279	0.222853701932079
-0.579188305816667	0.47692523634252
-0.665919521611151	0.58629902271706
0.393919157098396	0.242093915138356
0.0423180273406882	0.0213686808954471
0.398898691083153	0.277838999302462
-0.889492260175374	0.760591457259811
0.546261148110136	0.400041824025761
1.49190936605623	1.42979726550601
-1.24921980676995	1.03276052609911
0.0836384663419645	0.0456924625707961
0.921407174037824	0.552510092381016
1.52031552276731	1.08722702084927
-0.575286950296263	0.395470517468643
0.709984993960025	0.54647805044063
0.681244637010705	0.552057062919639
-0.268525347797909	0.137326910041535
-0.324020247320629	0.133003472761622
-0.0496892608524587	0.027166145527787
-0.0496545327696726	0.0271489027461026
-0.00599518849190925	0.00335462823906744
0.170272425689712	0.0843399388739337
-1.54132769529305	1.52003941503665
-0.389502975289118	0.276821007493501
0.249894659522818	0.155018355715204
0.116390687051258	0.0683388411885374
0.0423586690649514	0.0213879798283963
0.230490012836691	0.133653431840519
-0.087116832352266	0.0396415789034889
-1.64078895641047	1.41140793786086
-0.579385763500373	0.477066944821049
1.79293588546477	1.77714176834868
-0.104278391852856	0.0557721044560038
0.789149154091133	0.543878511799998
-0.17194241801976	0.103300002008729
-0.576562619715103	0.435363784393989
-0.174141084260758	0.118191728703065
0.207733625888825	0.162379555624138
-0.389563638808408	0.27692012049515
0.54615676959997	0.39993474012203
-1.64088225896975	1.41097206199277
1.0303025222273	0.912237935965386
0.891238314943816	1.04273678625187
1.48072881756409	1.59407269704666
0.276925074009431	0.194318669704258
0.710064754965551	0.546573518162947
-0.511913695151907	0.462191603029812
-0.359358536869882	0.231103002500519
1.10698275884907	0.935748026301423
0.180698622766587	0.127549465166757
1.24270851402553	1.14735824964831
0.116232030628555	0.06823772309015
-1.67852612172773	1.153971021526
0.365377058174033	0.17570635540703
-0.182751981728637	0.151530655544465
-1.70822168063379	1.86938667103204
0.709970737948806	0.546462186417456
0.265135056733239	0.175412561001622
0.956784418106501	0.734084317850284
-0.0960758555554284	0.0673009392291321
-0.0386955843911564	0.0278904020631821
-0.224006110467136	0.149449749327003
0.136031887141304	0.106367118824377
-0.579362450370474	0.477068205281685
-0.500776261808769	0.418195382871681
0.512604885796457	0.437623787054997
0.103343366488593	0.0732662494549315
-0.766023676062519	0.664947509998775
0.398899197057204	0.277853325909737
-0.487396029867369	0.373745946315643
1.02286279191676	1.07119946996217
0.11628438193158	0.0682790642668379
1.2851354619705	1.49595503049816
0.522464957527419	0.425260089367877
-0.0496859935586384	0.0271630129061038
-0.049571121746021	0.0270978021723179
-1.2789218342897	0.904010808104235
-0.174573431544604	0.0912716571979923
0.142393336926836	0.0893680462941138
0.394078485702876	0.242244126778131
-0.453450532938475	0.286725775200083
-1.06706530206429	1.0323420455103
0.0836937122363792	0.0457231254747843
0.398899197057204	0.277853325909737
0.207659810858133	0.162324328356677
-0.829161861228045	0.606385804968966
-0.322270709570535	0.232825738534295
0.845322645467718	0.716153122970071
0.0422796254578924	0.0213471109845159
1.03581273641939	0.753757024221273
-0.766110166652634	0.665005323857833
0.393958723380873	0.242166010414656
-0.0873025425552024	0.039747500646423
0.249964238369874	0.155088974064584
0.398899197057204	0.277853325909737
-0.174514740171446	0.091236144615508
0.119827688543262	0.0537202859687412
-0.429843797332302	0.243460857863157
0.388878599268322	0.222920598581283
0.170263129213505	0.0843313417776692
0.0423191371419603	0.0213682662442981
0.968797796743646	0.897766270089067
-0.00605468831058989	0.00338734248617692
-1.13716189686811	0.878895305292996
0.396981124268762	0.260286380908059
0.710015739658871	0.546500735713786
-0.0495258877810843	0.0270687951714152
-0.359400794834614	0.231196545368216
-0.224023395472545	0.149456678003061
-0.237587939229765	0.139889618844876
0.560709830432059	0.388151674306149
-0.320472728323707	0.18500883783832
-0.0124241753236879	0.00582014340182899
1.65619620535308	1.51961173035875
0.265118813379176	0.175428622585859
0.11628438193158	0.0682790642668379
-0.322027915165929	0.232627021067413
-0.487352758396561	0.373715921399116
0.6173984951622	0.575341327719699
-0.665686290046106	0.586041387253788
0.116283881027503	0.0682728259310458
0.0836487181970986	0.045700188709168
0.286203426389468	0.212127015627612
-1.13716189686811	0.878895305292996
-0.792079793190693	0.632687552037336
-1.40923601283174	1.06895555446208
0.38889065397981	0.222908863249094
-0.429729682244518	0.243410444866458
0.293730422194741	0.229180651533668
0.369785495549136	0.158102799873415
-0.359424999637583	0.231221859869823
-0.0655904275271668	0.0466348970921764
0.68116405237943	0.552107279465537
-0.576669173874805	0.435461314962273
-1.04537948796259	0.878580667548643
-0.223919542840989	0.149369843074371
0.83776370633149	0.879770553404609
0.656717204443404	0.559169329487844
0.230608144391735	0.133712334356386
-0.453526186148828	0.286869848352417
-0.320511550772078	0.185038220306322
-0.0853041396591405	0.0668374603870406
-0.747448602743825	0.701052567184212
0.844152537341915	0.546273411772544
-0.237508265376135	0.13986368143934
-0.575280127168348	0.357541128183675
-1.32023352528281	1.33010810911826
0.560671511271766	0.388152242066617
-0.707479274121376	0.478327047470066
0.180892519529492	0.127686556684513
-0.429811544627333	0.24349758007301
-0.57525108074046	0.357535915462596
0.388750876020199	0.222881622076993
0.917794079167711	0.888873202984741
0.681138864658812	0.552115965679492
-0.487352758396561	0.373715921399116
0.656803174572888	0.55943957449011
-0.352495444258753	0.278218065574882
-1.40144296396621	1.48929219299315
-0.472169787007076	0.329997991015278
1.14132666656629	0.780469271001445
-0.284782538316826	0.186650233772116
-0.174712693958413	0.0913301620983544
-0.429913148081275	0.243543922037474
-0.174576796600837	0.0912462021193837
0.39895207785025	0.277834008572525
0.293666259010815	0.229123924412129
-0.352908440343581	0.278698500168376
-0.576695398977988	0.435458819694957
-1.94983104652752	1.53441147942154
-0.320471387299354	0.184979124807724
-0.00601232576299889	0.00336418907014556
-0.378022416521905	0.323730735762261
-0.0496859935586384	0.0271630129061038
-0.707439919833362	0.478215957595042
0.230451308065575	0.133605108553681
-0.284663964396472	0.186599893629163
-0.171915691025506	0.103283513926992
0.398740542799776	0.277713218573631
-0.84128759981306	0.366527746446311
1.20477507746586	0.970708427297487
-0.580098557351089	0.32208988826458
-1.82058715504602	1.34264782504552
0.365714364360966	0.175875869700692
0.388623453802359	0.222807132021994
1.71265772444418	1.36351743813113
0.546202023777459	0.399961179471182
-0.11921660580599	0.0730597546255188
0.0836732250012232	0.0457098608963882
-0.191768903144085	0.0841252697608303
0.837906907472814	0.87959524960164
-0.0961502380328393	0.0673609277823441
-0.266042844440201	0.195205319188457
-0.414005455693784	0.322070805268126
-0.359526088458979	0.231209954139583
0.578014364927905	0.376465316524239
-1.08507331187812	1.19123298728631
0.586460574804023	0.592652671459171
0.789067188669125	0.543924706508862
0.0584045444657097	0.0369917808973365
0.740332558305736	0.718405553304731
-1.54146330912345	1.52033218467558
-0.224083966206037	0.149485019603696
-0.792133294631468	0.632642008001801
-0.453484702733794	0.286786318132861
-0.320511550772078	0.185038220306322
-0.429856217784491	0.243527269122507
-0.522011293996028	0.506812571342425
0.136272118620148	0.106576986028711
0.399730459237257	0.310732698309696
0.635531960704435	0.566854231512425
0.180909978356055	0.12770167975108
-0.17813276780618	0.134481368261725
-0.0154223237675275	0.0112632391672552
0.207659532038569	0.16231750772279
-0.579067117624082	0.476707153027103
0.635516703734987	0.566947202060518
-0.218802385366562	0.162929436705662
0.681138336607406	0.552153881932358
-0.216627432210046	0.177548210160013
0.573475424144249	0.601411661891122
-0.576535828315392	0.435303100740969
0.777422846793315	0.878319134679663
0.26510168194708	0.17541465777122
0.28621897093657	0.212111951504886
0.770036531564446	0.716117406878806
-0.429697048993561	0.243352246851155
-0.0875247626795585	0.0398554643821223
-0.472090142363915	0.329989660400954
-0.0873136276015911	0.0397499196226352
-0.8291630429523	0.606447548597179
0.399648360072255	0.294722245354068
0.709995212937178	0.546527977701222
0.399674645826999	0.294745791076352
-0.580393265830118	0.322334681429507
1.03029853386345	0.912243232163703
-0.216623571222767	0.177555124095228
-0.400173652945427	0.199527805530166
0.488004843375128	0.473791352275666
-0.803667277112643	0.856479284665579
0.230488467651288	0.133653113546507
1.03611851081783	0.753977377386706
0.681057845067385	0.551729319008705
-0.171915097335951	0.103271348301382
-0.174628515728416	0.0913006915587617
-0.471958819409733	0.329769253223498
-0.740271693618544	0.452632126761163
-0.792079793190693	0.632687552037336
1.49186930153711	1.42915796753416
-0.829121311601353	0.606311690422118
1.50460992872118	1.26759481849811
0.396876878494454	0.260171257683474
0.396901374837233	0.260194980996735
0.0837040002746334	0.0457264227156212
-0.0401252861540254	0.0255208324631009
0.264987875123345	0.175288791857079
-0.740472578230699	0.452738938330306
-1.78539432405427	2.05026984703023
0.95683960617173	0.734125275670322
-0.237528955596091	0.139874316638003
0.119769233618733	0.0537209607675883
0.378705133919478	0.200478927561889
-0.0874634839714519	0.0398028364678843
0.0423581224798044	0.0213887511464096
-0.400279254651867	0.199611151597535
-1.33211614203776	0.762252297450249
-0.174459521127491	0.0911992843731911
0.0423180273406882	0.0213686808954471
-0.50064381470716	0.418099309486099
0.399745869632898	0.310733861550075
-0.171916772816248	0.103274374076982
0.601114801369588	0.583992587945954
-1.15490196130151	1.33408090225955
-0.941335765321532	0.739738436276344
-1.01632041329865	0.731111715719173
-0.453528065982023	0.286864929800277
-0.237449246408328	0.139810882843141
0.691930165577194	0.726745670941867
0.710134362222941	0.546475471257102
-0.57928016822333	0.476688221113313
0.10341817008488	0.0733203627905581
0.299780530349784	0.245308578943303
0.0582603064206482	0.0369038600074208
0.11628438193158	0.0682790642668379
1.4620637375722	1.932833722914
0.170374466606941	0.0843863554800559
0.396921876373531	0.260242745186634
0.956813838104802	0.73441190289006
0.398873021706968	0.277844831721069
-0.104318795135885	0.0558015566425405
-0.581784038930277	0.277651257807727
1.50460078691791	1.26737379434533
0.230569994594728	0.133686869744806
0.394157244996507	0.242235707904129
-0.472064003814338	0.329987530330869
-0.320432590117121	0.184942586480465
-0.174544124873814	0.0912564848517119
-0.575228160299009	0.395416533246711
0.388832836805505	0.222876542155152
-0.580371561309725	0.322378988803852
0.230528840720756	0.133684195378615
0.180766777910871	0.12760876502222
0.656612008247119	0.559175736253156
-0.352776811662786	0.278595457675735
-0.512210823720779	0.462579906632791
-0.687568374308914	0.51048208880273
-0.575331997851687	0.357565550468974
1.03031273414609	0.912372885505207
0.388668918757911	0.222793542187364
0.844431432743736	0.546313821309689
1.79296176249817	1.77766741706154
0.598684774774916	0.365349678431694
0.398846314286367	0.277838106957553
-0.171968579050833	0.103308832832877
-0.765980435771079	0.664877304095423
0.874618758700017	0.882828886251141
1.03029853386345	0.912243232163703
-0.581711492709736	0.277565100121143
-1.820361739145	1.34284933258746
0.170087252377099	0.0842292700614622
1.68436167993217	2.0750610313156
0.546167269096049	0.399901540034206
0.265160751090431	0.175456670823364
-0.223893555673758	0.149326775940113
-1.13555209336582	0.742010647654425
0.770027834647173	0.716327481018392
-0.049571121746021	0.0270978021723179
0.119980963262918	0.0538242500271638
-0.32393075771785	0.132964596123413
-0.84128759981306	0.366527746446311
0.120264726831324	0.0539494870265262
-0.453606128963872	0.286794524593902
-1.1351966006618	0.741522528545178
-0.511311621967125	0.185655469546493
-0.17194241801976	0.103300002008729
-0.359390272612402	0.231190890343253
0.39959677265368	0.294648110270251
-0.414210048790277	0.32241284136923
-0.47209074660014	0.330014700185048
0.163544637841626	0.109096869962899
-0.182901336480687	0.151639055921577
0.149737204340612	0.122449292812487
-0.941245633502971	0.739668487314814
-0.472143637345989	0.330029164907456
-0.51183947191744	0.462052626133236
0.546202023777459	0.399961179471182
0.560711885972035	0.388147474403836
0.398687654078265	0.277600521751737
-0.4140211441407	0.322215000027298
-0.389589086762666	0.27697775175688
-0.0656032089995511	0.0466315853120976
-0.740572773029849	0.452729539581532
-1.04540091106297	0.878624339051669
-0.268525347797909	0.137326910041535
-0.171810482795877	0.103195963859157
0.142297286918822	0.0892660983158135
0.398819616028579	0.277815329640886
-0.0060294645189049	0.00337358051439809
0.0393548661192019	0.027978240266022
0.276856343203549	0.194257026192505
-0.511988404183471	0.462351866513865
-0.0960761529826697	0.0673016754134812
0.857781020044616	1.03708309799013
-0.451511728363304	0.412162944276573
0.399065080139328	0.325997839907644
-0.576615023024312	0.435396115854758
1.15410345866652	1.11150737043363
0.600816436405254	0.583823158640204
-0.389484999204693	0.276907121635781
-1.24922347371823	1.03246189494501
0.388878599268322	0.222920598581283
0.0582759097770294	0.0369139293809071
-0.320553567284933	0.185034774686656
0.394038396008532	0.242246959131393
-0.0496859935586384	0.0271630129061038
-0.0121004029027061	0.00566746725900745
0.120134631761478	0.0538964433430745
0.16360538205818	0.109135222249421
0.180971127250423	0.127757103206751
0.103045713308894	0.0730476605725621
0.399787858636582	0.294705965330767
1.15420852281036	1.11162580776937
0.24997468863786	0.15509621575848
0.0292500203795323	0.0173948579542365
-0.174683567543954	0.0913208124398447
0.59856405223488	0.365185921295606
-0.581856591724575	0.277597221348804
0.956872912425269	0.734592065785687
0.388693203120202	0.222849389931697
0.388565964607091	0.222757123212129
1.50452650525141	1.26725704656624
0.668410467979929	0.343916625774154
0.78893980475248	0.543791021826737
-0.977079088781605	0.584676291046289
0.205012927614752	0.110290990691394
-0.510381448501776	0.185343391604108
0.0587457894570351	0.0233313383669741
0.394117608350336	0.242260360238849
-0.32351770392979	0.13279342860992
-0.575331997851687	0.357565550468974
-0.104318795135885	0.0558015566425405
0.169884086577812	0.0841182875246922
-0.174573431544604	0.0912716571979923
-0.1915979731707	0.0840529792646734
1.20484480287447	0.970839273891237
0.230528840720756	0.133684195378615
0.560709830432059	0.388151674306149
0.265075171393988	0.175390756254714
-0.389571861719597	0.276987446397204
-0.968838406142606	1.07732162763356
-1.13720417658415	0.878844760925168
-0.687621339685587	0.510442303288347
-1.14274759877434	1.02395302824099
-0.472063381153096	0.329946905563585
0.265187505743766	0.175463990706954
0.598777597268071	0.365412486093334
0.0292500203795323	0.0173948579542365
-0.511913901182394	0.462225612850652
-0.41418661455131	0.322234536274166
-0.284716962137109	0.186609569627521
0.745432002071474	0.543652400502029
0.845351136894809	0.716491994850677
0.388565964607091	0.222757123212129
0.39395926482031	0.242165352884471
0.560632673606397	0.38807023461074
-0.580603062995071	0.3224974752442
-0.829124767395153	0.606503723818148
-0.191845547241302	0.0841467637805134
0.120004743026815	0.0538382787021705
0.396897485244899	0.260186996927845
-0.1915979731707	0.0840529792646734
-0.268719004618864	0.137442961534784
0.378705133919478	0.200478927561889
-0.429742023619485	0.243444703250539
0.120216878406035	0.0539296496159934
-0.453607107043542	0.286784681444006
0.170365107743381	0.084383949304422
0.265214269152528	0.175460620412385
-0.0123300335252873	0.00577717266429914
-0.00601232576299889	0.00336418907014556
-0.320512229568985	0.18504719516924
-0.0496302816821721	0.027135851275683
0.0823948758922467	0.0553303400854159
0.845325018027343	0.716436159479218
0.533750283190429	0.413042745634562
2.11223650722938	2.98003859435591
1.83603239137165	2.1734637475658
0.169976433422897	0.0841776092708832
-1.13557312432465	0.741984670388943
0.560631139693429	0.388101630778108
0.119980963262918	0.0538242500271638
-0.0872097202919863	0.0396986290401776
-0.740087785053024	0.452242348234362
-0.268127398323815	0.137015707698034
-0.0757624868056436	0.0473189678358762
1.0597155655144	0.577756640140593
-0.0122398914365767	0.00573275860786979
-0.19168054449394	0.0841002189352164
0.119875060412801	0.0537756254140837
0.116311088160801	0.0682971565583205
-0.191854164048745	0.0841396007623937
-0.320551000801398	0.185059855634261
0.205045767855467	0.110321221907016
0.042356756117408	0.0213843480987584
-0.171967987066342	0.103292445705408
0.503397825334893	0.449917229446272
-0.42988102086544	0.243519815871298
0.396887167078154	0.26018713186142
0.894856193528215	0.722820244820785
-0.322111905445921	0.232678537742203
0.0423571659955781	0.0213870028203468
-1.45013225086011	1.35185654436749
0.0294144810082387	0.0174914454752473
0.681112697148001	0.552035634176793
-1.5297027938894	1.23806165166262
0.0837387060859554	0.0457409019500633
0.560512289236439	0.387705105945898
0.116283415398023	0.0682596029090124
0.399608924629133	0.310660090400432
0.396981124268762	0.260286380908059
0.623132503431904	0.352217814060037
0.398741078960888	0.277693005474053
-0.237449246408328	0.139810882843141
-0.665775306629441	0.585925742823207
-0.104320343754685	0.0557980556015589
-1.13557312432465	0.741984670388943
0.378940602994957	0.200651612788855
-0.575162253681548	0.395170182824976
-0.119372356936343	0.0731306817293477
-0.70752193721132	0.478472790723747
-0.0496892608524587	0.027166145527787
-0.174573431544604	0.0912716571979923
-2.06937688685243	1.72527166988414
0.804439176404233	0.715498399758157
0.0292911035112194	0.017416776562909
-0.687610802839961	0.510500518357591
0.393998820278763	0.24221496570692
0.388808660668062	0.222896051552016
0.709956708597178	0.546220027773359
0.874634011610972	0.882720248566445
0.398899197057204	0.277853325909737
-1.45022307596246	1.35229662165663
-0.580498200950308	0.322444400471375
0.710040201323559	0.546575985920525
1.10718050971714	0.935716844042148
-0.79197461176603	0.632427772715078
0.57804767962632	0.376553475673062
-0.0121579779232437	0.00569550785644836
-0.575335061941683	0.357592851898839
0.0294405025615783	0.0175061454391566
-0.0873970675291552	0.0397928350708459
0.388738767178279	0.222853701932079
0.396887167078154	0.26018713186142
1.24270922691438	1.14733872737884
-0.472037251876793	0.329944781713068
-0.237438932508922	0.139802266515279
-0.174518314964367	0.0912348516528442
1.26792735887555	1.32144393654656
-0.70748096742124	0.478435371653978
1.20485702201356	0.970720282769377
0.598870483563842	0.365443873911522
0.0423175407555787	0.0213672432919553
-0.0121004029027061	0.00566746725900745
-0.45348851591146	0.286841831680638
0.560670796042941	0.388152961154497
-0.795306487339825	0.429040562996724
-0.32393075771785	0.132964596123413
0.365380128458397	0.175707559308492
1.14111481814916	0.780226580309296
-1.70838611344543	1.86936129487691
0.142523739009639	0.0894454294671014
-0.414029001688659	0.322249142891371
-1.45023396708433	1.35232221619469
-0.268921114931938	0.137530879122937
-0.707520363398452	0.478482018542316
0.205181952499019	0.110420289382553
-0.174514740171446	0.091236144615508
0.396897485244899	0.260186996927845
-0.359424999637583	0.231221859869823
0.710064754965551	0.546573518162947
-0.10435836928934	0.0558246704842912
-1.35312058334798	1.19004136743334
-0.174544124873814	0.0912564848517119
-0.740481159695056	0.452601650070292
-0.884644904679083	0.588878517612653
0.770370463654335	0.350336634954776
-3.87175460792962	1.24102623022072
-1.40929168694041	1.06907240900377
-0.740472578230699	0.452738938330306
-1.51849205749084	0.959097589656331
0.449014010846396	0.125882321374697
0.772036795135306	0.351439684567354
1.20498438869504	0.970879883451579
0.598573351737047	0.365281015830231
-0.174518314964367	0.0912348516528442
-1.5184112689232	0.959430498339099
-1.51840982581887	0.959105734342332
0.844142036023125	0.546193480334791
0.771453181882331	0.351085847175968
-0.70748096742124	0.478435371653978
-0.104317955751367	0.0557991159685809
0.399669700169903	0.310704766188227
0.398872011457805	0.277816238823432
0.894814339904044	0.722584663396042
-0.934029126957023	0.917493067631835
0.399669700169903	0.310704766188227
0.120371010324869	0.0539982926783083
1.60076130506037	0.907036493899438
-0.94125925561921	0.739830332272388
0.170263129213505	0.0843313417776692
0.230448097698912	0.133605266312707
1.71227038185086	1.36321927778566
-0.795473084150557	0.429189025577302
1.83645064175416	1.20255680724847
0.394117191437341	0.242261105143043
1.24274696878479	1.1470039720687
-1.33197678245378	0.762263841197909
-1.82038153549035	1.34229056866581
0.921407174037824	0.552510092381016
0.598879970311203	0.365418203215048
0.956894826724732	0.734113126240101
0.874618758700017	0.882828886251141
-0.191683506242611	0.08409339741583
0.365380128458397	0.175707559308492
1.0597155655144	0.577756640140593
-0.45352894096537	0.286840111372119
-0.795473084150557	0.429189025577302
0.230489218546085	0.133657096820458
0.388611278287772	0.222779199110245
0.844442087914834	0.546426797242726
1.36662599458744	1.36652856874857
1.26792735887555	1.32144393654656
-0.300509948811267	0.240412684775865
0.398114796510959	0.340621208420765
0.395958901547419	0.368900088656638
-0.0496859935586384	0.0271630129061038
1.12043574521013	1.58192525908252
0.573398947321817	0.601270732097428
0.082594500055847	0.0554775625503415
-0.174576796600837	0.0912462021193837
-0.320551710599551	0.185068852829541
-1.40893035697046	1.06745730719207
0.0586085950256821	0.0232622911588512
-1.33184073883393	0.762330697096292
0.894895810166702	0.722918400089256
-0.00321092368226869	0.00109246418514769
0.560590082719013	0.387937324675646
-0.8291630429523	0.606447548597179
-0.723142517451255	0.779083060746416
-0.575297408923719	0.395494954102611
0.503526279735242	0.450054565599735
0.399691842634944	0.294754881185682
0.250044286495274	0.155129883729938
-0.359480816044885	0.231235355347662
-0.575357921158135	0.357432462888578
0.623522821357487	0.352458134850505
0.78893980475248	0.543791021826737
0.142376135117648	0.0893560334310867
0.286263862110025	0.212166872965943
-1.33197678245378	0.762263841197909
0.0836384663419645	0.0456924625707961
-0.174657693246584	0.0913100721629379
0.277052656870177	0.19437788836498
0.299855458886388	0.245379785806598
-1.2262755374706	1.32626083486029
-1.35315272361151	1.19041017579904
-0.320552993853204	0.185056332829789
0.082598087177609	0.0554777200253907
-0.487543150868009	0.373753697165677
-0.322278433440018	0.232836540761441
-0.131908462673086	0.0909780803354631
-0.414293905324717	0.322420364054222
-0.224040681754411	0.149453967253873
-0.171914468497503	0.103245541952485
-0.791921111129694	0.632294601865452
-0.237428589011479	0.139786515433505
-0.237563643670217	0.139889377318265
-0.434526650721644	0.367666824780873
-0.575297408923719	0.395494954102611
0.265153071782378	0.175428464210712
-0.237487456853328	0.139823741683448
-0.266175313793709	0.195333903227793
0.804439176404233	0.715498399758157
0.0421999919475593	0.0212981928202571
-0.224023395472545	0.149456678003061
0.116338984842372	0.0682905603279237
-0.389467770758099	0.276896453709954
0.0423175407555787	0.0213672432919553
-0.0400813328956379	0.0255043202404864
-0.0401494159301245	0.0255469986704221
-0.320591171432568	0.185071363929284
0.6810069132111	0.551687502786134
0.119851360032837	0.0537563736980319
1.35554782872336	1.19651223683715
0.24998516710157	0.15509510358789
-0.829123658632418	0.606478073255778
0.533780881129388	0.413013951833887
0.546170676644428	0.399976726180858
-0.28458417543874	0.186525793686448
0.249953816287964	0.155073709123128
-0.322301660141601	0.232774212557387
-1.01643265829308	0.731047018038292
0.230607483632705	0.133708407209246
-0.429811544627333	0.24349758007301
1.12027401328353	1.26273358860208
0.921489960026533	0.552533647137428
0.681085975513536	0.552026657242208
-0.191594955374977	0.0840523906515105
-1.51832895997772	0.959438617553198
0.369516572123014	0.157905173750537
0.0588865751858242	0.0233783657021054
-1.11070663736419	0.563156850939472
2.69534798900594	2.7770922882248
-0.795303913358609	0.428996144102514
1.81411609166176	0.680234581521496
-0.58058145281604	0.322389884842586
-0.191686445486513	0.084057163485459
0.623180168539243	0.352214767231186
0.804439176404233	0.715498399758157
-1.82062649121245	1.3425298079602
-0.0877575997881977	0.039961229689291
0.410032429213935	0.149677489118131
-0.0124118503434449	0.00581552997654431
-0.191765997402019	0.0841406045300469
0.789206944140957	0.54394025488045
-0.466385465090807	0.457156611807489
0.116338376605539	0.0683053528732125
0.230529605001091	0.133680510590328
-0.00602792446630063	0.00337277124820236
-0.284610368617982	0.186529902170182
-0.0876302197595823	0.0399015975036765
0.0423987822934224	0.0214042356315897
-0.191763069164488	0.0841344545583103
0.205097333541243	0.110364406966335
-0.400173652945427	0.199527805530166
1.30500783274078	0.824827623389173
0.598972961189324	0.365449669670106
0.388832836805505	0.222876542155152
-0.0122276726897269	0.00572835891609193
0.0423191371419603	0.0213682662442981
-0.889544073074504	0.760600087683271
1.03619257372466	0.754073805053677
1.20497223605644	0.970922766106413
1.60076130506037	0.907036493899438
-2.06925515803276	1.72583737770434
-1.33191007996814	0.762528663311124
-0.237438932508922	0.139802266515279
0.57798860447689	0.376498020652567
-0.829087361933432	0.606402072678441
0.120004743026815	0.0538382787021705
0.0583519208589918	0.0369557153375701
0.205189722034872	0.110378982699387
0.0423576214530844	0.0213884261189087
0.844049245470728	0.54612619942835
-0.32063061208522	0.185034553748725
0.205097333541243	0.110364406966335
-0.852505178649334	0.788696528043239
0.399441779897677	0.310436142935547
-0.266096702663618	0.195242717498853
-0.378022416521905	0.323730735762261
-0.336892267178869	0.339170657372348
0.0580868027722383	0.0367868867094116
-0.17414888457398	0.118202425873135
0.21825057915357	0.178656659364768
-0.70744426971246	0.478196361482492
-0.049571121746021	0.0270978021723179
-0.0124118503434449	0.00581552997654431
-1.13546888544982	0.741545415290854
1.30494154685251	0.824683815140182
-1.51840982581887	0.959105734342332
-0.795309039080444	0.428876705357968
-0.0497207883959072	0.0271802915998118
0.250033880806253	0.155122672155995
-0.320510826521617	0.185017428733123
-0.500650989447044	0.418095790710633
-0.472010490785593	0.329884715637835
-1.04543786955088	0.878490574132837
-0.0123669275177168	0.00579257832326066
-0.829123658632418	0.606478073255778
-0.400384780578106	0.19966118834964
-0.829085333646607	0.606448881785564
0.598378969448173	0.365092189435562
-0.659974098954099	0.626751101406858
-0.104317072987356	0.055793431428916
-2.38298677712539	1.52480996919281
0.249909241506891	0.15499991302464
0.170078037123426	0.0842362332696313
1.10706107947149	0.935851350786674
-0.322202258591174	0.232764330330933
0.512338371354621	0.437417576759928
0.395975286077762	0.368894696255371
0.635554552083256	0.566966511542197
1.14904014971737	1.43543108627816
0.142436808007148	0.089397816024869
0.681138864658812	0.552115965679492
-0.674327052908448	0.547208197514885
0.681112697148001	0.552035634176793
-1.06729867692336	1.03301933937769
0.681138336607406	0.552153881932358
0.0835446088839212	0.0456305775538592
1.58605521316974	1.83042386999703
-0.00594696776681381	0.00332701409115294
-1.01166236320216	1.05227932390574
0.3997271876879	0.294694175003156
-0.575238543494442	0.395420803834069
-0.0496302816821721	0.027135851275683
0.399540452758821	0.310576822333149
0.714447805130154	0.722363935926019
0.80440493876565	0.715329309676292
-0.237483943959794	0.139846828265212
-0.389502229031768	0.276897438560363
0.378940602994957	0.200651612788855
0.0587457894570351	0.0233313383669741
0.249935880135386	0.15504472598293
-1.52948138307637	1.23803074822031
-0.472011115164623	0.329915445003355
-0.118973070311446	0.072909852392994
0.399604873824898	0.2946743611885
0.0835689978452454	0.0456494284522933
1.73020434334603	1.91955698762359
0.396887167078154	0.26018713186142
-0.471959375138253	0.329651253255872
0.560591503119401	0.388022068629539
-0.766066919696178	0.664990047838034
0.11628438193158	0.0682790642668379
0.28608250905869	0.212019199650666
-1.52956420490388	1.23835359210986
-0.575307838029623	0.395499269125434
-0.359390272612402	0.231190890343253
1.20484480287447	0.970839273891237
-0.0758232180549879	0.0473615120956068
-0.11914688158692	0.0730322934000676
-1.35321091806705	1.18986365638451
0.668408321489857	0.343877341929885
-0.842929976512655	0.367307850802193
-1.13594792797392	0.741752497791271
-0.88446244260996	0.588586753525836
-1.51816394787249	0.959194058305068
-0.795475547334051	0.429156033723791
-1.51832895997772	0.959438617553198
-0.976365401250023	0.584398859616745
-0.323089720868296	0.132540400004644
1.88356608055447	1.64370457614135
0.369533728475468	0.157989232089938
0.843816923318809	0.545678034078603
-1.13569824977844	0.742021850109875
-1.9499351882769	1.53400774588574
0.365462810263777	0.175771126538925
-2.17996734915815	1.91978070509961
-0.795391084685964	0.429117695674088
-0.323267030849328	0.132664766624666
1.14126815028772	0.780156919265021
-1.34644190675536	0.492013982411103
0.745353007153523	0.543706231076692
-1.14880969731895	1.17688464965098
0.230608848596398	0.133708611959684
0.745392661819511	0.543732026195375
1.33430767166807	1.01938904096222
-0.104317955751367	0.0557991159685809
-0.581854188280408	0.277697073220254
-1.33191294548162	0.762213136261659
-4.67261933866694	2.32564504003048
-1.40927863953749	1.06900153922817
-0.84164330581693	0.366637138097607
-1.13555209336582	0.742010647654425
-0.884770354939938	0.588923492607131
0.0836384663419645	0.0456924625707961
-0.191765997402019	0.0841406045300469
-0.430120932616392	0.243582021159115
0.54615676959997	0.39993474012203
-0.0122973225407363	0.0057607405665406
0.409457465256804	0.149381108415224
0.0588162361047195	0.0233573777261437
-0.884474976064581	0.588586594629875
0.668481033440034	0.343942560095741
-0.884531729589841	0.588722293116452
0.119875060412801	0.0537756254140837
0.170170551402025	0.0842873863496133
-0.580498200950308	0.322444400471375
-0.5801177025606	0.32217404700399
-1.2491804841411	1.03278535988771
-0.889572041536575	0.760588122076118
1.61595978847181	1.67191451729395
0.966611652025928	0.36540950209132
0.844545950702728	0.546418242589737
0.0389567476887397	0.0276989190676644
-0.352637960178196	0.27845206958993
-0.266182395655894	0.195301888469755
0.0836589996523523	0.0457057522339226
0.396887167078154	0.26018713186142
0.24997468863786	0.15509621575848
-0.216643312344097	0.193575740804567
-0.237438932508922	0.139802266515279
-0.472010490785593	0.329884715637835
0.365631508218467	0.175855733280783
-0.19168054449394	0.0841002189352164
0.170161317325234	0.0842725965010529
-0.00154684176698365	0.000527981901671777
-1.5184112689232	0.959430498339099
-4.18248469877465	1.58872089364964
0.398899197057204	0.277853325909737
-1.01632312024401	0.731272630481301
-0.766006365190522	0.664912033093219
0.369443988447083	0.157954068466191
-0.575218613589162	0.357443211501799
1.36663620317732	1.36668101803728
1.88384334180744	1.64353690756116
-0.429868625622534	0.243546443419877
-0.23753249504683	0.139862904500148
-1.04542704360171	0.878348987638854
-0.359400794834614	0.231196545368216
-0.0400062515179585	0.0254593282865199
-0.453525181306195	0.286848918425536
-0.50071893952409	0.418171213154295
-0.0398127704842718	0.0253241472844068
-0.00938758632242514	0.00607403793407655
0.397236704722754	0.355152497593975
-0.119059968489727	0.0729770777774155
-2.93872941555281	2.429799990387
1.79296523439799	1.7762822165926
-0.399961347154181	0.369190618985453
-0.791973359484271	0.632523385274218
-0.50071179719277	0.418174771953316
0.672199148088384	0.732210058157801
1.1489653300654	1.43514368883024
0.230529605001091	0.133680510590328
0.217847922871145	0.178251745626861
-0.472064003814338	0.329987530330869
-0.824895788123784	0.821213506283118
0.691706724465161	0.726263869470986
-1.14274628534436	1.02418851102403
-0.934201789329301	0.917785922281763
0.398113190104567	0.340712018332791
-2.05973021832617	2.81049199588613
-0.434601430237469	0.367741933342263
0.218310775425345	0.178681074722504
-1.40916725954337	1.06883587092141
0.230488467651288	0.133653113546507
-0.687613685418675	0.510543809311169
-0.45344624098908	0.286775668100434
0.205181952499019	0.110420289382553
0.710005461501729	0.546536508014955
-0.579499310471043	0.477128353814988
0.894935446571742	0.722968334191717
0.654087000043213	0.737257244450804
-0.575366592824322	0.395352734293399
0.635425273336405	0.566666649819646
0.163423100014615	0.109006651238271
-0.941214170144383	0.739608215550221
0.388866557100892	0.222888733927138
-0.268719004618864	0.137442961534784
0.8948554279299	0.722860221926672
0.083714317932502	0.0457271316416471
0.205211481751657	0.110438490596475
-0.791920465707038	0.632328911947607
-0.320511550772078	0.185038220306322
0.205207701750601	0.110416794371153
-1.40916725954337	1.06883587092141
-0.509736421835564	0.18505595748735
-0.324020247320629	0.133003472761622
0.0586045725612464	0.0232714078261316
-2.54809064158515	1.76451901171431
0.369191566451795	0.1578145382159
0.41039768616025	0.149826752222597
0.0586708691176024	0.0232936285877414
0.77079981160721	0.350840110911968
0.0587457894570351	0.0233313383669741
-4.67261933866694	2.32564504003048
-0.842861219755843	0.367305958459751
0.623156321552976	0.352260784925711
1.35562886254034	1.19642011603424
-0.0124689471286401	0.0058422046791081
-1.3469181289708	0.492217275549371
0.0588139280471816	0.0233556784550016
-3.87194723908329	1.24078078832125
0.20515621128702	0.110408160639295
0.956732852403354	0.734300745697998
-1.45023396708433	1.35232221619469
-0.575297408923719	0.395494954102611
0.533746636034345	0.413067538467052
0.39693217152986	0.260242591337945
0.560631139693429	0.388101630778108
0.163354629328689	0.108946590257297
-0.104321052984697	0.055792102665587
0.598666029175516	0.365312255321971
0.598378969448173	0.365092189435562
-2.06907886311522	1.72426925020167
0.20515621128702	0.110408160639295
0.393997425969371	0.242166407812664
-4.44647192482678	1.97244344800376
-0.707443001284619	0.478314823263817
0.369443988447083	0.157954068466191
-0.191509229873972	0.0839961430022088
5.40882944519331	4.14432999150007
0.37892999110995	0.200646545836412
0.369533728475468	0.157989232089938
4.87293325119434	2.84536188592905
-0.580498200950308	0.322444400471375
-1.74461604577035	1.59012768298437
-0.829089217421796	0.606220671231099
-1.67829822317506	1.15315867650137
-2.97808087817367	0.636313612875542
0.668339794470315	0.343828614069647
-1.23410256157179	1.17422332990757
0.0836732250012232	0.0457098608963882
0.170161317325234	0.0842725965010529
0.0588162361047195	0.0233573777261437
0.0586752350175879	0.0233026661375095
-0.104359195281209	0.0558242971418694
-0.223902254728416	0.149354276836368
0.398847428577595	0.277769276267089
0.617054366074467	0.575227821017711
-0.576615023024312	0.435396115854758
0.286022027547154	0.211951688312663
-0.766006365190522	0.664912033093219
1.10706107947149	0.935851350786674
0.276871486580536	0.194251629427606
0.142497480573903	0.0894313215603857
-1.01635180096047	0.731290577813313
-0.580266505812649	0.3222691862051
1.0360164195216	0.754015797721942
-0.976852932436996	0.584831668326988
2.68277853915162	1.75068253414873
-0.581851832882174	0.277688325692166
0.116337265710945	0.0683120625139432
0.265109424617169	0.175390599301755
0.249846250905072	0.154888073637157
-0.237584261627081	0.139872830216836
0.394037916789735	0.242247660525564
-0.320473330609048	0.185007486119419
-0.580006056009966	0.322045537779173
1.7126342223749	1.36396851822526
-1.84155440444283	1.77019889146268
-0.359459710819283	0.231234615283526
2.04426090983629	1.50801376422545
-0.268516230467572	0.137314152183712
-0.88943867815904	0.760548842598612
-0.0123423441710936	0.00578321495826335
-0.898630413696354	0.946951157710695
0.305073431206115	0.261149252776286
-1.23404954459075	1.17466434240616
-0.352776811662786	0.278595457675735
0.828822907248581	1.03491776349331
0.163369974475553	0.10895833984156
2.3285657300248	3.15237041634426
-0.94131775771945	0.73977938532399
0.0293105991403497	0.0174314041483834
0.681137843811647	0.552122863361016
-0.884714004488368	0.588902910387814
0.956847205934777	0.734460761323295
-0.941283244654749	0.739828831087645
0.39959677265368	0.294648110270251
-0.389415386362963	0.276767134185299
0.656672691652286	0.559288651581621
-0.322209986281287	0.232789308212538
-0.266042844440201	0.195205319188457
0.388553749445873	0.222747063630089
0.399622064505262	0.294668170054027
-0.829085333646607	0.606448881785564
1.56253295493871	1.99646305392139
-1.15503580945666	1.33467697631043
-0.359459710819283	0.231234615283526
-0.0759071302932135	0.0474225141389394
-0.47198436334829	0.329855394093538
-0.224075412035243	0.149490608903112
0.142523739009639	0.0894454294671014
-0.0496334179813041	0.0271330956337154
0.230489218546085	0.133657096820458
-0.359411288891954	0.231191559725985
0.116336295819794	0.0682911061950607
-0.472064591324512	0.329985339812347
0.692002305890613	0.726149025697847
0.0423185594731741	0.0213690212508505
0.710015739658871	0.546500735713786
-0.576642941443871	0.43542643357362
0.170467253006703	0.0844304182125656
0.265075171393988	0.175390756254714
0.921407174037824	0.552510092381016
0.230528840720756	0.133684195378615
-0.453525181306195	0.286848918425536
-0.174459521127491	0.0911992843731911
0.533685861688125	0.413015889097383
0.28608250905869	0.212019199650666
-0.320552374954212	0.185067543761871
-0.323267030849328	0.132664766624666
-1.45030106115226	1.35147875785552
-0.323679539396547	0.132867515469766
-0.174488957080222	0.0912196505661504
-0.580729389571412	0.32253060389535
-1.52962201995312	1.23831117220835
1.03033732039671	0.912314939032483
1.1203956879317	1.26272962560781
-0.84164330581693	0.366637138097607
-0.580349831282464	0.322341566730602
-0.581851832882174	0.277688325692166
-1.51832895997772	0.959438617553198
2.18522815081712	1.03171966467941
-0.0025583228276369	0.000870770923181551
0.170078037123426	0.0842362332696313
0.41039768616025	0.149826752222597
0.668337722865696	0.343789391545551
-1.40904253679864	1.06806058867588
-1.52964843587926	1.2385261432619
0.789021719765927	0.543765482461679
-0.795388566123818	0.429111941624914
0.365294456714284	0.175642850880005
-0.191933678929107	0.0842065929843931
2.23172580596379	1.82118701494867
-0.38943331800345	0.276816730885353
0.163369974475553	0.10895833984156
0.116205314953024	0.0682165657958919
-0.7400701483229	0.452397258194513
-0.45348851591146	0.286841831680638
-0.67436154464524	0.547112769025811
1.10714164511722	0.935709673652524
0.119922547764117	0.0537752158563234
1.06012940531189	0.577842537391584
-0.829007383223082	0.606004357091596
-1.67982267380833	0.744085031591401
0.921658921902614	0.552484351970126
-0.58022292583536	0.322227384173889
0.668412566104476	0.343909313552279
-1.2786405784213	0.904106788970841
-0.104279967239532	0.0557741192149482
0.119980963262918	0.0538242500271638
0.388300039801849	0.222415187692347
0.38889065397981	0.222908863249094
-1.51816394787249	0.959194058305068
-0.0757779728133876	0.0473347835396149
-0.0950410022999725	0.0272844875354853
-0.171889531829943	0.103267851984991
0.623132503431904	0.352217814060037
-0.976470386658705	0.584506017782514
-0.191763069164488	0.0841344545583103
-0.0876081502281548	0.0398767054314074
-0.575207305272533	0.395345755769592
-0.4534471860208	0.286796541603711
0.577933404864359	0.376418315640524
-0.580454860777739	0.322299416157362
-1.40936032543671	1.06869854223513
-1.04534714277812	0.878144719054843
0.399640248066152	0.294680736089589
-0.579317344332745	0.477063570993259
-0.829085333646607	0.606448881785564
-1.14263976463613	1.02367991099485
0.142489319662021	0.089416780853008
0.598675391106249	0.365365106671917
1.71229367635148	1.36394954299998
0.205351830561781	0.110484211432937
0.170355770620737	0.0843670955703796
-0.191851314271925	0.0841724378088938
1.03582192902147	0.753770484106199
-0.268802216183532	0.137431242389047
-1.67813018042513	1.15260118864432
-0.581779227500152	0.277530332539387
-0.575306066526481	0.357587683954408
-0.268719004618864	0.137442961534784
0.170078037123426	0.0842362332696313
-0.70752193721132	0.478472790723747
-0.320552993853204	0.185056332829789
0.0292672913633562	0.0174051502905043
0.388750876020199	0.222881622076993
-0.453448946127104	0.286791526836624
-0.76591988358989	0.6647425946362
-0.795391084685964	0.429117695674088
-1.13716389690442	0.878922923019374
0.37838848650301	0.200265814412607
1.26784778815742	1.32119253232882
0.57798860447689	0.376498020652567
0.0582681125412956	0.0369097059862481
-0.747634329318898	0.701027811143659
0.769974220431325	0.716239503703253
-0.511914352608119	0.46220772086408
1.24278791466208	1.14733487373111
-1.04540091106297	0.878624339051669
1.37317866731162	1.53956862129873
-0.674544108499417	0.547350194529209
0.522739407299269	0.425633806476119
-0.104359195281209	0.0558242971418694
1.0304272807277	0.912483966401826
0.378727390829471	0.200531723202199
0.87467194692827	0.882908403621611
-0.765989055587424	0.664815795638868
-0.739978018739677	0.452268965773811
-0.119016517526199	0.0729451060333527
0.23052744239938	0.133668602137409
0.546305693041265	0.399979496389495
0.393960484287744	0.242106313459953
-0.582611374294431	0.519920162747194
0.286172230644949	0.212033568973307
-0.174518314964367	0.0912348516528442
-0.321967257865246	0.232554138213684
0.54617401642555	0.399944354941404
0.635623025148758	0.567078196365705
-0.687645531220509	0.510520092573715
0.397011871554962	0.260283967448686
-0.237522053041442	0.139838739204885
0.37882650870246	0.200579110731171
-0.0123095682902471	0.00576462947117763
-0.104238808220959	0.0557403187199082
0.230410033441319	0.133573185724858
-0.0759524292625344	0.047450400201703
-0.884588372446995	0.588819046433955
-0.104321718826675	0.0557828798203067
-0.284610968668376	0.186565346958041
-0.0401390039514296	0.0255431401752067
1.15413010947376	1.11169586260586
0.560670796042941	0.388152961154497
-0.268617700571665	0.137383094548257
-0.320472728323707	0.18500883783832
-0.19168054449394	0.0841002189352164
-0.472090142363915	0.329989660400954
-0.174043782979749	0.118117327276212
-0.17456992674774	0.0912652369592895
0.119980963262918	0.0538242500271638
0.169976433422897	0.0841776092708832
-0.191768903144085	0.0841252697608303
0.921489960026533	0.552533647137428
-0.884531729589841	0.588722293116452
-1.04536625336893	0.878430965171288
0.956983629109388	0.734621121449141
0.369785495549136	0.158102799873415
-0.268507091440049	0.137275421862829
1.06012940531189	0.577842537391584
1.83637822902329	1.20191504598454
1.14135042570868	0.78055702486602
-0.581922163948477	0.277706756599217
0.205126733349182	0.110389989862704
-0.674431104374811	0.547317552430663
-5.54626484012583	3.99217247036784
0.042279016727012	0.0213478495403599
0.368938742259395	0.157633998891712
1.33411183825359	1.01908962040694
0.668267016125743	0.34360264632267
0.365545538878326	0.175812862473331
0.393960484287744	0.242106313459953
-0.174573431544604	0.0912716571979923
-0.0060016948213122	0.00335844422206687
-0.143180557897292	0.109524014965309
0.116311088160801	0.0682971565583205
-0.0757779728133876	0.0473347835396149
-0.0495640032382869	0.0270937208482696
-0.284663964396472	0.186599893629163
1.14135042570868	0.78055702486602
-0.575262792708149	0.395475278382787
1.71252840521781	1.36406648304809
0.230528840720756	0.133684195378615
-1.3531420395227	1.19035544272686
-0.57525235701754	0.395450864272708
0.0423175407555787	0.0213672432919553
0.369533728475468	0.157989232089938
0.62294438749681	0.351925360655925
1.08238282667856	1.0889579102222
1.60134042861547	0.907439175692279
0.844545950702728	0.546418242589737
-0.740372218460723	0.452702879152707
1.20504212356376	0.970906270796061
-0.00226675917502309	0.000770578967515132
0.205185767371981	0.110419404112476
0.388705364199698	0.2228237408163
-0.0495502533430002	0.0270872836979097
0.205237204149976	0.110442438968594
0.230489218546085	0.133657096820458
0.394077543950188	0.242263206421765
0.578103014416737	0.376604056005177
-0.284557974950084	0.186508621539616
0.709925736039286	0.546339306529608
0.388738767178279	0.222853701932079
-0.10427753906291	0.0557664408524749
-0.434322189544148	0.367359179418377
-0.284913394988429	0.186618613763717
0.38842674464191	0.222615317705505
-2.06943070124259	1.72527460776237
0.205097333541243	0.110364406966335
-1.84149488302087	1.76980373784473
0.265014399050589	0.175330401907475
0.546132530278534	0.399814025029196
0.577937107683428	0.376356644475187
-1.13567729072396	0.742109314725345
0.623310226916259	0.352247296600144
-0.104439186947234	0.0558548380143883
-0.237539256351892	0.139869620270601
0.844059703677712	0.546155801156035
-0.84228614531331	0.36699626824262
0.745393530540733	0.543722108365821
-0.11921660580599	0.0730597546255188
0.623286300486041	0.352340568865308
1.14135042570868	0.78055702486602
0.804456292999478	0.715521558347447
0.378643955473557	0.200452340941438
-1.23405869613644	1.17364112977767
-0.224109972065434	0.149513098109598
0.745353007153523	0.543706231076692
0.0423191371419603	0.0213682662442981
0.745353449875489	0.543725661610116
0.250033880806253	0.155122672155995
-0.57527646214444	0.395424069521758
1.08242648567332	1.0890169413817
0.709995212937178	0.546527977701222
-0.174544124873814	0.0912564848517119
0.0836180514118889	0.0456698847758028
0.804456292999478	0.715521558347447
0.956953950129638	0.734577320632393
0.058192094942331	0.0368566565791367
-0.00960567108055117	0.00621970650637483
-0.453445252643358	0.286736128516789
-0.580476543617623	0.322432153035535
0.396921876373531	0.260242745186634
-0.884531729589841	0.588722293116452
1.83653917569843	1.20275414765063
-0.10439877968516	0.0558435022103617
-0.889598268471823	0.760596529805884
0.681139427932065	0.552002549987008
-1.1372059674128	0.878565707279764
0.142515560565323	0.0894115280331442
0.230567144449649	0.133687254625393
-0.580244728564168	0.322288315069047
0.39966555312206	0.294716052552105
0.0836103669312504	0.045666856274849
0.623180168539243	0.352214767231186
0.8948554279299	0.722860221926672
-1.27883884865679	0.904144068840404
-0.21865260398582	0.162805830277261
-0.0122154413396054	0.00572317029003499
0.968876893027478	0.897612446053801
-0.237494251281423	0.13984879736702
-0.00285025275782294	0.000970864932132848
-0.581851832882174	0.277688325692166
0.394040107085688	0.242097213402281
-0.429868625622534	0.243546443419877
0.365717614542968	0.17587696046062
-0.0495850290263104	0.0271094689755234
0.0836243033187161	0.0456856938071087
0.623238534198675	0.352266810403192
-0.00599518849190925	0.00335462823906744
-0.941269766308302	0.739849845050515
1.35562886254034	1.19642011603424
0.745274263767946	0.543557664143171
-0.739978018739677	0.452268965773811
1.30501002656905	0.824855468544757
-0.0496197888314195	0.0271299727345174
-0.171916249530567	0.103284333532777
-0.766006365190522	0.664912033093219
-0.10431959113781	0.0558011663734158
0.745352610013427	0.543638173626064
-0.237473607055047	0.139838194143414
0.62326240290656	0.352345581752505
-0.0122850641813574	0.0057559911383436
1.20490239363088	0.970865504289273
0.11628438193158	0.0682790642668379
-0.191683506242611	0.08409339741583
-0.579256721874806	0.477004081347243
0.578158381790198	0.376627328503049
-0.0388596410686443	0.0280097185552913
-0.575259221268292	0.395369989097885
-0.884588372446995	0.588819046433955
-1.01612348345578	0.7303120450066
-0.580266505812649	0.3222691862051
-1.52942459093916	1.23735061357543
0.533720104577383	0.413008842838689
1.4710478090944	1.76483810484982
-0.17180932375786	0.103189231028255
0.623498793602424	0.352474627314365
0.681111642733935	0.552107188973364
0.512468391967771	0.43762821087752
0.399061639521306	0.326016254667037
0.745353007153523	0.543706231076692
0.029222375591522	0.017376308028414
0.578213781774443	0.376621340517449
0.0836796513806659	0.045709786317908
-0.359411288891954	0.231191559725985
1.15418289043711	1.11181599616954
-0.0121125550355883	0.00567193534323825
-0.575273720240365	0.357448114099571
0.394037916789735	0.242247660525564
-2.06924136840657	1.72493661682302
-0.174796659836075	0.091333732680537
-0.576641213717449	0.435347856759094
0.142506530029035	0.0894334108687391
-0.359331248694768	0.231076003512585
0.681112152324062	0.552106999105438
0.388762997440806	0.222873844908431
-0.389598077276326	0.276999851571436
0.617125970272115	0.575347690615398
0.546146298287035	0.399938901295841
0.0836487181970986	0.045700188709168
0.770088305986674	0.716359462774082
-1.04543786955088	0.878490574132837
-0.50071179719277	0.418174771953316
-0.320512229568985	0.18504719516924
-0.400150141167734	0.199526819273677
0.396981124268762	0.260286380908059
-1.13716291945289	0.878934444802947
-0.119016517526199	0.0729451060333527
-0.320550245572636	0.185039040731163
-0.884726670104725	0.58868087490663
-0.359515555831257	0.231225853301993
-1.74461438988546	1.5899800149813
-0.224066682109373	0.149487734870005
0.681138864658812	0.552115965679492
0.617057790699511	0.575258563980291
-0.575297408923719	0.395494954102611
0.0837079999509027	0.0457243799470305
-0.320472080549721	0.184999887675071
-0.268322033479146	0.137179227635239
0.393998820278763	0.24221496570692
0.399631165644799	0.294713157142637
-0.0496407463451933	0.0271405434836126
-1.64079163088207	1.41152462135051
0.230449616124751	0.133620924510745
-0.320552374954212	0.185067543761871
-0.0123423441710936	0.00578321495826335
0.388578192406689	0.222727431738731
0.205270774822767	0.110453605323913
-0.580371561309725	0.322378988803852
-0.740472578230699	0.452738938330306
0.0835342879830215	0.0456228196682606
-1.01626830299246	0.731124793594598
-0.582412376127557	0.51971634705321
-0.453485720976542	0.286825894441277
-0.118990289624776	0.0729221728314425
0.710005461501729	0.546536508014955
0.709950224334504	0.546403699666405
-0.389511202539066	0.276942389754905
-2.06920105916505	1.72561591353871
0.116232030628555	0.06823772309015
-0.414097189345744	0.32232938802377
0.598480737929632	0.365218365480648
0.894815048798209	0.722679270394916
0.578018102972575	0.37654181246198
-0.0496439894741144	0.0271417412631816
0.928914776534043	1.04965569098277
0.230488467651288	0.133653113546507
-0.79205302877093	0.632666361819491
-0.0121701696544959	0.0057003464533006
0.0292760515507757	0.0174099739995133
0.789055063944555	0.543856648322334
-0.766040988204353	0.664922146741575
0.393958227486122	0.24215020025454
0.398793429534845	0.277791401936865
-0.119111616177512	0.0730016435163451
-1.13716482920954	0.878862085226381
-0.174072871058267	0.118132681671559
-0.284663964396472	0.186599893629163
0.710064754965551	0.546573518162947
-0.792079793190693	0.632687552037336
-0.57650962472728	0.435230951509108
0.230570815698224	0.133663436828024
-0.32393075771785	0.132964596123413
0.170253854508655	0.084308299304193
1.03612789015095	0.753558761764884
0.668414615793708	0.34385587193997
1.14145651481394	0.780640318755813
0.119875060412801	0.0537756254140837
0.668558089242161	0.343662478471073
-0.580098557351089	0.32208988826458
0.598388187690383	0.365124289578113
-0.795391084685964	0.429117695674088
-1.34529993559724	0.491233145483874
0.380312469431308	0.0704095999128823
-2.3829153563534	1.52474168466502
0.12011077257807	0.0538869679431261
-0.400408163058232	0.199679139220261
0.119980963262918	0.0538242500271638
0.0588115719246944	0.0233482042366705
0.36935409343749	0.157893264397153
-0.00248972421612113	0.000848968227417177
-0.0123669275177168	0.00579257832326066
0.771745171623263	0.351293543815406
0.170078037123426	0.0842362332696313
0.119898789663274	0.0537835419180417
-0.581924444867391	0.277715453255469
-0.884770354939938	0.588923492607131
0.230411785311357	0.133557418386643
-0.00578974106462969	0.00323959095929364
-0.472197095755974	0.330008406615233
-0.389493977862551	0.276912706180395
-0.104359977904879	0.0558212020500924
-0.414044743428719	0.32225599943969
-0.0496197888314195	0.0271299727345174
0.844245436694145	0.546340791689674
-0.171916772816248	0.103274374076982
0.710040201323559	0.546575985920525
-1.70841206001328	1.87028566422857
-0.829165276939393	0.606465936301729
0.120004743026815	0.0538382787021705
-0.237542907484709	0.139878710803409
-0.191677560250301	0.0840866628137423
-0.400408163058232	0.199679139220261
0.369191566451795	0.1578145382159
-0.00219804389106728	0.000749243310235947
0.745432336831889	0.543720392347431
0.369696009095169	0.158067754520311
-1.4095132884079	1.06876010057057
-0.0496755348028971	0.0271594987077226
0.369785495549136	0.158102799873415
0.789194873519341	0.543959116050008
-0.359414427010868	0.231205255371581
0.399527003158527	0.29457778785494
0.142436808007148	0.089397816024869
0.265040912232366	0.175353229101276
-0.434452282114142	0.367583171479778
-0.48751716194615	0.373753433310198
-1.82095360688059	1.34283875192802
0.0836487181970986	0.045700188709168
0.205071546672453	0.110351538960765
0.598490018563699	0.365208208471015
0.0587479747293442	0.0233295790834769
0.388762997440806	0.222873844908431
0.250009479618193	0.15511754145689
-0.884632253303745	0.58876380922075
0.205160060996154	0.110384683640078
0.522696083203824	0.425623370072649
-0.429994928475187	0.243602180977508
-0.191763069164488	0.0841344545583103
0.120004743026815	0.0538382787021705
-0.829161861228045	0.606385804968966
-0.19168054449394	0.0841002189352164
0.894857002491945	0.722697752605735
0.205181952499019	0.110420289382553
0.205189722034872	0.110378982699387
1.24266958632114	1.14724141082673
0.163491571137908	0.109057293172897
0.0422796254578924	0.0213471109845159
-0.829123658632418	0.606478073255778
1.35554782872336	1.19651223683715
-0.687565515876591	0.510461176450006
-1.40940270657111	1.06909659425454
1.61599720665359	1.67176169367105
-0.453567596354213	0.286856836341659
-0.321853808411443	0.232383228512338
-0.575241891791028	0.395404439137203
-0.740179770854738	0.452503944476729
-0.500372080594146	0.417627681891111
-0.237577533393308	0.139880937804697
0.0836630257944755	0.0456998860728288
0.0423576214530844	0.0213884261189087
0.745273758792998	0.543538189694535
1.20484480287447	0.970839273891237
-0.429856217784491	0.243527269122507
-1.13724147091941	0.878606791819744
-0.795303913358609	0.428996144102514
-0.453608933433535	0.286719174526924
0.170078037123426	0.0842362332696313
-0.453407656426313	0.286715372830678
0.560710472183291	0.388178977785677
-0.284665059208404	0.18661519669181
0.560670124227051	0.38812563402852
0.710109729823419	0.546553077950813
0.369443988447083	0.157954068466191
1.37336097915796	1.53877786531764
0.921153070974331	0.552041462692966
-1.13532229991961	0.741731857047717
0.399449406239231	0.310413902072867
-0.829045880263185	0.606309559894997
0.578073386398327	0.376592353319862
-0.0123669275177168	0.00579257832326066
-0.0875247626795585	0.0398554643821223
0.84527171113272	0.716207972594394
-0.268617700571665	0.137383094548257
0.397005738637752	0.260260220107968
0.656526078668684	0.558721314454969
0.845403912063723	0.716533200039396
-0.829124767395153	0.606503723818148
1.73020434334603	1.91955698762359
0.365545538878326	0.175812862473331
0.388484090009371	0.222665206631935
-1.13557312432465	0.741984670388943
-0.359470277506759	0.231240306415592
1.3341221573524	1.01904968015896
-0.0496511828299678	0.027144046289517
0.844059703677712	0.546155801156035
0.249950414270769	0.155064825728373
-0.740171003604891	0.45253026277676
-0.674422803190176	0.547254191761443
0.771092418292579	0.351048136725648
-0.237483943959794	0.139846828265212
-0.0875026457018197	0.0398390244357153
0.170272425689712	0.0843399388739337
-0.119103423183026	0.0730060951167675
0.745393073383296	0.543751429172607
-0.0876302197595823	0.0399015975036765
-0.284664528881426	0.186618002727203
0.170291083855716	0.0843143691116887
0.396921876373531	0.260242745186634
-1.35311823742973	1.19020606722363
0.277095974785715	0.19439521062836
1.03620195042652	0.754167711587714
0.394117191437341	0.242261105143043
-0.487422014758526	0.373723338087226
-0.47209074660014	0.330014700185048
0.230569216915851	0.133699107004068
0.180705473992592	0.12753829087811
-0.237504529024248	0.139844087330484
0.0836693107122105	0.0457090630379767
1.2852502683321	1.49624189359809
-0.453408528189076	0.286720278564197
-1.13720417658415	0.878844760925168
0.18050079692437	0.12732915824228
-1.22610319012899	1.32591617007947
0.623474794709938	0.352403117388814
-0.4534876275693	0.286851758282326
-1.33218850427308	0.762488652736134
0.378621720444965	0.200461497743518
-0.842573501506563	0.367295334988531
0.378744180687792	0.200540698956173
0.0423191371419603	0.0213682662442981
-0.740481159695056	0.452601650070292
0.396921876373531	0.260242745186634
1.14122070426758	0.780386099658665
1.65619620535308	1.51961173035875
-1.01640653529459	0.731296908478309
-0.320592516713302	0.185058889412806
0.577962852066937	0.376462056263808
-0.191933678929107	0.0842065929843931
0.745432336831889	0.543720392347431
-0.4297991763118	0.243493611717284
-1.01638040429431	0.731261580326361
-0.268507091440049	0.137275421862829
-5.03530321815185	2.98127000069231
1.03610915310578	0.754122517881413
1.2047053970036	0.970495425550994
0.533773156700181	0.413078565518056
0.0423185594731741	0.0213690212508505
0.399570488339335	0.294640933948354
0.598480737929632	0.365218365480648
0.577962852066937	0.376462056263808
-0.429811544627333	0.24349758007301
0.578018102972575	0.37654181246198
-0.884826594921017	0.588899553734
1.37305712408143	1.538642907509
0.116231496170181	0.0682392986693278
0.205241089187748	0.110449762702166
0.0423592611971083	0.0213859834041211
0.844059703677712	0.546155801156035
0.170170551402025	0.0842873863496133
-0.580016262315733	0.322066841910722
-1.13530112512833	0.741647485097293
-0.104399592297262	0.0558404234022689
-2.38291907034792	1.52486226582066
1.52031837389016	1.08720177898495
-0.400384780578106	0.19966118834964
-2.82006843191204	2.21138439658435
-1.94992816313755	1.5347271317717
0.170170551402025	0.0842873863496133
0.249953816287964	0.155073709123128
-1.33204640906765	0.762295394245592
0.230607483632705	0.133708407209246
-0.049699798202934	0.0271720496482323
0.788985226772879	0.543739643758407
0.84527171113272	0.716207972594394
0.205296443575086	0.110471969951527
-0.11914688158692	0.0730322934000676
-0.580393265830118	0.322334681429507
0.142393336926836	0.0893680462941138
0.378940602994957	0.200651612788855
0.393957777146627	0.242116747971034
-0.104359977904879	0.0558212020500924
0.74527329935711	0.543470117704628
-0.0496511828299678	0.027144046289517
1.12028163784138	1.26265258001622
1.71205948036522	1.36302875890498
0.578018102972575	0.37654181246198
0.249953816287964	0.155073709123128
0.560593959063844	0.38792182219978
1.88356608055447	1.64370457614135
-0.0122154413396054	0.00572317029003499
-0.453566648168422	0.286866712107399
-1.40938958129043	1.06886726566063
0.378643955473557	0.200452340941438
0.598388187690383	0.365124289578113
-1.27844165385962	0.903806240418973
0.788800463373908	0.543500128836329
-0.0875026457018197	0.0398390244357153
-1.95012191488657	1.5350464079897
-0.400150141167734	0.199526819273677
-0.119103423183026	0.0730060951167675
-0.171889531829943	0.103267851984991
0.398925379879744	0.27784571120507
0.265108283975774	0.17540522549737
-0.268921114931938	0.137530879122937
-0.171888954875426	0.103262528114191
-0.174657693246584	0.0913100721629379
-0.795470598735211	0.429005412207795
0.0293884504597774	0.0174751445788538
-1.32019018557127	1.33014925858448
-1.2491446304489	1.03230307804519
0.745393073383296	0.543751429172607
1.33431810097726	1.01922986342603
0.0837079999509027	0.0457243799470305
-0.237553290358037	0.139887377403942
1.24278730522911	1.14722106912078
-0.740363553407265	0.452677488340356
-0.0496511828299678	0.027144046289517
-1.04549157856181	0.878496340529135
-0.389346456109404	0.276686446127698
-0.575283575494184	0.39546427526981
-0.10431959113781	0.0558011663734158
-0.321975046941165	0.232564991315387
-0.0872097202919863	0.0396986290401776
0.546111514957289	0.399851326373672
-0.320551000801398	0.185059855634261
-0.0874192319868208	0.0398048854826958
-0.174459521127491	0.0911992843731911
-0.389545656023789	0.276943365752031
-0.0495187391255497	0.0270609617240208
0.365631508218467	0.175855733280783
0.0836450010510917	0.0456897563034637
-0.575203871902863	0.395317645964075
-0.792026897207467	0.632656687526342
-0.19168054449394	0.0841002189352164
0.0423191371419603	0.0213682662442981
0.598582673007789	0.36530237473833
-0.58058145281604	0.322389884842586
0.522557078112806	0.4254038052693
-1.82058715504602	1.34264782504552
-1.45021027041808	1.3523329461065
-4.67261933866694	2.32564504003048
-0.174004657210539	0.118062276285216
-1.14876500111135	1.17713580070053
1.65612659559205	1.51938293684477
-0.174488957080222	0.0912196505661504
1.49183094857053	1.43020256644836
-0.0123423441710936	0.00578321495826335
0.24998516710157	0.15509510358789
-0.580498200950308	0.322444400471375
0.205049477373326	0.11026626543731
-1.64079163088207	1.41152462135051
0.378621720444965	0.200461497743518
1.33421488170253	1.01926622253753
0.709981039126581	0.546426445722382
-1.27853301138186	0.903936296677004
-0.795309039080444	0.428876705357968
0.956843336205729	0.734548363620484
-0.104359977904879	0.0558212020500924
0.533712384989079	0.413029755323642
0.205241089187748	0.110449762702166
-0.174514740171446	0.091236144615508
0.398785464431479	0.325674677084368
1.35551839230937	1.19633622757573
0.770096567888874	0.716352830338062
0.265108843216896	0.17537102944944
0.398793429534845	0.277791401936865
-0.453567596354213	0.286856836341659
1.15414695557536	1.11162196389094
0.57798860447689	0.376498020652567
0.0582603064206482	0.0369038600074208
0.398113739090082	0.340698176105552
0.398793429534845	0.277791401936865
-2.01807530564098	2.14620777843677
0.265082061415599	0.175363684931853
0.299782106494023	0.24524656713057
0.533712384989079	0.413029755323642
0.369696009095169	0.158067754520311
-0.576642941443871	0.43542643357362
0.399685084470578	0.310705905757105
-0.0122850641813574	0.0057559911383436
0.388820742451007	0.222906122652098
-0.575331997851687	0.357565550468974
-0.674457275115626	0.54736397419333
-1.11070663736419	0.563156850939472
-0.707518608301749	0.478373617995054
-0.104320343754685	0.0557980556015589
0.0587457894570351	0.0233313383669741
-0.320511550772078	0.185038220306322
-2.18909800438184	1.26985288518349
0.205211481751657	0.110438490596475
0.745275410292731	0.543439578947415
-0.191683506242611	0.08409339741583
0.388553749445873	0.222747063630089
-1.27862430640304	0.903655705374731
-5.03540086955755	2.98094179296887
-0.0124936637074144	0.00585083343599075
0.378837053043127	0.200602993253842
0.205266784752764	0.110460669177488
0.623238534198675	0.352266810403192
-1.84153105085019	1.77105453418389
0.393997845165748	0.242199850872686
1.10702234056283	0.935869287440499
0.116337265710945	0.0683120625139432
0.378744180687792	0.200540698956173
0.0423180273406882	0.0213686808954471
-0.0875026457018197	0.0398390244357153
1.50460992872118	1.26759481849811
-0.359323860694223	0.231053931168206
0.0587501116908756	0.0233223101576952
0.399666516399104	0.294637154593036
-0.575332008958251	0.395469840289597
0.277104749587869	0.194410180798061
0.24997468863786	0.15509621575848
-0.453489360946646	0.286816989972648
-0.00386453428502725	0.00131429106343059
0.971990554172136	1.05796640681837
-0.237542907484709	0.139878710803409
-0.320513993115958	0.185013055249382
-1.35315272361151	1.19041017579904
-0.0876522636543796	0.0399151556854039
0.623132503431904	0.352217814060037
-0.674535162616728	0.547273674914475
0.668414615793708	0.34385587193997
1.20503001040664	0.970801529945006
-0.575221956505582	0.357508938560049
-1.13542670488496	0.7418567226406
-1.64075248132209	1.4107813670215
0.560789883897686	0.388151965213491
0.62326240290656	0.352345581752505
0.388681054646199	0.222839316744788
0.20515621128702	0.110408160639295
0.163499255929904	0.10905555536793
-0.981052926445422	0.894328504826762
0.396897485244899	0.260186996927845
-0.981113561951239	0.894366530520498
-1.40911140509099	1.06865061179304
-0.119077183004402	0.0729893994545596
-0.575163474539905	0.357391334497126
-0.88446244260996	0.588586753525836
0.388750876020199	0.222881622076993
-0.687533718902542	0.510410406258138
1.35554782872336	1.19651223683715
-0.320552374954212	0.185067543761871
0.37892999110995	0.200646545836412
0.560591503119401	0.388022068629539
-0.941352254673996	0.739524925329828
0.369191566451795	0.1578145382159
1.50432345988639	1.26711745363877
-0.94127265217132	0.739726063502999
-0.119155063699346	0.0730306543138387
-0.580393265830118	0.322334681429507
-1.13542670488496	0.7418567226406
-1.95690074927006	1.00326104207221
0.598675391106249	0.365365106671917
-0.884701326330879	0.588899170884722
-1.27863245309779	0.904117251927921
0.396891168447127	0.260145135120504
0.668412566104476	0.343909313552279
-0.191933678929107	0.0842065929843931
-0.765937198841143	0.664778067215432
-0.174518314964367	0.0912348516528442
0.388611278287772	0.222779199110245
1.0303025222273	0.912237935965386
0.394117191437341	0.242261105143043
0.745394033281706	0.543633103188281
1.20476284386134	0.970521508582964
-0.70752395780393	0.478246855214622
-1.35310757614286	1.1901513919354
0.0836139988449978	0.0456801177731202
1.86183680727264	2.58011833543544
0.230369629614644	0.133495825842977
0.169773724927864	0.0840291053656903
0.577929841890931	0.376247169992393
0.119875060412801	0.0537756254140837
0.0837593249868663	0.0457388204378818
-0.575248897149481	0.395405491266938
0.181110791411933	0.127823973442911
0.598388187690383	0.365124289578113
-0.889463579566372	0.760377202422324
-1.95935803591722	1.00529559672823
0.0836346373861601	0.0456890182021036
-0.829164181524425	0.606473226288315
0.789124946179673	0.543928830463125
-0.740564231799896	0.452784120644182
1.12010654218752	1.2617522593828
0.393998820278763	0.24221496570692
-0.0875468540215103	0.039864629429921
0.0836139988449978	0.0456801177731202
0.265075171393988	0.175390756254714
0.546135855147718	0.399917021497062
0.845461738803218	0.716336343011023
0.546202023777459	0.399961179471182
-0.585764507024434	0.562809682063422
0.0836282440820218	0.0456824762391885
1.50451738240719	1.26750919799834
-1.24925910986211	1.03238454028396
-0.687666621248949	0.510374948382786
-1.13712712909702	0.878426572726841
-1.01637790533487	0.731279019263317
0.378754706254768	0.200505425341965
0.170272425689712	0.0843399388739337
0.560632673606397	0.38807023461074
-0.429811544627333	0.24349758007301
-0.320551000801398	0.185059855634261
-0.171834806108711	0.103173862433533
-0.842573501506563	0.367295334988531
0.709970737948806	0.546462186417456
1.49183094857053	1.43020256644836
0.396966874057929	0.260280317934537
-0.11921660580599	0.0730597546255188
-1.33184367767742	0.762015428988325
0.0423987822934224	0.0214042356315897
-0.174628515728416	0.0913006915587617
0.116311642762167	0.0682935907870279
-0.795641716677105	0.429218074573229
-0.829045880263185	0.606309559894997
0.788985226772879	0.543739643758407
-0.0757857296260691	0.0473392563197507
-0.237463240563307	0.13982242209813
-1.13542670488496	0.7418567226406
0.170374466606941	0.0843863554800559
0.394037483159254	0.242231885268213
0.54620015589901	0.399948254223703
0.170068843650991	0.0842286987652546
-1.04536625336893	0.878430965171288
0.709950224334504	0.546403699666405
0.845403912063723	0.716533200039396
0.0587435559436112	0.0233296694197922
0.668478812223091	0.34390323454053
-0.104238808220959	0.0557403187199082
0.745312944518501	0.543574984138107
-0.0121004029027061	0.00566746725900745
0.635752278214164	0.567110112732238
-0.191768903144085	0.0841252697608303
0.0836282440820218	0.0456824762391885
0.396956601925935	0.260280489844571
-0.579248924784718	0.477003640311121
0.142341727364771	0.0893175041521728
-1.01632312024401	0.731272630481301
-0.320513450752505	0.185034633111104
0.668335602858392	0.343660829432261
-0.429938030218216	0.243568625526263
0.546236794334105	0.399996529021582
-0.400408163058232	0.199679139220261
0.0836693107122105	0.0457090630379767
0.12011077257807	0.0538869679431261
1.14098542907508	0.779786174713427
1.71221141031756	1.36358639614156
-0.791974003188081	0.632529374040272
1.0597155655144	0.577756640140593
-0.57525108074046	0.357535915462596
-0.575141012182052	0.357252019741491
0.598490018563699	0.365208208471015
1.33441099968333	1.01935277897555
0.116363971797762	0.0683270914761228
0.116311642762167	0.0682935907870279
-0.687509652607351	0.510321545292853
-0.0122973225407363	0.0057607405665406
1.10694214759706	0.935477810199478
1.35560309885073	1.19659585765971
0.560673071961797	0.388052502845993
-0.687624328798652	0.510560384911085
0.578128702372086	0.376615585739378
0.635387355082269	0.566669222578972
-0.17194241801976	0.103300002008729
-0.191848441999651	0.0841748012731843
-0.00609022997363264	0.00340671392082021
0.0423191371419603	0.0213682662442981
-0.575331997851687	0.357565550468974
-0.740380861860938	0.45261093027897
-0.0876522636543796	0.0399151556854039
-1.13542670488496	0.7418567226406
-0.976598104893979	0.584662631574268
0.378847621753956	0.200589252322247
0.230489218546085	0.133657096820458
0.956902566778186	0.734555045157672
-0.224006110467136	0.149449749327003
-1.01640653529459	0.731296908478309
2.13802461316895	2.58580286266073
-0.795303913358609	0.428996144102514
-0.0877795706067474	0.0399712524693087
-0.0122973225407363	0.0057607405665406
0.0423191371419603	0.0213682662442981
0.249953816287964	0.155073709123128
1.52023308903483	1.08716538684327
0.598573351737047	0.365281015830231
0.042317099728294	0.0213645753710401
0.745433614820863	0.543621401408319
0.396956601925935	0.260280489844571
-0.174488957080222	0.0912196505661504
0.546236794334105	0.399996529021582
0.560593097039498	0.38799073490125
0.921404048782597	0.552431775441768
1.10706148824685	0.935941427611023
0.378837053043127	0.200602993253842
-0.268617700571665	0.137383094548257
0.250075672863655	0.155094439015688
0.635546869222201	0.566881510214348
1.52031552276731	1.08722702084927
0.837555759881838	0.87947031554915
-0.707402831704788	0.478100507733825
-0.172022544090708	0.103322322614595
-1.27873173123899	0.90423664025219
0.533702983875235	0.41302357964498
-0.268414594212216	0.137235508430333
0.560709830432059	0.388151674306149
-2.382716565801	1.52410533003464
-1.35313132610204	1.19023525607688
0.265082895168427	0.175328227102315
0.170170551402025	0.0842873863496133
-0.284653198127824	0.186521555411014
1.05987776781758	0.577885042568082
1.24274820443617	1.14738294395687
-0.580476543617623	0.322432153035535
-0.237549527544157	0.139857738734445
-0.581786516589405	0.277551473252916
0.577933404864359	0.376418315640524
-1.01623949404177	0.731062986346385
0.745432002071474	0.543652400502029
0.598471479069243	0.365154751464456
0.378493961987734	0.200357375434109
-0.359480816044885	0.231235355347662
-1.74462224256798	1.58984292718188
-1.01632041329865	0.731111715719173
-0.237477008220666	0.139788229916141
0.396970934399228	0.260254504755304
-0.268516230467572	0.137314152183712
0.533763759325351	0.413052800994542
0.16998558631475	0.0841768411984164
1.37319578559241	1.53967952129036
1.36658727767452	1.36627723615842
0.623522821357487	0.352458134850505
0.578188139453014	0.376606994001504
0.681164528369224	0.552169548046072
-0.795557467610568	0.429227305973378
0.789067188669125	0.543924706508862
-1.51832895997772	0.959438617553198
-0.0873970675291552	0.0397928350708459
-1.13716389690442	0.878922923019374
-1.47879671713527	1.6542543930392
-0.174514740171446	0.091236144615508
-0.10431959113781	0.0558011663734158
0.39587414731315	0.368780612116657
2.23172788131627	1.8201186679476
1.10694319741214	0.935552061811469
0.388484090009371	0.222665206631935
-0.19168054449394	0.0841002189352164
1.33429726654848	1.0192474151438
-0.4534876275693	0.286851758282326
-0.453527147708742	0.286874832407521
0.956843336205729	0.734548363620484
1.4621454304569	1.93368252623359
-1.2491804841411	1.03278535988771
0.0423581224798044	0.0213887511464096
-2.06930914932304	1.72595109769969
0.533668738015448	0.412985803670079
-2.69152693914315	1.99487341437542
-0.0122031973667483	0.00571711009301839
-0.268331253583185	0.137185477385768
-0.174573431544604	0.0912716571979923
-0.23751862527221	0.1398723323227
-0.400665365516267	0.199732236095702
-0.453563544013765	0.286801139007467
-0.0878628625028632	0.0399987686704148
-0.323679539396547	0.132867515469766
0.577962852066937	0.376462056263808
-1.1106194968633	0.562870946942689
-1.11054651250717	0.562770546181268
0.598388187690383	0.365124289578113
-0.174164511827008	0.118205578669005
0.399752519306362	0.294764984844844
0.378744180687792	0.200540698956173
-0.359355529732364	0.231141735117536
0.286142975355978	0.212077640019108
0.0423191371419603	0.0213682662442981
0.398740542799776	0.277713218573631
1.83645064175416	1.20255680724847
0.399563464873255	0.310601214732448
-0.429913148081275	0.243543922037474
-0.119016517526199	0.0729451060333527
0.844163062994518	0.546224354744882
0.617190673664239	0.575374980945102
0.57799237739116	0.376473680654714
0.578213781774443	0.376621340517449
-0.268608623749507	0.137354005666895
-1.04534487457245	0.878387374207826
-0.320512862899764	0.185045864651848
0.710085189501082	0.546546191806679
-0.174573431544604	0.0912716571979923
-0.0061603602586166	0.0034449053143194
-0.0496407463451933	0.0271405434836126
0.265048650072239	0.175349097745977
-1.04539439734588	0.877343030262526
-0.320512862899764	0.185045864651848
0.195712501535035	0.145582480370874
0.577878237708533	0.376301376399475
-0.359358536869882	0.231103002500519
1.48078106340472	1.59398605327326
1.49183094857053	1.43020256644836
0.388611278287772	0.222779199110245
0.656803174572888	0.55943957449011
-0.740061297594254	0.452275085596835
-0.976342465158624	0.584299149658856
0.249926228470997	0.155013889998617
-0.580244728564168	0.322288315069047
-0.0120882381999243	0.00566213416702119
0.0586752350175879	0.0233026661375095
-0.0121579779232437	0.00569550785644836
-0.707481746061678	0.478444102656824
1.03630425054237	0.754129475284206
-1.82048438090692	1.34311704053731
0.0423968115556395	0.021405318458516
-1.11037257681918	0.5626800271598
-0.581849525599261	0.277576220823309
0.16998558631475	0.0841768411984164
-0.0872097202919863	0.0396986290401776
-0.320514489979456	0.184979565622572
-0.576669173874805	0.435461314962273
-0.171916249530567	0.103284333532777
0.598758770307879	0.365305109651844
0.804446852694779	0.715321692282818
-1.9324041347038	1.95448777264373
0.276836378783498	0.19421954784437
0.396876878494454	0.260171257683474
-0.359435544098484	0.231227533097986
0.249964238369874	0.155088974064584
0.396956601925935	0.260280489844571
0.0586752350175879	0.0233026661375095
1.20498438869504	0.970879883451579
-0.581854188280408	0.277697073220254
0.0423598988642098	0.0213823736170543
-0.237528955596091	0.139874316638003
0.533750283190429	0.413042745634562
0.894857002491945	0.722697752605735
0.710034325202871	0.546278576912374
0.388750876020199	0.222881622076993
-1.95003208437789	1.53411554644338
-0.0122031973667483	0.00571711009301839
-0.795473084150557	0.429189025577302
0.845325018027343	0.716436159479218
1.20484480287447	0.970839273891237
0.789194873519341	0.543959116050008
-0.237563643670217	0.139889377318265
0.522587369087313	0.425486084521892
0.378837053043127	0.200602993253842
-0.0873970675291552	0.0397928350708459
0.844070186217798	0.546045193585038
-1.23402401873213	1.17472634424117
0.265188050033848	0.175439714640379
0.11628438193158	0.0682790642668379
1.10706244243292	0.935787622712917
-0.0122727931927386	0.00575042631266952
1.14135042570868	0.78055702486602
0.205185767371981	0.110419404112476
-0.132122312703927	0.0911751734034916
0.397011871554962	0.260283967448686
1.05937328956294	0.577228568677455
-0.320433206846562	0.18495150928958
0.378837053043127	0.200602993253842
0.029371177674185	0.017466505112097
-0.707558853458656	0.478426011644767
0.681138864658812	0.552115965679492
-0.0940501109524453	0.027000921199425
0.78893980475248	0.543791021826737
-0.0123546421621991	0.00578834044022463
0.0292500203795323	0.0173948579542365
-0.389615298566888	0.27701051282046
-0.472170371121376	0.330026615397478
-0.0121579779232437	0.00569550785644836
-0.0496302816821721	0.027135851275683
0.378493961987734	0.200357375434109
1.30500559063638	0.824690551359012
-0.575192754444671	0.357461056491999
-0.575283575494184	0.39546427526981
-0.429925595459858	0.243580051469603
-0.941293807684783	0.739887785369521
-0.0496786953210636	0.0271589708374202
-0.674448346143695	0.547240062621038
-1.24913588849514	1.03217374654518
-1.4093047219653	1.0685818566917
-0.487378737817229	0.373708332643852
0.966205550579862	0.365071432394427
-0.74035486672422	0.452481653594206
-0.104317955751367	0.0557991159685809
-0.174628515728416	0.0913006915587617
0.393997845165748	0.242199850872686
0.39693217152986	0.260242591337945
0.0423576214530844	0.0213884261189087
-0.575224503691589	0.395266821787635
-0.322035691168532	0.232637865538398
1.36661169451326	1.36661397734987
1.35562886254034	1.19642011603424
-0.976470386658705	0.584506017782514
0.163536921612174	0.109088421630178
0.116284918076701	0.0682785512631978
-0.237494251281423	0.13984879736702
0.116390147511187	0.0683382847723855
0.23052744239938	0.133668602137409
0.396921876373531	0.260242745186634
0.23053041269172	0.13366829299905
-1.01637790533487	0.731279019263317
-0.359403826210116	0.231176694081903
-0.0760893549054508	0.0475346286161415
-0.575221956505582	0.357508938560049
-1.27835023377402	0.903284532657857
0.0582836981270476	0.0369165273581407
-0.191933678929107	0.0842065929843931
-0.740179770854738	0.452503944476729
-0.580139552543401	0.322178443064124
-0.359483789117477	0.231208438761709
-0.70744426971246	0.478196361482492
1.10702141518319	0.935795118052283
-0.581711492709736	0.277565100121143
-0.17456992674774	0.0912652369592895
0.12011077257807	0.0538869679431261
-1.01626552658048	0.731105199010459
-0.943675469426376	0.276612084705558
1.33450396417429	1.01938811384787
-0.57541883118866	0.357577733034769
0.578158381790198	0.376627328503049
-1.67854744531807	1.15326345057798
0.205012927614752	0.110290990691394
1.03590526157618	0.753863518623507
0.845371254868562	0.71651170385825
0.586608564372163	0.592812757784519
0.265135633763134	0.175367693645501
-0.171995844549904	0.103319697906371
0.12011077257807	0.0538869679431261
0.388565964607091	0.222757123212129
-0.323768775804252	0.132906269597143
0.0835934786613138	0.0456623834734113
-0.472090142363915	0.329989660400954
0.39700159284157	0.260302023027962
0.249999051633764	0.155110314569276
0.0836834538134724	0.0457175748200456
0.399798924653092	0.310748730203794
1.03039249606123	0.912518503708076
1.03033324664792	0.912379894382633
0.163430780991281	0.109009995928942
-0.284721778752584	0.186641819223279
-0.0961499352688739	0.067357304541056
-0.57930178539424	0.477027308542958
-0.707482479345284	0.478426084681255
0.39951889978643	0.294454458180838
0.250009479618193	0.15511754145689
-0.268322033479146	0.137179227635239
0.804448590850661	0.715407555399986
-0.359446060402219	0.231222563721811
0.230490012836691	0.133653431840519
-0.224135986836479	0.149525714663298
-0.792132691140584	0.632612756745778
-0.740162214758242	0.452442797394852
-1.94982394060938	1.53341949176621
-0.575231397025982	0.395331818685513
-1.82060683537853	1.34328728713377
0.598879970311203	0.365418203215048
-0.580454860777739	0.322299416157362
0.635783000312998	0.566919616484047
-0.104397923721841	0.0558438585660396
-1.24921980676995	1.03276052609911
-1.13720417658415	0.878844760925168
-0.174514740171446	0.091236144615508
-0.174540515247827	0.0912397503894302
-0.829125832982878	0.606496399181627
-0.575166887313808	0.357410598881356
0.24997468863786	0.15509621575848
0.388565964607091	0.222757123212129
0.560670124227051	0.38812563402852
1.2049145732705	0.970896458378593
-0.0873025425552024	0.039747500646423
-0.707521172971948	0.478490781085457
-0.104242270957527	0.055723936849771
-0.237435025556225	0.139759404884096
0.546215912621286	0.400033984487797
-1.54135608443981	1.52099595733712
0.560829619502274	0.388087004529394
0.249918996642399	0.155043388295526
-0.575356088365925	0.395328277535935
-0.829161861228045	0.606385804968966
-0.429913148081275	0.243543922037474
0.20515621128702	0.110408160639295
0.89489507458496	0.722958418196703
0.0422388999443572	0.0213245448072465
-1.01638040429431	0.731261580326361
-0.0877575997881977	0.039961229689291
0.789137043859013	0.543954929220758
0.393998820278763	0.24221496570692
0.844452767399357	0.546400878858197
0.116390147511187	0.0683382847723855
0.393959851793225	0.242147071342183
0.921238684730593	0.552324794055389
-0.45344808773457	0.286801474904568
1.52014793989224	1.08660223194899
1.366695629223	1.36639748080382
0.205185767371981	0.110419404112476
0.396907832998828	0.26016900833182
-0.284610368617982	0.186529902170182
1.0303025222273	0.912237935965386
0.598777597268071	0.365412486093334
0.180903030217341	0.127712801313429
1.14098542907508	0.779786174713427
0.598684774774916	0.365349678431694
0.788882342572252	0.543663401868141
0.0588162361047195	0.0233573777261437
0.230607483632705	0.133708407209246
1.7121648932046	1.36318552916065
-0.320551710599551	0.185068852829541
0.710064754965551	0.546573518162947
0.921407174037824	0.552510092381016
0.0423180273406882	0.0213686808954471
0.205068011844753	0.110329366305932
-0.765911284023473	0.664621840825922
0.845291195858324	0.716326018412538
-0.400279254651867	0.199611151597535
-0.884839339172574	0.588760698482914
-0.88946547353368	0.760587091874175
-0.359393197227555	0.231133904553374
0.170068843650991	0.0842286987652546
0.0291536478842194	0.0173343313517333
-0.0497103073810723	0.0271767660161972
-0.580349831282464	0.322341566730602
-2.17994021791372	1.91940981612485
0.770019270869029	0.715944928973485
0.39395926482031	0.242165352884471
-0.19168054449394	0.0841002189352164
0.845377263377839	0.716505721388849
-0.237563643670217	0.139889377318265
0.681112152324062	0.552106999105438
0.0836589996523523	0.0457057522339226
-0.00605595616184998	0.00338810510091568
-0.320510826521617	0.185017428733123
0.230489218546085	0.133657096820458
-0.829125832982878	0.606496399181627
-0.174455736603005	0.0911793397790474
-2.93836718204633	2.42863702879741
0.204987095081449	0.110277608266342
1.14148035323186	0.780569854920254
0.668412566104476	0.343909313552279
1.77596874199006	2.32504207438873
1.03027797531706	0.912236172831184
-0.575373640090011	0.395365892817745
0.103194370131739	0.0731594095803135
0.116390147511187	0.0683382847723855
-0.00594815898577684	0.0033288897110876
0.396991343747782	0.260302212223515
0.968745395432687	0.897740647520748
-0.320549444926696	0.185002418311521
-0.268331253583185	0.137185477385768
-0.898625266144717	0.947002414326096
0.0423581224798044	0.0213887511464096
-0.0123546421621991	0.00578834044022463
-1.01159087669514	1.05228493549629
0.0423175407555787	0.0213672432919553
-0.352773164035232	0.278594621093881
0.788927613401003	0.543735628832399
1.03027797531706	0.912236172831184
-1.45013225086011	1.35185654436749
-0.453526186148828	0.286869848352417
-0.976598104893979	0.584662631574268
0.170170551402025	0.0842873863496133
0.393997845165748	0.242199850872686
0.230607483632705	0.133708407209246
-0.429811544627333	0.24349758007301
-1.62713010175437	1.69372733729606
-1.67827674680171	1.1536712482776
0.388496332191838	0.222697111196915
-0.324020247320629	0.133003472761622
0.394076784636599	0.242214048759041
-0.884405617644214	0.588451029547428
-0.400173652945427	0.199527805530166
0.598777597268071	0.365412486093334
-0.575297408923719	0.395494954102611
0.170253854508655	0.084308299304193
0.598758770307879	0.365305109651844
-0.792000758207755	0.632580193184753
0.249999051633764	0.155110314569276
0.0835896232229875	0.0456627648321035
0.230529605001091	0.133680510590328
-0.579172713101051	0.476815606065391
0.578103014416737	0.376604056005177
0.968851173200478	0.897748821620363
-0.119051795063341	0.0729424246276592
-0.359539696802017	0.23117343960908
-0.389502229031768	0.276897438560363
0.578073386398327	0.376592353319862
-0.13205824971141	0.0911295786547439
-0.237522053041442	0.139838739204885
0.0835689978452454	0.0456494284522933
0.598592016021916	0.365255436252484
-0.320513450752505	0.185034633111104
-0.898425436926081	0.946683568337214
-0.284637753148167	0.186595779542609
0.399555803367186	0.310608112167447
0.276856343203549	0.194257026192505
-0.17194241801976	0.103300002008729
0.396921876373531	0.260242745186634
0.789137043859013	0.543954929220758
-1.13716291945289	0.878934444802947
0.74527329935711	0.543470117704628
-0.791947866023476	0.632376985438541
-1.27863245309779	0.904117251927921
-0.268516230467572	0.137314152183712
-0.323178299118294	0.132626269521487
0.598286523308632	0.364998220512253
-0.795224362324753	0.428799566664676
0.378621720444965	0.200461497743518
0.365291442592988	0.175599214813201
-0.268626755667087	0.137386831811978
-0.581713996592567	0.277573942253515
-1.95839986267294	1.00468673041439
0.380210454264993	0.0703919958833987
0.844545950702728	0.546418242589737
0.668555938121203	0.343802243018554
0.369606368030708	0.158007050490895
0.369606368030708	0.158007050490895
-0.10435836928934	0.0558246704842912
-1.11095419840965	0.563287274191042
-0.841930055188795	0.366935621913115
0.170170551402025	0.0842873863496133
0.39693217152986	0.260242591337945
0.0292986876942501	0.0174185778309204
0.598777597268071	0.365412486093334
-0.0122727931927386	0.00575042631266952
0.116416853460594	0.0683500279560176
0.804509363564023	0.715541224437198
-0.575214202570672	0.395302322791315
0.120861037214257	0.0901450767496484
-0.119050952730279	0.0729657719248745
-0.119155063699346	0.0730306543138387
0.0588865751858242	0.0233783657021054
1.48064835847029	1.59256991728028
0.388681054646199	0.222839316744788
1.15418237740186	1.11171436938527
-0.0495745302389781	0.0271023358330422
-0.0877575997881977	0.039961229689291
-1.11045946877855	0.562965619456525
0.771092418292579	0.351048136725648
-0.400408163058232	0.199679139220261
-0.00285025275782294	0.000970864932132848
0.378599511099908	0.200427507791295
-0.400408163058232	0.199679139220261
-0.0879899279722201	0.0400547300286531
0.0423185594731741	0.0213690212508505
0.578014364927905	0.376465316524239
0.170087252377099	0.0842292700614622
0.170291083855716	0.0843143691116887
0.710040201323559	0.546575985920525
-0.414278245213892	0.322456924511869
-1.23397035939061	1.17463539668881
0.714519113042834	0.722451663400135
1.33430767166807	1.01938904096222
-0.0496302816821721	0.027135851275683
0.845232110476323	0.715933871076858
-0.26623635894636	0.195370452973076
0.740363668377399	0.718664951409302
0.789124946179673	0.543928830463125
0.956817602945034	0.73449782097703
-0.581997063456053	0.277602792429836
0.968746474968416	0.897488424679036
1.64835545844458	2.23565013787835
0.396911610810945	0.260226883174291
-1.01649196120194	0.731025053462923
-0.707561374899847	0.478454287577905
0.399648360072255	0.294722245354068
-0.0496302816821721	0.027135851275683
0.250099960707171	0.15512027724179
0.20515621128702	0.110408160639295
0.369028991156211	0.157669386495961
-0.843217940971981	0.367607429924714
1.81373109310973	0.679980770809146
-0.58178160921078	0.277642461693518
-1.82095360688059	1.34283875192802
0.789067188669125	0.543924706508862
-0.580266505812649	0.3222691862051
-2.54785943626347	1.76350051482849
0.170170551402025	0.0842873863496133
-2.37976970733574	2.31745267271479
0.23060629245481	0.133676654514964
-0.119164091334129	0.0730446137848314
1.14135042570868	0.78055702486602
0.230568482664177	0.133702810948979
0.0836450010510917	0.0456897563034637
1.65629052631995	1.51870809885327
-0.8291630429523	0.606447548597179
-0.580349831282464	0.322341566730602
-0.10439877968516	0.0558435022103617
1.33430767166807	1.01938904096222
-2.06937688685243	1.72527166988414
-1.51824496864762	0.95886148357615
0.578018102972575	0.37654181246198
0.533724054660687	0.412979576740409
-0.740262966664053	0.452575713375946
-0.174602660202585	0.0912810692303503
0.170476674244241	0.0844252521338301
-0.509736421835564	0.18505595748735
0.205237204149976	0.110442438968594
0.205126733349182	0.110389989862704
1.26784778815742	1.32119253232882
0.668481033440034	0.343942560095741
2.04411848801721	1.50755529099061
1.30501002656905	0.824855468544757
1.3050782004696	0.824547873287227
0.770731512231836	0.350809203466032
-0.0121246946184961	0.0056755007728869
-0.740372218460723	0.452702879152707
0.578018102972575	0.37654181246198
-0.087013278430865	0.0395876647952521
-0.00285025275782294	0.000970864932132848
1.52031552276731	1.08722702084927
-0.453528065982023	0.286864929800277
0.170365107743381	0.084383949304422
1.91776337016176	2.04036135165588
-0.174573431544604	0.0912716571979923
-0.0876962744306411	0.0399145093038125
0.0423175407555787	0.0213672432919553
-0.223988826737222	0.149434181804037
-0.320551710599551	0.185068852829541
0.745313846676038	0.5436625102872
-0.10431959113781	0.0558011663734158
0.709984993960025	0.54647805044063
1.15410398694209	1.11158896076567
1.03611851081783	0.753977377386706
0.365297493403005	0.175602120834692
-0.472010490785593	0.329884715637835
0.968824480394232	0.897796660670405
-0.0122973225407363	0.0057607405665406
-0.884588372446995	0.588819046433955
-0.0876742818866323	0.0399207835370522
0.399483514316159	0.294498225570922
0.844059703677712	0.546155801156035
0.170476674244241	0.0844252521338301
0.0836589996523523	0.0457057522339226
-0.829045880263185	0.606309559894997
0.533729511255781	0.413059845750498
0.598573351737047	0.365281015830231
0.205322120318226	0.110472881952952
-0.389476754562305	0.276862657049257
-0.453528065982023	0.286864929800277
0.393917712724174	0.24198867667774
0.28623261660378	0.212073377133324
-2.93899579199526	2.42966452051334
0.119616312676658	0.0536293120410217
0.0587457894570351	0.0233313383669741
-0.0122031973667483	0.00571711009301839
-1.04545943728127	0.878623755982339
-0.580244728564168	0.322288315069047
0.578073386398327	0.376592353319862
0.230448835221244	0.133616924089533
-0.104360717158204	0.0558152634709309
-0.284721778752584	0.186641819223279
1.60134042861547	0.907439175692279
0.0423191371419603	0.0213682662442981
-0.45344808773457	0.286801474904568
-1.13555209336582	0.742010647654425
0.142419603815384	0.0893858006289232
-0.104317072987356	0.055793431428916
-0.32047439866804	0.184974644576425
0.116311088160801	0.0682971565583205
-0.429602847129174	0.243221425057221
1.08250437840805	1.08891493958251
0.393998309938964	0.24221564521359
0.249964238369874	0.155088974064584
-0.087441370809686	0.0398097097825643
0.522479991389692	0.425167564338894
-0.191765997402019	0.0841406045300469
0.365297493403005	0.175602120834692
0.36935409343749	0.157893264397153
1.15410169288289	1.11148491281121
-1.82060683537853	1.34328728713377
-0.580244728564168	0.322288315069047
-0.0121701696544959	0.0057003464533006
-1.13542670488496	0.7418567226406
-2.82016737738118	2.21171563912828
0.598694180155987	0.365261024783485
-0.707558853458656	0.478426011644767
-0.0123792002568468	0.00579539781678623
-0.104240323570983	0.0557422972711465
0.0836384663419645	0.0456924625707961
-0.575262792708149	0.395475278382787
0.560629779366137	0.388016901080395
0.378599511099908	0.200427507791295
0.120028551647769	0.0538416400422945
1.20463576144653	0.970174679839973
-0.707440758239958	0.478286831278548
0.709984993960025	0.54647805044063
-0.237494251281423	0.13984879736702
-0.576508397483579	0.435141898308323
1.03619257372466	0.754073805053677
1.71274011577387	1.36370213045735
1.14109118869704	0.779945452114801
-0.747441306445603	0.70112759709782
0.397071079225297	0.260295399120431
-0.453410883438706	0.286644550994903
-1.06739387265663	1.03242776608034
0.788882342572252	0.543663401868141
1.12032721203138	1.2628063123332
-1.52951152333825	1.23776007440537
0.142332662718343	0.0893225200421159
0.394116494514894	0.242212002155318
-1.1372011518517	0.878877855828895
0.681138864658812	0.552115965679492
-1.40911140509099	1.06865061179304
-0.359386945138899	0.231126405674509
-0.049605941996654	0.027120013911584
-0.0496545327696726	0.0271489027461026
0.116311642762167	0.0682935907870279
0.230568482664177	0.133702810948979
-0.740572773029849	0.452729539581532
-0.0122154413396054	0.00572317029003499
0.378744180687792	0.200540698956173
1.83645064175416	1.20255680724847
-0.174488957080222	0.0912196505661504
0.410684422475736	0.149950448704565
1.03610915310578	0.754122517881413
-1.51824496864762	0.95886148357615
1.10694127975743	0.934813579276522
-1.35314419027325	1.18971757837058
-1.01640893026767	0.73117760288339
-0.580371561309725	0.322378988803852
-0.884531729589841	0.588722293116452
-0.320552374954212	0.185067543761871
0.57807733445384	0.376533066519482
0.378621720444965	0.200461497743518
-0.740171003604891	0.45253026277676
0.560710472183291	0.388178977785677
-0.104359977904879	0.0558212020500924
0.230569994594728	0.133686869744806
0.894895810166702	0.722918400089256
-1.27844165385962	0.903806240418973
-0.575273198865867	0.395479571147706
1.79301694329778	1.77782672458408
-0.174654363192555	0.0913057007302436
0.12011077257807	0.0538869679431261
0.0424373093427921	0.0214235517697407
0.0586794075255289	0.0232935922046704
0.38842674464191	0.222615317705505
0.170068843650991	0.0842286987652546
0.57804767962632	0.376553475673062
0.379126762983442	0.200717512701271
-0.40012660067552	0.199476376007637
-0.00219804389106728	0.000749243310235947
0.623156321552976	0.352260784925711
0.710089400663079	0.546494755378494
-0.320472728323707	0.18500883783832
-1.13708520351565	0.878330401491788
0.578154398334843	0.376565647581824
0.276957543704097	0.194350081764933
0.0836589996523523	0.0457057522339226
-0.237553290358037	0.139887377403942
1.49171111251611	1.42918809679625
0.0836037239607611	0.0456723801774988
0.917767763360839	0.88878296599692
0.250054720394824	0.155128740837758
0.393958227486122	0.24215020025454
0.769836738642772	0.715918546319006
-0.42988102086544	0.243519815871298
0.71005458211204	0.546523631413221
-0.284559075458792	0.186506721174197
-0.429811544627333	0.24349758007301
0.163597652775617	0.109126763570233
0.286059200046045	0.211966902979173
-0.687576058610729	0.510428737659488
-1.24918291230694	1.03264343593363
0.250033880806253	0.155122672155995
-0.268525347797909	0.137326910041535
-0.224032117734982	0.149465241808125
-0.429938030218216	0.243568625526263
0.396966874057929	0.260280317934537
-0.48731817121914	0.373612045744852
-1.27852480343949	0.903410737212595
1.30501002656905	0.824855468544757
0.397036327893221	0.260307683516976
1.586082976194	1.83075750845358
-0.45348851591146	0.286841831680638
0.56070923211041	0.38809432514031
0.393997845165748	0.242199850872686
-0.740463975085828	0.452748151314771
0.928914776534043	1.04965569098277
0.681192316792457	0.551994587110888
-1.40936032543671	1.06869854223513
-0.0496302816821721	0.027135851275683
-0.575331997851687	0.357565550468974
1.10690365623506	0.935256050369713
-0.191845547241302	0.0841467637805134
-0.268617700571665	0.137383094548257
0.709984993960025	0.54647805044063
-1.01626830299246	0.731124793594598
0.116442521357726	0.0683469170734584
0.249918996642399	0.155043388295526
-0.0124241753236879	0.00582014340182899
0.681218473171437	0.552041421472439
0.578021980853289	0.376453245041543
0.286369032595701	0.21218825393739
-0.0872097202919863	0.0396986290401776
-0.171862209567395	0.103236624255682
0.394077543950188	0.242263206421765
1.08239994117524	1.08895546508668
0.39881913022081	0.277785652864851
-0.268608623749507	0.137354005666895
-0.104359977904879	0.0558212020500924
1.33400897049058	1.01854945253589
1.33411183825359	1.01908962040694
-1.13716291945289	0.878934444802947
-1.82038153549035	1.34229056866581
-0.976748321602159	0.584724813841583
1.50460078691791	1.26737379434533
-1.24913989310017	1.03258996950677
-0.171862804969046	0.103246873333961
-0.0122398914365767	0.00573275860786979
0.917811263453036	0.888874826663204
1.49179193179728	1.42992111448034
0.789124946179673	0.543928830463125
-0.453527147708742	0.286874832407521
-0.352908440343581	0.278698500168376
0.546226339378666	0.400029781886946
0.119980963262918	0.0538242500271638
0.393998820278763	0.24221496570692
0.533695257233642	0.412975657935759
-0.0399452250491899	0.0254165150172458
-0.884757637448667	0.588875300711064
-0.00602792446630063	0.00337277124820236
1.30500783274078	0.824827623389173
0.95686907746069	0.734452920465337
0.230532158291543	0.133596118988146
0.74527329935711	0.543470117704628
-0.174488957080222	0.0912196505661504
0.230569216915851	0.133699107004068
-0.576660294513749	0.435353507469711
0.788952008697734	0.543735380200091
0.0424373093427921	0.0214235517697407
0.399761595035526	0.294759223374825
-0.575357921158135	0.357432462888578
1.14890107573023	1.43517451967736
-1.84158721489301	1.7702800352936
-1.33197952685661	0.762634981562714
-0.795557467610568	0.429227305973378
-0.941349427084676	0.739839943684221
0.394156519192633	0.242220776122244
-0.359446060402219	0.231222563721811
-0.359539696802017	0.23117343960908
0.170263129213505	0.0843313417776692
0.396897485244899	0.260186996927845
1.32363982547823	0.630907016675196
-0.00219804389106728	0.000749243310235947
1.26543271121499	0.354100739436288
-3.42292125876214	3.52066014679426
-0.581711492709736	0.277565100121143
0.0588162361047195	0.0233573777261437
-0.429742023619485	0.243444703250539
0.369516572123014	0.157905173750537
1.14098542907508	0.779786174713427
0.369191566451795	0.1578145382159
-1.51824651968381	0.959357860364367
0.62360515494983	0.352483156517297
0.393998309938964	0.24221564521359
0.771384657824967	0.351194621180954
-0.268719004618864	0.137442961534784
1.20484480287447	0.970839273891237
-0.320471387299354	0.184979124807724
0.894934078877069	0.722981050286936
-0.191930840094509	0.084187060728103
-1.95021168415333	1.53448054888632
0.62334464125878	0.352275197505216
0.62334464125878	0.352275197505216
-1.40916725954337	1.06883587092141
-0.453528065982023	0.286864929800277
0.788743144983653	0.543372735592732
0.623108714196451	0.352046458796775
0.623310226916259	0.352247296600144
1.88348371329034	1.64315533909954
-0.268442067773453	0.137211724852862
0.560672269912082	0.388121508634766
-0.976365401250023	0.584398859616745
0.0587435559436112	0.0233296694197922
-0.581919931251469	0.277594706556918
0.205211481751657	0.110438490596475
0.0587435559436112	0.0233296694197922
0.365800551476186	0.175897140276846
-0.171782569403632	0.103149427518052
0.36562514309808	0.175747510721222
-0.268709990012556	0.137422886733516
-0.268534443406287	0.137314478717515
0.170161317325234	0.0842725965010529
-0.581924444867391	0.277715453255469
0.844142036023125	0.546193480334791
-0.320552993853204	0.185056332829789
-0.795393581006976	0.428915099435138
-0.0496439894741144	0.0271417412631816
0.16324067049844	0.108837443668726
-0.0872202098935879	0.0396925932505551
-0.359473143908641	0.231179849951258
-1.64085523238616	1.41136280987005
-0.268700953674932	0.137362443339366
0.276749098077161	0.194104535998081
-0.049699798202934	0.0271720496482323
-0.575183121909418	0.395289044837044
0.54620015589901	0.399948254223703
-0.320551710599551	0.185068852829541
-0.00609022997363264	0.00340671392082021
-0.11921660580599	0.0730597546255188
0.598295700956373	0.364991769480157
1.65634785966157	1.51944603411736
-1.40923601283174	1.06895555446208
0.142436808007148	0.089397816024869
-1.01629703450164	0.731142799198732
-1.24914351063808	1.0324599382244
0.170078037123426	0.0842362332696313
1.35565840151789	1.19659624976322
0.276848757227263	0.194245371711501
1.20490239363088	0.970865504289273
1.56254804759254	1.99657535462009
0.293598503474093	0.229059371179735
-0.174544124873814	0.0912564848517119
-0.0496545327696726	0.0271489027461026
1.37319578559241	1.53967952129036
-0.4534876275693	0.286851758282326
-0.707482479345284	0.478426084681255
-0.576615023024312	0.435396115854758
0.14230638370502	0.0892971544498863
1.4917523946474	1.42970643407314
-0.453485720976542	0.286825894441277
-0.0060016948213122	0.00335844422206687
0.546295972751385	0.400029492366873
-0.00968008963281656	0.00626733742134901
-0.747369787694056	0.700947845090288
0.546226339378666	0.400029781886946
0.250054720394824	0.155128740837758
1.52015070189972	1.08699171306418
-1.2491804841411	1.03278535988771
-0.575217747559456	0.395392146945716
0.365545538878326	0.175812862473331
-0.575245017312682	0.39512504362417
-0.00285025275782294	0.000970864932132848
0.956847205934777	0.734460761323295
-0.687589644821375	0.510540860097034
-2.18887464496301	1.26943367833825
0.24997468863786	0.15509621575848
0.398926464046408	0.277796782596456
-0.237508265376135	0.13986368143934
-0.17194241801976	0.103300002008729
1.52014793989224	1.08660223194899
0.522730930370633	0.425489918539902
-0.237463240563307	0.13982242209813
-0.674370456569924	0.547283897739614
0.23052811985298	0.133680230051694
0.396911610810945	0.260226883174291
-0.268626755667087	0.137386831811978
0.398767805122141	0.277715796239038
1.36660143337291	1.36662379300153
-0.45344808773457	0.286801474904568
-1.27873173123899	0.90423664025219
-0.884588372446995	0.588819046433955
0.891313371312158	1.04281450120902
-0.11900751032464	0.0729305191174992
-0.665798918451399	0.586215709382854
-1.01643265829308	0.731047018038292
0.917767763360839	0.88878296599692
-1.06705678118572	1.03217334902643
-0.171782569403632	0.103149427518052
0.681191222086461	0.552178497097358
-1.23396896235565	1.17427607605811
0.623392508810783	0.352425458002545
-0.429811544627333	0.24349758007301
0.116417411473758	0.068346745975318
0.119721962669471	0.05367778814112
-0.389571861719597	0.276987446397204
0.57798860447689	0.376498020652567
-0.575238543494442	0.395420803834069
-0.0495397768279468	0.0270801657264626
-0.119233809449015	0.0730760573740669
0.710050456446237	0.546540188914372
-0.323590457207612	0.13278129535799
-0.581994808915607	0.277702693030477
0.623392508810783	0.352425458002545
0.388541546903607	0.222697290635901
-0.268617700571665	0.137383094548257
-0.320551710599551	0.185068852829541
0.170467253006703	0.0844304182125656
-0.575415941252815	0.357507028660629
-0.575306066526481	0.357587683954408
-0.0875468540215103	0.039864629429921
-2.93845796854297	2.42917159160145
1.03044771411581	0.912295608480516
-0.740280398947646	0.452574775308571
-0.268414594212216	0.137235508430333
-0.284610968668376	0.186565346958041
0.0423175407555787	0.0213672432919553
0.116310568788396	0.0682939752654957
2.04419091510948	1.50859841746199
0.116390687051258	0.0683388411885374
-1.01640893026767	0.73117760288339
0.205097333541243	0.110364406966335
0.709950224334504	0.546403699666405
1.14132666656629	0.780469271001445
-1.23410322254368	1.1746499805901
0.957013386292613	0.734584209866301
0.59856405223488	0.365185921295606
-1.74469424064732	1.58960029595648
1.71239929108822	1.36398339516012
0.249918996642399	0.155043388295526
-1.95003208437789	1.53411554644338
0.623132503431904	0.352217814060037
-1.01632568858977	0.731113879108834
0.170281743912202	0.0843350879613783
-0.889437414067685	0.760463540772453
0.264961340501085	0.175227183663405
0.230449616124751	0.133620924510745
-0.795224362324753	0.428799566664676
-0.976620884568423	0.58466531707052
0.560633505652708	0.388001268604152
-0.40012660067552	0.199476376007637
0.399587681769864	0.294665274894848
0.0587457894570351	0.0233313383669741
1.26790166121949	1.32146029517109
0.169976433422897	0.0841776092708832
1.28519665544187	1.49618758641928
0.205123128476221	0.11035959863149
-0.119077183004402	0.0729893994545596
-0.471984971010848	0.329858934046868
-0.359494406168952	0.231225074914111
-0.284643871126821	0.186589672476718
0.205071546672453	0.110351538960765
-0.174657693246584	0.0913100721629379
-0.674353215160564	0.547253277290427
-1.27883884865679	0.904144068840404
-0.4534876275693	0.286851758282326
-0.223919542840989	0.149369843074371
-0.580603062995071	0.3224974752442
-0.453484702733794	0.286786318132861
0.029371177674185	0.017466505112097
-0.237528955596091	0.139874316638003
0.512566193353126	0.437855645725552
-1.74461604577035	1.59012768298437
0.142497480573903	0.0894313215603857
-3.33762289473749	3.29868735007349
-0.0496755348028971	0.0271594987077226
1.18738303450764	1.28838105818122
0.230529605001091	0.133680510590328
0.656647435294619	0.55922623434607
-0.580624647641511	0.322477621178051
1.83600682357126	2.17350214245792
-0.0874192319868208	0.0398048854826958
0.917716213462671	0.88863679933488
0.546191546545707	0.399994409087937
1.28521172611516	1.49606086356584
0.0423586690649514	0.0213879798283963
0.37882650870246	0.200579110731171
0.0836589996523523	0.0457057522339226
0.560670796042941	0.388152961154497
-0.320471387299354	0.184979124807724
1.49183148920935	1.4300353891087
0.844256005489486	0.54634206000507
0.265075171393988	0.175390756254714
-0.45344808773457	0.286801474904568
-2.54824416464142	1.76441987002863
-0.79205302877093	0.632666361819491
-0.0122398914365767	0.00573275860786979
-0.687613685418675	0.510543809311169
-0.581854188280408	0.277697073220254
-0.575309095809477	0.357521379838328
0.0836732250012232	0.0457098608963882
-0.941235175189046	0.739686552561918
-1.74465839565609	1.59027302509823
-0.237522053041442	0.139838739204885
0.804412629089121	0.71539232069371
-0.472090142363915	0.329989660400954
0.180780497730375	0.127560681475548
0.398844508987658	0.277573933970585
-0.389554638051472	0.276976782703639
-0.747569924799991	0.701157323942139
-1.35318459990941	1.19020825619065
0.398986587271914	0.325944794418626
0.058381078104673	0.0369790675322971
0.0423586690649514	0.0213879798283963
0.578073386398327	0.376592353319862
0.928711319715985	1.04940618354745
0.39966555312206	0.294716052552105
-0.792026255215612	0.632615510131616
0.968799368199568	0.897486461259812
0.120134631761478	0.0538964433430745
0.398766731125854	0.27775320365002
-0.580139552543401	0.322178443064124
1.61587893642245	1.67157166373218
0.0162276954150181	0.010950888197674
-1.27872364579987	0.903836429245258
-0.268719004618864	0.137442961534784
0.388750876020199	0.222881622076993
-0.740271693618544	0.452632126761163
-0.268921114931938	0.137530879122937
-0.0121004029027061	0.00566746725900745
0.745354472025364	0.543607393786942
-1.82070949259818	1.34281782363061
0.84396677894642	0.545976603034212
-1.34624963687459	0.491942491282243
0.0586752350175879	0.0233026661375095
-0.740363553407265	0.452677488340356
0.388623453802359	0.222807132021994
1.30493518989809	0.824586536199374
-1.04540091106297	0.878624339051669
-0.320471387299354	0.184979124807724
0.668341817602373	0.343821264073672
0.116232030628555	0.06823772309015
-1.14280050233677	1.02411629193032
0.546215912621286	0.400033984487797
0.394039491168087	0.242187800604762
0.956872912425269	0.734592065785687
1.52023308903483	1.08716538684327
0.845287911814635	0.715989079236686
0.0586730762067555	0.0233010280801353
-0.237549527544157	0.139857738734445
0.710029975803891	0.546567476157879
-0.429811544627333	0.24349758007301
-0.740271693618544	0.452632126761163
0.0837246652137574	0.0457243692910913
1.0360071240707	0.754049538610323
-0.268617700571665	0.137383094548257
-0.0495502533430002	0.0270872836979097
-0.171915691025506	0.103283513926992
0.745472381391947	0.543686241026447
-0.320472728323707	0.18500883783832
0.622920670421795	0.35200755441296
0.0587435559436112	0.0233296694197922
0.230452219096468	0.13358174972217
0.740348131113181	0.718610126243033
-0.0876522636543796	0.0399151556854039
0.710019779881786	0.54651756556299
0.378621720444965	0.200461497743518
1.35566230818251	1.19638380160201
-0.0496511828299678	0.027144046289517
0.968613416603296	0.897008020491832
-0.829164181524425	0.606473226288315
0.116205314953024	0.0682165657958919
1.79287742041084	1.7772245011858
-0.0122276726897269	0.00572835891609193
-0.359424999637583	0.231221859869823
0.170263129213505	0.0843313417776692
-0.453485720976542	0.286825894441277
1.03035772769532	0.912497242726863
0.397089067602494	0.355010066154024
1.0596257295169	0.577674605165275
0.0836937122363792	0.0457231254747843
-0.23749787590423	0.139847890981541
-0.171916249530567	0.103284333532777
0.0294317559776991	0.017500084254892
1.0823126058919	1.0885571514316
0.52267882295091	0.42560419311399
-0.359369143638256	0.231145767097351
1.0227638430039	1.07136577502124
-0.00605468831058989	0.00338734248617692
-0.841930055188795	0.366935621913115
0.38842674464191	0.222615317705505
-0.237494251281423	0.13984879736702
-1.13716389690442	0.878922923019374
1.18743567187922	1.28863215713948
-0.1042416652485	0.0557331793427127
-0.400150141167734	0.199526819273677
-0.174573431544604	0.0912716571979923
0.396991343747782	0.260302212223515
0.23052744239938	0.133668602137409
1.4918700932737	1.43016010723581
0.668339794470315	0.343828614069647
1.61587893642245	1.67157166373218
-0.453528065982023	0.286864929800277
-0.400279254651867	0.199611151597535
-0.320512862899764	0.185045864651848
0.398925379879744	0.27784571120507
-0.174459521127491	0.0911992843731911
0.0423185594731741	0.0213690212508505
-0.1720220241691	0.103328540291444
0.546132530278534	0.399814025029196
-0.792027504082718	0.632601357419854
-0.976493244523567	0.584555562455094
-0.0123546421621991	0.00578834044022463
0.250009479618193	0.15511754145689
0.394037483159254	0.242231885268213
-0.268912224783566	0.137532775591647
-0.575137634129499	0.357362692467294
-0.049665047876336	0.0271547943089435
0.844059703677712	0.546155801156035
0.265081519963287	0.175388771904212
0.623132503431904	0.352217814060037
-0.268719004618864	0.137442961534784
-0.740078977484018	0.45240201762335
-1.40940270657111	1.06909659425454
0.042317099728294	0.0213645753710401
0.042279016727012	0.0213478495403599
-0.45344808773457	0.286801474904568
-1.04544624457929	0.878646931198408
0.874618758700017	0.882828886251141
0.205237204149976	0.110442438968594
-0.0495502533430002	0.0270872836979097
0.293659129723641	0.229117185897939
-0.104318795135885	0.0558015566425405
-0.17189007357759	0.103262278865495
-1.64075606505555	1.41035278927194
-0.707441551292643	0.478324166306425
-0.00930704942188444	0.00602544561254524
0.837562559061058	0.879559243574078
-0.884531729589841	0.588722293116452
-0.852300010663562	0.788262510352683
0.681112152324062	0.552106999105438
-0.509736421835564	0.18505595748735
0.276726450464702	0.194098335619349
-0.687603013915394	0.510501564263782
0.578132720644533	0.376583680720049
-0.687592314281429	0.510430782492829
0.369533728475468	0.157989232089938
0.205185767371981	0.110419404112476
-1.68927982557917	2.17161063090487
0.14251468439121	0.0894342832782798
-0.265974871574847	0.195135255991868
0.769966665785145	0.716247053036143
-0.453486695923122	0.286846798923099
0.0422784535101385	0.0213474939483703
-0.0943429345376615	0.0270782219083277
0.365377058174033	0.17570635540703
-0.323679539396547	0.132867515469766
0.170170551402025	0.0842873863496133
0.623392508810783	0.352425458002545
-0.509736421835564	0.18505595748735
0.393958723380873	0.242166010414656
-0.00125614142680821	0.000428435382610242
-0.400020822389192	0.199426194116488
-0.268719004618864	0.137442961534784
-0.119164091334129	0.0730446137848314
-0.191683506242611	0.08409339741583
0.578132720644533	0.376583680720049
0.410684422475736	0.149950448704565
0.745393530540733	0.543722108365821
0.789042951759911	0.543678476941508
1.10702141518319	0.935795118052283
0.921576008172099	0.552528958374128
-2.38298677712539	1.52480996919281
0.921400946067005	0.552103577200627
-0.320551710599551	0.185068852829541
0.956843336205729	0.734548363620484
-0.320514489979456	0.184979565622572
-0.191848441999651	0.0841748012731843
-0.740289082627456	0.452349498567906
-0.0876522636543796	0.0399151556854039
0.62334464125878	0.352275197505216
0.378621720444965	0.200461497743518
0.59856405223488	0.365185921295606
1.10706194257041	0.935925458227292
0.394078485702876	0.242244126778131
1.06012940531189	0.577842537391584
-0.0497103073810723	0.0271767660161972
1.03591449475179	0.753942920815292
-0.0876302197595823	0.0399015975036765
1.0597155655144	0.577756640140593
1.30501217205153	0.824788016597256
-0.829122506699366	0.606416348519176
-0.434601854725729	0.367746024010092
0.0423180273406882	0.0213686808954471
-0.104279201245991	0.0557745263714602
0.0423581224798044	0.0213887511464096
0.394037916789735	0.242247660525564
-0.453484702733794	0.286786318132861
-0.453448946127104	0.286791526836624
-0.174488957080222	0.0912196505661504
0.533773156700181	0.413078565518056
-1.14274695959011	1.02417125200849
-0.687541298521509	0.510297639889351
0.895053859204848	0.722866942259889
-0.284690749169628	0.186622122631434
-0.740179770854738	0.452503944476729
-1.13542670488496	0.7418567226406
0.230528840720756	0.133684195378615
0.120240788194207	0.0539451931203284
0.617201009007859	0.575387423983224
-0.576588825025321	0.435398633028466
1.71234035060621	1.36303723451158
-0.268331253583185	0.137185477385768
0.788927613401003	0.543735628832399
0.789137043859013	0.543954929220758
-0.266114399901843	0.195245938095702
-0.45344624098908	0.286775668100434
0.0836243033187161	0.0456856938071087
0.399487324315707	0.310525268774328
0.399545172814485	0.294355390816184
-0.284690749169628	0.186622122631434
-0.237452844481152	0.1397982931458
-0.237563643670217	0.139889377318265
-0.389545656023789	0.276943365752031
-0.174544124873814	0.0912564848517119
0.0422394942241809	0.0213249154647207
-0.171889531829943	0.103267851984991
-0.171835455099453	0.103204869310422
0.378727390829471	0.200531723202199
-0.0496545327696726	0.0271489027461026
-0.4534876275693	0.286851758282326
-0.23746978542982	0.139808115240825
0.230569216915851	0.133699107004068
0.681032559683285	0.551895493827588
0.709970737948806	0.546462186417456
-0.472118030867994	0.3299950821969
-1.74465839565609	1.59027302509823
-1.40911140509099	1.06865061179304
-0.0121579779232437	0.00569550785644836
-1.82048438090692	1.34311704053731
-0.0872920717273817	0.0397381772141896
-0.580729389571412	0.32253060389535
-0.191848441999651	0.0841748012731843
-0.740472578230699	0.452738938330306
-0.884770354939938	0.588923492607131
-0.576669173874805	0.435461314962273
0.365377058174033	0.17570635540703
-1.45022307596246	1.35229662165663
-1.84151846927504	1.77089565717417
0.116258755452954	0.0682558216366892
0.394038396008532	0.242246959131393
0.0422779358186762	0.0213460423590448
0.388553749445873	0.222747063630089
-0.941179608673449	0.739246592488684
1.20503001040664	0.970801529945006
-0.740280398947646	0.452574775308571
-0.23751862527221	0.1398723323227
0.16360538205818	0.109135222249421
1.0360164195216	0.754015797721942
0.394077543950188	0.242263206421765
-0.104397923721841	0.0558438585660396
-0.57525235701754	0.395450864272708
-0.119059968489727	0.0729770777774155
0.394037916789735	0.242247660525564
-0.320512229568985	0.18504719516924
0.710064754965551	0.546573518162947
0.265075171393988	0.175390756254714
-0.049699798202934	0.0271720496482323
-0.687603013915394	0.510501564263782
0.276817844835418	0.194165256923852
0.029293325983083	0.0174211094865384
1.03610915310578	0.754122517881413
0.276905740271892	0.194258797232936
-0.0496197888314195	0.0271299727345174
0.394116820155748	0.242245377382797
-0.575335061941683	0.357592851898839
-0.118938635841517	0.0728728136696078
0.844059703677712	0.546155801156035
1.20490239363088	0.970865504289273
-0.579172713101051	0.476815606065391
-0.389571861719597	0.276987446397204
-1.14271948192209	1.02409511905502
-0.0760363107864016	0.0475010220115904
0.894934078877069	0.722981050286936
-0.284584759141434	0.186548168598305
2.45951466304551	1.40053088832648
-0.509374833429822	0.184772228694338
-0.582065280649373	0.27762664842979
1.6010510490733	0.907306853764938
1.3240029948815	0.631669573381819
-1.35316337837052	1.19040351769354
0.388924565354116	0.22283482479451
1.14182325020874	0.780421813718792
-3.04859567188031	2.64278648974567
0.378599511099908	0.200427507791295
-0.884588372446995	0.588819046433955
-1.13532229991961	0.741731857047717
-1.13544780775655	0.74188588614203
0.598963433724807	0.365436865536314
0.397056868871953	0.260248115439972
-1.45019942928392	1.35237281094304
1.65620855919006	1.51955240277114
0.379116064659508	0.200647516113603
0.398872498945576	0.277846608081507
-0.57525108074046	0.357535915462596
-1.27892979719854	0.904273659674969
0.170050522147843	0.0841594106637196
0.0587479747293442	0.0233295790834769
0.745274814271535	0.543528445163776
-0.174595720600663	0.0912599637275144
0.378940602994957	0.200651612788855
1.30493947629717	0.824751306985012
0.365459706351774	0.175748040889583
0.0587457894570351	0.0233313383669741
1.14135042570868	0.78055702486602
0.668481033440034	0.343942560095741
0.956813838104802	0.73441190289006
-0.0873848714595538	0.0397782837000225
-0.26843293162844	0.137254509896172
0.965708155966886	0.36469686787148
-0.510019488188717	0.185108792567341
0.522756668453131	0.425631701588842
1.33429726654848	1.0192474151438
-1.40916725954337	1.06883587092141
-1.27863245309779	0.904117251927921
1.03036199864332	0.912094478712103
0.116257684859797	0.0682579104908087
0.230528840720756	0.133684195378615
1.21152177952714	1.46202196058322
1.08234859324495	1.08878460080999
0.740318666933788	0.718565134681583
0.398845341000969	0.277778065636219
0.503615265739403	0.450088841275396
-0.57525235701754	0.395450864272708
0.714515595406263	0.722464279692395
-0.829087361933432	0.606402072678441
0.250009479618193	0.15511754145689
0.623286300486041	0.352340568865308
1.36662599458744	1.36652856874857
0.394077141483602	0.242247453289519
-0.104359195281209	0.0558242971418694
-0.284611534579334	0.186578592719199
-0.0120882381999243	0.00566213416702119
-0.300807726705563	0.240669789019128
0.116257202425565	0.0682483847776312
0.365465936752018	0.175750334952689
-1.13716389690442	0.878922923019374
-0.0122850641813574	0.0057559911383436
0.623050316446066	0.352135083519687
-0.10439877968516	0.0558435022103617
0.0837387060859554	0.0457409019500633
-0.665927385134618	0.586298163587666
-0.0758541746355751	0.0473838931485333
0.681165586147454	0.552082858182599
-1.11037257681918	0.5626800271598
0.39693217152986	0.260242591337945
0.39693217152986	0.260242591337945
-0.829085333646607	0.606448881785564
-0.00603882147963894	0.0033785439809195
-0.23749787590423	0.139847890981541
-0.237508265376135	0.13986368143934
0.681164528369224	0.552169548046072
0.560711885972035	0.388147474403836
0.378837053043127	0.200602993253842
0.0835653393931238	0.0456395289170309
-0.389546421629441	0.276844082510155
-0.0871992063586919	0.0396936425795753
0.205215401620106	0.110423220049136
-0.320551710599551	0.185068852829541
-0.359414427010868	0.231205255371581
-0.580139552543401	0.322178443064124
0.398741078960888	0.277693005474053
-0.23753249504683	0.139862904500148
0.369606368030708	0.158007050490895
-1.94983813164553	1.53379618716286
-0.740271693618544	0.452632126761163
0.448522591387813	0.125734578837285
-0.00609959066529759	0.00341188683804713
0.623214694383015	0.352054805630605
1.24270784447341	1.14724435206929
-0.4534471860208	0.286796541603711
-0.0059780527050773	0.00334487908149506
-1.70839474176232	1.8704017130878
-0.104357499932016	0.0558222115623603
0.956762326002398	0.734344329952799
0.578103014416737	0.376604056005177
-0.320553567284933	0.185034774686656
0.0423167042686159	0.0213602814663017
-1.04548089283357	0.878581867965279
0.250044286495274	0.155129883729938
-1.23402337265042	1.17477650596271
0.623156321552976	0.352260784925711
-0.453527147708742	0.286874832407521
0.293330773726116	0.228692989307249
0.116284918076701	0.0682785512631978
-0.171916249530567	0.103284333532777
-1.52959235860103	1.23848521961995
-1.13716291945289	0.878934444802947
-0.45348851591146	0.286841831680638
0.968797796743646	0.897766270089067
0.180899538451294	0.127709943615582
0.23052744239938	0.133668602137409
-0.171862804969046	0.103246873333961
-1.64078895641047	1.41140793786086
0.029371177674185	0.017466505112097
0.249960943195649	0.155054146101795
-0.389554638051472	0.276976782703639
1.0304272807277	0.912483966401826
0.230410887697015	0.133569562620841
-0.104321052984697	0.055792102665587
-0.399891298101968	0.19930573844766
0.24997468863786	0.15509621575848
-0.795309039080444	0.428876705357968
-0.32351770392979	0.13279342860992
0.0587479747293442	0.0233295790834769
-1.1106194968633	0.562870946942689
-0.429868625622534	0.243546443419877
0.966611652025928	0.36540950209132
-1.82085118306358	1.34330839953254
2.45916267875384	1.40009990624383
-0.0875026457018197	0.0398390244357153
-0.17477071306163	0.0913167705769517
-2.18919336135836	1.26985540555962
0.844256005489486	0.54634206000507
-0.0123423441710936	0.00578321495826335
0.598388187690383	0.365124289578113
0.668406126703993	0.343748672064122
-1.13544780775655	0.74188588614203
-0.581994808915607	0.277702693030477
-0.430164957131647	0.243556971794141
-1.1351966006618	0.741522528545178
-0.0120427162386852	0.00563902996727752
-0.0122398914365767	0.00573275860786979
0.388553749445873	0.222747063630089
-1.14895429495608	1.17733228523613
-0.00314254953332322	0.0010707871322457
0.369947629246914	0.158137464148818
-1.40938958129043	1.06886726566063
-0.0495745302389781	0.0271023358330422
-0.581711492709736	0.277565100121143
0.365545538878326	0.175812862473331
-1.51800010062331	0.958381636297396
-1.82060683537853	1.34328728713377
0.577933404864359	0.376418315640524
-0.795475547334051	0.429156033723791
-1.51824651968381	0.959357860364367
0.0835896232229875	0.0456627648321035
-0.104318795135885	0.0558015566425405
1.35565840151789	1.19659624976322
0.170272425689712	0.0843399388739337
1.61595898376722	1.67211268918592
0.0586752350175879	0.0233026661375095
0.37903365004806	0.200695229132283
0.116204798944121	0.0682148521997068
-0.104438344365117	0.0558578997968403
-0.104397923721841	0.0558438585660396
-0.174345060730488	0.0910967243967647
-0.487300826475475	0.373603444660506
0.195488254329222	0.145469262171776
0.249935880135386	0.15504472598293
-0.0123546421621991	0.00578834044022463
-0.0495850290263104	0.0271094689755234
0.709915470992916	0.546289369553832
-0.740372218460723	0.452702879152707
-1.27854119798091	0.903987291667409
0.38842674464191	0.222615317705505
0.393998820278763	0.24221496570692
0.365126446666685	0.175430585403219
0.709995212937178	0.546527977701222
-0.976598104893979	0.584662631574268
-0.581992602634161	0.277694049871378
-0.829085333646607	0.606448881785564
-0.00605595616184998	0.00338810510091568
-0.104359195281209	0.0558242971418694
0.578014364927905	0.376465316524239
-1.04533414306175	0.878297848800093
0.205181952499019	0.110420289382553
0.230567791841672	0.133698864313426
0.388693203120202	0.222849389931697
0.578073386398327	0.376592353319862
0.394117608350336	0.242260360238849
1.60047119601252	0.906629847858136
-0.580349831282464	0.322341566730602
0.365548699035189	0.175813952012173
0.205123128476221	0.11035959863149
-0.795393581006976	0.428915099435138
-1.74465679560679	1.59030214578938
-0.17189007357759	0.103262278865495
0.0424773864390186	0.021435442581353
0.546215912621286	0.400033984487797
0.042356756117408	0.0213843480987584
-0.487335464172586	0.373678306390831
0.560749556461197	0.38815237075861
-0.400150141167734	0.199526819273677
0.286332084063357	0.212193627317583
0.276879695722599	0.194264477441635
-0.434529285262635	0.367268423875214
-0.674457275115626	0.54736397419333
-0.829045880263185	0.606309559894997
-0.174481458144268	0.0911696304552348
0.142289186636914	0.0892851483999131
0.249964238369874	0.155088974064584
1.33429726654848	1.0192474151438
-0.580454860777739	0.322299416157362
-0.580016262315733	0.322066841910722
-0.581784038930277	0.277651257807727
0.623498793602424	0.352474627314365
-1.51816394787249	0.959194058305068
-1.13555209336582	0.742010647654425
0.623286300486041	0.352340568865308
-0.509736421835564	0.18505595748735
0.230448097698912	0.133605266312707
-1.1355941300797	0.741582759971793
1.83628959712708	1.20186314230777
-0.976470386658705	0.584506017782514
-1.24917788399699	1.03270342574167
-0.171862804969046	0.103246873333961
-0.174133292824064	0.118174768698698
-0.389354733663266	0.276687837343797
-0.792132691140584	0.632612756745778
-0.707402831704788	0.478100507733825
0.398793429534845	0.277791401936865
0.681085449140647	0.552060302462675
-0.884575760396575	0.588743079775032
-0.174654363192555	0.0913057007302436
0.170365107743381	0.084383949304422
1.03571114443294	0.75335285754282
0.623498793602424	0.352474627314365
0.845336444937576	0.716445527359605
-0.766110166652634	0.665005323857833
0.0836384663419645	0.0456924625707961
-0.665686290046106	0.586041387253788
-0.178650466965961	0.134780908064433
-0.237477008220666	0.139788229916141
0.0423592611971083	0.0213859834041211
-0.191845547241302	0.0841467637805134
-0.414089335359854	0.322315739242084
0.39977879662834	0.294768317205988
-1.35321091806705	1.18986365638451
0.894854026835275	0.722738214233222
-0.104320343754685	0.0557980556015589
0.578073386398327	0.376592353319862
0.142393336926836	0.0893680462941138
-0.11908539347234	0.0729677596097008
0.0836139988449978	0.0456801177731202
0.623050316446066	0.352135083519687
0.95689862688858	0.734589435516779
-0.94127265217132	0.739726063502999
0.205071546672453	0.110351538960765
0.89501413331941	0.7229673356002
-0.580624647641511	0.322477621178051
0.378847621753956	0.200589252322247
0.0423197603352864	0.0213662872995593
0.560632673606397	0.38807023461074
-0.687546991239867	0.510306174804898
0.656803174572888	0.55943957449011
-0.429717328287132	0.243304133254808
-0.10435836928934	0.0558246704842912
1.08238282667856	1.0889579102222
0.0423180273406882	0.0213686808954471
0.365462810263777	0.175771126538925
-0.191851314271925	0.0841724378088938
0.119957212376391	0.0537989379879724
-0.792107686861037	0.632486333749487
-0.174540515247827	0.0912397503894302
-0.119251014460645	0.0730883740720197
-0.575306066526481	0.357587683954408
0.845232110476323	0.715933871076858
0.874679600154998	0.882918820915764
0.0837387060859554	0.0457409019500633
-0.765997750101535	0.664851949777713
-0.104241016119467	0.0557391571391395
-0.19168054449394	0.0841002189352164
0.388565964607091	0.222757123212129
-1.24917651944588	1.03256900421716
0.170179807255207	0.0842887264509299
0.276905740271892	0.194258797232936
0.681032559683285	0.551895493827588
0.163521461549842	0.109054236062931
-0.944056937240152	0.27675044454811
0.388762997440806	0.222873844908431
-0.119120635310023	0.0730184164425326
-0.57992373851397	0.321874824648446
-0.268921114931938	0.137530879122937
0.0423586690649514	0.0213879798283963
-0.707562124749412	0.478409531627859
-0.580349831282464	0.322341566730602
0.560710472183291	0.388178977785677
0.399571117178865	0.310578974456349
0.276856343203549	0.194257026192505
0.249908580450366	0.155019728615873
-0.359390272612402	0.231190890343253
-0.795136887870371	0.428761710415251
-0.687579023630957	0.510524309186091
-0.47209131567218	0.329997648951972
0.714308688217527	0.72202453549712
0.399613969838884	0.294688810700674
-0.934029126957023	0.917493067631835
0.917811263453036	0.888874826663204
-0.0121579779232437	0.00569550785644836
1.28531899017825	1.49624988470432
0.788870111606042	0.543674142964954
-0.104318795135885	0.0558015566425405
0.57804767962632	0.376553475673062
-0.131994247149854	0.0910768244454459
0.170263129213505	0.0843313417776692
1.68430091043229	2.07525858257455
-0.852542282645619	0.788665389654959
-0.00611672424579643	0.00342127588536024
-0.575321527408188	0.395445387250263
-0.829046886140212	0.606302173283558
0.116285489428612	0.0682708652299546
-0.049665047876336	0.0271547943089435
0.874542637231832	0.882616353603716
0.0583363281919605	0.0369522564412998
0.0823913349946196	0.055330209600794
-0.981009551900245	0.894246027856386
0.710124235547128	0.546425655743705
0.142540946604567	0.0894530191286025
0.116258755452954	0.0682558216366892
0.116284918076701	0.0682785512631978
0.388693203120202	0.222849389931697
-0.829045880263185	0.606309559894997
0.365548699035189	0.175813952012173
-0.00190672948753378	0.000649411384947845
-0.0121457735954574	0.0056898242385988
0.84434901377286	0.546409530474438
-0.0876302197595823	0.0399015975036765
-0.0496859935586384	0.0271630129061038
-1.70838611344543	1.86936129487691
-1.74465679560679	1.59030214578938
0.205126733349182	0.110389989862704
0.393998820278763	0.24221496570692
-0.0871992063586919	0.0396936425795753
-1.64087248783602	1.41086323809286
0.681243609426571	0.552113682501691
0.388820742451007	0.222906122652098
-0.575366592824322	0.395352734293399
1.03620195042652	0.754167711587714
-0.104357499932016	0.0558222115623603
0.917784943919239	0.888738205345669
-0.0122973225407363	0.0057607405665406
-0.359414427010868	0.231205255371581
0.39693217152986	0.260242591337945
-0.237483943959794	0.139846828265212
-0.829165276939393	0.606465936301729
-0.005974931279798	0.00334374083564817
-0.10439877968516	0.0558435022103617
0.522579810632961	0.425498404100104
-1.36988523885841	1.63832088037971
0.116363971797762	0.0683270914761228
0.740158979922831	0.718342119073621
-0.852307870199791	0.788364412610409
1.3341221573524	1.01904968015896
0.249908580450366	0.155019728615873
0.560630437830936	0.388074284865715
0.0835792957447459	0.0456571767018195
-0.284664528881426	0.186618002727203
0.709984993960025	0.54647805044063
0.388762997440806	0.222873844908431
-0.57930178539424	0.477027308542958
-0.429742023619485	0.243444703250539
0.394077543950188	0.242263206421765
0.276974808962132	0.194360109506673
-0.580006056009966	0.322045537779173
-0.174654363192555	0.0913057007302436
0.745472032207582	0.543666904302959
-0.0124689471286401	0.0058422046791081
-0.707480143436695	0.478397987358348
-0.884714004488368	0.588902910387814
1.20508789635468	0.970405189750504
-0.174683567543954	0.0913208124398447
-0.889463579566372	0.760377202422324
-0.429938030218216	0.243568625526263
0.789079325953716	0.543893240613633
-0.0121823488088752	0.00570437601024726
-0.884714004488368	0.588902910387814
0.388705364199698	0.2228237408163
0.170078037123426	0.0842362332696313
-0.32342872014596	0.132754800981013
0.399613969838884	0.294688810700674
-0.0496439894741144	0.0271417412631816
-0.0496755348028971	0.0271594987077226
0.378837053043127	0.200602993253842
-0.224006110467136	0.149449749327003
0.39700159284157	0.260302023027962
0.398821284896511	0.277710895619861
0.116363450732812	0.0683232622059764
-0.284643871126821	0.186589672476718
0.503675987778119	0.450232439937044
-0.24971024921289	0.220929020646696
-0.352634292998849	0.278435615876594
0.142463068792217	0.0894117153705967
-0.104279201245991	0.0557745263714602
0.533642208015981	0.41294769709394
-0.329540611828013	0.285502354315867
0.635623025148758	0.567078196365705
1.2970947261192	1.66919611811317
1.20483259624617	0.970734582695714
-2.09909302256724	2.33981342651827
0.393999376174225	0.242196655610477
1.36668120435283	1.36664731452492
-0.284690749169628	0.186622122631434
-1.40938958129043	1.06886726566063
-0.104279967239532	0.0557741192149482
-0.104399592297262	0.0558404234022689
0.0423576214530844	0.0213884261189087
-1.3469181289708	0.492217275549371
0.119980963262918	0.0538242500271638
-0.707478359489269	0.478210480352184
0.623498793602424	0.352474627314365
-0.268608623749507	0.137354005666895
0.398767250514172	0.277751417262796
-0.707559739241471	0.478463453528977
-0.119016517526199	0.0729451060333527
0.0423180273406882	0.0213686808954471
0.0835896232229875	0.0456627648321035
1.83592733836913	2.17352612717136
0.170374466606941	0.0843863554800559
-2.01791474518099	2.14425562317959
0.322349095156486	0.345693250506457
-0.300732884249906	0.24063338499822
-0.224122540345607	0.149513077594898
-1.23410256157179	1.17422332990757
-0.322346880175057	0.232860465547678
-0.173907389000014	0.118008469434144
1.83595346294072	2.17357620227351
-1.01627094076852	0.730738360154811
0.116310568788396	0.0682939752654957
-0.171941842769072	0.103292339313764
0.488239527964797	0.474052739907906
-0.0495607016458454	0.0270931349906489
-2.63677056958589	2.93798079476325
-0.300731562113583	0.240570728473429
0.917889129073426	0.888763048811111
0.681296987092994	0.55199228570557
-0.0122154413396054	0.00572317029003499
0.265153071782378	0.175428464210712
-1.04536625336893	0.878430965171288
-0.0496228182833101	0.0271224374484678
0.207585107557678	0.162236481721672
0.30946862387475	0.276257557811114
-2.31886849930803	2.94109787247754
-0.487326787931181	0.37368176141879
-0.171995306183406	0.103320945805045
-0.00599518849190925	0.00335462823906744
0.197076604126307	0.195343592117314
-0.472144736914368	0.329976856815283
-0.049571121746021	0.0270978021723179
0.394077992026695	0.242262483225049
-0.191765997402019	0.0841406045300469
-0.0122973225407363	0.0057607405665406
-1.82025877655425	1.3420229479848
0.388623453802359	0.222807132021994
0.598480737929632	0.365218365480648
-0.400279254651867	0.199611151597535
0.956762326002398	0.734344329952799
-0.0496302816821721	0.027135851275683
-1.36981795999558	1.63825336395282
-0.96891281087431	1.07739173654321
-0.453369747355304	0.286566226621057
0.249908580450366	0.155019728615873
-0.0873970675291552	0.0397928350708459
-0.740271693618544	0.452632126761163
-0.174544124873814	0.0912564848517119
0.598378969448173	0.365092189435562
-0.687568374308914	0.51048208880273
-0.67439662495425	0.547304924511479
0.805322953727737	0.877624654763466
-0.487413323185831	0.373756809665301
-0.580266505812649	0.3222691862051
-0.414036868118326	0.322262802250047
-0.50050790836077	0.417900539489111
-0.174463165959568	0.0911892241190449
0.578213781774443	0.376621340517449
-1.45015402874735	1.35211626467007
-0.359438492963076	0.231189414986532
-0.0122973225407363	0.0057607405665406
0.398819616028579	0.277815329640886
0.745274263767946	0.543557664143171
-1.14279919228592	1.0241389419404
-0.268507091440049	0.137275421862829
-0.0871992063586919	0.0396936425795753
-0.0121579779232437	0.00569550785644836
0.710029975803891	0.546567476157879
1.71208267459955	1.36350371897319
1.79295842911741	1.77684820872533
-0.575280127168348	0.357541128183675
-0.17466088356091	0.0912678122654701
0.365714364360966	0.175875869700692
-0.10431959113781	0.0558011663734158
-1.64080101572284	1.41123531072883
0.623050316446066	0.352135083519687
1.14130293617742	0.780035291823508
-0.400642140897208	0.199776993016034
-0.453408528189076	0.286720278564197
0.398785464431479	0.325674677084368
0.546305693041265	0.399979496389495
-0.580498200950308	0.322444400471375
0.398740542799776	0.277713218573631
-0.941269766308302	0.739849845050515
0.205266784752764	0.110460669177488
-0.889464876286863	0.760639829759838
0.0294059418214695	0.017484702587175
0.969902481493292	1.36778876115697
0.315019228011791	0.304005682265715
0.396991343747782	0.260302212223515
-0.0495850290263104	0.0271094689755234
-1.23396967786909	1.17457672930634
-0.934157442985543	0.917689685203894
1.0304171084195	0.912436662335035
-0.132125912431391	0.0911792007208255
0.16996730234134	0.0841624907926557
0.399761595035526	0.294759223374825
0.560752263802728	0.38807904812616
-0.284691295871544	0.186632398557008
-0.284532318121239	0.18647632440641
0.365380128458397	0.175707559308492
-0.976237354532631	0.584191915231461
-0.174628515728416	0.0913006915587617
-0.79563934189504	0.429120616122865
0.845301650902704	0.716334225676638
0.411621288426525	0.150241968309121
0.365456625025868	0.175660863510342
0.921324434956384	0.5524265305633
-0.320552374954212	0.185067543761871
0.0422784535101385	0.0213474939483703
-0.589088417292369	0.606196413871595
-0.0060016948213122	0.00335844422206687
0.399616608350131	0.310668095702081
-0.0402146669185509	0.0322123873449798
0.551400663026562	0.619366064442046
-1.14264047733369	1.0236727879255
-0.453566648168422	0.286866712107399
0.197357237093764	0.195736631731591
0.322102192574899	0.34530959883796
-0.576589402367532	0.435403871292486
-1.4501972491394	1.35182320417757
-0.35949132644256	0.231219432026524
0.730308744533995	0.881379784997824
-0.585691163279182	0.562507973356432
0.598573351737047	0.365281015830231
1.03036797569468	0.91245684227107
0.265161277573761	0.175443075944721
-0.996106512975304	1.23725325079607
0.617064604618736	0.57524015279494
-1.27863245309779	0.904117251927921
-0.354394363943249	0.330452505483282
0.276896961355122	0.19429431225879
-1.04539021354356	0.878624137014173
-0.237438932508922	0.139802266515279
0.0423581224798044	0.0213887511464096
0.0422784535101385	0.0213474939483703
-0.0096051684801569	0.00621910491051498
-0.500722528354908	0.418124847003701
0.309076105210823	0.275979398966077
1.03033732039671	0.912314939032483
0.481396028975067	0.48544306522618
0.180903030217341	0.127712801313429
0.845376767973602	0.716393414539704
-0.884575760396575	0.588743079775032
0.39462036972584	0.382259339025511
-0.0401424628374608	0.0255455536456635
-1.13724350386681	0.878534666622549
0.399631165644799	0.294713157142637
0.170263129213505	0.0843313417776692
0.668481033440034	0.343942560095741
-1.51824651968381	0.959357860364367
-0.575241891791028	0.395404439137203
0.276863919655315	0.194259116644964
-0.178281461304668	0.134602448921741
-0.0387795626372461	0.0279520096650365
-0.70752395780393	0.478246855214622
1.28519665544187	1.49618758641928
0.169884086577812	0.0841182875246922
0.0423175407555787	0.0213672432919553
-1.2786405784213	0.904106788970841
0.62326240290656	0.352345581752505
-0.11914688158692	0.0730322934000676
-0.359435544098484	0.231227533097986
0.0586752350175879	0.0233026661375095
-0.26623635894636	0.195370452973076
0.378940602994957	0.200651612788855
-0.237483943959794	0.139846828265212
0.874474156495007	0.88230697751196
-0.320513450752505	0.185034633111104
0.249964238369874	0.155088974064584
0.393998309938964	0.24221564521359
-0.174544124873814	0.0912564848517119
-0.0496163561986371	0.0271235053217809
1.33382840405096	1.01793080669569
0.771384657824967	0.351194621180954
0.142463068792217	0.0894117153705967
-0.171836068945693	0.10322097731699
0.205181952499019	0.110420289382553
1.20497223605644	0.970922766106413
0.560710472183291	0.388178977785677
0.20780839106712	0.162436884483283
-0.320474864420393	0.184941144707064
0.598870483563842	0.365443873911522
-0.171969657460476	0.10330401820569
0.745353007153523	0.543706231076692
-0.28453283489646	0.186447569364391
0.365377058174033	0.17570635540703
0.578128702372086	0.376615585739378
1.10706244243292	0.935787622712917
0.89497510275865	0.722971967281811
-1.40938958129043	1.06886726566063
1.10702234056283	0.935869287440499
1.52048344832297	1.08721326266073
0.560673071961797	0.388052502845993
-0.400384780578106	0.19966118834964
0.142323579401948	0.0893047396584425
-0.171916772816248	0.103274374076982
0.264970751450314	0.175274839734157
-0.3593765015028	0.231142371792747
0.180551986294173	0.127389771356968
1.2852502683321	1.49624189359809
-0.320511550772078	0.185038220306322
-1.14295922488614	1.02322334500755
-1.40940270657111	1.06909659425454
0.681137843811647	0.552122863361016
0.635683808135675	0.567102630346096
0.805546327564454	0.87828931764334
-0.00968225777789312	0.00626832869785867
0.163560042689512	0.109098501464748
-0.579362450370474	0.477068205281685
0.277061439375615	0.194404605199781
-0.0963742807781624	0.0675269254428528
0.917646396476034	0.888345752228037
0.230449616124751	0.133620924510745
0.578099101184153	0.37657170949161
-0.674431104374811	0.547317552430663
-0.322088589032678	0.232690098035574
-1.0997164275459	1.35145209909808
-0.0123546421621991	0.00578834044022463
0.844142036023125	0.546193480334791
0.11638917424795	0.0683138461571192
1.50431446098914	1.26663501946895
1.05996734987123	0.577966932312984
0.36935409343749	0.157893264397153
-0.191512303756222	0.0840051241110584
-0.0122605095556772	0.00574388910137581
0.95683960617173	0.734125275670322
1.3557177135514	1.19638433786276
-2.28305309659861	2.11678859346384
-1.14277166282163	1.02361082930655
0.276957543704097	0.194350081764933
-0.00601232576299889	0.00336418907014556
-0.521850772606988	0.506557702035077
0.7774224807016	0.878296590609926
-0.57525235701754	0.395450864272708
-0.0496892608524587	0.027166145527787
-0.293763077712931	0.318961573067465
0.586386742301295	0.59252041288817
-0.0496334179813041	0.0271330956337154
0.600742582167323	0.58362916134359
1.08249666766831	1.0887591557635
-0.21687137107737	0.177768592579608
-0.284691295871544	0.186632398557008
0.180364250489378	0.127153707633347
0.894856193528215	0.722820244820785
0.843839037316713	0.54580815424058
0.398793967380322	0.277774205276527
0.681137386304532	0.552022823467714
0.293534246801722	0.228974037639473
-0.429786795407442	0.243444148307166
-0.414029001688659	0.322249142891371
0.142454010818911	0.0894054040397301
-1.24917920556393	1.03277338400394
0.16998558631475	0.0841768411984164
-0.4297991763118	0.243493611717284
0.0423185594731741	0.0213690212508505
-0.451745988138745	0.412629375090505
0.600740122052967	0.583621994890339
0.610866091883907	0.757467579518646
-0.23753249504683	0.139862904500148
0.495547397985802	0.462131601113997
0.5038114632124	0.450250639294945
-0.400150141167734	0.199526819273677
1.52023308903483	1.08716538684327
0.0910514567639816	0.0743402593067163
-0.284557974950084	0.186508621539616
1.71231699927715	1.36387533336544
0.0836487181970986	0.045700188709168
0.393997845165748	0.242199850872686
0.169976433422897	0.0841776092708832
-0.79205302877093	0.632666361819491
-0.687565515876591	0.510461176450006
1.2428289335617	1.14701610551073
0.171621664922485	0.152439064240466
0.0836732250012232	0.0457098608963882
0.398996896045526	0.325933831825398
-0.0016157804387986	0.00054955076095408
0.0587435559436112	0.0233296694197922
-1.27835023377402	0.903284532657857
0.560751521801676	0.388148097019165
0.170170551402025	0.0842873863496133
0.0422401339956056	0.0213241934971351
0.578243590906974	0.37660105419106
0.745354472025364	0.543607393786942
-1.45017766319489	1.3522539086962
-0.191765997402019	0.0841406045300469
-0.487248926852307	0.373572714226693
1.48075493667426	1.59407443975006
-0.17456992674774	0.0912652369592895
0.0423972358643515	0.0214067271227048
0.250009479618193	0.15511754145689
-0.575247842369215	0.357512901650038
0.578158381790198	0.376627328503049
-0.049699798202934	0.0271720496482323
0.0836487181970986	0.045700188709168
-1.04540091106297	0.878624339051669
0.393998309938964	0.24221564521359
-0.174488957080222	0.0912196505661504
-0.740078977484018	0.45240201762335
-0.575363276560376	0.395423496155422
-1.52962043558558	1.23854340721279
-0.174430007089212	0.091173747936002
0.393919729616072	0.242093279686786
-0.429868625622534	0.243546443419877
-1.01640400172687	0.730985410159847
1.83645064175416	1.20255680724847
0.598388187690383	0.365124289578113
-1.14282529750685	1.02374818163582
0.230490012836691	0.133653431840519
0.788927613401003	0.543735628832399
0.770088305986674	0.716359462774082
-0.766345928687005	0.664622161960577
0.560629779366137	0.388016901080395
0.62326240290656	0.352345581752505
1.20498438869504	0.970879883451579
-0.0761347810732843	0.0475573816002634
-0.323089720868296	0.132540400004644
-0.580016262315733	0.322066841910722
-1.27854119798091	0.903987291667409
0.230489218546085	0.133657096820458
0.577984971442013	0.376297547166183
-0.320550245572636	0.185039040731163
-0.223945539061783	0.149397320306612
-0.268608623749507	0.137354005666895
-0.687579023630957	0.510524309186091
-0.42988102086544	0.243519815871298
-0.323178299118294	0.132626269521487
0.398899197057204	0.277853325909737
0.205100973330945	0.11036967785944
0.0292672913633562	0.0174051502905043
0.0423586690649514	0.0213879798283963
-1.23397100688923	1.17445888295901
1.01444634718461	1.22759974919516
0.293794525003106	0.229217370934586
0.394038920805071	0.242228624143532
0.393998309938964	0.24221564521359
1.4709780010212	1.76442068785819
-0.104317955751367	0.0557991159685809
0.205126733349182	0.110389989862704
0.23052744239938	0.133668602137409
-0.237452844481152	0.1397982931458
-0.0120427162386852	0.00563902996727752
0.522656111192511	0.425529112514875
-1.27854119798091	0.903987291667409
-0.57541883118866	0.357577733034769
0.0587435559436112	0.0233296694197922
-0.509092334450104	0.184719564498054
0.378705133919478	0.200478927561889
0.577966659815156	0.376336191842625
-0.841001455818523	0.366229916339387
0.369696009095169	0.158067754520311
0.397026101851446	0.260307889214928
-0.453406741328197	0.28669453653402
-0.575286950296263	0.395470517468643
0.378621720444965	0.200461497743518
-0.0495850290263104	0.0271094689755234
-1.6782552428022	1.15299263204527
0.533615667285273	0.412861872716771
-0.941314845393856	0.739889310526513
-0.0496755348028971	0.0271594987077226
0.116285489428612	0.0682708652299546
-0.649486442614105	0.840403092152488
0.23053041269172	0.13366829299905
0.265170198754687	0.175412471617024
0.752627053662462	0.879648556704224
-0.70752193721132	0.478472790723747
-0.0497103073810723	0.0271767660161972
-0.576722173497842	0.435441259170787
0.533712384989079	0.413029755323642
1.35540805198776	1.19589637482513
0.546181097504613	0.399998591734954
0.0587457894570351	0.0233313383669741
0.142436808007148	0.089397816024869
-0.359424999637583	0.231221859869823
-0.10435836928934	0.0558246704842912
-0.852610686259108	0.788788188497956
-0.707483167259965	0.478381265464696
0.365380128458397	0.175707559308492
-0.0496439894741144	0.0271417412631816
-0.487473888208923	0.373754039245239
-0.104359195281209	0.0558242971418694
0.399510269848407	0.3105041010906
0.042317099728294	0.0213645753710401
-0.829121311601353	0.606311690422118
-0.500518785597425	0.417850840462033
-0.132268463933919	0.0912646458777933
0.399613969838884	0.294688810700674
-0.0120427162386852	0.00563902996727752
0.393958227486122	0.24215020025454
0.399648360072255	0.294722245354068
-0.0760285969485862	0.0474989435903123
-0.792054240815081	0.632593437784891
0.205292488330032	0.110454624519565
0.546181097504613	0.399998591734954
-1.14274695959011	1.02417125200849
-1.32020746681061	1.330002757956
0.265160751090431	0.175456670823364
-0.284584759141434	0.186548168598305
0.116444145067401	0.0683494157073046
-0.266246880238984	0.195373332195862
-1.34596633931712	0.491729044914134
1.35562886254034	1.19642011603424
2.04426571351631	1.50777232167954
-1.1372011518517	0.878877855828895
1.20489022647454	0.970613231763864
0.230569994594728	0.133686869744806
0.745313846676038	0.5436625102872
-0.413924172299063	0.322083672597465
-1.40922300434395	1.06895280811372
0.546305693041265	0.399979496389495
0.399640248066152	0.294680736089589
1.24274820443617	1.14738294395687
0.393999376174225	0.242196655610477
-0.576616176275967	0.435424630602126
0.39395926482031	0.242165352884471
-1.23397100688923	1.17445888295901
-0.453527147708742	0.286874832407521
0.24997468863786	0.15509621575848
-0.884714004488368	0.588902910387814
0.598480737929632	0.365218365480648
-0.576536407088361	0.435291615560201
-0.400279254651867	0.199611151597535
-0.0060294645189049	0.00337358051439809
0.205126733349182	0.110389989862704
-0.284585824039334	0.186528915115429
-0.829165276939393	0.606465936301729
-0.852292160305153	0.78807029126282
-0.400173652945427	0.199527805530166
0.205152501413158	0.110394674120877
-0.674405569279305	0.547115759983691
0.396911610810945	0.260226883174291
0.577962852066937	0.376462056263808
-2.69166175054019	1.99512615886309
0.230490012836691	0.133653431840519
0.560629779366137	0.388016901080395
-0.400173652945427	0.199527805530166
0.230451308065575	0.133605108553681
-0.268626755667087	0.137386831811978
-0.739978018739677	0.452268965773811
0.388820742451007	0.222906122652098
-0.0868988559572146	0.0395224950106029
-0.576721047447113	0.435395171080662
0.522739407299269	0.425633806476119
0.230450440407156	0.133617280023361
-0.284638301267164	0.186600808077093
-0.4534471860208	0.286796541603711
0.804465712998505	0.715513833770539
1.28516639997847	1.49551211195241
-0.829123658632418	0.606478073255778
0.68105875510583	0.551975821568346
-0.389580857357101	0.276970170158891
1.33430767166807	1.01938904096222
-0.10431959113781	0.0558011663734158
-0.829166329192802	0.606426553894009
0.398793967380322	0.277774205276527
0.668406126703993	0.343748672064122
-0.389441573574805	0.276848884457398
0.56074898823795	0.388095054136209
-0.579438638676954	0.477126357645594
0.894857002491945	0.722697752605735
1.65627818696319	1.51955663487069
0.740151226267774	0.718219144393324
0.230569994594728	0.133686869744806
0.398845810001017	0.27782383840063
-0.453489360946646	0.286816989972648
-0.269004243765711	0.137540981534814
-0.580498200950308	0.322444400471375
0.968798285312757	0.897808886265986
0.0835934786613138	0.0456623834734113
-0.487153757805301	0.373327527733902
0.560630437830936	0.388074284865715
1.2851815467247	1.49601725668267
-0.575189306984786	0.357348377651719
-0.104359977904879	0.0558212020500924
-0.119251014460645	0.0730883740720197
-0.320512862899764	0.185045864651848
0.956817602945034	0.73449782097703
0.396942496284277	0.260224576292416
-1.11045946877855	0.562965619456525
0.709915470992916	0.546289369553832
-0.889491067109136	0.760648193519635
-1.24917788399699	1.03270342574167
0.845377263377839	0.716505721388849
0.804517070530045	0.71558439840519
-0.471958228475575	0.329798908829624
-1.04543786955088	0.878490574132837
1.26792735887555	1.32144393654656
-0.575262792708149	0.395475278382787
-0.359446060402219	0.231222563721811
0.0583206999640605	0.0369421699714331
0.029327871023565	0.0174408901805193
0.397026101851446	0.260307889214928
1.0597155655144	0.577756640140593
0.398873021706968	0.277844831721069
-1.13716189686811	0.878895305292996
0.388750876020199	0.222881622076993
0.399623047111686	0.294620863023599
-0.00602736515026521	0.00337218824448181
-0.049665047876336	0.0271547943089435
-0.266243361367366	0.195383110630601
-0.472116273477145	0.329958473410546
-0.320512862899764	0.185045864651848
0.205185767371981	0.110419404112476
-0.884644904679083	0.588878517612653
-0.049605941996654	0.027120013911584
1.20471767009673	0.970532442220279
-0.10431959113781	0.0558011663734158
1.2049145732705	0.970896458378593
1.79296176249817	1.77766741706154
-1.24925910986211	1.03238454028396
-0.389424342727476	0.276838214762351
0.20515621128702	0.110408160639295
-0.00594870335486252	0.00332924516804532
0.533773156700181	0.413078565518056
0.578184050921728	0.37660955704405
0.119980963262918	0.0538242500271638
0.845336444937576	0.716445527359605
0.276923009359977	0.194300649689781
0.398872011457805	0.277816238823432
0.928697355228867	1.04930055781675
0.116416853460594	0.0683500279560176
-0.284690168329547	0.186587337371802
-0.414165376401363	0.322377050776627
-0.237524995793133	0.139811853764634
0.116311088160801	0.0682971565583205
0.0836732250012232	0.0457098608963882
1.26792648286583	1.32075725672258
-1.01638040429431	0.731261580326361
-0.191763069164488	0.0841344545583103
0.0588139280471816	0.0233556784550016
0.388738767178279	0.222853701932079
0.845430036590367	0.71650474668351
1.49187055735481	1.43022320646088
1.03630425054237	0.754129475284206
0.396952850640704	0.26018313752301
-0.104279967239532	0.0557741192149482
0.205100973330945	0.11036967785944
-0.224049399286018	0.14948080868398
0.598388187690383	0.365124289578113
-0.320552374954212	0.185067543761871
-0.766084229657476	0.664964679631637
0.804526486818056	0.715604070763454
-0.0873025425552024	0.039747500646423
-0.976470386658705	0.584506017782514
1.4917517918852	1.42987345750567
-0.740280398947646	0.452574775308571
0.393920347644893	0.242075031362479
0.394077543950188	0.242263206421765
-1.01634919800968	0.731217314444919
0.170374466606941	0.0843863554800559
-0.237643340857963	0.139861793218822
-0.389467770758099	0.276896453709954
-0.320590430654897	0.185062347151589
-0.171836647611099	0.103224835215403
0.396946359398261	0.260264642197304
-0.0496197888314195	0.0271299727345174
-0.976260340524774	0.584050537039019
-1.27863245309779	0.904117251927921
-0.237567098003677	0.139865118799138
1.03024323276531	0.912029474550832
0.16998558631475	0.0841768411984164
-0.268608623749507	0.137354005666895
0.921407174037824	0.552510092381016
-1.24913860123246	1.0325200816944
-0.453528065982023	0.286864929800277
-0.218440573905233	0.162597378963627
-0.323768775804252	0.132906269597143
-0.0120184534784008	0.00562772379566563
-0.26882014270592	0.137493109818912
0.119875060412801	0.0537756254140837
1.03040272101607	0.912478079286337
-0.377948504898179	0.323629797638643
0.399000308731722	0.325899862701286
-0.74738076318904	0.700920281854967
0.804439176404233	0.715498399758157
0.709970737948806	0.546462186417456
-0.45348851591146	0.286841831680638
0.230410033441319	0.133573185724858
0.39881913022081	0.277785652864851
0.714583367809151	0.722524209493018
-0.284558542294168	0.186518782012506
-0.0124689471286401	0.0058422046791081
0.116312232557711	0.0682826331465019
1.10694379053617	0.935414436193971
0.769993206444107	0.716107761435932
-0.389441573574805	0.276848884457398
-0.453570181264162	0.286731545774746
1.1414327051341	0.78047614602948
-0.223902254728416	0.149354276836368
0.0164507117425568	0.011103956217962
-1.01640653529459	0.731296908478309
-0.389493977862551	0.276912706180395
-0.829121311601353	0.606311690422118
-0.0123546421621991	0.00578834044022463
-0.825026877009966	0.821611328027008
0.560711885972035	0.388147474403836
-0.740472578230699	0.452738938330306
-1.13544780775655	0.74188588614203
-1.35312886937511	1.19019937397542
-1.01634919800968	0.731217314444919
0.623392508810783	0.352425458002545
-1.11045946877855	0.562965619456525
-1.11079392999874	0.562961892534568
0.370036862699425	0.158172385562895
-0.320512862899764	0.185045864651848
-1.54138290423104	1.52094142152187
1.68431031959644	2.07545503389663
0.598777597268071	0.365412486093334
-1.36967956748148	1.63799049801017
-0.104360717158204	0.0558152634709309
0.103269972097491	0.0732196605400386
0.398986587271914	0.325944794418626
0.578099101184153	0.37657170949161
1.0304272807277	0.912483966401826
-0.049571121746021	0.0270978021723179
-0.0119969908950418	0.00561311067585743
-0.576563180698532	0.435331683334382
1.02288113870504	1.07137189764436
0.286248257138665	0.212142532739259
-0.79205302877093	0.632666361819491
-0.0962994258340575	0.0674752213405199
0.293730422194741	0.229180651533668
-0.0121701696544959	0.0057003464533006
1.02283257092325	1.07148329295772
0.48807303115681	0.473831965740175
0.204961270626047	0.110233290670014
-0.284612066321568	0.186571399929409
0.0825872915924241	0.0554703277817118
-1.11095419840965	0.563287274191042
0.522495935586428	0.425303374693682
0.546170676644428	0.399976726180858
-0.104435556628316	0.0558500055122288
-0.575192754444671	0.357461056491999
-0.0496302816821721	0.027135851275683
-0.284610968668376	0.186565346958041
1.18740935803067	1.2885948510357
0.149228327778026	0.122009079852475
-0.803519567979435	0.856357170505067
1.03038230068507	0.912471168640531
0.0837079999509027	0.0457243799470305
0.710026047413324	0.546408476904265
0.102969762244652	0.0729621316024366
-0.575228160299009	0.395416533246711
1.03036797569468	0.91245684227107
-0.0122276726897269	0.00572835891609193
1.06339962204789	1.24308567223639
-0.980931656457031	0.893821755177487
0.616859854514793	0.574785649204765
-0.359390272612402	0.231190890343253
0.533780881129388	0.413013951833887
-0.119077183004402	0.0729893994545596
1.88337171031602	1.64260014946152
-0.268525347797909	0.137326910041535
0.249905154322182	0.155025625410401
1.03611851081783	0.753977377386706
-0.0124118503434449	0.00581552997654431
-0.32342872014596	0.132754800981013
0.12011077257807	0.0538869679431261
-0.0018379071060516	0.000627486220012242
-0.268608623749507	0.137354005666895
0.378744180687792	0.200540698956173
-0.268525347797909	0.137326910041535
0.249918996642399	0.155043388295526
-1.33204907972189	0.762666443275466
0.265135943324068	0.175433362127375
0.560712658006646	0.388078440974833
-0.359403826210116	0.231176694081903
0.180633863778404	0.12748250592325
-0.320513450752505	0.185034633111104
0.170087252377099	0.0842292700614622
-1.14866001088866	1.17652843653043
-1.35311823742973	1.19020606722363
0.399707274584176	0.310609215481204
-0.104320343754685	0.0557980556015589
0.598684774774916	0.365349678431694
-1.01618459373513	0.730687292676172
-0.0124118503434449	0.00581552997654431
0.681217412014632	0.552162893124724
-0.765937198841143	0.664778067215432
1.24282826744819	1.14718896584321
-0.889491680689948	0.760678091636314
0.95689862688858	0.734589435516779
0.546181097504613	0.399998591734954
0.968903567187455	0.897564630633551
0.388565964607091	0.222757123212129
-0.268736968540693	0.137402640890095
-1.01643265829308	0.731047018038292
0.249950414270769	0.155064825728373
-1.35312886937511	1.19019937397542
-0.884588372446995	0.588819046433955
1.36649722163655	1.36591117331364
1.10698177123066	0.935673808184974
-0.284643871126821	0.186589672476718
-0.980983445484042	0.894117201808317
-0.399914968060413	0.199342745662806
-0.223919542840989	0.149369843074371
0.293602035619739	0.229047818812328
-0.665746540696013	0.586139641955526
0.495248760049689	0.461738963790589
1.08238282667856	1.0889579102222
0.681166167868127	0.551914319190928
0.142497480573903	0.0894313215603857
1.28510526082294	1.49527981971089
-0.389416093693953	0.276740710411858
0.0583897545998739	0.0435815228786499
-0.329781968360894	0.28569396511243
0.0293366282731886	0.0174467216580498
-0.119042755355306	0.072960774387208
0.249891529584779	0.15496052204853
0.804482833660612	0.715576677362051
0.399553293532461	0.29460024285172
0.249964238369874	0.155088974064584
0.512581696985748	0.437832433034257
-0.0123995127023532	0.00580992648070169
-0.747720156691572	0.701314887422077
-0.45356462199367	0.286840755973713
-0.585838384669145	0.562896632232536
-0.707520363398452	0.478482018542316
-0.453448946127104	0.286791526836624
-0.00607309232632234	0.00339749545493146
0.304838864189453	0.260908425931686
0.894935446571742	0.722968334191717
1.71250498184964	1.3638852905252
-0.575207305272533	0.395345755769592
-1.35315272361151	1.19041017579904
-0.453489360946646	0.286816989972648
0.598490018563699	0.365208208471015
-0.707519508503827	0.478444598517908
0.39395926482031	0.242165352884471
-0.400536866605911	0.1997271130363
-0.829087361933432	0.606402072678441
-0.429925595459858	0.243580051469603
0.276856343203549	0.194257026192505
0.0836243033187161	0.0456856938071087
-0.26842377376637	0.13725791720775
-0.434527474770404	0.367653550962659
-0.174043782979749	0.118117327276212
0.894935446571742	0.722968334191717
-0.472011115164623	0.329915445003355
0.116284918076701	0.0682785512631978
0.388681054646199	0.222839316744788
-0.884657543519209	0.588843512301589
-0.512137042306134	0.462545595862862
0.769959101613292	0.716218408300016
-0.17459926023523	0.0912855489687525
0.522640976531566	0.425575671036713
0.265160751090431	0.175456670823364
-0.265971287881577	0.195144959479615
0.512452955593591	0.437693803424598
-2.17589061957558	2.53672432111743
-0.00594870335486252	0.00332924516804532
-0.42988102086544	0.243519815871298
-0.0874192319868208	0.0398048854826958
0.388635641929205	0.222799330565912
0.116337265710945	0.0683120625139432
-0.884600971987052	0.588746834027671
0.398872498945576	0.277846608081507
0.249905154322182	0.155025625410401
0.560710472183291	0.388178977785677
1.21171870735713	1.46183566866156
0.120134631761478	0.0538964433430745
0.710029975803891	0.546567476157879
0.0161538752971849	0.01090002589579
0.503665291933341	0.450220680082194
0.308919833077418	0.275784939103967
-0.8291630429523	0.606447548597179
-0.00597437053769192	0.00334320528919528
-0.00597437053769192	0.00334320528919528
-0.852473878635552	0.788420688877617
-0.795391084685964	0.429117695674088
-0.399785317193078	0.199222256708182
0.0423987822934224	0.0214042356315897
0.8948554279299	0.722860221926672
0.0583363281919605	0.0369522564412998
-0.825019397614371	0.82170212992123
0.0583889091190093	0.0369849319833999
0.163476173952088	0.109045502213828
0.0294405025615783	0.0175061454391566
-0.976598104893979	0.584662631574268
-0.0122850641813574	0.0057559911383436
0.388866557100892	0.222888733927138
-1.33191007996814	0.762528663311124
2.0370399789505	1.92813079091436
0.623416485882467	0.352373168461279
1.03620195042652	0.754167711587714
1.10694379053617	0.935414436193971
-0.320551710599551	0.185068852829541
0.0423586690649514	0.0213879798283963
0.0581998975225489	0.0368642292795172
0.0423180273406882	0.0213686808954471
-0.665746540696013	0.586139641955526
0.0292327481238893	0.0173837261691827
0.29345942593072	0.228904040376851
0.0292327481238893	0.0173837261691827
-1.74461922952824	1.5901549212547
-0.171836647611099	0.103224835215403
0.23052811985298	0.133680230051694
0.845376767973602	0.716393414539704
-0.576694215875967	0.435241555616944
-0.2687279974696	0.13743703950627
1.15415623962501	1.11173707314671
-0.178207175745063	0.134550389573874
-0.174628515728416	0.0913006915587617
0.250040921670696	0.155097426336722
-0.976493244523567	0.584555562455094
1.65632327192661	1.51956912472479
0.388808660668062	0.222896051552016
0.54610104955066	0.399829435502291
0.789137043859013	0.543954929220758
-0.792024866028233	0.632123965622553
-1.04545690815965	0.878561347924845
-0.429913148081275	0.243543922037474
1.14111481814916	0.780226580309296
1.10702067194706	0.935130549710244
0.789079325953716	0.543893240613633
-1.4093210664161	1.06827767808083
-0.472118030867994	0.3299950821969
-1.62234975795056	1.99611174450101
-0.00603882147963894	0.0033785439809195
0.180834913749392	0.127663244408338
0.265109424617169	0.175390599301755
0.578014364927905	0.376465316524239
-0.472037857822702	0.32995818075441
0.39891153316676	0.325795683621303
1.242668843415	1.14726089408217
-0.216787413295592	0.177710104742062
-0.434527474770404	0.367653550962659
-0.687520229381907	0.510338037259701
1.36662599458744	1.36652856874857
-0.119059968489727	0.0729770777774155
0.745234701134172	0.543398135821511
0.394038396008532	0.242246959131393
0.265240495600497	0.175472308841264
0.116363450732812	0.0683232622059764
0.845377263377839	0.716505721388849
-0.131855370487516	0.0909620832946941
-0.588681921943905	0.605372491063882
0.0422394942241809	0.0213249154647207
-0.119069003060465	0.0729690334943251
0.546135855147718	0.399917021497062
0.0835934786613138	0.0456623834734113
0.13611198702608	0.106440265549991
0.845346905873374	0.716393381874769
0.396946359398261	0.260264642197304
-0.581851832882174	0.277688325692166
-1.74461604577035	1.59012768298437
-0.740455350283803	0.452583296187809
-0.841930055188795	0.366935621913115
-0.400044413240096	0.19944341681556
0.0423191371419603	0.0213682662442981
0.623498793602424	0.352474627314365
0.560670796042941	0.388152961154497
-0.674483455684915	0.547338545301058
-1.06716904388349	1.0328172351646
0.968745917591966	0.89768178132833
-0.687568374308914	0.51048208880273
0.399051246914407	0.325982132018603
-0.430064216872108	0.243565519688309
0.546199690168064	0.39983540483935
0.396991343747782	0.260302212223515
-0.320434783924214	0.184917272361194
-0.453566648168422	0.286866712107399
0.230448835221244	0.133616924089533
-0.687621339685587	0.510442303288347
-1.52948138307637	1.23803074822031
-1.45025566554738	1.35217710840428
0.142367060213387	0.0893421159888673
-0.575262792708149	0.395475278382787
-1.40923601283174	1.06895555446208
-0.576677453096397	0.435416615236481
-0.68767224577478	0.510297886641845
0.0293366282731886	0.0174467216580498
-1.01646356320489	0.73118383061582
-0.795393581006976	0.428915099435138
-0.0496197888314195	0.0271299727345174
-1.01635180096047	0.731290577813313
0.116312232557711	0.0682826331465019
0.365465936752018	0.175750334952689
-0.104359195281209	0.0558242971418694
0.205181952499019	0.110420289382553
0.398900926409739	0.277639890440425
-1.14889381646894	1.17730479293117
-0.6655578970892	0.585770014408135
0.0422784535101385	0.0213474939483703
-0.687645531220509	0.510520092573715
-0.224191252640609	0.149548163766829
-0.237463240563307	0.13982242209813
0.577962852066937	0.376462056263808
-0.23751862527221	0.1398723323227
-1.13716291945289	0.878934444802947
0.710074957426673	0.54658200687287
-0.575306066526481	0.357587683954408
0.0837529738886436	0.0457429050919704
-2.06930914932304	1.72595109769969
1.35562886254034	1.19642011603424
1.06306173156944	1.2419651402234
1.65620855919006	1.51955240277114
0.681059263026178	0.551979961849616
-0.218800482475692	0.162922189925926
0.546191546545707	0.399994409087937
0.180763318493983	0.127605932868814
-0.0877795706067474	0.0399712524693087
-0.934209710497897	0.917817961504362
-0.323679539396547	0.132867515469766
-0.829127834617353	0.606384459555384
0.623416485882467	0.352373168461279
-0.884519156846644	0.588683549507875
0.142489319662021	0.089416780853008
-0.429742023619485	0.243444703250539
0.546226339378666	0.400029781886946
0.709946354836921	0.546312175029216
-0.707562124749412	0.478409531627859
-0.852360553851143	0.78841294508315
0.207733065342003	0.162346081660537
0.586163719621853	0.591936654480748
-0.472065143648075	0.329941095976268
-0.0386839020095517	0.0278745976978011
0.546135855147718	0.399917021497062
0.533651612856611	0.412931714320201
-0.268608623749507	0.137354005666895
1.30487081338944	0.82422218775868
-0.10435836928934	0.0558246704842912
-0.429786795407442	0.243444148307166
0.560671511271766	0.388152242066617
-1.29977232118076	1.48013562513466
0.560671511271766	0.388152242066617
0.396946359398261	0.260264642197304
0.230606866320283	0.13369681803433
0.623474794709938	0.352403117388814
-0.884474976064581	0.588586594629875
0.968851698707973	0.897613471348675
0.37903365004806	0.200695229132283
-0.579188305816667	0.47692523634252
-0.322035691168532	0.232637865538398
0.398872498945576	0.277846608081507
-0.575228160299009	0.395416533246711
-0.352912057109431	0.278699304435619
-0.487352758396561	0.373715921399116
0.845325018027343	0.716436159479218
-0.740171003604891	0.45253026277676
1.02297002739457	1.07125716697488
-0.171836068945693	0.10322097731699
-0.119137848815211	0.0730267568590352
-0.575302897931052	0.357517752740987
-0.580006056009966	0.322045537779173
-1.95002511922446	1.53493871942332
-0.237428589011479	0.139786515433505
1.61603828877498	1.67215060395899
-0.0496511828299678	0.027144046289517
-0.429994928475187	0.243602180977508
-0.118973070311446	0.072909852392994
0.0423191371419603	0.0213682662442981
0.116311642762167	0.0682935907870279
-0.471958819409733	0.329769253223498
-0.174514740171446	0.091236144615508
-0.88446244260996	0.588586753525836
-0.237573967425114	0.139884696422554
-0.223928254422334	0.14937310962485
-0.0496892608524587	0.027166145527787
0.709995212937178	0.546527977701222
-0.00592246809638425	0.00331457761061461
0.928829337945711	1.04938295340714
1.35551839230937	1.19633622757573
0.393999376174225	0.242196655610477
0.0825909015274725	0.0554751195535152
-0.511988654928793	0.462329002687523
1.08239224708294	1.08884361620175
0.394037916789735	0.242247660525564
-0.747441306445603	0.70112759709782
-0.284612066321568	0.186571399929409
-0.687570830594057	0.510172531069399
-0.575207305272533	0.395345755769592
1.88338156622478	1.64310805896621
-1.01623949404177	0.731062986346385
0.844452767399357	0.546400878858197
-0.174514740171446	0.091236144615508
0.205126733349182	0.110389989862704
-0.88448749705996	0.588430770297503
-0.104437458448881	0.0558582391050228
-0.26843293162844	0.137254509896172
-0.322133807188982	0.232678283900944
-0.320511550772078	0.185038220306322
0.668481033440034	0.343942560095741
0.169976433422897	0.0841776092708832
-0.889491680689948	0.760678091636314
-0.049665047876336	0.0271547943089435
-1.27882282172847	0.903955643677358
0.365462810263777	0.175771126538925
-0.766014997409064	0.664687916325478
0.0836796513806659	0.045709786317908
0.777422846793315	0.878319134679663
0.293602035619739	0.229047818812328
-0.00602792446630063	0.00337277124820236
-0.58178160921078	0.277642461693518
-0.322104124116035	0.232697624899156
0.120216878406035	0.0539296496159934
-0.429742023619485	0.243444703250539
0.397026101851446	0.260307889214928
-0.500786909106403	0.418231417970335
-0.00595155962002393	0.00333058547286571
-2.06926893562044	1.72493697905846
0.560552691570215	0.387904836621072
1.03609981704083	0.754094632826625
0.170078037123426	0.0842362332696313
0.170179807255207	0.0842887264509299
0.894934741024717	0.72300838649018
-0.00190672948753378	0.000649411384947845
0.39881913022081	0.277785652864851
0.205100973330945	0.11036967785944
1.08253091364154	1.08881270660744
0.844163062994518	0.546224354744882
-0.413976562334533	0.322183535473497
-1.14889381646894	1.17730479293117
-0.119137848815211	0.0730267568590352
0.560711157363661	0.388178233889262
-1.51832895997772	0.959438617553198
-0.665927385134618	0.586298163587666
-0.740372218460723	0.452702879152707
0.398767250514172	0.277751417262796
0.170078037123426	0.0842362332696313
0.205351830561781	0.110484211432937
-0.284637170880319	0.186569457026479
-0.17456992674774	0.0912652369592895
0.230450440407156	0.133617280023361
-1.7083774248512	1.87011081919882
0.163293832459908	0.10889037448867
0.23049085052051	0.133641236131019
0.398872498945576	0.277846608081507
-0.104359195281209	0.0558242971418694
1.03046208170702	0.912389448503295
-0.576703891435391	0.43533208132712
1.35563266451659	1.19658288270597
1.03031273414609	0.912372885505207
-0.580476543617623	0.322432153035535
-1.11045946877855	0.562965619456525
0.0293451416337129	0.0174495301477605
-0.359403826210116	0.231176694081903
0.533829510998874	0.413071622784282
-1.8414857947249	1.77081475962632
-0.389675959405441	0.277012298866188
-1.14274695959011	1.02417125200849
-0.430095838477592	0.243534989583027
-0.268516230467572	0.137314152183712
0.365465936752018	0.175750334952689
-0.472064003814338	0.329987530330869
0.0423977057639784	0.0214070367044068
-0.453490162672525	0.28677610879887
-0.284691295871544	0.186632398557008
-0.399914968060413	0.199342745662806
-0.512211103533228	0.462614046327663
0.709960466353092	0.546453636093704
0.142376135117648	0.0893560334310867
-2.2831131355439	2.11584781802777
1.14140892421366	0.779949017069784
0.388681054646199	0.222839316744788
-0.320432590117121	0.184942586480465
-0.472037251876793	0.329944781713068
0.250040921670696	0.155097426336722
-0.575361020021202	0.357592442111619
0.388668918757911	0.222793542187364
-2.38291907034792	1.52486226582066
-0.575280127168348	0.357541128183675
-1.04536873431261	0.878491068790105
-1.11045946877855	0.562965619456525
-0.0876302197595823	0.0399015975036765
0.250014782945648	0.155101270481126
-0.580729389571412	0.32253060389535
-0.237473607055047	0.139838194143414
0.388738767178279	0.222853701932079
-0.087095693903069	0.0396362625807089
0.116257684859797	0.0682579104908087
2.45951466304551	1.40053088832648
0.921489960026533	0.552533647137428
-0.674457275115626	0.54736397419333
-0.005974931279798	0.00334374083564817
0.560788764222628	0.388067451380946
-1.13567729072396	0.742109314725345
-0.0874192319868208	0.0398048854826958
0.533581431751006	0.412824120023096
-0.582611374294431	0.519920162747194
-0.67439662495425	0.547304924511479
0.656699003100753	0.55938185801997
-0.174544124873814	0.0912564848517119
0.577937107683428	0.376356644475187
-0.218652146384521	0.162816073711055
0.18050079692437	0.12732915824228
-0.0758916780971827	0.0474113408822057
-0.104395095758468	0.0558255993553039
0.0836139988449978	0.0456801177731202
0.399061639521306	0.326016254667037
1.08242648567332	1.0890169413817
-0.898220536249727	0.94599516901233
-0.174628515728416	0.0913006915587617
0.116416853460594	0.0683500279560176
1.03591449475179	0.753942920815292
-0.10435836928934	0.0558246704842912
0.95689862688858	0.734589435516779
-0.795391084685964	0.429117695674088
-1.10977577361948	0.562162100433039
1.10706107947149	0.935851350786674
0.560631884952499	0.388100936597873
-0.00125614142680821	0.000428435382610242
-0.400279254651867	0.199611151597535
-0.268525347797909	0.137326910041535
-0.174521749981493	0.0912006453321512
0.0424373093427921	0.0214235517697407
0.394037916789735	0.242247660525564
-1.51840982581887	0.959105734342332
-0.0401390039514296	0.0255431401752067
-0.119033734436334	0.0729574274360317
0.0582603064206482	0.0369038600074208
0.029214786000095	0.0173726878868396
-0.884519156846644	0.588683549507875
-0.191677560250301	0.0840866628137423
0.170272425689712	0.0843399388739337
-0.171917260848363	0.103253051109838
-0.575293922597054	0.395428784130361
1.03599785029839	0.753908516007888
0.119980963262918	0.0538242500271638
-2.06930914932304	1.72595109769969
0.230529605001091	0.133680510590328
-0.320513993115958	0.185013055249382
0.0586752350175879	0.0233026661375095
-0.400384780578106	0.19966118834964
-1.40929168694041	1.06907240900377
-0.48736144703444	0.373642072153904
1.6562658600108	1.51972600313093
1.58621345144447	1.83073964911402
0.388681054646199	0.222839316744788
-0.237483943959794	0.139846828265212
-0.0497239730911766	0.027181235394223
1.24270784447341	1.14724435206929
-1.35319787126132	1.19036350981952
0.304830359154734	0.260919112314691
-0.0879899279722201	0.0400547300286531
0.0422408192462711	0.0213222505918147
-0.19168054449394	0.0841002189352164
0.788997378530188	0.543852581801781
0.393997425969371	0.242166407812664
-0.174566282324028	0.0912287278252804
0.16987499605727	0.0841114700759531
0.845496551874429	0.71627294188813
-0.829126855391428	0.606456974810141
-0.8291630429523	0.606447548597179
0.0293884504597774	0.0174751445788538
-0.284637753148167	0.186595779542609
-0.0122398914365767	0.00573275860786979
0.0293884504597774	0.0174751445788538
-0.575273198865867	0.395479571147706
0.533746636034345	0.413067538467052
0.205130478099973	0.110380892749031
0.578158381790198	0.376627328503049
0.745392295858783	0.543663995346619
-0.575318237617244	0.395483995236497
0.681084502163819	0.551911649471383
0.411049301966975	0.150047166521462
0.844524529581636	0.54613834994855
0.365714364360966	0.175875869700692
-2.38264526847132	1.5231304205864
-0.792078477545814	0.632324339340268
1.14111481814916	0.780226580309296
0.844245436694145	0.546340791689674
0.393959851793225	0.242147071342183
0.0423576214530844	0.0213884261189087
-0.119164091334129	0.0730446137848314
-0.237452844481152	0.1397982931458
0.533676445740116	0.412940653469788
-0.707558853458656	0.478426011644767
-1.94964353640467	1.53305351011994
0.249870410964179	0.154972212916354
-0.581784038930277	0.277651257807727
0.369028991156211	0.157669386495961
-0.530717724616403	0.551124599131589
-0.171863890155145	0.103233387901618
0.142436808007148	0.089397816024869
0.845426941638222	0.716354448523922
-0.792052370089996	0.632548583397729
1.33450396417429	1.01938811384787
0.59827736746877	0.364879065594862
0.789137043859013	0.543954929220758
-0.237584261627081	0.139872830216836
-0.0124241753236879	0.00582014340182899
0.789009542854592	0.543863079094428
-0.174518314964367	0.0912348516528442
0.0836346373861601	0.0456890182021036
-1.13716291945289	0.878934444802947
-0.320474864420393	0.184941144707064
0.789067188669125	0.543924706508862
-0.453566648168422	0.286866712107399
0.546236794334105	0.399996529021582
-0.581711492709736	0.277565100121143
-0.687488414606163	0.510208753308129
-1.84147484496747	1.77059712665289
-1.06732457106147	1.03289203905055
-1.51824496864762	0.95886148357615
-0.0122850641813574	0.0057559911383436
-0.429557674905862	0.243216046341414
0.845336444937576	0.716445527359605
-0.0495258877810843	0.0270687951714152
1.83620081103178	1.20166581977859
0.789067188669125	0.543924706508862
0.668549195290391	0.343823452293786
0.578018102972575	0.37654181246198
-0.359501808709125	0.231191461270233
0.74523528271049	0.543368964031937
0.560633505652708	0.388001268604152
0.0823842190499573	0.0553230491392762
-1.46331714147403	2.11534745927786
-0.0964476250564139	0.0675761218648745
-0.378244496451909	0.323946091133548
-0.0121457735954574	0.0056898242385988
-0.579377983282081	0.477104436823337
-0.174680202609227	0.0912873089807233
-1.01632312024401	0.731272630481301
-0.88943867815904	0.760548842598612
1.30494154685251	0.824683815140182
-0.453448946127104	0.286791526836624
1.50460992872118	1.26759481849811
0.205237204149976	0.110442438968594
-1.22616328157116	1.32607221072045
-0.795477988276412	0.428906053813614
-0.84128759981306	0.366527746446311
0.365297493403005	0.175602120834692
0.598582673007789	0.36530237473833
-0.687634944063166	0.51055249212413
-1.34644190675536	0.492013982411103
-1.67827674680171	1.1536712482776
-0.218875333524686	0.162976020669075
0.560632673606397	0.38807023461074
-0.143265183895144	0.109583147439156
-0.852550090059072	0.788767282539032
0.59876817292181	0.365396418954223
-0.268921114931938	0.137530879122937
-0.884657543519209	0.588843512301589
-0.224058133922811	0.1494663946442
-0.400513563075863	0.199729099262418
0.169884086577812	0.0841182875246922
0.578132720644533	0.376583680720049
1.20484480287447	0.970839273891237
-1.13557312432465	0.741984670388943
0.394037916789735	0.242247660525564
-0.400150141167734	0.199526819273677
0.180896034888417	0.12770137542044
0.029371177674185	0.017466505112097
1.30501217205153	0.824788016597256
-0.8291630429523	0.606447548597179
-0.766274531160601	0.664752711477607
-0.0399346675579546	0.0254125510266739
1.49179193179728	1.42992111448034
1.61599940110988	1.6719845300661
-0.884474976064581	0.588586594629875
0.396911610810945	0.260226883174291
1.35554782872336	1.19651223683715
-0.284774726474187	0.186622568946158
-0.884600971987052	0.588746834027671
0.0586024886115801	0.0232698011409825
-0.320552993853204	0.185056332829789
0.635493749314852	0.56687520806473
-0.224006110467136	0.149449749327003
-0.359403826210116	0.231176694081903
0.399657447637657	0.294721441330255
0.286066978594424	0.211994931791177
-1.54132849287833	1.52081856507467
0.398740041870163	0.277698898915624
0.710179323547162	0.546360706793013
-0.0757779728133876	0.0473347835396149
0.142410537358923	0.0893756334158816
-0.171968579050833	0.103308832832877
-0.17468679281023	0.0913119091996085
0.116363450732812	0.0683232622059764
-0.174657693246584	0.0913100721629379
-0.237473607055047	0.139838194143414
-0.0873970675291552	0.0397928350708459
0.20515621128702	0.110408160639295
0.365462810263777	0.175771126538925
0.668483206398341	0.343935288943319
0.37838848650301	0.200265814412607
0.388623453802359	0.222807132021994
-2.18887464496301	1.26943367833825
0.119769233618733	0.0537209607675883
0.533746636034345	0.413067538467052
0.180766777910871	0.12760876502222
0.378621720444965	0.200461497743518
-0.429742023619485	0.243444703250539
-0.740855635970673	0.452568145811096
0.956791877663734	0.734307242828757
-0.884770354939938	0.588923492607131
1.5044158387548	1.26730366912119
0.668341817602373	0.343821264073672
-1.11086680880368	0.563001129089156
-0.389520194837014	0.276897047295669
0.230489218546085	0.133657096820458
-0.674301499173354	0.546770481330232
-0.132051030777523	0.0911172998248304
-0.85278481754312	0.788545120487146
0.249894659522818	0.155018355715204
0.0422774636633629	0.0213433618669291
1.71218813755133	1.36379252078282
-0.284638301267164	0.186600808077093
1.0303229756177	0.912420263666659
1.3240029948815	0.631669573381819
0.598582673007789	0.36530237473833
-0.580371561309725	0.322378988803852
0.598675391106249	0.365365106671917
0.120134631761478	0.0538964433430745
0.844431432743736	0.546313821309689
0.24997468863786	0.15509621575848
-0.580006056009966	0.322045537779173
-1.33191007996814	0.762528663311124
-2.18002127579131	1.918993788212
-0.707482479345284	0.478426084681255
-0.795303913358609	0.428996144102514
-0.581644061042793	0.277431750599211
-0.0122727931927386	0.00575042631266952
-0.400279254651867	0.199611151597535
-0.429982454183801	0.243596650316567
-0.359390272612402	0.231190890343253
-0.707402114995464	0.478091851993818
-0.38953741575754	0.27694709902892
0.388705364199698	0.2228237408163
-0.4534471860208	0.286796541603711
-0.500715362469742	0.418186791686408
0.970168745308678	1.36803083576213
-0.576660294513749	0.435353507469711
-0.740664323651973	0.452774631468804
-0.119260077577637	0.0730768236466114
-0.575328607690282	0.395448525801882
0.474983589972015	0.496674762066405
-1.32004290168143	1.32986587277668
-0.487344086887389	0.373664003374922
-0.174035940056513	0.118118850550941
-0.707443001284619	0.478314823263817
0.170457853478971	0.084419753138902
-0.0122276726897269	0.00572835891609193
-0.884714004488368	0.588902910387814
-1.82038153549035	1.34229056866581
0.0836282440820218	0.0456824762391885
-1.04542483329829	0.878688897913007
-0.580476543617623	0.322432153035535
-0.323679539396547	0.132867515469766
-0.976365401250023	0.584398859616745
1.0360071240707	0.754049538610323
0.170161317325234	0.0842725965010529
1.88376090667841	1.64383819775375
-1.13532229991961	0.741731857047717
0.170170551402025	0.0842873863496133
-1.14877290898716	1.17710820492802
-0.237539256351892	0.139869620270601
-0.224049399286018	0.14948080868398
0.0835896232229875	0.0456627648321035
-0.707483809794263	0.478307623762849
-0.323768775804252	0.132906269597143
-0.174625080884339	0.0912854195393808
0.0423977057639784	0.0214070367044068
-0.575248897149481	0.395405491266938
-0.795470598735211	0.429005412207795
0.120216878406035	0.0539296496159934
0.170170551402025	0.0842873863496133
0.205042198106717	0.110325991467597
-0.582540125841319	0.519815230818549
1.48070214909317	1.59406123668821
0.0587479747293442	0.0233295790834769
0.710040201323559	0.546575985920525
-0.933960992479632	0.917276164128232
-1.01640653529459	0.731296908478309
0.142419603815384	0.0893858006289232
0.230569216915851	0.133699107004068
0.396887167078154	0.26018713186142
0.37903365004806	0.200695229132283
0.598480737929632	0.365218365480648
0.397005738637752	0.260260220107968
1.05946338007628	0.577310701954974
0.378754706254768	0.200505425341965
1.05937328956294	0.577228568677455
0.844359650054471	0.546333326077149
1.26782314025134	1.32098222651572
-0.976725620080584	0.584772285236741
-0.224075412035243	0.149490608903112
-1.01151938909696	1.05214748035674
-0.359334445236011	0.231096662407162
-0.487396029867369	0.373745946315643
1.09511334213835	1.41307462483389
-1.04545690815965	0.878561347924845
-1.47892542154232	1.65420406868814
-0.740455350283803	0.452583296187809
1.83637822902329	1.20191504598454
0.12011077257807	0.0538869679431261
1.14124441291442	0.780397358047567
-1.64080101572284	1.41123531072883
0.369443988447083	0.157954068466191
0.249918996642399	0.155043388295526
0.0586773454804471	0.0233008804750109
0.668478812223091	0.34390323454053
-0.580603062995071	0.3224974752442
1.52023308903483	1.08716538684327
0.205178277537349	0.110381689107772
-0.400408163058232	0.199679139220261
0.845381693528394	0.71645952677223
1.03609981704083	0.754094632826625
0.396991343747782	0.260302212223515
-0.0875689197015273	0.0398659159045397
2.17440426530502	2.21279291881879
-0.884644904679083	0.588878517612653
-2.06918730763001	1.72482286180047
0.180960567910603	0.127730816412381
0.249962013195185	0.155059924155677
-1.35318459990941	1.19020825619065
0.378493961987734	0.200357375434109
-0.829086369388326	0.606441524864473
0.116337265710945	0.0683120625139432
1.10702185510946	0.935885221644565
-1.67813018042513	1.15260118864432
0.546167269096049	0.399901540034206
0.205185767371981	0.110419404112476
0.0422784535101385	0.0213474939483703
2.88289825076652	2.11706197748809
-0.191768903144085	0.0841252697608303
-0.582061066113453	0.277506263536237
-0.792026897207467	0.632656687526342
-0.268331253583185	0.137185477385768
0.369696009095169	0.158067754520311
0.0424769332333109	0.0214362619669622
0.966905011225973	0.365415640853152
0.388878599268322	0.222920598581283
1.24274756493478	1.14726908390912
0.399622064505262	0.294668170054027
0.577878237708533	0.376301376399475
-0.191848441999651	0.0841748012731843
-0.320512862899764	0.185045864651848
-1.11086680880368	0.563001129089156
0.921410321822283	0.552421724487917
-0.0122276726897269	0.00572835891609193
-0.740171003604891	0.45253026277676
-0.843217940971981	0.367607429924714
-0.171834806108711	0.103173862433533
-0.579188305816667	0.47692523634252
0.217822845863566	0.17818442443161
0.276974808962132	0.194360109506673
-0.451903558257979	0.412823577634468
0.250044286495274	0.155129883729938
-0.981252608293723	0.894056014885563
-0.313988413083836	0.295559479437215
0.845245946283126	0.716097252199947
-0.884588372446995	0.588819046433955
1.14153882005977	0.78038981555394
0.39395926482031	0.242165352884471
-0.400536866605911	0.1997271130363
-0.581924444867391	0.277715453255469
0.369858241554169	0.158076886076605
-1.68009156842078	0.744218155905003
-0.575302897931052	0.357517752740987
-1.32012956730741	1.33007082740601
-0.943915148975872	0.276710030090892
-0.84128759981306	0.366527746446311
2.04411848801721	1.50755529099061
-2.18887464496301	1.26943367833825
1.14148035323186	0.780569854920254
-0.510743547432265	0.185419327634832
-0.510381448501776	0.185343391604108
0.956953950129638	0.734577320632393
1.14135042570868	0.78055702486602
-0.665497680553858	0.585589512295578
-0.237438932508922	0.139802266515279
0.378940602994957	0.200651612788855
0.0586045725612464	0.0232714078261316
0.388681054646199	0.222839316744788
0.62326240290656	0.352345581752505
-0.400408163058232	0.199679139220261
-0.453567596354213	0.286856836341659
-0.429925595459858	0.243580051469603
0.170263129213505	0.0843313417776692
-1.52948138307637	1.23803074822031
-0.0942522165733174	0.0270533171061642
0.0836834538134724	0.0457175748200456
-0.131990605104145	0.0910769702408111
-0.320393079457075	0.184846706715298
0.204990594832588	0.110251358472351
-0.42967245780055	0.243361499868568
0.388496332191838	0.222697111196915
0.844059703677712	0.546155801156035
-0.359438492963076	0.231189414986532
-1.01138010395496	1.051675922294
0.399669700169903	0.310704766188227
0.533777050042285	0.413015689942851
-0.389467770758099	0.276896453709954
-0.224259964724432	0.149567560804622
0.163476173952088	0.109045502213828
-0.0060016948213122	0.00335844422206687
-0.472063381153096	0.329946905563585
-0.389424342727476	0.276838214762351
0.577937107683428	0.376356644475187
-0.104397923721841	0.0558438585660396
-0.976598104893979	0.584662631574268
0.0586730762067555	0.0233010280801353
-0.739969127678041	0.452229458295051
-0.576616701679889	0.435354227735248
1.8140182535977	0.679923493619259
-0.191851314271925	0.0841724378088938
0.598582673007789	0.36530237473833
-0.0025583228276369	0.000870770923181551
1.33421488170253	1.01926622253753
1.05987776781758	0.577885042568082
0.365631508218467	0.175855733280783
-0.0873136276015911	0.0397499196226352
0.230567791841672	0.133698864313426
0.546226339378666	0.400029781886946
-1.01637790533487	0.731279019263317
-0.453448946127104	0.286791526836624
0.577962852066937	0.376462056263808
0.369443988447083	0.157954068466191
-1.11045946877855	0.562965619456525
0.277044169749406	0.194394574695119
-1.01623949404177	0.731062986346385
-0.320512862899764	0.185045864651848
0.0827938573834093	0.055604408098614
-0.707481746061678	0.478444102656824
0.966905011225973	0.365415640853152
0.119980963262918	0.0538242500271638
0.16996730234134	0.0841624907926557
-0.884657543519209	0.588843512301589
0.170161317325234	0.0842725965010529
0.598870483563842	0.365443873911522
-0.237494251281423	0.13984879736702
-1.4502448302769	1.35228240029353
-0.0025583228276369	0.000870770923181551
0.0837775987708359	0.0457378924692847
-0.320433206846562	0.18495150928958
0.92132134334832	0.552408279546252
0.598675391106249	0.365365106671917
-0.453486695923122	0.286846798923099
-0.191851314271925	0.0841724378088938
-3.24705151510219	3.07598454485468
-0.70752395780393	0.478246855214622
-0.45344808773457	0.286801474904568
3.06278622607913	2.47953983314849
-0.884519156846644	0.588683549507875
-0.575228160299009	0.395416533246711
-0.487326787931181	0.37368176141879
0.533644834338896	0.412756789876894
0.0422809794129208	0.0213415786053331
0.668339794470315	0.343828614069647
-0.889492260175374	0.760591457259811
-0.723146456706129	0.779097667075292
2.11215864907446	2.97946276282449
-0.0495850290263104	0.0271094689755234
-0.389589086762666	0.27697775175688
-1.35317855326767	1.18926633679622
0.503604684569882	0.450199468347014
-0.687600237888207	0.510532942612147
-0.0757702252060367	0.0473280540132409
-0.104317955751367	0.0557991159685809
0.0835239966457633	0.0456128062317049
0.388623453802359	0.222807132021994
-0.829203576049962	0.60627901496867
-1.13555209336582	0.742010647654425
-0.844152313843166	0.367841106023365
-0.429811544627333	0.24349758007301
-0.119190343682071	0.0730556648152293
-1.82062649121245	1.3425298079602
-0.581851832882174	0.277688325692166
-0.00285025275782294	0.000970864932132848
0.844359650054471	0.546333326077149
-0.581779227500152	0.277530332539387
-0.510665083637769	0.185396417332941
1.05928304338781	0.577063682044728
-0.581711492709736	0.277565100121143
1.48078106340472	1.59398605327326
-0.320553567284933	0.185034774686656
0.788812721348061	0.543546622971751
-0.171889531829943	0.103267851984991
-1.67815176085879	1.15338270046085
0.844234892233116	0.546210584782712
1.24267037254785	1.14706863119756
-0.707441551292643	0.478324166306425
0.956957960221602	0.734596218098462
-1.3320517981059	0.762350672909563
-0.32351770392979	0.13279342860992
0.917871945173998	0.888856609572414
0.205270774822767	0.110453605323913
1.48064884084095	1.59343422305333
0.745274814271535	0.543528445163776
0.120240788194207	0.0539451931203284
0.365380128458397	0.175707559308492
1.33430767166807	1.01938904096222
-0.0873025425552024	0.039747500646423
-0.104397024410346	0.0558413819324387
-0.472011704383286	0.329901650302179
-0.0397985403946398	0.0253212845865275
0.788997378530188	0.543852581801781
0.710085189501082	0.546546191806679
0.681216934350824	0.552104746754535
0.27691422571419	0.194313899662351
0.578107067469611	0.376473508055591
-1.40916725954337	1.06883587092141
-0.284643871126821	0.186589672476718
-1.04545690815965	0.878561347924845
0.598684774774916	0.365349678431694
-1.13532229991961	0.741731857047717
-0.889491680689948	0.760678091636314
0.894974427264456	0.723012047209108
-0.0497764894475083	0.0271984245801847
0.369696009095169	0.158067754520311
-1.51832746292766	0.95902509039346
0.844266598598067	0.546215553189946
0.710019779881786	0.54651756556299
-1.33191007996814	0.762528663311124
-0.509453689852966	0.184873844488885
0.668343792191946	0.343767807424399
-0.580244728564168	0.322288315069047
0.230569216915851	0.133699107004068
0.560592278390452	0.388021399444073
0.116285489428612	0.0682708652299546
0.84527171113272	0.716207972594394
0.37903365004806	0.200695229132283
-0.740271693618544	0.452632126761163
-0.284743747208589	0.186623978376868
-0.57926452814574	0.476966626613594
0.968746474968416	0.897488424679036
-1.93230338942821	1.95384019698832
-0.889411874048225	0.760475505173913
0.142515560565323	0.0894115280331442
-0.171915097335951	0.103271348301382
-0.17440426958797	0.0911536059094103
-1.95717194400029	1.00342135116854
0.560790508926747	0.388151172047753
0.388832836805505	0.222876542155152
0.770145430120155	0.350454199977507
0.388681054646199	0.222839316744788
-0.575137634129499	0.357362692467294
0.623498793602424	0.352474627314365
-0.00595155962002393	0.00333058547286571
0.11628438193158	0.0682790642668379
-0.575386970062099	0.357480190030123
-0.00613391690403038	0.00342979198314581
-0.510019488188717	0.185108792567341
-1.13724038680866	0.87856761689537
0.205178277537349	0.110381689107772
-0.00592194011114654	0.00331440094543435
0.745393073383296	0.543751429172607
-0.324020247320629	0.133003472761622
-0.580371561309725	0.322378988803852
-0.739978018739677	0.452268965773811
-0.47209074660014	0.330014700185048
-0.453527147708742	0.286874832407521
-0.829127834617353	0.606384459555384
-0.581854188280408	0.277697073220254
-0.359446060402219	0.231222563721811
0.104404246230919	0.0888119906751885
-0.171943462895184	0.103281952634237
0.533644834338896	0.412756789876894
0.533750283190429	0.413042745634562
-0.352634292998849	0.278435615876594
0.635432930211249	0.566751573414171
2.40203211240503	2.14162501906161
-0.300658446473693	0.24057296892563
0.656681815208031	0.55936084063937
-0.0876302197595823	0.0399015975036765
1.1071404691228	0.935773583234462
0.59876817292181	0.365396418954223
-1.33197952685661	0.762634981562714
-1.11045946877855	0.562965619456525
-0.884519156846644	0.588683549507875
0.0388640094771204	0.0276303697073859
0.394038396008532	0.242246959131393
-0.841930055188795	0.366935621913115
-0.581851832882174	0.277688325692166
-0.580498200950308	0.322444400471375
-0.400173652945427	0.199527805530166
-0.174455736603005	0.0911793397790474
-0.42967245780055	0.243361499868568
0.623050316446066	0.352135083519687
-0.575306066526481	0.357587683954408
-0.0496092677838992	0.0271228251111568
-0.659899339187453	0.626652309181286
-0.674379387301159	0.547225756788519
0.378493961987734	0.200357375434109
-0.580016262315733	0.322066841910722
0.396946359398261	0.260264642197304
1.10702234056283	0.935869287440499
0.170068843650991	0.0842286987652546
0.393998309938964	0.24221564521359
0.0423191371419603	0.0213682662442981
0.399623047111686	0.294620863023599
1.4917517918852	1.42987345750567
-1.01629155118255	0.730958922030256
-2.17996752650694	1.91906279800953
-1.64078895641047	1.41140793786086
0.120371010324869	0.0539982926783083
0.249999051633764	0.155110314569276
0.560554432179692	0.387805375690295
-0.321914419340628	0.232480962655044
-0.575192754444671	0.357461056491999
0.396936146469818	0.2602327506778
0.894934741024717	0.72300838649018
-0.579385763500373	0.477066944821049
-0.389702183345652	0.277021093714468
0.845301650902704	0.716334225676638
-0.829125832982878	0.606496399181627
0.578103014416737	0.376604056005177
-0.237553290358037	0.139887377403942
-1.13720005339703	0.878783264435031
2.88249052150671	2.1169089816065
0.230488467651288	0.133653113546507
0.710074957426673	0.54658200687287
0.770145430120155	0.350454199977507
-1.11104174051405	0.563092496834586
-0.17456992674774	0.0912652369592895
-0.00350347060307062	0.00119280760914839
-0.320551000801398	0.185059855634261
-0.400150141167734	0.199526819273677
0.0586794075255289	0.0232935922046704
-0.268608623749507	0.137354005666895
0.230569216915851	0.133699107004068
0.205241089187748	0.110449762702166
-0.2687279974696	0.13743703950627
0.789021719765927	0.543765482461679
0.668412566104476	0.343909313552279
0.844256005489486	0.54634206000507
-0.104280689831341	0.0557709933824023
0.59876817292181	0.365396418954223
-0.359390272612402	0.231190890343253
-1.01621060763029	0.730957299211709
0.488158449942126	0.473975155816216
0.691856966995634	0.726620470561544
-0.320434303761083	0.184938872669422
0.894934741024717	0.72300838649018
-0.104318795135885	0.0558015566425405
0.0586003562767165	0.0232624426274616
1.24270851402553	1.14735824964831
0.394038396008532	0.242246959131393
-0.581784038930277	0.277651257807727
0.710036384769356	0.546191292276708
0.844359650054471	0.546333326077149
-0.400279254651867	0.199611151597535
0.378754706254768	0.200505425341965
0.788997378530188	0.543852581801781
1.7126342223749	1.36396851822526
0.388623453802359	0.222807132021994
-1.51824804908304	0.958878652330473
-1.64087248783602	1.41086323809286
1.15418289043711	1.11181599616954
0.710040201323559	0.546575985920525
0.668339794470315	0.343828614069647
0.771092418292579	0.351048136725648
-0.191851314271925	0.0841724378088938
-0.10431959113781	0.0558011663734158
1.10694442912361	0.935025944647393
0.116337265710945	0.0683120625139432
0.874755730146189	0.882839626005974
0.365548699035189	0.175813952012173
0.116231496170181	0.0682392986693278
-0.803667061705434	0.856733427178879
0.116311642762167	0.0682935907870279
0.23053041269172	0.13366829299905
0.0837836997531593	0.0457523808217721
0.0422796254578924	0.0213471109845159
0.249935880135386	0.15504472598293
-0.119155063699346	0.0730306543138387
0.396956601925935	0.260280489844571
0.845376767973602	0.716393414539704
-0.00599518849190925	0.00335462823906744
0.845351136894809	0.716491994850677
0.623392508810783	0.352425458002545
0.170253854508655	0.084308299304193
-0.453486695923122	0.286846798923099
-0.0121701696544959	0.0057003464533006
-0.237508265376135	0.13986368143934
-0.359473143908641	0.231179849951258
1.3240029948815	0.631669573381819
0.12034702103488	0.0539879293877707
-0.323679539396547	0.132867515469766
-0.740271693618544	0.452632126761163
-0.323768775804252	0.132906269597143
-0.575141012182052	0.357252019741491
1.32343256698575	0.631253155849864
0.119769233618733	0.0537209607675883
-0.399914968060413	0.199342745662806
0.560750823243541	0.388178877146149
-0.266178848835042	0.195324141801361
-0.580603062995071	0.3224974752442
-0.510743547432265	0.185419327634832
-0.0121579779232437	0.00569550785644836
0.39700159284157	0.260302023027962
1.20484480287447	0.970839273891237
-0.400279254651867	0.199611151597535
0.0423180273406882	0.0213686808954471
-1.13544780775655	0.74188588614203
-1.2491804841411	1.03278535988771
1.30494356888525	0.824508049490796
-1.35310757614286	1.1901513919354
-0.191512303756222	0.0840051241110584
0.388496332191838	0.222697111196915
-0.174156693762985	0.118207126158388
0.120477370357148	0.0540410805798598
-0.665678376818722	0.586042176708888
1.15418237740186	1.11171436938527
-0.359310265088106	0.231053850499405
0.249908580450366	0.155019728615873
-1.01626830299246	0.731124793594598
-0.747448602743825	0.701052567184212
0.0826016628928457	0.0554755225384801
-0.174051634785853	0.11810863606501
0.230567791841672	0.133698864313426
0.789009542854592	0.543863079094428
0.598870483563842	0.365443873911522
-0.740280398947646	0.452574775308571
0.578014364927905	0.376465316524239
0.23053041269172	0.13366829299905
0.119851360032837	0.0537563736980319
1.14098542907508	0.779786174713427
-0.320512229568985	0.18504719516924
0.598573351737047	0.365281015830231
0.0587479747293442	0.0233295790834769
0.369696009095169	0.158067754520311
-0.84164330581693	0.366637138097607
-0.0878628625028632	0.0399987686704148
0.393919157098396	0.242093915138356
0.170059671984345	0.0842063275246382
0.39811146206233	0.3406654410105
-0.237559769177897	0.139837408701941
0.635516703734987	0.566947202060518
-0.472037251876793	0.329944781713068
1.05953573822857	0.57750968846383
0.116337803549992	0.0683121911720951
0.92149314149832	0.552505338452732
-0.171837191060019	0.103216922573153
-0.284665059208404	0.18661519669181
1.06012940531189	0.577842537391584
1.79307215656604	1.77786554640018
-0.576642941443871	0.43542643357362
0.0423993889003517	0.021400607620263
0.205241089187748	0.110449762702166
1.83671578232145	1.2026905210236
0.788894586158484	0.54347151380226
-1.82046463034753	1.34238046031
0.503479621031924	0.449924483303941
0.681085449140647	0.552060302462675
-0.740280398947646	0.452574775308571
0.398845341000969	0.277778065636219
-0.268516230467572	0.137314152183712
-0.57519351168376	0.395313397396323
0.250044286495274	0.155129883729938
0.396970934399228	0.260254504755304
1.10702287153373	0.935731496709681
0.560592278390452	0.388021399444073
-0.453525181306195	0.286848918425536
1.03581273641939	0.753757024221273
-0.576589945561203	0.435352430352937
-0.0398701178045718	0.0253698211940895
0.230408455018106	0.133557500557427
1.08242648567332	1.0890169413817
-0.378022936216532	0.323602556056382
-0.413992346769303	0.322147145456777
-0.747509198068959	0.701232606204208
0.0836487181970986	0.045700188709168
0.600742582167323	0.58362916134359
-0.284717525203166	0.18663652521604
0.601192327876319	0.58404961468282
-0.0761047657593918	0.0475360521048769
2.17453026558424	2.2129651353343
-0.687589644821375	0.510540860097034
-0.0495954996091126	0.0271153340901365
0.265108843216896	0.17537102944944
-0.843506268400428	0.367618364064751
-0.17189007357759	0.103262278865495
-0.268719004618864	0.137442961534784
-0.320432590117121	0.184942586480465
0.394038396008532	0.242246959131393
-0.268626755667087	0.137386831811978
0.120028551647769	0.0538416400422945
-1.3454914250033	0.491304137870213
-0.842929976512655	0.367307850802193
-0.453526186148828	0.286869848352417
-1.01626830299246	0.731124793594598
-0.19168054449394	0.0841002189352164
-1.11000712185328	0.562333501617952
0.681217412014632	0.552162893124724
0.598194140587528	0.364865830215773
-0.284717525203166	0.18663652521604
2.03685545103169	1.92794966306269
-0.320512229568985	0.18504719516924
-0.58022292583536	0.322227384173889
-0.268709990012556	0.137422886733516
1.10702234056283	0.935869287440499
-0.941283244654749	0.739828831087645
-0.172022544090708	0.103322322614595
0.205185767371981	0.110419404112476
1.14126815028772	0.780156919265021
-1.33197678245378	0.762263841197909
-0.0875247626795585	0.0398554643821223
1.71252840521781	1.36406648304809
0.894934741024717	0.72300838649018
0.120240788194207	0.0539451931203284
-0.399997202837789	0.199355988071609
-0.104359195281209	0.0558242971418694
-0.131919332547282	0.0910171730626426
0.230529605001091	0.133680510590328
-0.575262792708149	0.395475278382787
0.265065773360698	0.175344205786213
-0.57525108074046	0.357535915462596
-1.95002511922446	1.53493871942332
0.917845627905623	0.888736493671078
-0.389598077276326	0.276999851571436
1.15426179570345	1.11167382040556
-1.24914351063808	1.0324599382244
0.286203426389468	0.212127015627612
0.894894382386493	0.72293105384348
0.205126733349182	0.110389989862704
0.709915470992916	0.546289369553832
0.0587501116908756	0.0233223101576952
1.15407740966181	1.11115351101489
0.249962013195185	0.155059924155677
0.668339794470315	0.343828614069647
0.0836937122363792	0.0457231254747843
0.788952008697734	0.543735380200091
-0.320552993853204	0.185056332829789
-0.429786795407442	0.243444148307166
0.598582673007789	0.36530237473833
-0.174514740171446	0.091236144615508
-0.576562619715103	0.435363784393989
-0.171916249530567	0.103284333532777
0.399532763659219	0.310536772747086
-0.487309490250497	0.373670893306532
-0.171916249530567	0.103284333532777
0.26502378042318	0.175318641812304
-1.32023352528281	1.33010810911826
-0.399314328369889	0.368398321354691
-0.104357499932016	0.0558222115623603
0.578103014416737	0.376604056005177
-0.884770354939938	0.588923492607131
0.116283881027503	0.0682728259310458
-0.791973359484271	0.632523385274218
0.546146298287035	0.399938901295841
-0.429856217784491	0.243527269122507
-0.049605941996654	0.027120013911584
0.388750876020199	0.222881622076993
-0.389589086762666	0.27697775175688
0.365297493403005	0.175602120834692
0.265274616607157	0.175431136929074
0.396876878494454	0.260171257683474
1.14124441291442	0.780397358047567
2.23156260992701	1.82070463993709
-0.237587939229765	0.139889618844876
0.116417411473758	0.068346745975318
-0.941248715467279	0.73977141478231
-0.191426497828664	0.0839488560761054
0.24997468863786	0.15509621575848
0.710050456446237	0.546540188914372
-0.575342460998206	0.395474177594278
0.230452219096468	0.13358174972217
0.265214269152528	0.175460620412385
-0.429823900373269	0.243455736202764
0.83769210755376	0.879683062318649
-0.598027556349797	0.737824787076298
0.397162596332304	0.355087665436893
1.58616205458604	1.8309095165323
-0.284584759141434	0.186548168598305
-0.354300820768347	0.330388735686128
1.08234859324495	1.08878460080999
-1.32006018866403	1.32992829174441
-0.466659677600391	0.457546056522059
0.265075171393988	0.175390756254714
0.0836346373861601	0.0456890182021036
-1.01634919800968	0.731217314444919
0.0836384663419645	0.0456924625707961
0.265055288355798	0.175347226680754
-0.740372218460723	0.452702879152707
1.05980524645418	0.577754859072529
-0.0496964241532648	0.0271652473265563
0.681136964118349	0.551846994236191
-0.191509229873972	0.0839961430022088
-1.11095419840965	0.563287274191042
1.33429726654848	1.0192474151438
0.578128702372086	0.376615585739378
0.917820385221366	0.888851777989098
-0.268626755667087	0.137386831811978
-0.174459521127491	0.0911992843731911
0.39693217152986	0.260242591337945
-0.174547594798126	0.0912442955274002
-0.829167338280826	0.606354088126575
-0.0654242515397067	0.0465144974927129
1.0597155655144	0.577756640140593
-0.320513450752505	0.185034633111104
-0.268719004618864	0.137442961534784
-0.359411288891954	0.231191559725985
0.119769233618733	0.0537209607675883
0.95692825447083	0.734633189363389
-0.707561374899847	0.478454287577905
-1.51849205749084	0.959097589656331
0.745312944518501	0.543574984138107
-0.453486695923122	0.286846798923099
0.709960466353092	0.546453636093704
-0.487413323185831	0.373756809665301
-0.0495954996091126	0.0271153340901365
0.399685084470578	0.310705905757105
-0.51213732990065	0.4625227664261
0.398925284356903	0.325873514145585
0.163567731305025	0.109091295296511
-0.889491067109136	0.760648193519635
-1.95002511922446	1.53493871942332
-0.472064591324512	0.329985339812347
0.921410321822283	0.552421724487917
0.668270960666929	0.343634396260565
-0.174602660202585	0.0912810692303503
-0.26842377376637	0.13725791720775
-0.268709990012556	0.137422886733516
-0.575276993342195	0.357560747477759
0.205100973330945	0.11036967785944
-0.430064216872108	0.243565519688309
1.33420451960828	1.01921230707526
0.623368560595867	0.352394665675771
-0.889598268471823	0.760596529805884
0.205185767371981	0.110419404112476
-0.0497103073810723	0.0271767660161972
-0.119077183004402	0.0729893994545596
0.0422796254578924	0.0213471109845159
1.0360164195216	0.754015797721942
-0.268912224783566	0.137532775591647
-0.5856910162847	0.562615601925205
0.265213844403383	0.175441817458598
0.396911610810945	0.260226883174291
0.394037483159254	0.242231885268213
0.142497480573903	0.0894313215603857
0.512626655127821	0.437902246353115
0.681165039636409	0.55216283923334
-0.171811009474276	0.103179322353065
0.055365760553945	0.0469296608208262
0.230490012836691	0.133653431840519
-0.17813276780618	0.134481368261725
-0.0875026457018197	0.0398390244357153
0.845456168738016	0.716430961344511
-0.413976562334533	0.322183535473497
-0.889438063151247	0.760566473291652
-0.118895187580927	0.0728336196715889
0.142428651476056	0.0893731682621914
-0.178207175745063	0.134550389573874
-2.24891006932925	2.73685822400729
-0.132261291946671	0.0912695492981115
-0.00953027204893413	0.00617070481358027
-0.119129673214218	0.0730159882121183
0.205152501413158	0.110394674120877
1.48078160514698	1.59386436858632
0.709960466353092	0.546453636093704
-1.62721070813743	1.69365421508521
-0.941269766308302	0.739849845050515
-0.0495292720916745	0.0270715674152733
1.18747916400335	1.28857823896742
0.265213741248573	0.17547568582309
-1.28634666508161	1.63562294957135
0.394431667759797	0.382072189061349
-0.389484999204693	0.276907121635781
0.533773156700181	0.413078565518056
-0.674370456569924	0.547283897739614
0.163468461561109	0.109031616232701
0.745273758792998	0.543538189694535
0.522572242651094	0.425489438665856
-0.174459521127491	0.0911992843731911
1.49179136008629	1.43008822900997
0.230449616124751	0.133620924510745
-1.04532338346632	0.878156407461986
-0.268312791713591	0.137144521650942
-0.934097260892203	0.917581875398347
-0.322194540090646	0.232723517006061
-0.792160581600657	0.632457478385807
0.304672484156144	0.260717308732412
-0.224153265320875	0.149532636220532
-0.787386070392036	0.894428815471224
1.21133565092295	1.46121451444481
-0.453526186148828	0.286869848352417
-0.119111616177512	0.0730016435163451
0.265214831249345	0.175421807826154
-0.82904784880335	0.606262707543503
-0.352765902971459	0.278545471808138
-1.40927863953749	1.06900153922817
0.116417411473758	0.068346745975318
-0.049605941996654	0.027120013911584
-0.0400778343124251	0.0255041745155081
0.560711885972035	0.388147474403836
0.163673842890124	0.109171859115128
0.20515621128702	0.110408160639295
0.0422388999443572	0.0213245448072465
0.299630455154794	0.24510758422584
0.844266598598067	0.546215553189946
0.845324488226291	0.716408101876152
-0.268322033479146	0.137179227635239
-0.429938030218216	0.243568625526263
-0.976748321602159	0.584724813841583
-0.429811544627333	0.24349758007301
0.789067188669125	0.543924706508862
-0.581849525599261	0.277576220823309
0.378837053043127	0.200602993253842
-0.0876522636543796	0.0399151556854039
0.844442087914834	0.546426797242726
0.845351136894809	0.716491994850677
0.789219027308069	0.543806476291773
0.388820742451007	0.222906122652098
0.62326240290656	0.352345581752505
-2.0693630330825	1.72595411557521
0.968797796743646	0.897766270089067
0.0423982212440437	0.0214062491591895
0.512739730287833	0.437896962494377
-0.94131775771945	0.73977938532399
-0.359515555831257	0.231225853301993
0.388738767178279	0.222853701932079
0.957149948859805	0.734072551263902
-0.191848441999651	0.0841748012731843
0.0837246652137574	0.0457243692910913
0.546087263324922	0.399722293888994
0.789137043859013	0.543954929220758
-0.171890580083725	0.103245476682913
-0.575286950296263	0.395470517468643
-1.45013225086011	1.35185654436749
-0.45352413318537	0.286809315799847
0.276983589672344	0.194357664287847
1.2049145732705	0.970896458378593
0.265040912232366	0.175353229101276
0.0587457894570351	0.0233313383669741
0.789079325953716	0.543893240613633
-0.268709990012556	0.137422886733516
0.388611278287772	0.222779199110245
0.0586752350175879	0.0233026661375095
0.365291442592988	0.175599214813201
-0.687509652607351	0.510321545292853
-0.268719004618864	0.137442961534784
1.15418237740186	1.11171436938527
0.598397427711216	0.36507558725869
0.512626655127821	0.437902246353115
-0.266042844440201	0.195205319188457
0.0836487181970986	0.045700188709168
-0.707483809794263	0.478307623762849
0.533668738015448	0.412985803670079
0.522572242651094	0.425489438665856
-0.733994641350604	0.739400965072592
-0.269013093489388	0.137570479348443
-0.429729682244518	0.243410444866458
1.08226127335428	1.08838640756656
0.789137043859013	0.543954929220758
0.578188139453014	0.376606994001504
-0.707562124749412	0.478409531627859
-0.687544346030997	0.510452591945806
0.170662519794353	0.0845052647182839
-0.795473084150557	0.429189025577302
0.397015905434803	0.260292076183669
-0.268617700571665	0.137383094548257
0.369696009095169	0.158067754520311
-0.17459926023523	0.0912855489687525
0.120086942258199	0.0538668745057729
0.57799237739116	0.376473680654714
-0.0124241753236879	0.00582014340182899
-0.0876742818866323	0.0399207835370522
1.30493735728909	0.824723522711219
1.50460078691791	1.26737379434533
-0.580476543617623	0.322432153035535
0.170653017171548	0.0844853619183757
-0.582284869064516	0.519393321454819
0.250030420206014	0.155105697551881
0.53380740996506	0.413071526569369
1.48072939366135	1.59377088503181
1.24266958632114	1.14724141082673
0.396942496284277	0.260224576292416
1.02290887270663	1.0714136609542
-0.575166887313808	0.357410598881356
1.50452650525141	1.26725704656624
-0.0122973225407363	0.0057607405665406
-0.795388566123818	0.429111941624914
0.286195640783449	0.212119843513304
-6.00311184232766	5.16051052520781
0.894856193528215	0.722820244820785
0.845272238967783	0.716251308638362
-0.0873848714595538	0.0397782837000225
-0.0122276726897269	0.00572835891609193
0.0587435559436112	0.0233296694197922
-0.4534876275693	0.286851758282326
-1.01618459373513	0.730687292676172
-0.320551710599551	0.185068852829541
0.116311642762167	0.0682935907870279
0.789194873519341	0.543959116050008
-0.359390272612402	0.231190890343253
0.249884192894728	0.155003068803888
-0.829086369388326	0.606441524864473
0.396856390057272	0.260089506393958
-0.852323616798311	0.78834619068828
-1.13720417658415	0.878844760925168
-0.413924172299063	0.322083672597465
1.47103868020165	1.76474263578357
0.0423180273406882	0.0213686808954471
0.844234892233116	0.546210584782712
-0.0400743475090419	0.0255028499782183
-0.575262792708149	0.395475278382787
0.0836589996523523	0.0457057522339226
-0.575286950296263	0.395470517468643
-0.359386945138899	0.231126405674509
-0.17459926023523	0.0912855489687525
2.40224086712782	2.14164212043936
0.623026548869316	0.352133124979863
0.546236794334105	0.399996529021582
-0.740171003604891	0.45253026277676
0.598675391106249	0.365365106671917
-0.829007383223082	0.606004357091596
-0.580139552543401	0.322178443064124
0.0837040002746334	0.0457264227156212
-0.0122850641813574	0.0057559911383436
0.837637558941342	0.879618629064973
-0.575217747559456	0.395392146945716
-1.04534487457245	0.878387374207826
0.398978784997145	0.277797651584604
0.205211481751657	0.110438490596475
0.965708155966886	0.36469686787148
0.265092298747584	0.175395495110731
-1.01626552658048	0.731105199010459
-1.04540091106297	0.878624339051669
-0.389580857357101	0.276970170158891
0.163438452770574	0.109008251883882
-1.13716389690442	0.878922923019374
0.0422415499632331	0.0213186998078758
-1.40905544094371	1.06839190034454
0.745432336831889	0.543720392347431
-0.579127703414829	0.476827006373991
0.388762997440806	0.222873844908431
0.668412566104476	0.343909313552279
0.170365107743381	0.084383949304422
-0.0121004029027061	0.00566746725900745
0.0423977057639784	0.0214070367044068
-1.35320851950387	1.19029670047554
-0.352645328771689	0.278437574159722
-0.429754352431401	0.243433445629051
-0.104278391852856	0.0557721044560038
-0.766170722537109	0.664967507979441
-0.119103423183026	0.0730060951167675
0.0423581224798044	0.0213887511464096
0.388750876020199	0.222881622076993
-2.28309382198991	2.11584397704076
0.709960466353092	0.546453636093704
-0.104359977904879	0.0558212020500924
0.388553749445873	0.222747063630089
1.50440679942334	1.26672036127882
-0.976342465158624	0.584299149658856
1.61603758729791	1.67207494504311
0.0423185594731741	0.0213690212508505
0.378727390829471	0.200531723202199
0.205152501413158	0.110394674120877
1.03040272101607	0.912478079286337
0.2767876126053	0.194176809122483
0.68119175182357	0.552129716225898
0.120607926582866	0.0540837011430619
0.533712384989079	0.413029755323642
0.264953626297302	0.175251293008819
-0.981096304720578	0.894372114560583
0.286113463439477	0.211943993588414
0.789067188669125	0.543924706508862
0.163430780991281	0.109009995928942
-0.1915979731707	0.0840529792646734
1.36665064772865	1.36616840565144
-0.400513563075863	0.199729099262418
-0.0496163561986371	0.0271235053217809
-0.268617700571665	0.137383094548257
-0.118973070311446	0.072909852392994
0.119875060412801	0.0537756254140837
-0.0124118503434449	0.00581552997654431
-0.57525108074046	0.357535915462596
-0.266110836881102	0.195268169545704
-0.707519508503827	0.478444598517908
-0.171863890155145	0.103233387901618
-0.320553567284933	0.185034774686656
-0.322141538707854	0.232719103126444
0.80577203445141	0.878545562513468
1.48070270606816	1.59398092068027
0.635318864969768	0.566446426674387
1.37314268991209	1.53922621940329
-0.934330176473644	0.917855282482812
-0.687499047684789	0.510279405598265
-0.576562619715103	0.435363784393989
0.116284918076701	0.0682785512631978
-0.237563643670217	0.139889377318265
0.623286300486041	0.352340568865308
-0.0873025425552024	0.039747500646423
-1.24925910986211	1.03238454028396
-0.223936832235249	0.149376777057049
-0.674335975125147	0.54717411483154
-1.27844988038676	0.903465546558454
0.142228510814262	0.0892269427611912
-0.575221956505582	0.357508938560049
-0.0874192319868208	0.0398048854826958
0.230608848596398	0.133708611959684
-1.01626830299246	0.731124793594598
-0.42967245780055	0.243361499868568
-1.32008623263359	1.32999770171802
-0.472144736914368	0.329976856815283
0.293520111398015	0.228960190732622
0.142506530029035	0.0894334108687391
0.230569216915851	0.133699107004068
-0.237508265376135	0.13986368143934
-0.359414427010868	0.231205255371581
-0.284704631378556	0.186631614055454
-0.378169794402902	0.323865047592593
0.398792926930983	0.277777135794923
-1.01635180096047	0.731290577813313
0.396887167078154	0.26018713186142
0.546261148110136	0.400041824025761
-0.0876522636543796	0.0399151556854039
0.0423197603352864	0.0213662872995593
0.921483664706859	0.551920144041625
0.0587435559436112	0.0233296694197922
-0.26882014270592	0.137493109818912
0.394037483159254	0.242231885268213
-1.01629155118255	0.730958922030256
0.116390147511187	0.0683382847723855
0.369264043213546	0.157791315274953
-0.0122276726897269	0.00572835891609193
-1.5413567938731	1.52069460861488
0.388705364199698	0.2228237408163
-0.23751862527221	0.1398723323227
1.73016957099421	1.91954839108287
-1.01635180096047	0.731290577813313
-1.84154196502358	1.77108047976961
0.78893980475248	0.543791021826737
0.170170551402025	0.0842873863496133
0.116390147511187	0.0683382847723855
-1.29956175239577	1.47959596481624
0.844163062994518	0.546224354744882
-0.487344086887389	0.373664003374922
-0.00609022997363264	0.00340671392082021
0.14225379649125	0.0892194367895318
1.26774350491953	1.32058830112763
-0.237504529024248	0.139844087330484
-0.687634944063166	0.51055249212413
0.598388187690383	0.365124289578113
0.0582759097770294	0.0369139293809071
-0.889438063151247	0.760566473291652
0.681058282442154	0.551895958462896
-0.976598104893979	0.584662631574268
-0.0122276726897269	0.00572835891609193
0.623368560595867	0.352394665675771
2.17459967047991	2.21302146049906
-0.791974003188081	0.632529374040272
1.24274820443617	1.14738294395687
-0.0760208923010862	0.0474945049766468
0.598286523308632	0.364998220512253
0.745353938169583	0.543696369311969
-2.18958572887166	1.27014049646167
1.52040088773372	1.08726349047316
1.14158656932169	0.780653256939168
0.394077992026695	0.242262483225049
-0.268414594212216	0.137235508430333
-0.510381448501776	0.185343391604108
1.36658099962445	1.36613488460815
1.03041297555539	0.912330161729054
-1.13716571635565	0.878750408636961
0.789009542854592	0.543863079094428
-0.829043738882068	0.606222373957831
0.617194130569556	0.575405767249152
0.398925379879744	0.27784571120507
0.894935446571742	0.722968334191717
0.0294405025615783	0.0175061454391566
0.874626389752448	0.882796453200793
-0.884632253303745	0.58876380922075
0.11628438193158	0.0682790642668379
-0.575163474539905	0.357391334497126
0.92132134334832	0.552408279546252
-2.2831131355439	2.11584781802777
-0.237542907484709	0.139878710803409
-0.0016157804387986	0.00054955076095408
0.0423191371419603	0.0213682662442981
0.668412566104476	0.343909313552279
0.845272238967783	0.716251308638362
0.205097333541243	0.110364406966335
-0.575361020021202	0.357592442111619
0.396856390057272	0.260089506393958
-2.38278396490241	1.52453549315549
-0.320512229568985	0.18504719516924
-0.268617700571665	0.137383094548257
0.205126733349182	0.110389989862704
-0.174544124873814	0.0912564848517119
0.709946354836921	0.546312175029216
0.397036327893221	0.260307683516976
0.0836796513806659	0.045709786317908
-0.575179491745342	0.395108871598323
-0.10435836928934	0.0558246704842912
0.23053041269172	0.13366829299905
0.397071079225297	0.260295399120431
0.398899197057204	0.277853325909737
0.533780881129388	0.413013951833887
0.61699637365336	0.57512078725762
0.710029975803891	0.546567476157879
0.230450440407156	0.133617280023361
-1.22610319012899	1.32591617007947
-0.174628515728416	0.0913006915587617
-1.14274628534436	1.02418851102403
-0.400408163058232	0.199679139220261
0.23052811985298	0.133680230051694
-0.687690825023829	0.510421670709467
0.598480737929632	0.365218365480648
0.598582673007789	0.36530237473833
-0.429925595459858	0.243580051469603
-0.841930055188795	0.366935621913115
1.71252840521781	1.36406648304809
1.65633555960593	1.51973031777427
0.18104271718679	0.127792805614089
1.03034750926467	0.912449882956028
1.48075493667426	1.59407443975006
-0.0496197888314195	0.0271299727345174
1.14122070426758	0.780386099658665
0.394116820155748	0.242245377382797
0.845430036590367	0.71650474668351
-0.429982454183801	0.243596650316567
-1.13720321345906	0.878905550941361
1.0360071240707	0.754049538610323
-0.665694212146608	0.585992530232657
0.656872948718237	0.559340717978293
0.116496448149237	0.0683676156396447
-0.119024732411692	0.072934429983032
1.45428757551338	2.1038443356857
-0.414089335359854	0.322315739242084
-0.575307838029623	0.395499269125434
0.586239079677985	0.592095326202793
-0.981009551900245	0.894246027856386
1.24262919258938	1.14708565489815
-0.45348851591146	0.286841831680638
-0.687613685418675	0.510543809311169
-0.0495850290263104	0.0271094689755234
1.1542095508317	1.11178512587609
-0.884657543519209	0.588843512301589
0.169976433422897	0.0841776092708832
-0.941314845393856	0.739889310526513
1.33441099968333	1.01935277897555
-1.8207291027124	1.34335604769857
-0.323606841794993	0.132787041663478
-0.268811190324651	0.137482691167831
1.20489022647454	0.970613231763864
-0.45344624098908	0.286775668100434
-0.57525108074046	0.357535915462596
-0.829007383223082	0.606004357091596
0.745313372817002	0.543643055784517
-0.174540515247827	0.0912397503894302
-0.19168054449394	0.0841002189352164
0.170078037123426	0.0842362332696313
0.512731918957282	0.43785594120208
0.39693217152986	0.260242591337945
0.230487760154232	0.133641469554507
-0.576642399663144	0.435459503434215
-1.35318719370295	1.19037012647783
-0.320512229568985	0.18504719516924
-0.389615298566888	0.27701051282046
-0.17189007357759	0.103262278865495
-1.43672883334933	1.79894259782157
0.656725304781844	0.559411616515847
0.0422784535101385	0.0213474939483703
-1.40940270657111	1.06909659425454
0.623050316446066	0.352135083519687
-0.00285025275782294	0.000970864932132848
0.6565604546133	0.559020215324492
0.120216878406035	0.0539296496159934
1.3240029948815	0.631669573381819
0.0587457894570351	0.0233313383669741
-0.087116832352266	0.0396415789034889
-0.320591171432568	0.185071363929284
0.844152537341915	0.546273411772544
0.388553749445873	0.222747063630089
0.789137043859013	0.543954929220758
0.578099101184153	0.37657170949161
-0.0873025425552024	0.039747500646423
0.0835792957447459	0.0456571767018195
-0.172049234485517	0.103319014854936
-1.35311823742973	1.19020606722363
0.249915677302009	0.155024547523558
-0.0497133853362127	0.0271740483697428
-0.4534876275693	0.286851758282326
1.10706107947149	0.935851350786674
0.533729511255781	0.413059845750498
0.845377263377839	0.716505721388849
-0.104317955751367	0.0557991159685809
0.399054722908245	0.32600875984328
0.522860575308625	0.425530726835733
0.161103029433288	0.137409916588746
-0.576588213564014	0.435335420001276
0.399613969838884	0.294688810700674
1.15428844654053	1.11150851560404
0.50367243390385	0.450248527695395
-0.400279254651867	0.199611151597535
-0.453566648168422	0.286866712107399
1.03034354724202	0.91223204668314
-0.674613729352366	0.547199610311965
0.397075396091282	0.260212181645252
0.230452219096468	0.13358174972217
-0.237508265376135	0.13986368143934
0.623026548869316	0.352133124979863
-0.795641716677105	0.429218074573229
0.39684619019322	0.260016062662219
-0.795306487339825	0.429040562996724
-0.10435836928934	0.0558246704842912
-0.049605941996654	0.027120013911584
0.845508938055369	0.716271029930627
-0.934201789329301	0.917785922281763
-0.852565732376803	0.788748880433665
-2.82064219165553	2.21204137700841
-0.580498200950308	0.322444400471375
-0.575318237617244	0.395483995236497
-0.171969657460476	0.10330401820569
-0.171862804969046	0.103246873333961
-1.35318459990941	1.19020825619065
-0.171916772816248	0.103274374076982
0.546111514957289	0.399851326373672
-1.54124949711141	1.52048553839264
0.24998516710157	0.15509510358789
0.917889129073426	0.888763048811111
-0.707518608301749	0.478373617995054
0.265040912232366	0.175353229101276
0.789009542854592	0.543863079094428
0.230410033441319	0.133573185724858
0.20515621128702	0.110408160639295
1.71218813755133	1.36379252078282
-0.575306066526481	0.357587683954408
-0.320472728323707	0.18500883783832
1.36656667985615	1.36648325535776
-0.0122398914365767	0.00573275860786979
-0.575238543494442	0.395420803834069
1.10702287153373	0.935731496709681
0.394077992026695	0.242262483225049
0.598388187690383	0.365124289578113
-1.22615528350604	1.32610501136738
-1.54143510270942	1.52024863878452
0.180916879299216	0.127664769208232
0.0423185594731741	0.0213690212508505
-0.487283525322826	0.373621192992724
-0.266032177461801	0.195202305625568
0.804395515067917	0.715369169399287
-0.0875026457018197	0.0398390244357153
-0.0122276726897269	0.00572835891609193
0.378940602994957	0.200651612788855
0.250030420206014	0.155105697551881
0.77079981160721	0.350840110911968
0.921324434956384	0.5524265305633
-1.13720005339703	0.878783264435031
-1.3469181289708	0.492217275549371
0.578014364927905	0.376465316524239
-1.110169684093	0.562673512171069
-2.54793662767654	1.76400174846487
-0.981183072386116	0.894343801407543
-0.104435556628316	0.0558500055122288
-0.118973070311446	0.072909852392994
-0.266239854269612	0.195382005603096
1.48067498867189	1.59343601328711
-0.429742023619485	0.243444703250539
1.20498438869504	0.970879883451579
-0.0496755348028971	0.0271594987077226
-0.575273198865867	0.395479571147706
-0.659973698209052	0.626857269830898
-1.36995253587775	1.63832890212981
0.623440491789642	0.352191734878654
0.546261148110136	0.400041824025761
0.0836139988449978	0.0456801177731202
0.397005738637752	0.260260220107968
0.71010407105077	0.546180840324215
0.398898691083153	0.277838999302462
-0.829167338280826	0.606354088126575
-0.268525347797909	0.137326910041535
-0.174065076096328	0.118108509815101
0.578154398334843	0.376565647581824
-0.575238543494442	0.395420803834069
-0.174514740171446	0.091236144615508
-1.24914114196	1.03260189679654
0.95689862688858	0.734589435516779
0.393920347644893	0.242075031362479
-1.67842293364952	1.15326249437505
0.560670124227051	0.38812563402852
0.396981124268762	0.260286380908059
0.119980963262918	0.0538242500271638
0.205075221343872	0.110332408266124
0.249960943195649	0.155054146101795
-0.10435836928934	0.0558246704842912
0.230490012836691	0.133653431840519
-0.934703389388721	1.10566402716509
-1.15517363972402	1.33509848598616
-0.104359195281209	0.0558242971418694
0.286384687417825	0.212212630987649
-0.792186192869209	0.632505743725453
-0.132197188898705	0.0912256905845449
0.399500703020334	0.294522548780948
0.388565964607091	0.222757123212129
0.20515621128702	0.110408160639295
-0.674491752517712	0.547268485544942
0.0423175407555787	0.0213672432919553
-0.104279967239532	0.0557741192149482
0.533729511255781	0.413059845750498
-0.38953741575754	0.27694709902892
0.388693203120202	0.222849389931697
-0.191509229873972	0.0839961430022088
-0.765937198841143	0.664778067215432
0.397046583565178	0.260289613432829
0.788997378530188	0.543852581801781
-0.268811190324651	0.137482691167831
0.12011077257807	0.0538869679431261
0.396956601925935	0.260280489844571
-1.01637790533487	0.731279019263317
0.394037483159254	0.242231885268213
0.399786910784941	0.294700439631701
-0.389476754562305	0.276862657049257
0.51261887757322	0.437882888474264
0.398793967380322	0.277774205276527
0.394117191437341	0.242261105143043
0.0836487181970986	0.045700188709168
0.230487760154232	0.133641469554507
0.533724054660687	0.412979576740409
-0.976447500426061	0.584153758000454
0.388623453802359	0.222807132021994
-0.237553290358037	0.139887377403942
-0.429729682244518	0.243410444866458
0.170078037123426	0.0842362332696313
-0.320473887394135	0.184996236748731
1.0303229756177	0.912420263666659
-0.795391084685964	0.429117695674088
-0.224083966206037	0.149485019603696
-2.3828476805324	1.52465326525564
0.623416485882467	0.352373168461279
0.789091475818272	0.543750715492541
0.0835653393931238	0.0456395289170309
-0.884531729589841	0.588722293116452
0.0423180273406882	0.0213686808954471
-0.575273198865867	0.395479571147706
-0.884588372446995	0.588819046433955
-0.266096702663618	0.195242717498853
0.249953816287964	0.155073709123128
-0.0495853736185484	0.0271034571641484
-0.829161861228045	0.606385804968966
0.27691422571419	0.194313899662351
0.0587479747293442	0.0233295790834769
-0.0121125550355883	0.00567193534323825
-0.941293807684783	0.739887785369521
0.844142036023125	0.546193480334791
-2.69154473716998	1.99492562879902
-0.976388308966963	0.584207226036347
0.560670796042941	0.388152961154497
0.388541546903607	0.222697290635901
-0.174654363192555	0.0913057007302436
-1.13712456026234	0.87876657298231
0.116232030628555	0.06823772309015
0.169994760992526	0.0841528614349276
-0.174547594798126	0.0912442955274002
0.844256005489486	0.54634206000507
0.230488467651288	0.133653113546507
1.08249666766831	1.0887591557635
0.180834913749392	0.127663244408338
-0.0060294645189049	0.00337358051439809
1.58610914963769	1.83101152462205
-0.320511550772078	0.185038220306322
0.398336501042041	0.340869949997642
-0.434677135481522	0.367791401945845
0.394078485702876	0.242244126778131
-0.659838019859401	0.626695306200914
0.205270774822767	0.110453605323913
-0.707482479345284	0.478426084681255
-1.01640893026767	0.73117760288339
-0.0060016948213122	0.00335844422206687
-0.575309095809477	0.357521379838328
-0.740363553407265	0.452677488340356
-0.223884967896639	0.149330071060047
0.635562225748386	0.567019156974504
-1.23404954459075	1.17466434240616
0.398687154815651	0.277586074461679
0.293587838683606	0.229033915017473
0.394038920805071	0.242228624143532
-0.171995844549904	0.103319697906371
0.714444291469743	0.722344335297758
0.195265498201328	0.145286443192332
0.0580945628167748	0.0367910863235469
-0.23749787590423	0.139847890981541
-0.23751862527221	0.1398723323227
0.293591405006265	0.229052660702895
-0.171968579050833	0.103308832832877
-0.740271693618544	0.452632126761163
0.770027834647173	0.716327481018392
0.39960584477353	0.29453490207167
0.560631884952499	0.388100936597873
0.844266598598067	0.546215553189946
-0.19168054449394	0.0841002189352164
0.710040201323559	0.546575985920525
-0.414270428453022	0.322443313134425
-0.268322033479146	0.137179227635239
1.18744371776724	1.28845023945411
0.180695179487199	0.127546645973954
-0.268525347797909	0.137326910041535
0.293537752192898	0.228952024948388
-0.171837191060019	0.103216922573153
-0.58058145281604	0.322389884842586
1.03033324664792	0.912379894382633
-1.01638040429431	0.731261580326361
0.745312561789958	0.54344759066733
-1.94992816313755	1.5347271317717
0.20515621128702	0.110408160639295
-0.884519156846644	0.588683549507875
0.394077141483602	0.242247453289519
-0.191768903144085	0.0841252697608303
-0.740555668885885	0.452653851953584
1.24270721825746	1.14697920108679
0.116363450732812	0.0683232622059764
-0.0496439894741144	0.0271417412631816
0.11628438193158	0.0682790642668379
0.84529835978895	0.716352267183875
-0.829205783352979	0.606232449835042
-0.0496859935586384	0.0271630129061038
-0.889439259060983	0.760402194129668
0.522583715844627	0.425369356541697
-0.174544124873814	0.0912564848517119
0.163536921612174	0.109088421630178
-0.45158439521263	0.412384367959769
-0.0496302816821721	0.027135851275683
0.116338376605539	0.0683053528732125
0.265134513865625	0.175435748620203
-0.320591171432568	0.185071363929284
-0.17456992674774	0.0912652369592895
-0.17459926023523	0.0912855489687525
0.968640128523947	0.897189669603976
-0.237463240563307	0.13982242209813
-0.70748096742124	0.478435371653978
0.0836732250012232	0.0457098608963882
-0.674413863978564	0.547335544405106
0.116362964940938	0.0683122413063474
1.24270851402553	1.14735824964831
-0.687714940480842	0.510316613244026
0.656725304781844	0.559411616515847
-1.54130241760562	1.52089364342851
-0.941280247537448	0.739831798298128
-0.224006110467136	0.149449749327003
-0.0496407463451933	0.0271405434836126
1.15418289043711	1.11181599616954
-0.5801177025606	0.32217404700399
0.598480737929632	0.365218365480648
0.578158381790198	0.376627328503049
-0.284691295871544	0.186632398557008
0.205097333541243	0.110364406966335
0.623368560595867	0.352394665675771
-0.23751862527221	0.1398723323227
-0.174514740171446	0.091236144615508
0.804334736738835	0.715120181597602
0.60111589427032	0.584098565162645
-1.74461922952824	1.5901549212547
-0.191763069164488	0.0841344545583103
-0.575217747559456	0.395392146945716
0.12011077257807	0.0538869679431261
-0.104320343754685	0.0557980556015589
-1.40934725150451	1.06912104559651
0.142506530029035	0.0894334108687391
-0.740372218460723	0.452702879152707
-0.829085333646607	0.606448881785564
0.205266784752764	0.110460669177488
-0.224014837455302	0.149441026962097
-0.17456992674774	0.0912652369592895
-0.941269766308302	0.739849845050515
0.163483877144822	0.109053939598613
0.299781732078146	0.245279267222521
0.668483206398341	0.343935288943319
-0.581779227500152	0.277530332539387
0.276848757227263	0.194245371711501
0.921407174037824	0.552510092381016
-0.792053652357926	0.632677865462564
0.956953950129638	0.734577320632393
0.393998309938964	0.24221564521359
0.577933404864359	0.376418315640524
0.170170551402025	0.0842873863496133
-0.429994928475187	0.243602180977508
-0.049605941996654	0.027120013911584
-0.11914688158692	0.0730322934000676
-0.45348851591146	0.286841831680638
0.934422697005644	1.20548454894655
-0.453486695923122	0.286846798923099
0.956674139327264	0.733837175275003
-0.665754450340677	0.586090754256702
0.51236925181007	0.437520898545666
-0.707523329638753	0.478354372906709
1.35554782872336	1.19651223683715
0.24993538414465	0.155015115326538
0.844049245470728	0.54612619942835
-0.26630793734427	0.195424323779509
-0.359390272612402	0.231190890343253
-0.659901294109698	0.626832106733147
0.0825339283375424	0.0554282568725308
0.388738767178279	0.222853701932079
-0.224083966206037	0.149485019603696
-0.47203661079325	0.329886834871931
0.38889065397981	0.222908863249094
-0.934262027051218	0.917822545898018
-0.171889531829943	0.103267851984991
0.170189084859863	0.084275573275024
-0.171916772816248	0.103274374076982
-0.829126855391428	0.606456974810141
0.0422784535101385	0.0213474939483703
-0.580139552543401	0.322178443064124
-0.4297991763118	0.243493611717284
-0.665746540696013	0.586139641955526
-1.51824651968381	0.959357860364367
-0.268709990012556	0.137422886733516
-0.580498200950308	0.322444400471375
0.388762997440806	0.222873844908431
-0.174514740171446	0.091236144615508
-0.429811544627333	0.24349758007301
0.546271580777341	0.400008553957061
1.06317799522838	1.24210035767473
0.12019299748776	0.0538981778819222
-0.237483943959794	0.139846828265212
0.398263636431117	0.340849797731006
0.560631139693429	0.388101630778108
0.533824534362896	0.41303268165465
-0.320553567284933	0.185034774686656
-0.0758993995958106	0.0474180581622748
0.804543608584364	0.715627237565021
0.956983629109388	0.734621121449141
-1.45021027041808	1.3523329461065
-0.981105181064202	0.894076346744975
-0.268912224783566	0.137532775591647
-0.119050952730279	0.0729657719248745
-0.322141538707854	0.232719103126444
-0.575286950296263	0.395470517468643
-0.0400027603334257	0.0254568951329072
0.578188139453014	0.376606994001504
0.249995673770185	0.155084404582313
-0.665746540696013	0.586139641955526
0.0293799272299701	0.0174716600227109
0.163681566820778	0.109170143763013
-0.0760893549054508	0.0475346286161415
0.37857732746465	0.200330201372349
0.745393073383296	0.543751429172607
-0.119059968489727	0.0729770777774155
0.24997468863786	0.15509621575848
0.0836834538134724	0.0457175748200456
-0.0964476250564139	0.0675761218648745
-1.15516972614095	1.33505958874255
0.399380913014173	0.310329120687181
-0.500786909106403	0.418231417970335
1.36670579169793	1.36654982659865
-0.0496092677838992	0.0271228251111568
-0.00945494978717442	0.00612132540462965
-0.414210048790277	0.32241284136923
0.119980963262918	0.0538242500271638
0.170078037123426	0.0842362332696313
0.205181952499019	0.110420289382553
0.89497320652202	0.722890189394456
0.560670796042941	0.388152961154497
1.08246071833356	1.08895355918389
-1.13507898931906	0.741259429568419
1.10706148824685	0.935941427611023
1.02280157495367	1.0711472740569
-0.575221956505582	0.357508938560049
0.635646029977667	0.567065747284331
-0.119120635310023	0.0730184164425326
-0.284610968668376	0.186565346958041
0.39693217152986	0.260242591337945
1.10710076411242	0.935845100022388
-0.4534876275693	0.286851758282326
0.789067188669125	0.543924706508862
-1.52948334557859	1.23770178565813
-0.707519508503827	0.478444598517908
0.560712658006646	0.388078440974833
0.57804767962632	0.376553475673062
0.928772166267562	1.04959892888534
-0.104401087458651	0.05582530504479
-0.57525235701754	0.395450864272708
-0.322217723159535	0.232800122100815
0.299631844959855	0.245139892606456
-0.300508795020007	0.240403320398652
-0.217011813532659	0.177896625412956
-0.67439662495425	0.547304924511479
0.656594825072427	0.559154731237777
1.24266958632114	1.14724141082673
-0.579317344332745	0.477063570993259
1.87800639165936	2.98754782515628
-0.237473607055047	0.139838194143414
-0.500929998957464	0.418172424447028
0.276966319675634	0.194327820178076
-0.359424999637583	0.231221859869823
-0.00592194011114654	0.00331440094543435
0.0293451416337129	0.0174495301477605
0.844059703677712	0.546155801156035
0.546215912621286	0.400033984487797
0.12034702103488	0.0539879293877707
-0.57525235701754	0.395450864272708
0.26505804255578	0.175376794799899
-0.104281369019888	0.0557650272938671
-0.4534471860208	0.286796541603711
-0.429938030218216	0.243568625526263
0.394077141483602	0.242247453289519
0.533773156700181	0.413078565518056
-0.707561374899847	0.478454287577905
0.0423185594731741	0.0213690212508505
0.0293799272299701	0.0174716600227109
0.560591503119401	0.388022068629539
0.546200658028452	0.400007575079535
1.15415574575333	1.11152590411065
0.205100973330945	0.11036967785944
0.250006208652423	0.155060865497482
-0.0496439894741144	0.0271417412631816
0.394077141483602	0.242247453289519
0.0423576214530844	0.0213884261189087
-0.300584358442548	0.240488604372552
0.299929950568913	0.245440553442684
-0.58569076033142	0.562710150247518
-0.131915697837842	0.0910089174111435
1.10698275884907	0.935748026301423
0.394038920805071	0.242228624143532
-0.0123669275177168	0.00579257832326066
-0.687554945019591	0.510469115091673
-0.471985543490373	0.32981194190378
-0.792026255215612	0.632615510131616
0.116312232557711	0.0682826331465019
0.276896961355122	0.19429431225879
0.265048650072239	0.175349097745977
-0.472011115164623	0.329915445003355
-0.976260340524774	0.584050537039019
0.170170551402025	0.0842873863496133
0.598777597268071	0.365412486093334
0.170068843650991	0.0842286987652546
-0.359459710819283	0.231234615283526
0.205237204149976	0.110442438968594
-0.237449246408328	0.139810882843141
-0.795306487339825	0.429040562996724
0.116416853460594	0.0683500279560176
0.205241089187748	0.110449762702166
0.804482833660612	0.715576677362051
0.598675391106249	0.365365106671917
-0.266311428303197	0.195425414059442
-0.174485277419969	0.0912106313420276
0.560711885972035	0.388147474403836
-0.152136557963937	0.12743133589958
0.917889129073426	0.888763048811111
-1.14894642607358	1.17735995929998
-0.223893555673758	0.149326775940113
0.0581472546171007	0.0368291339804957
0.394077992026695	0.242262483225049
0.205241089187748	0.110449762702166
0.804499952837585	0.715599841120465
-0.0496755348028971	0.0271594987077226
-0.237508265376135	0.13986368143934
0.789137043859013	0.543954929220758
-1.52959404603554	1.23841088927481
0.142497480573903	0.0894313215603857
-0.174141084260758	0.118191728703065
1.50471174243904	1.26752924438909
-0.487422014758526	0.373723338087226
1.21157451052874	1.46192356735076
-1.67815176085879	1.15338270046085
0.230606866320283	0.13369681803433
0.0423191371419603	0.0213682662442981
-0.472116273477145	0.329958473410546
-1.01632041329865	0.731111715719173
0.249939913542968	0.1550659212329
0.845376767973602	0.716393414539704
-0.0124241753236879	0.00582014340182899
0.12011077257807	0.0538869679431261
0.398766246990826	0.27772283373175
1.14145651481394	0.780640318755813
-0.70748096742124	0.478435371653978
-0.320472080549721	0.184999887675071
-0.792000132916884	0.632605847321654
0.956762326002398	0.734344329952799
0.396901374837233	0.260194980996735
-0.268626755667087	0.137386831811978
-1.14883335446451	1.17723028429814
-0.575293922597054	0.395428784130361
-0.429684759665462	0.243380527933264
-1.24914234780732	1.03255858015583
-0.0496786953210636	0.0271589708374202
-0.3593765015028	0.231142371792747
0.560709830432059	0.388151674306149
0.120240788194207	0.0539451931203284
-1.23407703259078	1.17476211721943
-1.13712262184062	0.87873904757024
-1.24917920556393	1.03277338400394
0.874656612889652	0.88275354816664
-0.941280247537448	0.739831798298128
-0.320511550772078	0.185038220306322
1.05996734987123	0.577966932312984
0.546226787922701	0.400011463327539
-1.6270763207592	1.69338974049906
-0.884393111006139	0.588272402301927
-0.829125832982878	0.606496399181627
1.14116216325618	0.779703353141548
0.59860138075405	0.365128279618709
-1.27862430640304	0.903655705374731
-0.840360593112077	0.365729499864132
-0.575309095809477	0.357521379838328
1.35563266451659	1.19658288270597
-0.4297991763118	0.243493611717284
-1.27863245309779	0.904117251927921
-0.389580115022285	0.276814669029717
-0.707559739241471	0.478463453528977
-0.884714004488368	0.588902910387814
0.956843336205729	0.734548363620484
-1.1106194968633	0.562870946942689
1.06005677723729	0.577964964153784
0.0586730762067555	0.0233010280801353
-1.13530112512833	0.741647485097293
-0.841574104040948	0.366537844891767
0.560710472183291	0.388178977785677
-0.976725620080584	0.584772285236741
-0.70752193721132	0.478472790723747
0.598388187690383	0.365124289578113
0.170291083855716	0.0843143691116887
-1.13720417658415	0.878844760925168
0.92132134334832	0.552408279546252
-0.511311621967125	0.185655469546493
0.24997468863786	0.15509621575848
0.11628438193158	0.0682790642668379
-1.82060683537853	1.34328728713377
0.745274263767946	0.543557664143171
-1.27872364579987	0.903836429245258
0.59876817292181	0.365396418954223
1.20498438869504	0.970879883451579
-0.70752193721132	0.478472790723747
0.394077141483602	0.242247453289519
0.546132530278534	0.399814025029196
-0.429868625622534	0.243546443419877
-0.359379722216434	0.231174306033593
-0.88446244260996	0.588586753525836
0.668481033440034	0.343942560095741
-1.52964843587926	1.2385261432619
-0.429856217784491	0.243527269122507
0.393997052359417	0.242110431025504
0.20515621128702	0.110408160639295
-1.84156537035488	1.77031697348649
0.388529356960754	0.222582889973725
1.33421488170253	1.01926622253753
0.249950414270769	0.155064825728373
0.709984993960025	0.54647805044063
0.120371010324869	0.0539982926783083
0.0836693107122105	0.0457090630379767
-0.0495850290263104	0.0271094689755234
-0.580371561309725	0.322378988803852
-0.580349831282464	0.322341566730602
-0.268331253583185	0.137185477385768
0.205126733349182	0.110389989862704
0.560631884952499	0.388100936597873
-0.432065091510874	0.0980880150069608
0.921655672961785	0.552305335702431
-0.575247842369215	0.357512901650038
-0.429742023619485	0.243444703250539
0.119898789663274	0.0537835419180417
1.71242266421457	1.36403249253072
0.788952008697734	0.543735380200091
0.0422383511678333	0.0213230796516601
1.33439007914414	1.01918869315137
0.709970737948806	0.546462186417456
-1.95002511922446	1.53493871942332
0.39395926482031	0.242165352884471
-0.976470386658705	0.584506017782514
0.0587435559436112	0.0233296694197922
-0.580016262315733	0.322066841910722
0.116389643232058	0.0683303146345345
-0.119103423183026	0.0730060951167675
0.745314366085531	0.543633251735459
0.0588162361047195	0.0233573777261437
-0.976470386658705	0.584506017782514
-0.0873025425552024	0.039747500646423
0.598582673007789	0.36530237473833
-0.174514740171446	0.091236144615508
-0.322059074347517	0.232575747810466
0.396921876373531	0.260242745186634
-0.17456992674774	0.0912652369592895
-0.00219804389106728	0.000749243310235947
0.623132503431904	0.352217814060037
-0.0496786953210636	0.0271589708374202
-0.237459530713773	0.13981283712089
-0.320511550772078	0.185038220306322
-0.17456992674774	0.0912652369592895
0.844256005489486	0.54634206000507
0.789009542854592	0.543863079094428
1.03619257372466	0.754073805053677
0.120216878406035	0.0539296496159934
-0.32047439866804	0.184974644576425
-1.51840982581887	0.959105734342332
-0.320512229568985	0.18504719516924
0.844535227985537	0.546382727957687
-1.13555209336582	0.742010647654425
0.277000858389162	0.194377257837477
-0.191765997402019	0.0841406045300469
0.0582914775905864	0.0369173779231127
1.10702141518319	0.935795118052283
0.598592016021916	0.365255436252484
-0.049605941996654	0.027120013911584
0.956788078053275	0.73445417517158
0.230488467651288	0.133653113546507
0.89497510275865	0.722971967281811
-0.889570886795711	0.760604490104953
-0.429868625622534	0.243546443419877
1.14158656932169	0.780653256939168
1.33410154336501	1.01867194709115
0.0423581224798044	0.0213887511464096
1.33470071666267	1.01895501542848
0.249962013195185	0.155059924155677
0.92149314149832	0.552505338452732
-0.35949132644256	0.231219432026524
1.24262919258938	1.14708565489815
-0.42988102086544	0.243519815871298
1.15413065688962	1.11166788834906
0.5988894787331	0.365276303912974
-0.23751862527221	0.1398723323227
0.789079325953716	0.543893240613633
-1.01185868050078	1.05228602945435
0.230490012836691	0.133653431840519
-0.049605941996654	0.027120013911584
0.388693203120202	0.222849389931697
1.18744478661765	1.28831787066411
0.623156321552976	0.352260784925711
-0.0876522636543796	0.0399151556854039
-0.687600237888207	0.510532942612147
-0.941203623407888	0.739505567994841
-0.174625080884339	0.0912854195393808
0.656690920116858	0.55927699275256
0.394077543950188	0.242263206421765
0.0423191371419603	0.0213682662442981
0.398793967380322	0.277774205276527
0.230490012836691	0.133653431840519
-0.884531729589841	0.588722293116452
-0.740171003604891	0.45253026277676
-1.13555209336582	0.742010647654425
1.15415676985689	1.11177479222723
-1.01629436212397	0.731210863643357
0.709984993960025	0.54647805044063
1.03620195042652	0.754167711587714
1.91776215275323	2.04139077985502
0.12011077257807	0.0538869679431261
-0.976237354532631	0.584191915231461
0.0586066080559193	0.0232695963511978
0.789194873519341	0.543959116050008
0.710085189501082	0.546546191806679
-0.26842377376637	0.13725791720775
0.205266784752764	0.110460669177488
-0.852565732376803	0.788748880433665
0.365631508218467	0.175855733280783
0.956987744153915	0.734467715217686
0.560750168129779	0.388179645747097
0.29386941749183	0.229257944437114
0.598879970311203	0.365418203215048
-0.687488414606163	0.510208753308129
0.388750876020199	0.222881622076993
0.277026898841109	0.194374980411174
1.20509997005433	0.970785137661286
-0.322020148361353	0.232602024258088
-0.665927385134618	0.586298163587666
0.578158381790198	0.376627328503049
-0.740162214758242	0.452442797394852
-0.674431104374811	0.547317552430663
0.265214831249345	0.175421807826154
0.265134513865625	0.175435748620203
-1.52956420490388	1.23835359210986
-0.359400794834614	0.231196545368216
-1.94964353640467	1.53305351011994
-0.576695939352921	0.435443740866692
1.88366844352878	1.64375210655324
1.50469335633716	1.26724564254518
0.894934741024717	0.72300838649018
0.0835689978452454	0.0456494284522933
-0.174628515728416	0.0913006915587617
-1.13721923707215	0.878646561526414
0.97200426969787	1.05808564798784
1.33448295746536	1.01901020362982
-1.95751366086138	1.00395907264506
-0.575247842369215	0.357512901650038
-0.0496755348028971	0.0271594987077226
1.20498438869504	0.970879883451579
-0.453406741328197	0.28669453653402
-1.54138359534371	1.52056881579161
-1.33190726197346	0.762157524770616
0.399587681769864	0.294665274894848
-0.687589644821375	0.510540860097034
-0.284612066321568	0.186571399929409
0.533659327619197	0.412955385769674
-0.889545263311401	0.760652913103795
-0.976319500712996	0.583883137906684
-0.0875468540215103	0.039864629429921
-2.06948440821343	1.72515654847652
1.52032124731778	1.08657462671375
-1.40923601283174	1.06895555446208
-1.93235999945474	1.95513283817126
-0.174573431544604	0.0912716571979923
-0.687682961603237	0.510340133931624
-0.472143637345989	0.330029164907456
0.635509061455864	0.566951367496272
0.265014399050589	0.175330401907475
-0.119050952730279	0.0729657719248745
-0.26882014270592	0.137493109818912
0.230488467651288	0.133653113546507
0.388866557100892	0.222888733927138
-0.323105389306948	0.132498966106549
0.598573351737047	0.365281015830231
0.623238534198675	0.352266810403192
0.844049245470728	0.54612619942835
0.170281743912202	0.0843350879613783
0.365548699035189	0.175813952012173
1.05987776781758	0.577885042568082
0.170068843650991	0.0842286987652546
-0.104318795135885	0.0558015566425405
-1.64079031604019	1.41150780173358
0.598490018563699	0.365208208471015
-0.237608662256333	0.139886971598541
0.533790284077669	0.413086260711036
-1.01632312024401	0.731272630481301
0.533885308984436	0.412955303191063
-0.0495850290263104	0.0271094689755234
-0.665791038976747	0.586171603265856
-1.01638040429431	0.731261580326361
-0.359470277506759	0.231240306415592
0.845403397482506	0.716477278446178
-0.795306487339825	0.429040562996724
-1.24922107206878	1.03271728618912
0.635585191554949	0.567006667750228
-0.320554577703522	0.184951830051838
-0.792054794107214	0.632403363937962
0.135951764659967	0.10629076166358
-0.174459521127491	0.0911992843731911
-1.01629155118255	0.730958922030256
0.394038920805071	0.242228624143532
-0.687576058610729	0.510428737659488
0.578184050921728	0.37660955704405
0.578184050921728	0.37660955704405
-0.17440426958797	0.0911536059094103
-0.104317072987356	0.055793431428916
-0.707521172971948	0.478490781085457
-0.707443658199716	0.478269996325902
0.410032429213935	0.149677489118131
0.369533728475468	0.157989232089938
-0.237494251281423	0.13984879736702
-0.84128759981306	0.366527746446311
0.120004743026815	0.0538382787021705
-0.2687279974696	0.13743703950627
-0.237622571899918	0.139864401016051
1.03582192902147	0.753770484106199
0.788915434623596	0.543565502886135
-1.06731600385427	1.03301041277854
-0.322301660141601	0.232774212557387
0.710095451193974	0.546453888752434
1.03609981704083	0.754094632826625
-0.359446060402219	0.231222563721811
0.921238684730593	0.552324794055389
-0.171863365176674	0.103245804873814
-0.792105926586736	0.632620636325113
0.399622064505262	0.294668170054027
-1.40911140509099	1.06865061179304
0.0836037239607611	0.0456723801774988
-0.665686290046106	0.586041387253788
0.560671511271766	0.388152242066617
-0.268626755667087	0.137386831811978
-0.434526650721644	0.367666824780873
-0.825154408963912	0.821808577355592
-1.27844165385962	0.903806240418973
-0.0873744193971698	0.0397526661070716
-0.575502388757703	0.357439055798607
1.05987776781758	0.577885042568082
-0.400408163058232	0.199679139220261
0.668267016125743	0.34360264632267
-0.0874192319868208	0.0398048854826958
0.770438655215179	0.350662431796396
-0.884575760396575	0.588743079775032
-1.11000712185328	0.562333501617952
0.388565964607091	0.222757123212129
-0.453567596354213	0.286856836341659
-0.707520363398452	0.478482018542316
-0.0962249782175186	0.0674194866323185
0.11628438193158	0.0682790642668379
-0.884588372446995	0.588819046433955
0.410032429213935	0.149677489118131
1.05978803084369	0.577720231178301
0.378727390829471	0.200531723202199
0.119769233618733	0.0537209607675883
1.33459699451987	1.01932961633801
-1.06722080816234	1.0326444779842
0.623368560595867	0.352394665675771
1.10714120753484	0.935847528410497
-0.792132052551787	0.632396376842256
0.546261148110136	0.400041824025761
-0.049665047876336	0.0271547943089435
-0.976620884568423	0.58466531707052
-0.581854188280408	0.277697073220254
-0.32393075771785	0.132964596123413
-0.943294534422372	0.276384110213292
0.84434901377286	0.546409530474438
-1.67852612172773	1.153971021526
-0.174433756826449	0.091173995456772
0.230529605001091	0.133680510590328
0.394077992026695	0.242262483225049
0.120004743026815	0.0538382787021705
-0.580266505812649	0.3222691862051
1.60169797164515	0.907481324222691
0.656656529930675	0.558977849449105
0.205189722034872	0.110378982699387
1.35565840151789	1.19659624976322
0.37903365004806	0.200695229132283
-0.223936983190744	0.149329507271983
-0.191851314271925	0.0841724378088938
-0.104397923721841	0.0558438585660396
0.844639200034613	0.546374288133079
1.20489022647454	0.970613231763864
0.745314366085531	0.543633251735459
1.24274961349588	1.14719051054955
-1.23402463077108	1.17444450264814
-0.191930840094509	0.084187060728103
-0.174628515728416	0.0913006915587617
-0.268617700571665	0.137383094548257
-0.268516230467572	0.137314152183712
-0.268525347797909	0.137326910041535
-2.82039718877815	2.21247676010013
0.0293626484192579	0.017460518623266
0.396897485244899	0.260186996927845
-0.740455350283803	0.452583296187809
0.170374466606941	0.0843863554800559
-0.284717525203166	0.18663652521604
-0.17459926023523	0.0912855489687525
-1.11070663736419	0.563156850939472
0.205237204149976	0.110442438968594
-1.27854119798091	0.903987291667409
0.388496332191838	0.222697111196915
-0.58022292583536	0.322227384173889
1.1414327051341	0.78047614602948
1.73016957099421	1.91954839108287
0.546226339378666	0.400029781886946
-1.35309688551227	1.1900312871931
-0.884701326330879	0.588899170884722
0.546236794334105	0.399996529021582
-0.889570886795711	0.760604490104953
-0.45348851591146	0.286841831680638
-0.17459926023523	0.0912855489687525
-0.359483308583858	0.231066438989364
0.365465936752018	0.175750334952689
0.0423185594731741	0.0213690212508505
0.119980963262918	0.0538242500271638
-0.580139552543401	0.322178443064124
0.844152537341915	0.546273411772544
0.0835689978452454	0.0456494284522933
-1.04544342068932	0.878180220999359
1.81425944574235	0.680329466157843
0.771384657824967	0.351194621180954
0.398898691083153	0.277838999302462
1.20498438869504	0.970879883451579
-0.841930055188795	0.366935621913115
0.623416485882467	0.352373168461279
-0.740271693618544	0.452632126761163
-1.40911140509099	1.06865061179304
-0.580098557351089	0.32208988826458
-0.00321092368226869	0.00109246418514769
-2.18909800438184	1.26985288518349
0.560711885972035	0.388147474403836
0.170179807255207	0.0842887264509299
-0.26616477935441	0.195298743017278
0.249964238369874	0.155088974064584
-0.174654363192555	0.0913057007302436
-0.104360717158204	0.0558152634709309
-0.580016262315733	0.322066841910722
-0.0122276726897269	0.00572835891609193
0.388635641929205	0.222799330565912
0.956902566778186	0.734555045157672
-0.707519508503827	0.478444598517908
-0.740061297594254	0.452275085596835
0.598582673007789	0.36530237473833
1.14122070426758	0.780386099658665
0.745314366085531	0.543633251735459
-0.579248924784718	0.477003640311121
0.230566540488742	0.133667069437491
-0.707442298978329	0.478332862516679
-0.795306487339825	0.429040562996724
-0.323267030849328	0.132664766624666
0.396852474027369	0.260108083775464
0.668481033440034	0.343942560095741
0.119875060412801	0.0537756254140837
-1.82062649121245	1.3425298079602
0.170263129213505	0.0843313417776692
-0.581786516589405	0.277551473252916
1.58616151895545	1.83120671361739
0.0583363281919605	0.0369522564412998
-1.22590692206384	1.32500774683435
-0.132125912431391	0.0911792007208255
-0.320591866789526	0.185070076583314
0.388439026483589	0.222625331869707
-0.45348851591146	0.286841831680638
-2.0693630330825	1.72595411557521
0.789021719765927	0.543765482461679
0.57798860447689	0.376498020652567
1.52031552276731	1.08722702084927
0.396952850640704	0.26018313752301
-0.740171003604891	0.45253026277676
0.681163611699807	0.551973666203679
-0.575415941252815	0.357507028660629
0.745351952514671	0.543256482131541
1.30486468137096	0.824125195871887
-1.6785047704879	1.1534766271046
-0.976725620080584	0.584772285236741
0.120134631761478	0.0538964433430745
0.772036795135306	0.351439684567354
0.170281743912202	0.0843350879613783
-1.95002511922446	1.53493871942332
-0.400020822389192	0.199426194116488
0.250033880806253	0.155122672155995
0.804446852694779	0.715321692282818
-0.323768775804252	0.132906269597143
0.36520892134614	0.17553579812266
-0.575273198865867	0.395479571147706
1.48064884084095	1.59343422305333
1.08254803439712	1.0887518204827
0.710040201323559	0.546575985920525
0.410032429213935	0.149677489118131
0.560711885972035	0.388147474403836
-1.01626830299246	0.731124793594598
0.710005461501729	0.546536508014955
0.921238684730593	0.552324794055389
0.170467253006703	0.0844304182125656
0.396970934399228	0.260254504755304
-0.0877795706067474	0.0399712524693087
0.042279016727012	0.0213478495403599
0.598656689008087	0.365178728788594
0.0423993889003517	0.021400607620263
0.12034702103488	0.0539879293877707
0.0423581224798044	0.0213887511464096
0.598582673007789	0.36530237473833
-2.18934851078571	1.27007010277034
-0.579913489290264	0.321944638127045
-0.268719004618864	0.137442961534784
0.388832836805505	0.222876542155152
-1.4093047219653	1.0685818566917
0.388775131460005	0.222826400470331
0.745313372817002	0.543643055784517
-1.13565630646569	0.741805655621152
-0.174573431544604	0.0912716571979923
0.163400001913922	0.108964100703633
0.365548699035189	0.175813952012173
-1.82060683537853	1.34328728713377
0.745274814271535	0.543528445163776
1.88356608055447	1.64370457614135
-0.323768775804252	0.132906269597143
0.804534186738623	0.715529175169567
0.170078037123426	0.0842362332696313
-0.359414427010868	0.231205255371581
-0.104359977904879	0.0558212020500924
0.623238534198675	0.352266810403192
0.120086942258199	0.0538668745057729
-1.34624963687459	0.491942491282243
0.668408321489857	0.343877341929885
-0.581990444681347	0.277582089341596
-0.580624647641511	0.322477621178051
-0.580244728564168	0.322288315069047
0.398741650319637	0.277632706192028
-0.320591171432568	0.185071363929284
-0.19159191508531	0.0840304489728049
0.396946359398261	0.260264642197304
-0.174463165959568	0.0911892241190449
0.745353007153523	0.543706231076692
0.745472381391947	0.543686241026447
-0.0935556981413233	0.0268478444964544
0.378621720444965	0.200461497743518
0.378940602994957	0.200651612788855
-0.191848441999651	0.0841748012731843
-0.841001455818523	0.366229916339387
0.0587412742586255	0.023322231337089
-0.581711492709736	0.277565100121143
0.365462810263777	0.175771126538925
1.79298764738147	1.77767205964485
0.293676867441752	0.229056711843934
-0.575189306984786	0.357348377651719
0.399044259555462	0.325873602982751
-0.400255793183877	0.199576929984158
-0.58022292583536	0.322227384173889
0.12011077257807	0.0538869679431261
0.365545538878326	0.175812862473331
-0.58178160921078	0.277642461693518
-0.191765997402019	0.0841406045300469
-0.0872920717273817	0.0397381772141896
2.03694768331427	1.92811269482414
-1.01637790533487	0.731279019263317
-0.0496545327696726	0.0271489027461026
-0.0876522636543796	0.0399151556854039
-0.087095693903069	0.0396362625807089
1.33450396417429	1.01938811384787
-1.01640653529459	0.731296908478309
-0.884588372446995	0.588819046433955
0.205075221343872	0.110332408266124
-0.453408528189076	0.286720278564197
1.71229367635148	1.36394954299998
0.116232030628555	0.06823772309015
1.3557177135514	1.19638433786276
-0.104477889336515	0.0558619909149075
0.0423972358643515	0.0214067271227048
1.10706071625299	0.93564105367822
-1.24913860123246	1.0325200816944
0.380312469431308	0.0704095999128823
0.12011077257807	0.0538869679431261
0.120395028448338	0.0539920157650708
-0.0123300335252873	0.00577717266429914
-0.320512229568985	0.18504719516924
0.205296443575086	0.110471969951527
1.52023308903483	1.08716538684327
0.378621720444965	0.200461497743518
0.0423982212440437	0.0214062491591895
0.804387817721059	0.715171330410765
0.745313372817002	0.543643055784517
-0.884563135816909	0.588449565678774
-0.70752193721132	0.478472790723747
0.365462810263777	0.175771126538925
-0.510381448501776	0.185343391604108
0.921404048782597	0.552431775441768
-0.884474976064581	0.588586594629875
-1.27864868235003	0.90364061395224
0.503536917274688	0.450127990067861
-0.191765997402019	0.0841406045300469
0.598092746507896	0.364653036700253
0.230529605001091	0.133680510590328
-1.51832746292766	0.95902509039346
0.560753049244604	0.38792534155644
0.12011077257807	0.0538869679431261
0.365545538878326	0.175812862473331
0.394117191437341	0.242261105143043
0.20515621128702	0.110408160639295
1.48072881756409	1.59407269704666
-0.191677560250301	0.0840866628137423
-0.580161377046775	0.322068153605651
1.03572027476523	0.753584739290095
0.0586752350175879	0.0233026661375095
0.0836732250012232	0.0457098608963882
-0.400642140897208	0.199776993016034
0.578128702372086	0.376615585739378
-0.174625080884339	0.0912854195393808
0.844266598598067	0.546215553189946
-1.24918171972354	1.03274207099917
0.250009479618193	0.15511754145689
-0.104355631135339	0.0558064671943507
-1.40133037316576	1.48817033294496
-0.792026897207467	0.632656687526342
-0.0876302197595823	0.0399015975036765
0.804570135857766	0.715574719033785
-0.268534443406287	0.137314478717515
-0.580624647641511	0.322477621178051
-0.268719004618864	0.137442961534784
-0.707562124749412	0.478409531627859
1.14100900812223	0.779973658388234
0.120134631761478	0.0538964433430745
-0.17456992674774	0.0912652369592895
-0.0122850641813574	0.0057559911383436
-0.941224687403879	0.739667076733329
0.578154398334843	0.376565647581824
0.623286300486041	0.352340568865308
0.378621720444965	0.200461497743518
0.170365107743381	0.084383949304422
0.51251346019478	0.437785101586351
0.396991343747782	0.260302212223515
0.205071546672453	0.110351538960765
0.365459706351774	0.175748040889583
-0.0872920717273817	0.0397381772141896
0.789206944140957	0.54394025488045
0.598666029175516	0.365312255321971
0.921576008172099	0.552528958374128
0.745273758792998	0.543538189694535
-0.323679539396547	0.132867515469766
0.0836487181970986	0.045700188709168
0.142385191288702	0.0893472609315053
-0.00321092368226869	0.00109246418514769
-0.237559769177897	0.139837408701941
1.36653600438501	1.36528477644412
-0.429925595459858	0.243580051469603
-0.399761568094256	0.199143031430343
-0.707599966341931	0.478328608050316
-0.00248972421612113	0.000848968227417177
-0.58022292583536	0.322227384173889
-2.69140966658381	1.9943591144224
0.230448097698912	0.133605266312707
0.265031525302419	0.175344359155112
-1.40138244423707	1.48928872527514
1.06332801762407	1.24305131270929
0.042279016727012	0.0213478495403599
0.844028011001346	0.54588499654929
-1.40929168694041	1.06907240900377
0.388762997440806	0.222873844908431
0.623026548869316	0.352133124979863
-0.795557467610568	0.429227305973378
-0.32342872014596	0.132754800981013
-0.268719004618864	0.137442961534784
0.378727390829471	0.200531723202199
0.26510168194708	0.17541465777122
-0.171889531829943	0.103267851984991
0.378837053043127	0.200602993253842
-0.70752193721132	0.478472790723747
-0.45352413318537	0.286809315799847
-0.237577533393308	0.139880937804697
-1.51840982581887	0.959105734342332
1.49187055735481	1.43022320646088
0.410684422475736	0.149950448704565
-0.829124767395153	0.606503723818148
0.378727390829471	0.200531723202199
0.230449616124751	0.133620924510745
-0.575244464761833	0.357353335654462
0.921238684730593	0.552324794055389
-0.0873970675291552	0.0397928350708459
-0.884519156846644	0.588683549507875
-0.0123423441710936	0.00578321495826335
0.745313846676038	0.5436625102872
0.12011077257807	0.0538869679431261
0.771092418292579	0.351048136725648
-0.674431104374811	0.547317552430663
-0.359403826210116	0.231176694081903
-0.884531729589841	0.588722293116452
0.293730422194741	0.229180651533668
0.388762997440806	0.222873844908431
-1.82058715504602	1.34264782504552
2.03703115303923	1.92887689069056
1.0596257295169	0.577674605165275
-0.171889531829943	0.103267851984991
-0.472037251876793	0.329944781713068
0.230528840720756	0.133684195378615
-0.224092691415775	0.149506174294528
-0.104279201245991	0.0557745263714602
-0.104356587212664	0.0558165072825962
-1.68907054809453	2.17284414149306
0.398714361947112	0.277654811019343
-1.40164146824977	1.48937800979161
-0.429823900373269	0.243455736202764
-0.400197135988387	0.199458927531394
-0.268719004618864	0.137442961534784
0.966702252242434	0.36518519072322
0.365548699035189	0.175813952012173
1.7931015813258	1.77762844569721
-0.400536866605911	0.1997271130363
-1.27854119798091	0.903987291667409
0.89489507458496	0.722958418196703
0.230528840720756	0.133684195378615
0.230488467651288	0.133653113546507
0.0423586690649514	0.0213879798283963
1.03043748262447	0.912443525259986
0.393959851793225	0.242147071342183
1.65599994501366	1.5188494975897
1.03041297555539	0.912330161729054
0.170170551402025	0.0842873863496133
-0.976852932436996	0.584831668326988
-0.400255793183877	0.199576929984158
0.388726670895047	0.222786150748224
1.65619620535308	1.51961173035875
-0.884575760396575	0.588743079775032
0.394038396008532	0.242246959131393
0.956817602945034	0.73449782097703
-0.429938030218216	0.243568625526263
0.598295700956373	0.364991769480157
-1.24922107206878	1.03271728618912
0.844163062994518	0.546224354744882
0.230449616124751	0.133620924510745
0.598675391106249	0.365365106671917
-0.359424999637583	0.231221859869823
-1.64086987017451	1.41106678421986
0.378727390829471	0.200531723202199
0.578018102972575	0.37654181246198
0.577907633653488	0.37634505805961
-0.581713996592567	0.277573942253515
0.120086942258199	0.0538668745057729
0.0587435559436112	0.0233296694197922
1.3341221573524	1.01904968015896
0.62326240290656	0.352345581752505
-0.580139552543401	0.322178443064124
0.293662700067356	0.229125522555865
0.142410537358923	0.0893756334158816
-2.93872554251336	2.43009551408641
0.844256005489486	0.54634206000507
-0.429811544627333	0.24349758007301
0.17009648938727	0.0841990997014658
0.598758770307879	0.365305109651844
-0.268525347797909	0.137326910041535
1.65622092543885	1.51881861211547
-0.174683567543954	0.0913208124398447
-0.320512862899764	0.185045864651848
-1.5295659954108	1.23842806979028
-0.575166887313808	0.357410598881356
-0.795473084150557	0.429189025577302
0.0836693107122105	0.0457090630379767
-1.35317400380218	1.19033665870084
-0.0874192319868208	0.0398048854826958
-1.01623661359486	0.730952335251491
-1.52959404603554	1.23841088927481
-0.323768775804252	0.132906269597143
-1.33197952685661	0.762634981562714
-0.0873970675291552	0.0397928350708459
-0.429729682244518	0.243410444866458
0.668406126703993	0.343748672064122
-2.69166175054019	1.99512615886309
-0.429994928475187	0.243602180977508
-0.740372218460723	0.452702879152707
-0.842861219755843	0.367305958459751
0.205241089187748	0.110449762702166
0.57804767962632	0.376553475673062
1.14124441291442	0.780397358047567
-0.174485277419969	0.0912106313420276
0.598684774774916	0.365349678431694
-0.941203623407888	0.739505567994841
0.398898691083153	0.277838999302462
-0.829122506699366	0.606416348519176
0.769836738642772	0.715918546319006
-0.237598315516228	0.139891634816411
-0.26882014270592	0.137493109818912
-1.6784015336866	1.15386732162851
-0.400255793183877	0.199576929984158
0.230526217737972	0.133616906983111
-2.0693630330825	1.72595411557521
-0.687496024298025	0.510078306954053
-0.104397923721841	0.0558438585660396
0.205130478099973	0.110380892749031
0.533695257233642	0.412975657935759
0.205042198106717	0.110325991467597
-0.58058145281604	0.322389884842586
-1.1351966006618	0.741522528545178
-0.976598104893979	0.584662631574268
0.120004743026815	0.0538382787021705
0.265031525302419	0.175344359155112
0.170087252377099	0.0842292700614622
0.745353449875489	0.543725661610116
-5.03502935450246	2.97749244942455
0.62326240290656	0.352345581752505
0.365211901913342	0.175537498412538
-0.171836647611099	0.103224835215403
-0.453405782898379	0.286655045447907
-1.01640653529459	0.731296908478309
-2.18909800438184	1.26985288518349
0.119980963262918	0.0538242500271638
0.230567144449649	0.133687254625393
-0.0016157804387986	0.00054955076095408
-1.40911140509099	1.06865061179304
1.6010510490733	0.907306853764938
1.83662755581056	1.20280584359077
0.92149314149832	0.552505338452732
0.0836487181970986	0.045700188709168
1.03621134876939	0.754084179341617
0.120240788194207	0.0539451931203284
-0.191765997402019	0.0841406045300469
0.533780881129388	0.413013951833887
0.0824555069819432	0.0553787737783118
-0.687589644821375	0.510540860097034
0.60074075731497	0.583661938722776
0.249995673770185	0.155084404582313
0.710040201323559	0.546575985920525
0.378643955473557	0.200452340941438
-0.268516230467572	0.137314152183712
0.205207701750601	0.110416794371153
0.230528840720756	0.133684195378615
0.771745171623263	0.351293543815406
-0.472038428594962	0.32992879543917
0.163423100014615	0.109006651238271
-0.359446060402219	0.231222563721811
0.119980963262918	0.0538242500271638
-1.64086987017451	1.41106678421986
-0.70748096742124	0.478435371653978
0.170170551402025	0.0842873863496133
0.0423993889003517	0.021400607620263
-0.400279254651867	0.199611151597535
-0.76595451536823	0.664752726021564
-0.580244728564168	0.322288315069047
1.65633555960593	1.51973031777427
-0.581641483154413	0.277422867491872
0.956872912425269	0.734592065785687
-2.54809178631589	1.76457321678584
-0.237567098003677	0.139865118799138
0.788857893240333	0.543561532109322
-0.174463165959568	0.0911892241190449
-0.0123095682902471	0.00576462947117763
0.921410321822283	0.552421724487917
-0.740380861860938	0.45261093027897
-0.581779227500152	0.277530332539387
-0.268921114931938	0.137530879122937
0.0586752350175879	0.0233026661375095
1.33430767166807	1.01938904096222
0.921407174037824	0.552510092381016
0.207808789705568	0.162403321323728
-0.359467008575137	0.231178631757932
-0.0758464216880609	0.0473817829266332
0.195414839172312	0.145423612628575
0.560790508926747	0.388151172047753
1.08235627555129	1.08880517314698
-0.792107135246588	0.632632294534332
-0.740372218460723	0.452702879152707
0.205211481751657	0.110438490596475
0.365545538878326	0.175812862473331
2.03675457666139	1.92882971304904
0.668481033440034	0.343942560095741
0.578099101184153	0.37657170949161
0.0837079999509027	0.0457243799470305
0.89497510275865	0.722971967281811
-0.00609959066529759	0.00341188683804713
-0.453567596354213	0.286856836341659
-1.24921849849432	1.03274850818744
-0.0495154617701127	0.0270629582726491
-0.104320343754685	0.0557980556015589
0.230608144391735	0.133712334356386
-0.268719004618864	0.137442961534784
1.35554782872336	1.19651223683715
-0.0122727931927386	0.00575042631266952
-1.82048438090692	1.34311704053731
0.388878599268322	0.222920598581283
0.0836589996523523	0.0457057522339226
-0.687637637733511	0.510461189365532
-1.11086680880368	0.563001129089156
-0.104396081754456	0.0558356591055073
0.163536921612174	0.109088421630178
0.23052744239938	0.133668602137409
0.578018102972575	0.37654181246198
0.170365107743381	0.084383949304422
0.533695257233642	0.412975657935759
0.249918996642399	0.155043388295526
0.844152537341915	0.546273411772544
-1.78539432405427	2.05026984703023
0.116310568788396	0.0682939752654957
-0.26882014270592	0.137493109818912
1.24274820443617	1.14738294395687
1.03620195042652	0.754167711587714
-1.1106194968633	0.562870946942689
-0.429938030218216	0.243568625526263
0.250030420206014	0.155105697551881
1.49183094857053	1.43020256644836
0.388611278287772	0.222779199110245
1.05987776781758	0.577885042568082
-0.575247842369215	0.357512901650038
-0.45344624098908	0.286775668100434
-0.575386970062099	0.357480190030123
1.35571373675241	1.19650970559799
-0.400642140897208	0.199776993016034
-1.13542670488496	0.7418567226406
1.15407740966181	1.11115351101489
0.0423581224798044	0.0213887511464096
0.378516123801615	0.200369826875235
1.1069030775188	0.935271860918252
-0.0875026457018197	0.0398390244357153
-0.4297991763118	0.243493611717284
-0.171941842769072	0.103292339313764
-0.580834058619984	0.322488160602313
-0.57525235701754	0.395450864272708
-0.47209131567218	0.329997648951972
1.26792837603397	1.32125456439789
-0.320473330609048	0.185007486119419
0.394117191437341	0.242261105143043
0.623474794709938	0.352403117388814
0.0423576214530844	0.0213884261189087
0.388762997440806	0.222873844908431
0.23064719524136	0.133706339526422
0.598388187690383	0.365124289578113
-0.0873970675291552	0.0397928350708459
0.265040912232366	0.175353229101276
-0.268525347797909	0.137326910041535
0.205181952499019	0.110420289382553
0.399691842634944	0.294754881185682
1.03033324664792	0.912379894382633
-1.6784015336866	1.15386732162851
0.230490012836691	0.133653431840519
-1.01632312024401	0.731272630481301
0.378727390829471	0.200531723202199
-1.33198231888363	0.762319293050376
-0.174654363192555	0.0913057007302436
-0.237459530713773	0.13981283712089
0.042279016727012	0.0213478495403599
-0.40036136937727	0.199570942819307
0.789112861032958	0.543795507562315
-1.95839986267294	1.00468673041439
0.369606368030708	0.158007050490895
0.92149314149832	0.552505338452732
0.388681054646199	0.222839316744788
-1.04537690067048	0.878388728457478
0.623132503431904	0.352217814060037
1.03630425054237	0.754129475284206
-0.842217165704752	0.366945966505995
-0.740455350283803	0.452583296187809
-0.40036136937727	0.199570942819307
-0.268903312847488	0.137490969469136
0.365297493403005	0.175602120834692
-0.687637637733511	0.510461189365532
-0.576642399663144	0.435459503434215
0.709960466353092	0.546453636093704
0.598573351737047	0.365281015830231
-0.472064003814338	0.329987530330869
-1.13716189686811	0.878895305292996
-0.174488957080222	0.0912196505661504
1.14122070426758	0.780386099658665
-0.323768775804252	0.132906269597143
1.03572942681715	0.753514147878826
-0.049605941996654	0.027120013911584
1.52031552276731	1.08722702084927
-0.174511025718575	0.09120848381818
0.369281560627773	0.157849816719288
-0.509453689852966	0.184873844488885
2.23180747286535	1.82116517884466
-0.580498200950308	0.322444400471375
-1.8205041069926	1.34246086170129
0.560631139693429	0.388101630778108
0.119980963262918	0.0538242500271638
1.20485702201356	0.970720282769377
-1.45022307596246	1.35229662165663
-0.268635789011379	0.137364741335883
0.844545950702728	0.546418242589737
-2.54809178631589	1.76457321678584
-0.23751862527221	0.1398723323227
0.120134631761478	0.0538964433430745
0.578073386398327	0.376592353319862
0.0423586690649514	0.0213879798283963
0.0836834538134724	0.0457175748200456
-1.13716082916392	0.878800742734912
-0.0123669275177168	0.00579257832326066
-0.941245633502971	0.739668487314814
-0.171915691025506	0.103283513926992
0.956872912425269	0.734592065785687
0.578040133434492	0.376320665165525
1.4917517918852	1.42987345750567
0.598490018563699	0.365208208471015
1.3341221573524	1.01904968015896
1.20494796818617	0.97021684672308
-0.792000758207755	0.632580193184753
-0.580371561309725	0.322378988803852
-0.575361020021202	0.357592442111619
-2.47052695263894	2.5210670601007
-0.429729682244518	0.243410444866458
-0.472037857822702	0.32995818075441
-0.0121004029027061	0.00566746725900745
0.0423180273406882	0.0213686808954471
0.205100973330945	0.11036967785944
0.249939913542968	0.1550659212329
-2.18002138539429	1.9201720707914
0.560633505652708	0.388001268604152
0.205097333541243	0.110364406966335
0.120004743026815	0.0538382787021705
-0.0496439894741144	0.0271417412631816
-0.795306487339825	0.429040562996724
0.365380128458397	0.175707559308492
0.0836487181970986	0.045700188709168
0.170078037123426	0.0842362332696313
-1.0454832335541	0.878265854162003
1.79307215656604	1.77786554640018
-0.0122727931927386	0.00575042631266952
-0.171916772816248	0.103274374076982
-1.40923601283174	1.06895555446208
0.710060741176845	0.546447900105888
-0.795388566123818	0.429111941624914
-0.0872097202919863	0.0396986290401776
-0.284638301267164	0.186600808077093
-0.575283575494184	0.39546427526981
-0.320551000801398	0.185059855634261
0.448916154342392	0.125894423720526
1.30500783274078	0.824827623389173
-0.429786795407442	0.243444148307166
-0.884600971987052	0.588746834027671
-1.67817331367911	1.15296261253942
-0.976598104893979	0.584662631574268
-0.0122154413396054	0.00572317029003499
-1.27854119798091	0.903987291667409
-0.576535828315392	0.435303100740969
-0.829122506699366	0.606416348519176
1.88338156622478	1.64310805896621
0.0836487181970986	0.045700188709168
0.170087252377099	0.0842292700614622
-3.04843142484512	2.64283959366004
-0.740463975085828	0.452748151314771
-0.576563180698532	0.435331683334382
0.656708113139096	0.559360678464583
-0.0875247626795585	0.0398554643821223
-0.82908313258926	0.606361585227221
-0.104397024410346	0.0558413819324387
1.35576910458185	1.19632309378552
1.7126342223749	1.36396851822526
-0.10439877968516	0.0558435022103617
0.966611652025928	0.36540950209132
-0.26842377376637	0.13725791720775
-0.32342872014596	0.132754800981013
-0.400513563075863	0.199729099262418
0.668481033440034	0.343942560095741
-0.174518314964367	0.0912348516528442
-0.58022292583536	0.322227384173889
-0.884588372446995	0.588819046433955
0.578073386398327	0.376592353319862
-1.04543555296153	0.878689131956999
-0.429811544627333	0.24349758007301
-0.00599518849190925	0.00335462823906744
0.399654279048988	0.310641355054073
0.57804767962632	0.376553475673062
-0.580266505812649	0.3222691862051
-0.0873025425552024	0.039747500646423
-0.487404726137981	0.373657083911072
0.230450440407156	0.133617280023361
-0.0122973225407363	0.0057607405665406
0.0581998975225489	0.0368642292795172
1.36672620527958	1.36634360803682
-0.575297408923719	0.395494954102611
0.560750168129779	0.388179645747097
-1.13716082916392	0.878800742734912
0.116363450732812	0.0683232622059764
-0.268608623749507	0.137354005666895
1.33421488170253	1.01926622253753
0.398792459602137	0.277731359816957
-0.320472080549721	0.184999887675071
-0.57525108074046	0.357535915462596
-0.575361020021202	0.357592442111619
-0.174712693958413	0.0913301620983544
0.230528840720756	0.133684195378615
0.522572242651094	0.425489438665856
-0.674370456569924	0.547283897739614
-0.740389483584281	0.452340381375335
-0.57525108074046	0.357535915462596
0.8948554279299	0.722860221926672
-0.191594955374977	0.0840523906515105
0.968770687451542	0.897417287368081
0.598582673007789	0.36530237473833
0.205152501413158	0.110394674120877
-0.174602660202585	0.0912810692303503
0.170170551402025	0.0842873863496133
-1.52959235860103	1.23848521961995
1.03034750926467	0.912449882956028
0.788812721348061	0.543546622971751
0.0422796254578924	0.0213471109845159
0.120004743026815	0.0538382787021705
0.170170551402025	0.0842873863496133
0.396911610810945	0.260226883174291
-0.740280398947646	0.452574775308571
0.0836732250012232	0.0457098608963882
1.0302677403609	0.912101238930548
-0.0496755348028971	0.0271594987077226
0.230488467651288	0.133653113546507
-0.707522656104184	0.478427995182554
-0.0495850290263104	0.0271094689755234
0.388796591436508	0.222846343871888
-0.191933678929107	0.0842065929843931
-0.740463975085828	0.452748151314771
-2.82074058315164	2.21237158603988
-0.0121579779232437	0.00569550785644836
0.205100973330945	0.11036967785944
0.668483206398341	0.343935288943319
-0.453486695923122	0.286846798923099
0.546170676644428	0.399976726180858
0.0836589996523523	0.0457057522339226
0.0588162361047195	0.0233573777261437
0.230528840720756	0.133684195378615
-0.104320343754685	0.0557980556015589
-1.01635180096047	0.731290577813313
-0.57525235701754	0.395450864272708
-0.884405617644214	0.588451029547428
0.623416485882467	0.352373168461279
-1.27863245309779	0.904117251927921
0.369443988447083	0.157954068466191
1.50470253863688	1.26757955472315
-0.795475547334051	0.429156033723791
-0.323679539396547	0.132867515469766
0.205100973330945	0.11036967785944
0.0587457894570351	0.0233313383669741
-0.00248972421612113	0.000848968227417177
-0.575307838029623	0.395499269125434
0.921407174037824	0.552510092381016
0.623392508810783	0.352425458002545
1.50451738240719	1.26750919799834
-0.0874192319868208	0.0398048854826958
-0.0874192319868208	0.0398048854826958
-0.26882014270592	0.137493109818912
-0.323178299118294	0.132626269521487
-1.27873173123899	0.90423664025219
0.12011077257807	0.0538869679431261
0.578128702372086	0.376615585739378
0.24997468863786	0.15509621575848
0.116363450732812	0.0683232622059764
1.79315687830291	1.77754673088308
-1.51824651968381	0.959357860364367
-1.13542670488496	0.7418567226406
0.119851360032837	0.0537563736980319
-0.320512862899764	0.185045864651848
0.668485331028372	0.343881888339176
-0.581851832882174	0.277688325692166
-0.0122398914365767	0.00573275860786979
0.170068843650991	0.0842286987652546
-0.00219804389106728	0.000749243310235947
-0.268516230467572	0.137314152183712
-1.27854119798091	0.903987291667409
2.4022631079363	2.14290114144998
0.388553749445873	0.222747063630089
-0.575297408923719	0.395494954102611
0.393959851793225	0.242147071342183
1.5046190920332	1.26744350671332
-3.87156218611866	1.24092684697853
-1.11000712185328	0.562333501617952
-0.0940501109524453	0.027000921199425
1.49190975350954	1.4300869710178
1.37315212880648	1.53954381426582
-0.0124118503434449	0.00581552997654431
-0.795391084685964	0.429117695674088
1.33421488170253	1.01926622253753
0.921407174037824	0.552510092381016
0.365545538878326	0.175812862473331
-0.191683506242611	0.08409339741583
-0.58178160921078	0.277642461693518
-0.174544124873814	0.0912564848517119
0.804587260220889	0.715597886499733
0.7893348636763	0.543872596782533
0.560590771228458	0.387994709355018
2.52091374711009	3.08828110762085
-0.284664528881426	0.186618002727203
-0.26843293162844	0.137254509896172
0.205045767855467	0.110321221907016
-0.0877575997881977	0.039961229689291
-0.581990444681347	0.277582089341596
1.49187106690052	1.4300559927535
-0.322270709570535	0.232825738534295
0.378847621753956	0.200589252322247
0.170467253006703	0.0844304182125656
-0.429754352431401	0.243433445629051
1.14135042570868	0.78055702486602
0.448916154342392	0.125894423720526
1.20482040210854	0.970400149451251
-1.11095419840965	0.563287274191042
-0.268608623749507	0.137354005666895
-0.0876302197595823	0.0399015975036765
-0.829206822284616	0.606160083463439
-1.51840982581887	0.959105734342332
-0.0756488385420741	0.0472364771971815
-0.284558542294168	0.186518782012506
0.16996730234134	0.0841624907926557
-0.320513450752505	0.185034633111104
-1.13498701345141	0.740832623348962
-0.26843293162844	0.137254509896172
0.70984601311227	0.545830285986681
0.116337803549992	0.0683121911720951
0.845461738803218	0.716336343011023
0.205130478099973	0.110380892749031
0.16996730234134	0.0841624907926557
-0.707561374899847	0.478454287577905
-0.174514740171446	0.091236144615508
0.844049245470728	0.54612619942835
-0.320512862899764	0.185045864651848
-0.429856217784491	0.243527269122507
1.52031552276731	1.08722702084927
0.230528840720756	0.133684195378615
-0.174573431544604	0.0912716571979923
1.35554782872336	1.19651223683715
-0.45352894096537	0.286840111372119
-0.575293922597054	0.395428784130361
0.623286300486041	0.352340568865308
-1.84156537035488	1.77031697348649
-0.429893403532344	0.243419284772728
-0.0876522636543796	0.0399151556854039
-0.104397923721841	0.0558438585660396
0.170355770620737	0.0843670955703796
-0.740463975085828	0.452748151314771
0.449161679976785	0.125968053773896
-1.67815176085879	1.15338270046085
-0.575306066526481	0.357587683954408
-0.0122276726897269	0.00572835891609193
-0.0123423441710936	0.00578321495826335
0.623026548869316	0.352133124979863
-0.0121125550355883	0.00567193534323825
-0.795473084150557	0.429189025577302
-0.740271693618544	0.452632126761163
-1.24917788399699	1.03270342574167
0.710050456446237	0.546540188914372
1.20484480287447	0.970839273891237
-0.84164330581693	0.366637138097607
-1.01643508791037	0.731267857066174
0.170263129213505	0.0843313417776692
-0.976598104893979	0.584662631574268
-1.11045946877855	0.562965619456525
-0.171916249530567	0.103284333532777
-0.224101251576959	0.14946965526525
-0.389450543691259	0.27686677265557
-0.795388566123818	0.429111941624914
-0.174488957080222	0.0912196505661504
1.52023029364311	1.08666376039989
0.365380128458397	0.175707559308492
2.04418851543674	1.50847502111692
1.33413250064049	1.0186771912215
-0.0122973225407363	0.0057607405665406
-0.740271693618544	0.452632126761163
-0.320551000801398	0.185059855634261
-2.54816865921517	1.76475683995541
0.668483206398341	0.343935288943319
-0.884544289848043	0.588611212599592
-0.0122727931927386	0.00575042631266952
-1.33197952685661	0.762634981562714
-1.27853301138186	0.903936296677004
-0.97683028062557	0.584626302691587
-0.707601573212735	0.478266010592282
-0.795393581006976	0.428915099435138
0.397036327893221	0.260307683516976
-0.0873970675291552	0.0397928350708459
-0.00594870335486252	0.00332924516804532
0.844245436694145	0.546340791689674
0.0423576214530844	0.0213884261189087
0.745393530540733	0.543722108365821
-2.54809064158515	1.76451901171431
0.844266598598067	0.546215553189946
-0.191763069164488	0.0841344545583103
0.0587479747293442	0.0233295790834769
0.560670796042941	0.388152961154497
0.365634724659639	0.175835138801182
0.12011077257807	0.0538869679431261
-0.320472728323707	0.18500883783832
-1.11095419840965	0.563287274191042
-0.429982454183801	0.243596650316567
0.116363450732812	0.0683232622059764
1.10718019451942	0.935626943159978
0.398187070046679	0.340778916917413
-0.224023395472545	0.149456678003061
-1.14274628534436	1.02418851102403
-1.40927863953749	1.06900153922817
-0.472037251876793	0.329944781713068
0.598582673007789	0.36530237473833
-0.191594955374977	0.0840523906515105
-0.268322033479146	0.137179227635239
-0.38945880580531	0.27683921048795
0.844152537341915	0.546273411772544
-0.581856591724575	0.277597221348804
1.24266958632114	1.14724141082673
0.39700159284157	0.260302023027962
0.668483206398341	0.343935288943319
0.844452767399357	0.546400878858197
-0.581784038930277	0.277651257807727
0.41039768616025	0.149826752222597
0.365459706351774	0.175748040889583
0.968772097713885	0.897771056651447
0.388750876020199	0.222881622076993
0.681138336607406	0.552153881932358
0.394040107085688	0.242097213402281
-0.58171654830888	0.277474256547608
0.37838848650301	0.200265814412607
1.3233545451629	0.630955343798237
0.230607483632705	0.133708407209246
-0.0122850641813574	0.0057559911383436
0.0586730762067555	0.0233010280801353
-0.268516230467572	0.137314152183712
0.394037483159254	0.242231885268213
-0.284612066321568	0.186571399929409
-2.54793662767654	1.76400174846487
-0.980966181103539	0.89412276720419
-0.500633140982244	0.417877962853196
-0.171837191060019	0.103216922573153
-0.131997900605971	0.0910721810164167
1.03040272101607	0.912478079286337
-0.323841422703298	0.132878231071479
-0.429615122034217	0.24329729755557
1.60040312737798	0.906314534082061
-0.0876522636543796	0.0399151556854039
0.410032429213935	0.149677489118131
-1.67982267380833	0.744085031591401
0.966115081639169	0.36503491384216
0.41039768616025	0.149826752222597
-0.0122154413396054	0.00572317029003499
1.14135042570868	0.78055702486602
0.410032429213935	0.149677489118131
0.894975821667562	0.722849349529328
0.378858214814135	0.200532640238209
-0.795391084685964	0.429117695674088
0.378599511099908	0.200427507791295
-1.51824651968381	0.959357860364367
1.24282706537146	1.14709485691274
1.71208267459955	1.36350371897319
-0.509736421835564	0.18505595748735
-0.268921114931938	0.137530879122937
-0.580603062995071	0.3224974752442
0.789240796433689	0.54367420529474
-0.884688635613738	0.588740034808548
0.894975821667562	0.722849349529328
-0.284731103938867	0.186620486174631
0.578103014416737	0.376604056005177
0.293655547979514	0.229098421080544
-0.576589402367532	0.435403871292486
0.512521195184631	0.437763163529549
0.0835587295200066	0.0456394226008288
-0.453528065982023	0.286864929800277
0.788812721348061	0.543546622971751
-0.0874192319868208	0.0398048854826958
0.0587457894570351	0.0233313383669741
-0.0875247626795585	0.0398554643821223
-0.0122973225407363	0.0057607405665406
-1.95778543332321	1.00412011001723
0.410970820517796	0.150022055679717
0.410684422475736	0.149950448704565
0.623050316446066	0.352135083519687
0.844256005489486	0.54634206000507
-0.0945452117596051	0.0271462991052748
-0.976725620080584	0.584772285236741
-0.429774401895114	0.243320904004831
-0.323178299118294	0.132626269521487
-0.40012660067552	0.199476376007637
0.44822613403937	0.125635469819146
-0.0873025425552024	0.039747500646423
1.24263078170474	1.1468935243081
-0.42988102086544	0.243519815871298
1.71242266421457	1.36403249253072
0.397026101851446	0.260307889214928
0.560710472183291	0.388178977785677
0.691632573711191	0.726013132962654
1.02271777077819	1.07130898394737
-0.174741742456915	0.0913319681136905
-0.0962253256061787	0.0674174541479148
0.95689862688858	0.734589435516779
-0.19168054449394	0.0841002189352164
1.24275038305394	1.14670180016583
-0.0875247626795585	0.0398554643821223
-0.740262966664053	0.452575713375946
-0.429982454183801	0.243596650316567
-1.11095419840965	0.563287274191042
0.37892999110995	0.200646545836412
-0.191765997402019	0.0841406045300469
1.79290335050485	1.77668918278859
-0.510019488188717	0.185108792567341
0.378744180687792	0.200540698956173
0.120371010324869	0.0539982926783083
-1.51832895997772	0.959438617553198
1.3240029948815	0.631669573381819
-0.580201097652322	0.322046097101066
0.921658921902614	0.552484351970126
-0.0877795706067474	0.0399712524693087
1.14156268031893	0.7806472914026
1.06021873399349	0.577924233695351
-0.707520363398452	0.478482018542316
1.79315323116387	1.77741737978847
1.83637822902329	1.20191504598454
0.503397825334893	0.449917229446272
0.396901374837233	0.260194980996735
-0.378022577069943	0.323707578484127
-2.69177077645692	1.99515513331164
-0.320511550772078	0.185038220306322
-0.171915097335951	0.103271348301382
-0.40012660067552	0.199476376007637
0.393999376174225	0.242196655610477
0.967107531644394	0.365522841211782
-0.0872097202919863	0.0396986290401776
-1.13557312432465	0.741984670388943
0.921407174037824	0.552510092381016
1.52031552276731	1.08722702084927
0.0586730762067555	0.0233010280801353
-0.400044413240096	0.19944341681556
-1.01634919800968	0.731217314444919
-0.32351770392979	0.13279342860992
-1.95874230208418	1.00497575293314
1.06005677723729	0.577964964153784
1.14135042570868	0.78055702486602
-0.84128759981306	0.366527746446311
-0.510019488188717	0.185108792567341
0.397071079225297	0.260295399120431
-0.0121125550355883	0.00567193534323825
0.788915434623596	0.543565502886135
0.560751521801676	0.388148097019165
-0.104361413039689	0.0558060534558525
-0.00607309232632234	0.00339749545493146
-0.487352758396561	0.373715921399116
-1.45023396708433	1.35232221619469
-0.429786795407442	0.243444148307166
1.14124441291442	0.780397358047567
1.20497223605644	0.970922766106413
-0.17456992674774	0.0912652369592895
0.598694180155987	0.365261024783485
0.788824991948724	0.543399638129367
-0.104359977904879	0.0558212020500924
-0.58058145281604	0.322389884842586
0.0423571659955781	0.0213870028203468
-0.0878628625028632	0.0399987686704148
0.668414615793708	0.34385587193997
-0.191683506242611	0.08409339741583
0.388808660668062	0.222896051552016
0.745313846676038	0.5436625102872
-0.0497207883959072	0.0271802915998118
1.03610915310578	0.754122517881413
1.05987776781758	0.577885042568082
1.37626445006695	1.7102882412522
-0.429843797332302	0.243460857863157
-0.400255793183877	0.199576929984158
0.598573351737047	0.365281015830231
-0.223971544281825	0.14940996813829
-0.765989055587424	0.664815795638868
0.0823129325765554	0.0552628606824831
0.560634381088373	0.387847655456044
-0.174164511827008	0.118205578669005
-0.795306487339825	0.429040562996724
-0.0122850641813574	0.0057559911383436
0.80463090772845	0.715494134698072
-0.509736421835564	0.18505595748735
-0.0025583228276369	0.000870770923181551
0.398900926409739	0.277639890440425
1.60111934269334	0.906805351634796
-0.581992602634161	0.277694049871378
-2.18834424285025	1.26872549798424
0.169884086577812	0.0841182875246922
1.5204805302589	1.08698968363812
-0.174518314964367	0.0912348516528442
0.0423982212440437	0.0214062491591895
3.2289796293833	2.83755920958179
-0.0123423441710936	0.00578321495826335
-0.429982454183801	0.243596650316567
-0.174573431544604	0.0912716571979923
0.921407174037824	0.552510092381016
1.036313711147	0.75383818477021
-1.40922300434395	1.06895280811372
-0.320512862899764	0.185045864651848
-1.01632312024401	0.731272630481301
-0.842217165704752	0.366945966505995
-0.981018411331132	0.894027396167044
0.0292672913633562	0.0174051502905043
0.917733398133438	0.88873338815086
1.08229549652062	1.08855959219005
0.265055288355798	0.175347226680754
-0.707558853458656	0.478426011644767
0.788997378530188	0.543852581801781
-0.284713962098589	0.186585008306085
0.598378969448173	0.365092189435562
0.956953950129638	0.734577320632393
0.120264726831324	0.0539494870265262
-0.323339890211829	0.132668745971559
-0.0123546421621991	0.00578834044022463
-1.40923601283174	1.06895555446208
1.3345864359566	1.0191871768479
-0.581992602634161	0.277694049871378
0.966205550579862	0.365071432394427
0.623474794709938	0.352403117388814
0.956762326002398	0.734344329952799
-0.795306487339825	0.429040562996724
0.365545538878326	0.175812862473331
0.365548699035189	0.175813952012173
-1.82083164315768	1.34288643531405
-0.322323747544118	0.232828081534193
-0.4534876275693	0.286851758282326
0.120323060599792	0.0539609961344996
-0.173975586283346	0.118068345441366
-0.237487456853328	0.139823741683448
0.396940483470796	0.354813769552722
0.0390291375254258	0.0277516300505388
-0.224040681754411	0.149453967253873
-0.112057818698822	0.0867242406647348
0.956817602945034	0.73449782097703
0.921407174037824	0.552510092381016
-0.0876742818866323	0.0399207835370522
1.12030421676052	1.26249048914042
0.845266872752706	0.716170038680188
-0.0122973225407363	0.0057607405665406
-0.320551000801398	0.185059855634261
0.789009542854592	0.543863079094428
0.205126733349182	0.110389989862704
-0.10435836928934	0.0558246704842912
0.0424373093427921	0.0214235517697407
0.0422796254578924	0.0213471109845159
-1.13712546172588	0.878705717254091
0.369606368030708	0.158007050490895
0.393998309938964	0.24221564521359
1.36659120174551	1.36647132366869
0.398794540433267	0.277722547814095
0.533777050042285	0.413015689942851
-0.47222432333007	0.329913723628619
-0.266107285646058	0.19527791282569
-0.389476754562305	0.276862657049257
-0.582333733161647	0.519449466513398
0.957039036368668	0.734549572261146
0.250044286495274	0.155129883729938
-0.174544124873814	0.0912564848517119
0.388496332191838	0.222697111196915
-0.400490230813015	0.199655097733053
-0.976470386658705	0.584506017782514
-0.453484702733794	0.286786318132861
0.394037483159254	0.242231885268213
0.0836243033187161	0.0456856938071087
0.714244327742572	0.721819429878422
0.837501044369214	0.879298320472259
0.533712384989079	0.413029755323642
0.398792926930983	0.277777135794923
-0.747634329318898	0.701027811143659
-0.17409630923237	0.118165062166976
0.398792926930983	0.277777135794923
-0.889385061198089	0.76036426843172
-0.389467770758099	0.276896453709954
0.116258202546852	0.0682604551641289
0.26510168194708	0.17541465777122
0.0422796254578924	0.0213471109845159
2.03703115303923	1.92887689069056
0.249905154322182	0.155025625410401
0.0586066080559193	0.0232695963511978
-1.54138359534371	1.52056881579161
-0.087441370809686	0.0398097097825643
-2.06934916722742	1.72482205735331
-0.321990652689215	0.232542671032759
-0.575338948252917	0.395390882133958
0.598861018517101	0.36538933531321
0.265048650072239	0.175349097745977
0.042317099728294	0.0213645753710401
-0.322111905445921	0.232678537742203
-0.26623635894636	0.195370452973076
-0.434601019274619	0.367715536328547
0.0836732250012232	0.0457098608963882
-0.665618129192812	0.585919511110312
0.277000858389162	0.194377257837477
-1.13712262184062	0.87873904757024
-0.575137634129499	0.357362692467294
-0.884726670104725	0.58868087490663
0.36935409343749	0.157893264397153
0.968877875165218	0.897601248053599
0.921410321822283	0.552421724487917
-1.11079392999874	0.562961892534568
-0.4297991763118	0.243493611717284
0.0293451416337129	0.0174495301477605
-0.580349831282464	0.322341566730602
0.770079853370884	0.71607254528989
0.972142449829155	1.05842536820956
-0.119137848815211	0.0730267568590352
0.207585107557678	0.162236481721672
0.136043771603817	0.106360668465728
0.163658367396213	0.109160010485405
0.0165976106967297	0.0112010002374672
-0.434601854725729	0.367746024010092
-0.224135986836479	0.149525714663298
0.709936030652373	0.546347876220399
-0.429856217784491	0.243527269122507
-0.0121579779232437	0.00569550785644836
0.956957960221602	0.734596218098462
-0.841930055188795	0.366935621913115
0.119898789663274	0.0537835419180417
1.52031837389016	1.08720177898495
0.394077543950188	0.242263206421765
-1.04543555296153	0.878689131956999
-0.829124767395153	0.606503723818148
0.265135056733239	0.175412561001622
0.277130782416265	0.194389538670624
1.26792784982721	1.32146758026254
0.714512066381052	0.722444656995413
-0.237553290358037	0.139887377403942
0.681058282442154	0.551895958462896
0.116312232557711	0.0682826331465019
0.894974427264456	0.723012047209108
-1.06722104807656	1.03224450437573
-0.576730340445194	0.43517869157648
0.0587030966871137	0.0438089220743558
-0.322080835282473	0.232665105263614
0.195488761253991	0.145478764392675
0.24997468863786	0.15509621575848
0.533729511255781	0.413059845750498
-2.0180466688154	2.14522868025351
1.10714164511722	0.935709673652524
0.170059671984345	0.0842063275246382
-0.00219804389106728	0.000749243310235947
-0.320593121191992	0.185037357160839
-0.00597545784260671	0.00334394234187639
-0.323679539396547	0.132867515469766
1.0303229756177	0.912420263666659
-0.674318149557766	0.547011148497133
-0.707480143436695	0.478397987358348
2.04426571351631	1.50777232167954
0.388750876020199	0.222881622076993
-1.40926557973821	1.06838732620302
-0.10431959113781	0.0558011663734158
-0.941283244654749	0.739828831087645
0.0836796513806659	0.045709786317908
-1.82038153549035	1.34229056866581
0.921241742723202	0.552274221996466
-0.687579023630957	0.510524309186091
-0.0495154617701127	0.0270629582726491
0.0836346373861601	0.0456890182021036
-0.575217747559456	0.395392146945716
0.956762326002398	0.734344329952799
-0.0124813117514577	0.00584729622039226
-1.24917788399699	1.03270342574167
0.205215401620106	0.110423220049136
-0.0122973225407363	0.0057607405665406
2.40182365707787	2.14084639602564
0.388832836805505	0.222876542155152
-0.0875026457018197	0.0398390244357153
-0.174492497004984	0.0911987002855928
0.578132720644533	0.376583680720049
-1.67982267380833	0.744085031591401
-0.575273198865867	0.395479571147706
-1.11128994488949	0.563154088333
1.03035772769532	0.912497242726863
0.0836487181970986	0.045700188709168
0.87455790098165	0.882680803534223
0.546215912621286	0.400033984487797
0.0583264209283006	0.0435331534215035
0.546226339378666	0.400029781886946
-0.852360553851143	0.78841294508315
1.18744371776724	1.28845023945411
1.83595402347227	2.17367193722447
-1.01623949404177	0.731062986346385
0.388565964607091	0.222757123212129
0.789021719765927	0.543765482461679
0.0588115719246944	0.0233482042366705
-0.268617700571665	0.137383094548257
-0.453527147708742	0.286874832407521
0.709960466353092	0.546453636093704
0.74527329935711	0.543470117704628
-0.087013278430865	0.0395876647952521
0.560593959063844	0.38792182219978
-0.17189007357759	0.103262278865495
0.397046583565178	0.260289613432829
0.0294665150649869	0.017519122146378
-0.980966181103539	0.89412276720419
-1.06731600385427	1.03301041277854
0.394038396008532	0.242246959131393
-0.74730925678494	0.700825781955978
0.16360538205818	0.109135222249421
0.560670796042941	0.388152961154497
0.398766246990826	0.27772283373175
0.249939913542968	0.1550659212329
0.393998820278763	0.24221496570692
0.789264846004561	0.54394451038598
0.388750876020199	0.222881622076993
0.617187204968945	0.575315592097054
0.0835999802839683	0.0456661028318998
0.0836139988449978	0.0456801177731202
-0.487413323185831	0.373756809665301
0.116230996942803	0.0682334655645666
-0.575228160299009	0.395416533246711
0.837565941001676	0.879542472103993
0.265031525302419	0.175344359155112
0.681137843811647	0.552122863361016
-0.0120882381999243	0.00566213416702119
1.10702185510946	0.935885221644565
-0.191683506242611	0.08409339741583
-0.795473084150557	0.429189025577302
0.394037916789735	0.242247660525564
-0.582404977627079	0.519650738045019
-0.665775306629441	0.585925742823207
-1.13716389690442	0.878922923019374
-3.24707453344977	3.07618376272196
1.02300782087394	1.07006887314127
1.06326656519319	1.24287576261391
-1.40152041569466	1.48922543422118
-0.0122398914365767	0.00573275860786979
-2.06914685267491	1.72528340275446
-0.57525235701754	0.395450864272708
0.681033644288304	0.551734176213748
-0.174573431544604	0.0912716571979923
0.293858567270392	0.229232313905405
0.844245436694145	0.546340791689674
1.2049267654137	0.970703651984816
0.265267258714851	0.175454384315984
-1.74469754236121	1.58962772763103
0.205326180631825	0.110475840885606
-0.224092691415775	0.149506174294528
1.20478732358831	0.97066318043682
0.120004743026815	0.0538382787021705
0.709984993960025	0.54647805044063
-0.224231118302845	0.149527850900903
0.57798860447689	0.376498020652567
-0.174488957080222	0.0912196505661504
1.03620195042652	0.754167711587714
-0.359306879042738	0.230952144405173
0.265135056733239	0.175412561001622
0.0423180273406882	0.0213686808954471
0.623050316446066	0.352135083519687
-0.284638301267164	0.186600808077093
-0.580603062995071	0.3224974752442
-0.174430007089212	0.091173747936002
2.8216154179989	3.08954838629441
-0.0875247626795585	0.0398554643821223
-0.104280689831341	0.0557709933824023
0.170365107743381	0.084383949304422
-2.93872554251336	2.43009551408641
-1.35310492402995	1.18953526657707
0.577959184122381	0.37641487267881
0.388681054646199	0.222839316744788
-0.0122398914365767	0.00573275860786979
-0.0122276726897269	0.00572835891609193
-0.174628515728416	0.0913006915587617
-0.320552374954212	0.185067543761871
0.668485331028372	0.343881888339176
1.20483259624617	0.970734582695714
0.745472381391947	0.543686241026447
0.578014364927905	0.376465316524239
0.205016392440772	0.110303116653591
0.388668918757911	0.222793542187364
-0.104317072987356	0.055793431428916
-0.795391084685964	0.429117695674088
0.92132134334832	0.552408279546252
-1.40922300434395	1.06895280811372
0.74531222464012	0.543193313692841
1.03609050264872	0.753887619893022
0.411335463891534	0.150170640765866
-1.1372059674128	0.878565707279764
0.170467253006703	0.0844304182125656
-0.284704631378556	0.186631614055454
-0.218651702323561	0.162818393365648
-0.223902254728416	0.149354276836368
-0.852436789664913	0.788658937107064
-0.171969135860426	0.103312109320044
0.399500703020334	0.294522548780948
-0.472144204724895	0.330024458230868
-0.359438492963076	0.231189414986532
-0.237573967425114	0.139884696422554
1.02277140843908	1.07143116957772
0.623392508810783	0.352425458002545
0.378940602994957	0.200651612788855
0.230489218546085	0.133657096820458
0.77079981160721	0.350840110911968
-0.191594955374977	0.0840523906515105
1.03602573662546	0.753804775358798
0.119980963262918	0.0538242500271638
0.578099101184153	0.37657170949161
0.560711885972035	0.388147474403836
0.170281743912202	0.0843350879613783
0.388681054646199	0.222839316744788
0.68116405237943	0.552107279465537
-1.67854744531807	1.15326345057798
1.30501002656905	0.824855468544757
0.370036862699425	0.158172385562895
0.388948583020188	0.222923388274459
0.365542401306716	0.175768098348355
0.668414615793708	0.34385587193997
1.50451738240719	1.26750919799834
-0.795301317146663	0.428726932259547
0.0587435559436112	0.0233296694197922
-0.323841422703298	0.132878231071479
0.578158381790198	0.376627328503049
-0.453528065982023	0.286864929800277
0.578103014416737	0.376604056005177
-0.429913148081275	0.243543922037474
-0.0875026457018197	0.0398390244357153
-0.0877575997881977	0.039961229689291
0.170059671984345	0.0842063275246382
-0.400384780578106	0.19966118834964
0.119875060412801	0.0537756254140837
1.10706107947149	0.935851350786674
-0.581856591724575	0.277597221348804
1.10706148824685	0.935941427611023
-0.0124813117514577	0.00584729622039226
0.512702654891442	0.437900893591611
-1.35315272361151	1.19041017579904
0.968745917591966	0.89768178132833
0.533615667285273	0.412861872716771
-1.04543786955088	0.878490574132837
-0.453486695923122	0.286846798923099
1.35554420146748	1.19587860829684
0.170068843650991	0.0842286987652546
0.921324434956384	0.5524265305633
0.205071546672453	0.110351538960765
0.170365107743381	0.084383949304422
0.844059703677712	0.546155801156035
-0.581713996592567	0.277573942253515
0.23049085052051	0.133641236131019
0.921404048782597	0.552431775441768
0.921404048782597	0.552431775441768
0.92157279298149	0.552488960936937
0.365634724659639	0.175835138801182
0.771092418292579	0.351048136725648
0.378410600819604	0.200234090937663
1.52023308903483	1.08716538684327
0.0585338018629582	0.0232353698760014
1.60040312737798	0.906314534082061
1.60040312737798	0.906314534082061
-0.581854188280408	0.277697073220254
-0.359424999637583	0.231221859869823
